loan_id,no_of_dependents,education,employment_type,income_annum,loan_amount,loan_term,cibil_score,bank_asset_value,loan_status
1,2,Graduate,0,9600000,29900000,144,778,8000000,Approved
2,0,Not Graduate,1,4100000,12200000,96,417,3300000,Rejected
3,3,Graduate,0,9100000,29700000,240,506,12800000,Rejected
4,3,Graduate,0,8200000,30700000,96,467,7900000,Rejected
5,5,Not Graduate,1,9800000,24200000,240,382,5000000,Rejected
6,0,Graduate,1,4800000,13500000,120,319,5100000,Rejected
7,5,Graduate,0,8700000,33000000,48,678,4300000,Approved
8,2,Graduate,1,5700000,15000000,240,382,6000000,Rejected
9,0,Graduate,1,800000,2200000,240,782,600000,Approved
10,5,Not Graduate,0,1100000,4300000,120,388,1600000,Rejected
11,4,Graduate,1,2900000,11200000,24,547,3100000,Approved
12,2,Not Graduate,1,6700000,22700000,216,538,6400000,Rejected
13,3,Not Graduate,1,5000000,11600000,192,311,4300000,Rejected
14,2,Graduate,1,9100000,31500000,168,679,5000000,Approved
15,1,Not Graduate,0,1900000,7400000,72,469,1900000,Rejected
16,5,Not Graduate,0,4700000,10700000,120,794,4400000,Approved
17,2,Graduate,1,500000,1600000,48,663,700000,Approved
18,4,Not Graduate,1,2900000,9400000,168,780,4300000,Approved
19,2,Graduate,0,2700000,10300000,120,736,3300000,Approved
20,5,Graduate,0,6300000,14600000,144,652,5900000,Approved
21,2,Graduate,0,5000000,19400000,144,315,6100000,Rejected
22,4,Graduate,0,5800000,14000000,192,530,5400000,Rejected
23,4,Graduate,1,6500000,25700000,216,311,8500000,Rejected
24,0,Not Graduate,1,500000,1400000,24,551,300000,Approved
25,0,Not Graduate,0,4900000,9800000,192,324,3300000,Rejected
26,5,Not Graduate,0,3100000,9500000,240,514,2600000,Rejected
27,4,Graduate,0,8200000,28100000,144,696,7200000,Approved
28,4,Not Graduate,1,2400000,5600000,48,662,2500000,Approved
29,5,Not Graduate,1,7000000,24000000,72,336,9700000,Rejected
30,3,Not Graduate,1,9000000,31500000,120,850,8000000,Approved
31,2,Not Graduate,0,9800000,25300000,144,313,9300000,Rejected
32,2,Graduate,0,5700000,12000000,72,363,4300000,Rejected
33,1,Not Graduate,1,800000,1600000,120,436,1000000,Rejected
34,5,Not Graduate,1,8400000,22000000,24,830,5400000,Approved
35,3,Graduate,0,4900000,11900000,96,612,5800000,Approved
36,2,Graduate,1,1700000,3400000,96,691,900000,Approved
37,3,Not Graduate,0,1600000,6200000,216,636,1400000,Approved
38,5,Graduate,1,8000000,27200000,72,348,7100000,Rejected
39,5,Graduate,0,3600000,7700000,192,830,2900000,Approved
40,3,Not Graduate,1,1500000,5100000,72,352,900000,Rejected
41,1,Graduate,0,7800000,18100000,24,712,9000000,Approved
42,2,Not Graduate,0,9100000,24900000,192,822,5200000,Approved
43,3,Graduate,0,1400000,3400000,72,540,800000,Rejected
44,2,Graduate,1,800000,2300000,144,342,800000,Rejected
45,5,Graduate,0,6500000,13400000,216,787,5400000,Approved
46,4,Graduate,0,8000000,27800000,192,331,10900000,Rejected
47,3,Not Graduate,1,4200000,14600000,72,679,4900000,Approved
48,1,Graduate,1,4900000,19100000,168,677,6500000,Approved
49,3,Not Graduate,0,5500000,20500000,144,634,8200000,Approved
50,1,Not Graduate,1,9500000,19100000,192,662,11700000,Approved
51,4,Graduate,0,7300000,25400000,192,502,10500000,Rejected
52,2,Graduate,0,8700000,24700000,120,435,11300000,Rejected
53,5,Not Graduate,0,3800000,7600000,48,689,3400000,Approved
54,1,Not Graduate,1,8400000,23000000,144,657,8200000,Approved
55,2,Graduate,1,5100000,19700000,240,590,3400000,Approved
56,5,Not Graduate,0,6700000,24500000,144,818,6200000,Approved
57,2,Not Graduate,0,4300000,10600000,216,431,5200000,Rejected
58,5,Graduate,1,9300000,30500000,216,841,8700000,Approved
59,1,Graduate,0,7400000,18400000,240,421,4100000,Rejected
60,4,Not Graduate,1,5500000,18200000,192,797,4800000,Approved
61,2,Not Graduate,0,8500000,18900000,216,478,11400000,Rejected
62,3,Not Graduate,1,9600000,30500000,216,669,9300000,Approved
63,5,Not Graduate,1,8800000,28900000,72,365,4700000,Rejected
64,3,Not Graduate,1,3300000,7500000,240,586,2900000,Approved
65,4,Graduate,1,3900000,12300000,216,784,2800000,Approved
66,1,Graduate,0,4100000,10300000,144,364,2800000,Rejected
67,3,Not Graduate,0,8300000,29100000,120,715,11900000,Approved
68,0,Not Graduate,1,2700000,10100000,240,693,1400000,Rejected
69,4,Graduate,0,5600000,12400000,48,777,5500000,Approved
70,0,Graduate,0,1900000,5000000,144,312,2400000,Rejected
71,4,Not Graduate,1,500000,1500000,240,340,600000,Rejected
72,5,Graduate,1,5300000,18600000,48,386,4200000,Approved
73,5,Not Graduate,0,7000000,18300000,48,418,7600000,Rejected
74,3,Not Graduate,1,5800000,16700000,192,735,5600000,Approved
75,2,Not Graduate,0,2600000,8400000,72,494,2000000,Rejected
76,2,Not Graduate,0,1900000,6500000,216,671,1100000,Approved
77,4,Graduate,0,5700000,14800000,192,697,6300000,Approved
78,0,Graduate,0,9000000,33500000,96,801,11100000,Approved
79,2,Not Graduate,0,8500000,29400000,144,576,9000000,Approved
80,0,Not Graduate,0,700000,1400000,168,639,900000,Approved
81,4,Graduate,0,3500000,8900000,48,470,2000000,Rejected
82,0,Not Graduate,0,8800000,31200000,48,826,8600000,Approved
83,2,Not Graduate,1,9900000,21200000,192,363,6800000,Rejected
84,3,Graduate,0,3600000,8600000,240,613,3300000,Approved
85,3,Not Graduate,1,3000000,8200000,192,713,3400000,Approved
86,2,Graduate,0,6800000,21200000,192,439,3600000,Rejected
87,5,Not Graduate,1,1100000,3800000,216,387,1600000,Rejected
88,1,Not Graduate,1,8700000,28300000,96,402,10200000,Rejected
89,4,Graduate,1,2000000,8000000,72,837,2900000,Approved
90,2,Not Graduate,0,9800000,37600000,120,641,7600000,Approved
91,4,Graduate,0,5700000,21100000,216,489,6000000,Rejected
92,4,Graduate,0,8800000,20700000,216,540,12700000,Rejected
93,4,Graduate,0,3800000,8900000,48,844,4700000,Approved
94,1,Graduate,0,1700000,6400000,120,452,2100000,Rejected
95,2,Graduate,0,1000000,2000000,120,366,1300000,Rejected
96,5,Graduate,0,300000,1100000,24,300,400000,Approved
97,2,Graduate,1,6600000,15000000,216,470,7000000,Rejected
98,2,Not Graduate,0,8700000,25000000,240,861,7300000,Approved
99,4,Graduate,0,9400000,29400000,144,562,7100000,Approved
100,0,Graduate,0,4400000,10800000,168,463,4700000,Rejected
101,4,Not Graduate,0,400000,900000,144,478,100000,Rejected
102,2,Not Graduate,1,300000,1100000,24,702,200000,Approved
103,2,Not Graduate,1,4300000,12900000,240,618,2400000,Approved
104,4,Graduate,0,1600000,4500000,144,633,1900000,Approved
105,5,Not Graduate,1,6200000,23600000,120,331,8700000,Rejected
106,3,Not Graduate,1,4200000,9700000,192,841,5100000,Approved
107,4,Not Graduate,1,9000000,18100000,144,764,11600000,Approved
108,0,Graduate,0,2700000,10600000,72,591,1800000,Approved
109,1,Graduate,1,9700000,35900000,24,719,10900000,Approved
110,2,Graduate,0,3300000,6800000,168,317,3600000,Rejected
111,0,Not Graduate,0,300000,1100000,96,778,100000,Approved
112,3,Graduate,1,7400000,18200000,168,302,5000000,Rejected
113,5,Not Graduate,0,7100000,19700000,96,502,9800000,Rejected
114,5,Not Graduate,1,7300000,22100000,216,879,9800000,Approved
115,1,Not Graduate,0,8400000,23400000,168,437,8100000,Rejected
116,0,Not Graduate,1,3300000,10800000,144,797,3300000,Approved
117,4,Not Graduate,1,5800000,23200000,216,456,7500000,Rejected
118,0,Not Graduate,0,600000,1600000,72,647,700000,Approved
119,0,Not Graduate,0,7200000,15800000,144,379,3600000,Rejected
120,1,Not Graduate,1,9100000,32900000,24,717,5900000,Approved
121,5,Graduate,0,900000,2300000,192,545,800000,Rejected
122,2,Graduate,0,800000,3200000,96,317,900000,Rejected
123,1,Not Graduate,0,8500000,32900000,120,570,5500000,Approved
124,0,Not Graduate,1,9000000,18700000,216,865,11300000,Approved
125,3,Graduate,0,7000000,19500000,168,719,10200000,Approved
126,3,Graduate,0,200000,600000,192,821,100000,Approved
127,4,Not Graduate,1,400000,800000,120,859,200000,Approved
128,3,Not Graduate,0,5100000,18200000,120,395,6300000,Rejected
129,2,Not Graduate,1,700000,2600000,144,429,800000,Rejected
130,3,Graduate,0,400000,1200000,144,861,200000,Approved
131,0,Not Graduate,1,9500000,20800000,168,565,13400000,Approved
132,5,Graduate,0,8800000,22600000,120,357,4900000,Rejected
133,3,Not Graduate,1,1800000,3600000,216,465,2600000,Rejected
134,4,Not Graduate,1,6800000,13900000,96,479,9600000,Rejected
135,3,Not Graduate,0,1500000,5500000,192,717,1300000,Approved
136,3,Graduate,0,1600000,5500000,144,425,900000,Rejected
137,2,Not Graduate,0,4600000,16700000,24,786,6100000,Approved
138,5,Not Graduate,1,2200000,6700000,72,382,1100000,Rejected
139,3,Not Graduate,1,2900000,8500000,144,564,1800000,Approved
140,0,Graduate,0,200000,700000,96,501,100000,Rejected
141,2,Not Graduate,1,2500000,9400000,120,727,3300000,Approved
142,4,Not Graduate,0,3600000,7500000,72,894,2800000,Approved
143,0,Graduate,1,5500000,16700000,216,829,5900000,Approved
144,4,Not Graduate,0,6600000,17400000,240,506,7200000,Rejected
145,2,Graduate,1,8600000,32100000,72,802,9800000,Approved
146,5,Not Graduate,0,600000,1500000,168,543,300000,Rejected
147,3,Graduate,1,1400000,3200000,240,772,1600000,Approved
148,3,Graduate,0,4000000,11100000,144,572,2400000,Approved
149,0,Not Graduate,1,4900000,11900000,192,709,3800000,Approved
150,5,Graduate,0,2000000,6200000,216,402,1100000,Rejected
151,1,Not Graduate,1,5200000,19300000,96,481,4200000,Rejected
152,5,Graduate,1,8900000,28800000,72,772,8400000,Approved
153,1,Graduate,1,6500000,20600000,24,306,3200000,Approved
154,2,Not Graduate,0,1300000,4500000,72,415,1200000,Rejected
155,3,Not Graduate,0,9400000,35000000,192,548,4800000,Rejected
156,5,Not Graduate,0,5000000,11200000,96,701,4600000,Approved
157,2,Graduate,0,3000000,7700000,144,890,2100000,Approved
158,5,Not Graduate,1,9900000,33300000,72,364,8300000,Rejected
159,5,Graduate,1,700000,1300000,240,704,600000,Approved
160,3,Graduate,1,4000000,10600000,120,318,4900000,Rejected
161,5,Not Graduate,0,3100000,9600000,24,761,4200000,Approved
162,4,Not Graduate,0,4500000,15100000,72,693,6000000,Approved
163,3,Not Graduate,0,9700000,20600000,192,524,6100000,Rejected
164,2,Not Graduate,1,2000000,5300000,120,681,2900000,Approved
165,2,Graduate,1,8100000,22300000,216,737,7300000,Approved
166,0,Not Graduate,0,5700000,15900000,192,638,4500000,Approved
167,4,Not Graduate,0,5800000,12800000,24,656,2800000,Approved
168,1,Graduate,0,1800000,6500000,72,540,1100000,Rejected
169,4,Not Graduate,1,9100000,35200000,72,341,8200000,Rejected
170,0,Not Graduate,1,4800000,17500000,24,371,3500000,Approved
171,3,Not Graduate,1,3800000,10500000,144,886,2300000,Approved
172,0,Not Graduate,0,1900000,4100000,216,801,1200000,Approved
173,3,Not Graduate,1,3600000,9500000,192,748,2600000,Approved
174,2,Not Graduate,1,7400000,28200000,96,376,5200000,Rejected
175,4,Not Graduate,1,6600000,14300000,96,371,7400000,Rejected
176,2,Graduate,0,1800000,5300000,72,826,1300000,Approved
177,4,Not Graduate,0,9200000,27200000,144,873,11400000,Approved
178,5,Not Graduate,1,2400000,8600000,96,309,2800000,Rejected
179,4,Not Graduate,0,5600000,13300000,240,869,6500000,Approved
180,5,Graduate,0,3800000,13900000,144,534,2800000,Rejected
181,3,Not Graduate,1,4500000,17900000,72,787,4200000,Approved
182,0,Graduate,1,900000,2200000,192,566,600000,Approved
183,0,Not Graduate,0,2800000,9900000,96,742,1700000,Approved
184,2,Not Graduate,0,7500000,23100000,48,824,9500000,Approved
185,4,Graduate,0,1400000,3100000,168,575,1400000,Approved
186,2,Graduate,1,3800000,10900000,120,766,3000000,Approved
187,1,Not Graduate,1,1700000,5000000,120,888,2200000,Approved
188,3,Graduate,1,9000000,30400000,72,638,9200000,Approved
189,5,Not Graduate,1,7300000,23300000,72,622,10500000,Approved
190,1,Not Graduate,0,7400000,19800000,216,458,4000000,Rejected
191,1,Not Graduate,0,9000000,28200000,192,327,11200000,Rejected
192,0,Not Graduate,0,3000000,6500000,24,612,1700000,Approved
193,1,Graduate,0,800000,2900000,96,682,700000,Approved
194,2,Graduate,0,4800000,13200000,24,583,5200000,Approved
195,5,Not Graduate,0,6400000,18300000,96,697,3600000,Approved
196,3,Graduate,0,9200000,27100000,144,306,9600000,Rejected
197,4,Not Graduate,1,400000,1500000,24,669,500000,Approved
198,2,Not Graduate,0,2800000,6000000,216,816,3400000,Approved
199,4,Not Graduate,1,8500000,28900000,240,455,9400000,Rejected
200,3,Graduate,1,4700000,16400000,120,318,4300000,Rejected
201,4,Not Graduate,1,9800000,21200000,240,355,14400000,Rejected
202,2,Not Graduate,1,3800000,8900000,192,389,2200000,Rejected
203,2,Graduate,0,500000,1500000,24,888,600000,Approved
204,2,Graduate,1,6900000,15600000,72,352,10000000,Rejected
205,4,Not Graduate,1,9600000,30100000,144,870,5600000,Approved
206,3,Not Graduate,0,2900000,6500000,216,827,3200000,Approved
207,2,Graduate,0,9800000,20900000,144,768,13400000,Approved
208,0,Graduate,0,7100000,15400000,216,707,5800000,Approved
209,1,Not Graduate,1,7700000,19100000,120,355,6600000,Rejected
210,3,Graduate,0,1400000,3300000,24,652,1900000,Approved
211,3,Graduate,0,7800000,15900000,24,665,5400000,Approved
212,5,Not Graduate,1,1700000,6000000,216,420,2300000,Rejected
213,2,Not Graduate,0,8500000,32700000,216,471,12500000,Rejected
214,5,Not Graduate,0,1900000,7500000,240,715,2800000,Approved
215,2,Not Graduate,1,6700000,15200000,120,689,6800000,Approved
216,3,Graduate,1,6900000,16400000,48,787,3800000,Approved
217,2,Graduate,0,2600000,7800000,48,819,1500000,Approved
218,4,Graduate,1,9600000,21100000,72,809,8700000,Approved
219,1,Not Graduate,1,6800000,17000000,24,744,3500000,Approved
220,0,Not Graduate,0,3200000,11300000,72,484,2100000,Rejected
221,4,Not Graduate,0,2900000,10400000,72,673,1700000,Approved
222,3,Graduate,1,7900000,21200000,216,695,4900000,Approved
223,4,Not Graduate,1,3900000,12400000,144,473,3800000,Rejected
224,4,Graduate,1,4600000,11000000,24,491,3500000,Rejected
225,3,Not Graduate,1,700000,1700000,96,733,500000,Approved
226,0,Not Graduate,0,5200000,15600000,240,434,5500000,Rejected
227,3,Not Graduate,1,5900000,20600000,120,777,6400000,Approved
228,4,Graduate,0,7200000,19100000,48,774,3600000,Approved
229,1,Not Graduate,1,8700000,27000000,120,717,9100000,Approved
230,3,Not Graduate,1,1100000,3500000,144,503,1200000,Rejected
231,1,Graduate,1,4000000,10900000,168,598,4400000,Approved
232,2,Graduate,0,9800000,32400000,24,543,7700000,Approved
233,0,Not Graduate,1,2700000,6800000,240,796,1900000,Approved
234,3,Not Graduate,1,8800000,34600000,96,386,6000000,Rejected
235,5,Not Graduate,1,3300000,7800000,192,632,4900000,Approved
236,1,Graduate,1,6900000,23400000,48,481,10200000,Approved
237,3,Graduate,1,900000,3500000,48,770,600000,Rejected
238,3,Graduate,1,4100000,15500000,72,667,4000000,Approved
239,3,Not Graduate,1,4700000,17500000,96,585,4900000,Approved
240,5,Graduate,1,3400000,11600000,192,479,2400000,Rejected
241,2,Graduate,0,9600000,22500000,216,851,12700000,Approved
242,3,Not Graduate,1,7000000,16200000,72,378,5500000,Rejected
243,5,Graduate,0,5700000,12900000,216,807,5500000,Approved
244,1,Not Graduate,1,8200000,32400000,216,831,7800000,Approved
245,2,Not Graduate,0,2100000,5100000,144,674,2400000,Approved
246,1,Not Graduate,1,8000000,28100000,216,725,7500000,Approved
247,2,Not Graduate,0,8000000,29300000,48,600,6500000,Approved
248,0,Not Graduate,1,9400000,27000000,120,536,4800000,Rejected
249,0,Graduate,0,8400000,20600000,120,477,11900000,Rejected
250,1,Not Graduate,1,1900000,5000000,72,560,1400000,Approved
251,0,Not Graduate,1,4200000,16400000,240,539,3100000,Rejected
252,5,Graduate,0,2600000,9100000,96,852,3300000,Approved
253,3,Not Graduate,0,3700000,8500000,240,853,4900000,Approved
254,0,Graduate,0,8800000,30900000,144,729,11400000,Approved
255,2,Not Graduate,0,2100000,4700000,24,546,1500000,Rejected
256,3,Graduate,1,900000,2400000,120,489,500000,Rejected
257,3,Graduate,1,9800000,35400000,72,869,10300000,Approved
258,2,Not Graduate,0,8000000,20000000,24,502,9900000,Rejected
259,0,Graduate,0,9800000,38800000,96,652,5400000,Approved
260,0,Not Graduate,1,300000,1100000,96,789,400000,Approved
261,4,Not Graduate,0,2700000,8100000,48,325,3400000,Approved
262,3,Graduate,1,7400000,19600000,24,716,4200000,Approved
263,3,Graduate,0,9200000,34300000,216,523,8800000,Rejected
264,5,Not Graduate,0,9500000,22200000,240,352,7000000,Rejected
265,5,Graduate,1,3800000,14400000,24,345,4700000,Approved
266,0,Graduate,0,8300000,19400000,216,649,11300000,Approved
267,2,Graduate,1,2800000,7400000,216,666,3400000,Approved
268,0,Graduate,0,8600000,20900000,120,813,4800000,Approved
269,0,Not Graduate,0,5400000,16800000,120,599,7600000,Approved
270,5,Graduate,1,4200000,9400000,72,678,5700000,Approved
271,5,Not Graduate,0,5200000,12200000,240,513,5400000,Rejected
272,5,Graduate,0,9400000,27900000,48,870,10400000,Approved
273,3,Graduate,0,8800000,20400000,96,483,11800000,Rejected
274,1,Graduate,1,5900000,16700000,192,308,5300000,Rejected
275,3,Graduate,1,1700000,4900000,192,591,1400000,Approved
276,1,Not Graduate,0,7000000,23000000,120,886,3600000,Approved
277,4,Not Graduate,0,1700000,4000000,72,829,1700000,Approved
278,0,Not Graduate,0,1500000,4900000,144,651,800000,Approved
279,4,Not Graduate,0,2000000,4700000,216,733,2800000,Approved
280,5,Graduate,1,3900000,15500000,144,433,4600000,Rejected
281,1,Graduate,1,900000,3600000,168,713,1200000,Approved
282,1,Graduate,0,6900000,22500000,216,403,6300000,Rejected
283,0,Graduate,1,2800000,7800000,120,405,3400000,Rejected
284,3,Graduate,1,6800000,19900000,120,516,8500000,Rejected
285,4,Not Graduate,1,600000,1800000,96,417,800000,Rejected
286,1,Not Graduate,0,4700000,14000000,72,468,4600000,Rejected
287,5,Graduate,1,3000000,11800000,120,672,4100000,Approved
288,5,Not Graduate,0,4000000,13900000,72,530,6000000,Rejected
289,1,Not Graduate,1,3100000,11300000,168,824,4400000,Approved
290,1,Not Graduate,1,7700000,25500000,144,549,7000000,Rejected
291,5,Not Graduate,1,4300000,9300000,120,450,4100000,Rejected
292,1,Graduate,1,5800000,19500000,240,431,3300000,Rejected
293,3,Graduate,1,3600000,10700000,192,312,5200000,Rejected
294,0,Not Graduate,1,2900000,7600000,96,320,3100000,Rejected
295,0,Graduate,0,8800000,20200000,48,433,12400000,Rejected
296,1,Not Graduate,1,300000,1000000,120,431,100000,Rejected
297,5,Not Graduate,1,8600000,28900000,96,516,6800000,Rejected
298,2,Not Graduate,1,3500000,12000000,168,476,2900000,Rejected
299,5,Graduate,0,800000,2600000,72,560,1000000,Approved
300,2,Graduate,0,8000000,27100000,144,674,6400000,Approved
301,0,Not Graduate,1,9900000,38200000,72,573,5900000,Approved
302,2,Not Graduate,0,3300000,6600000,72,331,2700000,Rejected
303,4,Graduate,1,2000000,6700000,144,633,2000000,Approved
304,3,Not Graduate,0,4900000,12900000,216,877,3300000,Approved
305,5,Not Graduate,1,9200000,23600000,144,656,4900000,Approved
306,0,Not Graduate,0,7500000,18200000,72,782,4100000,Approved
307,5,Not Graduate,0,9000000,29300000,48,531,5800000,Approved
308,3,Not Graduate,0,1400000,4100000,96,455,2100000,Rejected
309,3,Graduate,0,9600000,19900000,168,452,6600000,Rejected
310,2,Graduate,0,8400000,33200000,168,474,11500000,Rejected
311,3,Not Graduate,0,6400000,24400000,48,483,4500000,Approved
312,4,Graduate,0,5900000,16800000,96,481,3300000,Rejected
313,2,Graduate,1,2200000,5100000,240,859,3100000,Approved
314,4,Graduate,1,5600000,14100000,168,696,6800000,Approved
315,4,Not Graduate,0,9800000,28700000,72,778,11100000,Approved
316,4,Graduate,0,4400000,14600000,48,499,5700000,Approved
317,2,Not Graduate,1,2400000,4900000,48,888,3400000,Approved
318,1,Graduate,0,4400000,10800000,144,674,5300000,Approved
319,4,Graduate,0,3700000,13200000,48,802,4300000,Approved
320,4,Not Graduate,1,2300000,7800000,96,540,2800000,Rejected
321,4,Graduate,1,5900000,19600000,96,726,8000000,Approved
322,4,Not Graduate,1,6400000,23500000,24,485,3900000,Approved
323,4,Graduate,1,4900000,17100000,72,612,5000000,Approved
324,3,Not Graduate,1,9500000,24200000,96,879,12700000,Approved
325,2,Not Graduate,0,5700000,16400000,144,708,4400000,Approved
326,2,Not Graduate,1,2700000,5700000,96,850,3900000,Approved
327,2,Not Graduate,1,3900000,11300000,144,516,4600000,Rejected
328,0,Not Graduate,0,7800000,28800000,144,465,7400000,Rejected
329,0,Graduate,0,1100000,3200000,240,716,1500000,Approved
330,4,Not Graduate,0,200000,600000,120,404,0,Rejected
331,0,Not Graduate,1,4700000,10600000,240,512,7000000,Rejected
332,3,Not Graduate,1,8200000,20600000,120,441,6100000,Rejected
333,2,Not Graduate,1,4600000,18400000,24,555,4200000,Approved
334,5,Not Graduate,0,1800000,7000000,216,466,1900000,Rejected
335,3,Graduate,1,3200000,8600000,24,427,4700000,Rejected
336,4,Not Graduate,1,5500000,20000000,168,593,4900000,Approved
337,3,Graduate,0,7900000,18300000,120,731,8400000,Approved
338,1,Graduate,1,4000000,10100000,192,451,3900000,Rejected
339,3,Not Graduate,1,6800000,16900000,216,628,4900000,Approved
340,1,Not Graduate,0,2700000,9400000,216,704,2400000,Approved
341,2,Not Graduate,0,6800000,23500000,144,341,8500000,Rejected
342,5,Graduate,0,8600000,21000000,96,465,9900000,Rejected
343,4,Graduate,0,8000000,30100000,48,431,11500000,Approved
344,1,Graduate,1,3700000,12600000,120,424,4400000,Rejected
345,0,Graduate,0,2600000,5100000,168,678,3100000,Approved
346,4,Graduate,0,4200000,16800000,72,381,5900000,Rejected
347,5,Graduate,1,8000000,28000000,120,449,3900000,Rejected
348,1,Not Graduate,0,7100000,23500000,144,768,7300000,Approved
349,0,Not Graduate,0,2000000,7000000,72,666,1400000,Rejected
350,4,Not Graduate,1,5800000,13300000,168,742,7000000,Approved
351,3,Not Graduate,1,6700000,15800000,48,445,9100000,Rejected
352,2,Graduate,0,7300000,28700000,168,634,10800000,Approved
353,4,Not Graduate,0,3300000,9700000,168,782,2200000,Approved
354,0,Graduate,0,3000000,7000000,120,781,2700000,Approved
355,4,Not Graduate,0,7900000,17200000,168,318,9000000,Rejected
356,5,Not Graduate,0,7600000,24100000,216,721,7200000,Approved
357,5,Not Graduate,0,3700000,9800000,48,563,3000000,Approved
358,2,Not Graduate,0,8400000,26300000,48,419,6200000,Approved
359,0,Graduate,1,8200000,20800000,168,372,5200000,Rejected
360,0,Not Graduate,0,2900000,9500000,216,885,3500000,Approved
361,1,Not Graduate,1,9900000,38400000,144,596,6800000,Approved
362,0,Graduate,0,4400000,14100000,24,349,6200000,Approved
363,1,Not Graduate,1,9000000,32200000,192,468,10900000,Rejected
364,3,Not Graduate,1,6800000,26900000,192,818,7300000,Approved
365,2,Not Graduate,0,8700000,28000000,144,543,6700000,Rejected
366,3,Graduate,0,9400000,21900000,192,685,5000000,Approved
367,3,Not Graduate,1,6000000,12500000,216,851,5000000,Approved
368,1,Not Graduate,1,9400000,29800000,120,377,11700000,Rejected
369,0,Not Graduate,1,1000000,4000000,120,620,1100000,Approved
370,3,Graduate,1,900000,2300000,240,611,500000,Approved
371,4,Not Graduate,0,2100000,7700000,48,767,1300000,Approved
372,5,Graduate,1,1100000,3200000,240,592,500000,Approved
373,0,Graduate,1,600000,2300000,48,319,700000,Approved
374,4,Not Graduate,1,9200000,25500000,120,900,12800000,Approved
375,2,Not Graduate,1,3600000,12800000,216,814,4100000,Approved
376,5,Not Graduate,1,1300000,5000000,120,755,1900000,Approved
377,5,Graduate,1,7700000,16800000,240,584,8000000,Approved
378,4,Graduate,1,9500000,23500000,168,380,7300000,Rejected
379,2,Not Graduate,1,5000000,17600000,240,465,5200000,Rejected
380,0,Not Graduate,0,500000,1800000,24,531,700000,Approved
381,1,Graduate,1,8300000,32100000,192,814,7500000,Approved
382,0,Graduate,0,5300000,17900000,72,678,3600000,Approved
383,2,Not Graduate,1,9300000,29000000,144,655,4900000,Approved
384,3,Not Graduate,0,2300000,7400000,24,682,2100000,Approved
385,1,Not Graduate,0,400000,1300000,72,695,100000,Approved
386,3,Not Graduate,0,3200000,10800000,48,833,2600000,Approved
387,5,Not Graduate,1,9400000,35300000,192,302,12900000,Rejected
388,1,Graduate,0,2300000,6600000,24,357,2200000,Rejected
389,5,Not Graduate,0,4300000,14500000,144,302,5100000,Rejected
390,0,Graduate,1,6200000,22400000,216,873,8200000,Approved
391,0,Not Graduate,1,7200000,19800000,144,658,7300000,Approved
392,5,Graduate,1,2400000,8700000,216,877,1100000,Approved
393,3,Not Graduate,0,2900000,6300000,96,648,1400000,Approved
394,1,Graduate,0,1400000,5200000,144,730,700000,Approved
395,4,Not Graduate,1,2200000,8200000,168,737,1400000,Approved
396,2,Graduate,1,800000,3200000,120,584,700000,Rejected
397,0,Graduate,0,600000,1700000,24,621,200000,Approved
398,4,Graduate,1,700000,2700000,192,583,300000,Approved
399,2,Not Graduate,0,8400000,25900000,192,621,4200000,Approved
400,2,Not Graduate,0,7100000,21500000,192,610,9300000,Approved
401,4,Graduate,0,5400000,15700000,216,452,6600000,Rejected
402,5,Graduate,0,3700000,7300000,216,339,5300000,Rejected
403,3,Graduate,1,5200000,15200000,192,650,4100000,Approved
404,4,Not Graduate,1,200000,700000,120,672,300000,Approved
405,3,Graduate,0,500000,1000000,240,501,200000,Rejected
406,2,Not Graduate,1,1800000,5700000,48,809,2400000,Approved
407,5,Graduate,1,9200000,29400000,96,318,5400000,Rejected
408,4,Not Graduate,0,900000,3300000,120,649,1200000,Approved
409,3,Not Graduate,0,7500000,28300000,144,367,7000000,Rejected
410,5,Not Graduate,0,3000000,11800000,72,847,2300000,Approved
411,5,Graduate,0,7100000,18900000,144,360,8500000,Rejected
412,1,Graduate,1,3500000,7200000,24,865,4200000,Approved
413,4,Not Graduate,0,4900000,18800000,192,880,2600000,Approved
414,1,Graduate,0,4100000,8400000,240,608,4400000,Approved
415,0,Graduate,1,800000,2100000,72,760,600000,Approved
416,3,Graduate,1,1700000,4600000,144,385,1700000,Rejected
417,0,Graduate,1,6100000,23300000,144,478,4900000,Rejected
418,1,Graduate,1,2100000,7700000,192,327,2300000,Rejected
419,0,Graduate,0,3100000,9300000,72,663,3800000,Approved
420,2,Not Graduate,1,1700000,3500000,240,693,1700000,Approved
421,3,Graduate,0,1700000,5400000,72,710,1700000,Approved
422,4,Not Graduate,1,4000000,14500000,72,711,4100000,Approved
423,5,Graduate,0,5600000,18400000,96,386,5600000,Rejected
424,4,Graduate,1,3900000,11900000,120,855,2800000,Approved
425,4,Graduate,1,6100000,15300000,168,573,8400000,Approved
426,0,Graduate,1,1100000,2800000,216,431,1400000,Rejected
427,2,Graduate,0,5500000,14800000,96,364,4500000,Rejected
428,4,Graduate,1,1100000,3600000,168,711,600000,Approved
429,4,Not Graduate,1,400000,900000,240,771,500000,Approved
430,3,Graduate,0,9200000,36400000,216,669,12300000,Approved
431,4,Not Graduate,1,9300000,27500000,216,338,6600000,Rejected
432,1,Graduate,0,1100000,3500000,96,562,500000,Approved
433,3,Not Graduate,0,5600000,18700000,24,769,4800000,Approved
434,0,Graduate,1,6300000,21500000,96,629,5200000,Approved
435,3,Graduate,0,8800000,18100000,72,699,9400000,Approved
436,0,Not Graduate,0,8400000,20800000,240,590,10800000,Approved
437,3,Graduate,1,1600000,5700000,48,707,2300000,Approved
438,3,Not Graduate,1,4500000,11400000,96,391,4500000,Rejected
439,5,Not Graduate,0,6500000,18500000,48,891,7100000,Approved
440,3,Graduate,1,9500000,20600000,24,731,9200000,Approved
441,3,Not Graduate,0,4700000,16700000,144,775,3500000,Approved
442,5,Graduate,1,9600000,32400000,24,897,6200000,Approved
443,5,Graduate,0,8000000,26700000,240,794,7800000,Approved
444,2,Graduate,0,7700000,16700000,72,555,8500000,Approved
445,1,Not Graduate,1,3600000,10300000,144,536,2700000,Rejected
446,2,Not Graduate,0,700000,1700000,120,839,900000,Approved
447,0,Graduate,1,1400000,5100000,72,890,1900000,Approved
448,1,Graduate,1,8600000,27900000,240,415,7900000,Rejected
449,4,Graduate,0,4700000,15700000,48,868,4800000,Approved
450,3,Graduate,1,2900000,5800000,144,353,3100000,Rejected
451,4,Not Graduate,0,9000000,29000000,192,590,12300000,Approved
452,5,Graduate,1,500000,900000,216,618,400000,Approved
453,2,Not Graduate,1,700000,1700000,120,539,900000,Rejected
454,0,Graduate,0,6800000,27000000,48,429,9400000,Approved
455,2,Graduate,0,1800000,4700000,96,792,2200000,Approved
456,0,Not Graduate,0,6000000,12400000,24,608,6800000,Approved
457,4,Graduate,1,5400000,21500000,168,555,7500000,Approved
458,5,Graduate,1,8400000,17500000,144,620,5800000,Approved
459,0,Graduate,0,7400000,20900000,72,635,7200000,Approved
460,2,Graduate,0,3200000,12500000,120,457,4300000,Rejected
461,1,Graduate,1,5400000,21400000,96,350,6800000,Rejected
462,5,Graduate,1,1000000,2500000,168,885,1100000,Approved
463,0,Graduate,0,4400000,14700000,192,638,2700000,Approved
464,1,Graduate,1,3800000,10500000,144,710,2500000,Approved
465,3,Not Graduate,1,6100000,20900000,216,470,7500000,Rejected
466,5,Not Graduate,1,5500000,17300000,192,874,7900000,Approved
467,5,Not Graduate,1,500000,1800000,216,411,200000,Rejected
468,0,Not Graduate,1,300000,1100000,24,482,400000,Approved
469,1,Graduate,1,6200000,16900000,24,396,7600000,Rejected
470,0,Not Graduate,0,300000,900000,240,436,200000,Rejected
471,0,Not Graduate,1,6900000,22100000,240,303,6900000,Rejected
472,4,Graduate,0,3700000,11400000,144,728,2300000,Approved
473,3,Not Graduate,1,8800000,28600000,120,775,9600000,Approved
474,5,Graduate,1,8200000,23500000,144,402,5800000,Rejected
475,1,Not Graduate,1,9200000,31500000,216,698,8300000,Approved
476,0,Not Graduate,0,2400000,7800000,168,665,2900000,Approved
477,4,Not Graduate,0,4100000,13500000,216,490,2000000,Rejected
478,1,Graduate,0,8000000,31900000,144,504,6000000,Rejected
479,3,Not Graduate,1,3600000,8600000,96,790,5200000,Approved
480,1,Not Graduate,1,700000,2700000,240,669,500000,Approved
481,4,Not Graduate,0,8300000,30700000,72,381,4600000,Rejected
482,0,Graduate,1,5300000,15000000,24,900,5800000,Approved
483,4,Graduate,0,8300000,24900000,192,506,7000000,Rejected
484,3,Not Graduate,1,2500000,8800000,144,538,3300000,Rejected
485,3,Graduate,1,5400000,14400000,96,677,3100000,Approved
486,4,Graduate,0,1600000,4900000,96,685,1500000,Approved
487,2,Not Graduate,0,2400000,6200000,144,860,1100000,Approved
488,5,Not Graduate,0,6300000,14800000,72,608,5400000,Approved
489,4,Graduate,1,2500000,5300000,120,540,1700000,Rejected
490,0,Graduate,1,7500000,16800000,192,492,11100000,Rejected
491,3,Not Graduate,0,2900000,8500000,168,834,1800000,Approved
492,3,Graduate,1,1000000,3500000,192,834,700000,Approved
493,2,Graduate,1,8600000,28800000,96,890,7200000,Approved
494,1,Not Graduate,0,300000,1100000,144,443,200000,Rejected
495,5,Not Graduate,0,2300000,5700000,216,329,2700000,Rejected
496,2,Not Graduate,1,2400000,5400000,144,739,3000000,Approved
497,5,Graduate,1,9800000,30300000,72,867,7600000,Approved
498,2,Not Graduate,0,8100000,24800000,72,307,10500000,Rejected
499,3,Graduate,0,6700000,15500000,216,492,9400000,Rejected
500,1,Not Graduate,1,8400000,24700000,216,698,12200000,Approved
501,2,Graduate,0,200000,700000,96,851,200000,Approved
502,2,Graduate,0,4700000,12500000,168,375,5400000,Rejected
503,0,Graduate,1,4300000,14300000,168,601,5700000,Approved
504,4,Not Graduate,0,2200000,7000000,240,756,1200000,Approved
505,4,Graduate,1,8600000,19200000,48,868,9300000,Approved
506,4,Graduate,1,2000000,7200000,120,838,1000000,Approved
507,4,Not Graduate,1,4200000,15900000,168,375,3000000,Rejected
508,0,Not Graduate,1,5100000,12500000,216,778,3200000,Approved
509,2,Graduate,1,4100000,11200000,72,442,4500000,Rejected
510,1,Graduate,1,9900000,39500000,144,808,13500000,Approved
511,1,Not Graduate,1,3200000,9000000,240,372,3800000,Rejected
512,2,Graduate,0,5500000,19000000,48,597,5300000,Approved
513,0,Graduate,1,7800000,29100000,240,435,9700000,Rejected
514,3,Graduate,1,3400000,9700000,240,728,2400000,Approved
515,4,Graduate,1,7900000,25900000,168,373,7600000,Rejected
516,3,Graduate,1,8900000,18500000,120,367,10300000,Rejected
517,2,Graduate,0,7300000,19100000,168,552,4000000,Approved
518,4,Not Graduate,1,3300000,10600000,96,465,2800000,Rejected
519,4,Graduate,1,2900000,10500000,96,607,3800000,Approved
520,2,Graduate,1,500000,1300000,48,427,600000,Rejected
521,3,Not Graduate,0,7200000,21200000,48,711,5700000,Approved
522,3,Not Graduate,0,8300000,24100000,168,823,7700000,Approved
523,1,Not Graduate,1,8700000,20500000,72,523,4800000,Rejected
524,4,Not Graduate,1,7100000,27900000,120,328,7700000,Rejected
525,3,Graduate,1,9800000,28200000,144,721,9600000,Approved
526,0,Graduate,1,6900000,17000000,240,599,4300000,Approved
527,0,Not Graduate,0,2400000,5000000,168,580,3200000,Approved
528,1,Not Graduate,1,2100000,4900000,120,744,1000000,Approved
529,2,Graduate,1,7200000,23900000,48,559,10800000,Approved
530,2,Graduate,0,4600000,13500000,192,587,5000000,Approved
531,5,Graduate,1,9900000,31800000,216,817,11500000,Approved
532,4,Not Graduate,1,300000,1000000,240,655,400000,Approved
533,5,Graduate,1,6900000,23900000,72,382,8900000,Rejected
534,2,Graduate,1,1700000,4300000,72,765,900000,Approved
535,2,Graduate,1,4400000,10000000,240,516,5100000,Rejected
536,4,Not Graduate,1,4300000,15000000,96,383,4900000,Rejected
537,2,Not Graduate,0,3700000,14100000,72,633,3400000,Approved
538,1,Graduate,0,5900000,15200000,24,547,3600000,Rejected
539,5,Not Graduate,1,8600000,26300000,120,843,11300000,Approved
540,3,Not Graduate,1,3400000,13200000,96,783,4900000,Approved
541,3,Not Graduate,1,1000000,3200000,168,790,1100000,Approved
542,1,Not Graduate,1,4400000,14200000,192,409,4500000,Rejected
543,0,Not Graduate,0,3600000,7800000,168,376,3000000,Rejected
544,3,Not Graduate,0,1400000,2700000,96,625,1000000,Approved
545,0,Not Graduate,0,5300000,10900000,216,707,7600000,Approved
546,3,Graduate,1,9400000,20500000,72,645,10200000,Approved
547,4,Not Graduate,1,6600000,22100000,72,887,4700000,Approved
548,5,Graduate,0,9800000,37600000,216,319,5100000,Rejected
549,1,Not Graduate,0,1900000,4900000,240,647,1700000,Approved
550,2,Not Graduate,1,5800000,22500000,72,888,4800000,Approved
551,2,Not Graduate,0,3100000,10400000,120,420,3500000,Rejected
552,0,Graduate,0,6800000,18400000,24,791,9900000,Approved
553,5,Not Graduate,0,4600000,16200000,144,891,3700000,Approved
554,2,Not Graduate,1,200000,700000,192,641,100000,Approved
555,3,Not Graduate,1,9500000,22800000,72,319,9400000,Rejected
556,5,Not Graduate,1,6200000,22200000,240,819,8700000,Approved
557,4,Not Graduate,1,9700000,32300000,216,387,5400000,Rejected
558,5,Graduate,1,4200000,12300000,24,686,4200000,Approved
559,1,Graduate,1,5700000,12000000,48,415,7400000,Rejected
560,2,Graduate,1,200000,500000,72,885,200000,Rejected
561,4,Graduate,0,8000000,25500000,48,722,4900000,Approved
562,4,Graduate,0,5200000,20400000,240,761,6200000,Approved
563,1,Graduate,1,7100000,15200000,96,389,5900000,Rejected
564,1,Graduate,1,9300000,27900000,144,600,6600000,Approved
565,5,Graduate,0,2000000,6100000,24,407,2000000,Approved
566,3,Graduate,1,3900000,14000000,216,829,2700000,Approved
567,2,Not Graduate,0,2800000,5900000,72,895,1500000,Approved
568,5,Graduate,1,3000000,11100000,144,441,2000000,Rejected
569,4,Not Graduate,0,4500000,9800000,192,895,5500000,Approved
570,4,Graduate,0,1900000,4300000,48,826,900000,Approved
571,1,Graduate,0,2300000,7200000,96,453,3400000,Rejected
572,0,Graduate,0,4700000,17500000,24,701,7000000,Approved
573,2,Not Graduate,1,1300000,2700000,96,627,1300000,Approved
574,3,Graduate,0,3100000,11000000,24,543,2400000,Approved
575,0,Graduate,0,8400000,17500000,216,411,10400000,Rejected
576,5,Graduate,1,1700000,5800000,48,583,2300000,Approved
577,2,Not Graduate,0,1900000,7500000,24,889,2600000,Approved
578,3,Not Graduate,0,2400000,8600000,96,684,1600000,Approved
579,5,Graduate,0,6800000,20500000,120,578,3400000,Approved
580,1,Graduate,0,2900000,10900000,240,445,2600000,Rejected
581,4,Graduate,1,8900000,26300000,120,369,12100000,Rejected
582,1,Not Graduate,0,8800000,22200000,216,794,10500000,Approved
583,0,Graduate,1,8200000,19200000,192,492,7200000,Rejected
584,3,Not Graduate,1,3600000,13200000,192,557,2100000,Approved
585,4,Graduate,1,9500000,31800000,72,519,12200000,Rejected
586,0,Not Graduate,1,1900000,5700000,216,699,2000000,Approved
587,3,Not Graduate,1,9100000,24600000,24,741,13600000,Approved
588,5,Graduate,0,1100000,3800000,216,508,900000,Rejected
589,5,Not Graduate,1,1100000,2800000,120,647,1400000,Approved
590,1,Graduate,0,9300000,28600000,168,656,12500000,Approved
591,4,Graduate,1,3900000,10600000,24,439,2500000,Rejected
592,5,Not Graduate,1,1500000,4000000,144,350,1200000,Rejected
593,5,Graduate,0,800000,2200000,72,493,1000000,Rejected
594,4,Graduate,0,600000,1800000,72,851,800000,Approved
595,2,Graduate,0,4400000,12500000,216,492,2700000,Rejected
596,4,Graduate,1,2700000,5400000,72,861,2700000,Approved
597,3,Not Graduate,1,6200000,14600000,24,664,6600000,Approved
598,5,Graduate,1,700000,1300000,192,362,1000000,Rejected
599,0,Graduate,0,3400000,9400000,72,703,2600000,Approved
600,1,Not Graduate,1,4900000,16800000,144,758,5900000,Approved
601,3,Not Graduate,1,4200000,9700000,24,396,4300000,Rejected
602,0,Graduate,1,5300000,10600000,24,828,5800000,Approved
603,5,Graduate,1,3700000,10000000,240,709,2200000,Approved
604,4,Not Graduate,1,5600000,17500000,120,528,7200000,Rejected
605,2,Graduate,1,4300000,16000000,168,623,4500000,Approved
606,4,Not Graduate,1,7100000,24500000,168,599,6800000,Approved
607,4,Graduate,1,5400000,12700000,48,622,6500000,Approved
608,0,Not Graduate,0,6000000,13100000,72,385,7400000,Rejected
609,4,Graduate,1,4100000,12500000,24,579,2000000,Approved
610,4,Not Graduate,0,8300000,17900000,240,846,12200000,Approved
611,3,Graduate,0,8100000,23900000,120,449,8900000,Rejected
612,1,Not Graduate,0,7200000,24900000,168,666,5800000,Approved
613,5,Graduate,0,7200000,17500000,48,380,6200000,Rejected
614,2,Graduate,1,3500000,8100000,48,589,2700000,Approved
615,1,Graduate,0,6200000,19500000,144,845,4000000,Approved
616,3,Not Graduate,0,5200000,17300000,120,401,6400000,Rejected
617,0,Not Graduate,0,4500000,14500000,24,766,6600000,Approved
618,5,Not Graduate,0,5400000,15100000,144,522,5700000,Rejected
619,3,Not Graduate,1,2000000,6900000,72,834,3000000,Approved
620,3,Graduate,0,8900000,25400000,96,588,4500000,Approved
621,2,Graduate,0,5000000,10600000,48,570,7100000,Approved
622,2,Graduate,0,4900000,17600000,72,860,5600000,Approved
623,4,Graduate,1,5300000,19200000,48,655,3900000,Approved
624,3,Not Graduate,1,8500000,27700000,48,457,5200000,Approved
625,5,Graduate,1,700000,2100000,168,863,600000,Approved
626,3,Not Graduate,1,5900000,18900000,48,742,8000000,Approved
627,3,Graduate,0,3500000,13300000,48,798,3600000,Approved
628,5,Not Graduate,1,7700000,18900000,192,552,6600000,Approved
629,2,Not Graduate,1,4500000,12500000,144,418,4300000,Rejected
630,0,Graduate,0,9100000,22200000,72,419,9800000,Rejected
631,1,Not Graduate,1,9000000,29900000,24,668,4700000,Approved
632,2,Not Graduate,0,8900000,29200000,96,608,11700000,Approved
633,5,Not Graduate,0,6500000,13800000,120,342,7300000,Rejected
634,4,Not Graduate,1,8100000,18000000,96,817,10800000,Approved
635,1,Not Graduate,0,8400000,29900000,192,476,7500000,Rejected
636,0,Not Graduate,0,5300000,20000000,72,881,4000000,Approved
637,2,Graduate,0,4100000,15600000,144,838,2700000,Approved
638,3,Not Graduate,0,6900000,27400000,48,406,5300000,Approved
639,1,Graduate,1,5200000,19500000,144,778,5800000,Approved
640,5,Not Graduate,1,2000000,7400000,168,799,1100000,Approved
641,3,Graduate,0,4600000,17800000,240,716,4500000,Approved
642,0,Graduate,1,7100000,20100000,192,756,5400000,Approved
643,0,Not Graduate,0,9300000,20100000,120,743,13600000,Approved
644,3,Not Graduate,0,5400000,19400000,240,731,4300000,Approved
645,3,Not Graduate,0,4100000,8500000,24,833,3400000,Approved
646,4,Not Graduate,0,4900000,11400000,96,470,4800000,Rejected
647,5,Graduate,1,5400000,21200000,240,734,7500000,Approved
648,0,Graduate,0,3000000,9600000,144,620,3600000,Approved
649,0,Not Graduate,1,6800000,14400000,96,812,6400000,Approved
650,4,Graduate,1,5100000,14000000,144,459,6800000,Rejected
651,0,Graduate,1,9800000,32600000,120,704,4900000,Approved
652,1,Graduate,1,1600000,4100000,72,391,700000,Rejected
653,4,Graduate,0,8000000,29100000,48,421,8800000,Approved
654,5,Graduate,0,2900000,6700000,168,796,4200000,Approved
655,4,Graduate,0,9200000,30300000,120,607,8900000,Approved
656,3,Not Graduate,0,9500000,20400000,168,376,8400000,Rejected
657,0,Graduate,1,3700000,8500000,96,424,4100000,Rejected
658,5,Graduate,1,7100000,20800000,72,442,7100000,Rejected
659,5,Not Graduate,0,5600000,17600000,168,448,6800000,Rejected
660,0,Graduate,1,1200000,2700000,24,638,1500000,Approved
661,3,Not Graduate,0,1600000,5600000,72,710,1600000,Approved
662,4,Not Graduate,1,1600000,4800000,240,641,1400000,Approved
663,2,Not Graduate,0,5300000,20200000,120,348,6100000,Rejected
664,5,Not Graduate,0,9100000,19900000,240,519,10500000,Rejected
665,4,Not Graduate,1,9400000,35000000,120,517,6700000,Rejected
666,3,Not Graduate,0,5900000,22400000,72,375,4800000,Rejected
667,2,Graduate,1,1100000,3400000,120,426,1400000,Rejected
668,4,Graduate,1,3100000,11500000,168,785,4200000,Approved
669,4,Not Graduate,0,2200000,8600000,240,373,1400000,Rejected
670,1,Graduate,0,6000000,20100000,72,476,5500000,Rejected
671,1,Graduate,1,2000000,5600000,216,320,2100000,Rejected
672,4,Graduate,0,7200000,22900000,216,657,8800000,Approved
673,1,Not Graduate,1,500000,1900000,144,868,300000,Approved
674,1,Not Graduate,1,5800000,13900000,72,345,5500000,Rejected
675,0,Not Graduate,0,200000,300000,72,472,0,Rejected
676,4,Not Graduate,1,4600000,9500000,240,613,3000000,Approved
677,5,Not Graduate,1,4600000,12800000,168,769,3500000,Approved
678,1,Graduate,0,6500000,23100000,240,741,7900000,Approved
679,4,Not Graduate,1,4400000,16600000,168,889,5900000,Approved
680,0,Not Graduate,1,900000,3600000,120,683,400000,Approved
681,0,Not Graduate,1,3200000,7400000,216,780,2800000,Approved
682,3,Graduate,0,600000,1100000,96,538,300000,Rejected
683,1,Not Graduate,0,5200000,12600000,120,721,3600000,Approved
684,3,Not Graduate,1,6400000,15200000,168,467,3200000,Rejected
685,2,Not Graduate,0,1000000,2500000,72,551,900000,Approved
686,2,Not Graduate,0,6800000,14800000,168,803,6600000,Approved
687,0,Graduate,0,3000000,8400000,120,361,1800000,Rejected
688,1,Not Graduate,1,8700000,30700000,72,708,9300000,Approved
689,4,Graduate,1,8800000,20900000,216,766,13100000,Approved
690,1,Not Graduate,1,3900000,11500000,24,464,5100000,Rejected
691,5,Graduate,0,1700000,4300000,24,517,1600000,Rejected
692,3,Not Graduate,1,900000,2300000,72,747,600000,Approved
693,1,Not Graduate,0,7200000,24700000,72,596,5800000,Approved
694,0,Graduate,0,9200000,25400000,24,783,12400000,Approved
695,3,Not Graduate,0,5700000,19400000,24,335,7100000,Approved
696,5,Not Graduate,1,1100000,2700000,48,889,500000,Approved
697,2,Not Graduate,1,1100000,2200000,48,874,900000,Approved
698,0,Graduate,1,6000000,23900000,48,394,4500000,Approved
699,2,Graduate,1,8100000,28500000,240,420,10000000,Rejected
700,2,Not Graduate,1,6500000,25100000,240,848,4400000,Approved
701,0,Graduate,1,7600000,17900000,192,788,5900000,Approved
702,1,Graduate,0,2200000,4900000,96,509,2900000,Rejected
703,4,Graduate,1,6300000,23900000,72,899,6700000,Approved
704,4,Not Graduate,1,6700000,15800000,144,466,6600000,Rejected
705,5,Graduate,1,1300000,4300000,24,595,1500000,Approved
706,1,Not Graduate,0,2800000,6700000,144,322,2100000,Rejected
707,3,Graduate,0,7000000,18900000,24,691,3900000,Approved
708,3,Not Graduate,1,8800000,26700000,120,379,9700000,Rejected
709,0,Graduate,0,8900000,25800000,216,531,5400000,Rejected
710,5,Not Graduate,0,7000000,21800000,48,631,10000000,Approved
711,0,Graduate,1,6900000,18600000,120,330,4500000,Rejected
712,5,Graduate,0,9200000,29200000,192,383,5700000,Rejected
713,0,Graduate,1,6100000,19700000,192,678,5500000,Approved
714,1,Graduate,1,4400000,14700000,96,894,2400000,Approved
715,4,Not Graduate,0,9900000,22700000,144,567,5400000,Approved
716,5,Not Graduate,0,3900000,14000000,48,708,5200000,Approved
717,3,Graduate,0,6800000,21200000,24,433,6300000,Approved
718,4,Not Graduate,0,3600000,8700000,168,302,4100000,Rejected
719,4,Graduate,0,700000,2600000,168,736,400000,Approved
720,2,Not Graduate,1,4000000,8500000,72,323,4100000,Rejected
721,4,Graduate,0,1800000,4100000,144,670,2200000,Approved
722,3,Not Graduate,0,5600000,21000000,144,609,4900000,Approved
723,4,Not Graduate,0,6800000,24200000,216,349,9400000,Rejected
724,5,Not Graduate,1,600000,1500000,24,319,600000,Rejected
725,1,Not Graduate,0,4200000,16200000,168,391,2600000,Rejected
726,4,Not Graduate,0,5000000,18700000,120,755,2600000,Approved
727,1,Not Graduate,0,4100000,12200000,72,354,3500000,Rejected
728,3,Not Graduate,1,2200000,8800000,24,877,3100000,Approved
729,1,Not Graduate,0,3400000,8600000,192,312,3000000,Rejected
730,0,Graduate,0,7100000,15900000,168,746,8000000,Approved
731,3,Graduate,0,5800000,19600000,192,313,6300000,Rejected
732,2,Graduate,0,3400000,12900000,168,857,1900000,Approved
733,2,Not Graduate,0,7700000,18300000,240,504,4600000,Rejected
734,0,Graduate,0,500000,1200000,168,556,500000,Approved
735,2,Graduate,1,5300000,11000000,168,393,5200000,Rejected
736,0,Graduate,0,4700000,14400000,168,881,2400000,Approved
737,2,Graduate,1,4300000,12200000,168,719,5700000,Approved
738,2,Graduate,1,900000,2500000,192,458,1100000,Rejected
739,4,Graduate,0,2000000,7500000,168,857,2100000,Approved
740,2,Graduate,1,2000000,7600000,192,429,2200000,Rejected
741,3,Not Graduate,0,4100000,15900000,144,538,5700000,Rejected
742,1,Not Graduate,0,6900000,14400000,120,828,9000000,Approved
743,5,Graduate,1,2300000,6100000,72,339,2400000,Rejected
744,5,Graduate,1,5800000,16600000,216,376,2800000,Rejected
745,5,Not Graduate,0,8000000,30000000,168,549,7000000,Rejected
746,3,Not Graduate,1,3700000,12700000,216,587,4100000,Approved
747,0,Not Graduate,0,2600000,8400000,216,861,3800000,Approved
748,0,Not Graduate,0,3000000,7000000,144,409,3500000,Rejected
749,4,Graduate,0,2700000,10200000,48,528,1600000,Approved
750,4,Not Graduate,0,5700000,19600000,96,691,3000000,Approved
751,2,Graduate,0,1500000,3600000,48,584,1700000,Approved
752,5,Not Graduate,0,6800000,20000000,48,459,4900000,Rejected
753,1,Graduate,1,8100000,31700000,120,755,4700000,Approved
754,3,Not Graduate,1,9200000,27700000,240,688,11200000,Approved
755,1,Not Graduate,1,7600000,26000000,72,384,7900000,Rejected
756,4,Graduate,0,600000,1600000,240,869,200000,Approved
757,1,Not Graduate,1,4700000,18700000,240,445,4000000,Rejected
758,0,Graduate,0,1400000,5500000,72,393,1800000,Rejected
759,3,Graduate,1,9400000,24600000,120,414,5600000,Rejected
760,2,Graduate,0,9700000,19900000,192,395,10800000,Rejected
761,3,Not Graduate,1,8900000,21000000,168,815,6400000,Approved
762,5,Graduate,0,4600000,10500000,96,758,2900000,Approved
763,5,Not Graduate,1,5600000,14500000,120,457,4600000,Rejected
764,0,Graduate,1,1000000,3200000,120,854,1200000,Approved
765,3,Graduate,0,3500000,10300000,192,324,2400000,Rejected
766,0,Not Graduate,0,7900000,31500000,168,849,10600000,Approved
767,3,Graduate,1,6100000,24200000,144,672,5000000,Approved
768,3,Not Graduate,1,8900000,20900000,72,859,11100000,Approved
769,4,Graduate,0,5300000,15400000,96,584,5000000,Approved
770,5,Not Graduate,0,1300000,4800000,48,346,1600000,Approved
771,3,Graduate,0,4000000,12800000,216,635,4200000,Approved
772,2,Not Graduate,0,8700000,22700000,48,365,7200000,Rejected
773,1,Not Graduate,0,9500000,20000000,192,856,6200000,Approved
774,5,Graduate,1,9000000,20000000,24,440,7600000,Rejected
775,0,Graduate,1,7300000,23300000,24,616,4100000,Approved
776,3,Graduate,1,7400000,25700000,24,461,5100000,Approved
777,5,Not Graduate,0,3100000,10800000,120,681,1500000,Approved
778,2,Graduate,0,4300000,9400000,24,485,2200000,Rejected
779,1,Graduate,1,2400000,8300000,72,684,2300000,Approved
780,1,Graduate,0,5400000,17900000,168,727,4700000,Approved
781,2,Not Graduate,0,1600000,5100000,72,784,1400000,Approved
782,3,Not Graduate,1,9900000,20400000,48,865,12800000,Approved
783,3,Not Graduate,0,5800000,20100000,216,791,5600000,Approved
784,4,Not Graduate,0,2200000,8500000,192,866,2800000,Approved
785,0,Graduate,0,5000000,14400000,24,761,4500000,Approved
786,2,Not Graduate,1,600000,2100000,216,572,300000,Approved
787,4,Graduate,0,2200000,8600000,72,601,3300000,Approved
788,1,Graduate,1,2600000,5500000,168,820,2000000,Approved
789,4,Not Graduate,0,1200000,4300000,96,598,1300000,Approved
790,2,Graduate,0,3100000,8700000,216,544,1500000,Rejected
791,5,Not Graduate,1,4600000,14500000,168,561,5800000,Approved
792,4,Graduate,1,9300000,35500000,72,547,13900000,Rejected
793,4,Graduate,0,6300000,13400000,24,504,9400000,Rejected
794,2,Not Graduate,0,5900000,20800000,168,530,8800000,Rejected
795,2,Graduate,1,2900000,10600000,72,614,3600000,Approved
796,4,Not Graduate,0,6100000,22400000,216,351,4800000,Rejected
797,4,Graduate,1,5900000,19700000,120,431,5300000,Rejected
798,1,Not Graduate,1,4600000,18400000,120,403,2900000,Rejected
799,2,Not Graduate,0,7000000,20200000,96,668,9100000,Approved
800,3,Not Graduate,1,5100000,10400000,216,399,4600000,Rejected
801,1,Graduate,0,3100000,10600000,168,665,3900000,Approved
802,2,Graduate,0,4100000,12800000,192,344,4100000,Rejected
803,0,Graduate,0,1800000,5400000,192,555,1700000,Approved
804,4,Not Graduate,1,8200000,26900000,240,301,9900000,Rejected
805,2,Not Graduate,1,800000,2100000,72,726,600000,Approved
806,2,Graduate,0,8400000,23100000,72,689,11900000,Approved
807,0,Not Graduate,0,8500000,33900000,48,665,4500000,Approved
808,3,Not Graduate,1,3300000,12700000,192,608,4500000,Approved
809,3,Not Graduate,0,5800000,12800000,240,335,8000000,Rejected
810,3,Not Graduate,0,4400000,10500000,216,677,5000000,Approved
811,1,Not Graduate,0,2600000,8500000,24,491,2600000,Approved
812,2,Not Graduate,1,9600000,28100000,240,763,10300000,Approved
813,5,Not Graduate,1,5200000,18100000,96,809,5500000,Approved
814,5,Not Graduate,1,9700000,36400000,192,544,5200000,Rejected
815,1,Graduate,1,200000,800000,168,624,0,Approved
816,3,Graduate,0,6500000,16800000,120,388,7200000,Rejected
817,4,Graduate,1,7200000,23100000,168,644,4200000,Approved
818,0,Not Graduate,0,5200000,18400000,168,600,3600000,Approved
819,2,Not Graduate,0,6500000,14100000,24,709,4000000,Approved
820,5,Graduate,1,2300000,5600000,96,642,2500000,Approved
821,0,Not Graduate,1,3300000,10400000,48,423,3200000,Approved
822,0,Not Graduate,1,2000000,5900000,144,900,3000000,Approved
823,2,Graduate,1,8300000,19500000,48,415,8600000,Rejected
824,4,Graduate,1,3800000,14300000,48,645,4600000,Approved
825,0,Not Graduate,0,5700000,15600000,192,742,6800000,Approved
826,4,Not Graduate,0,7300000,19800000,96,724,10300000,Approved
827,1,Graduate,0,1600000,5400000,144,707,800000,Approved
828,5,Not Graduate,1,800000,2500000,48,780,400000,Approved
829,4,Not Graduate,0,6300000,21900000,120,538,7800000,Rejected
830,2,Graduate,0,8800000,17700000,168,706,9200000,Approved
831,0,Graduate,0,7300000,14500000,192,811,9600000,Approved
832,2,Graduate,1,3800000,9100000,168,849,2500000,Approved
833,3,Graduate,0,6200000,16700000,120,880,9100000,Approved
834,5,Not Graduate,1,3500000,9500000,48,664,5200000,Approved
835,5,Graduate,1,1400000,5000000,24,465,1500000,Approved
836,3,Not Graduate,1,3500000,12000000,24,786,1700000,Approved
837,1,Graduate,1,600000,2000000,120,326,700000,Rejected
838,0,Not Graduate,0,4100000,10800000,192,399,5300000,Rejected
839,2,Not Graduate,1,5400000,11500000,72,841,6600000,Approved
840,2,Not Graduate,1,2000000,6700000,168,638,2300000,Approved
841,4,Graduate,1,3500000,8900000,48,478,3800000,Rejected
842,0,Graduate,1,8300000,30000000,48,600,12000000,Approved
843,0,Graduate,1,6700000,15600000,192,768,3800000,Approved
844,0,Not Graduate,0,1900000,6500000,120,523,1100000,Rejected
845,2,Graduate,1,6500000,20900000,168,327,4700000,Rejected
846,1,Graduate,1,600000,1800000,96,799,800000,Approved
847,5,Graduate,0,7000000,23000000,216,803,4100000,Approved
848,2,Graduate,0,7700000,15400000,216,524,6600000,Rejected
849,1,Graduate,0,2600000,6600000,72,506,2100000,Rejected
850,1,Graduate,0,9200000,18800000,24,351,13000000,Rejected
851,2,Graduate,1,1800000,4200000,96,648,1600000,Approved
852,1,Not Graduate,0,4900000,18500000,48,612,2900000,Approved
853,1,Graduate,0,5700000,12400000,168,396,5600000,Rejected
854,3,Not Graduate,0,300000,800000,24,458,200000,Rejected
855,3,Graduate,1,1700000,3400000,72,488,1600000,Rejected
856,4,Graduate,0,7000000,18900000,72,475,5200000,Rejected
857,1,Not Graduate,0,2200000,7000000,216,417,1900000,Rejected
858,2,Not Graduate,0,6800000,18700000,96,781,5400000,Approved
859,1,Not Graduate,1,2400000,6200000,144,337,2300000,Rejected
860,0,Not Graduate,1,600000,1800000,144,511,400000,Rejected
861,4,Graduate,0,6200000,17300000,72,837,4600000,Approved
862,1,Not Graduate,0,7600000,24600000,144,810,5200000,Approved
863,2,Not Graduate,0,4800000,10600000,96,588,4500000,Approved
864,5,Graduate,0,4200000,9200000,144,870,5700000,Approved
865,0,Not Graduate,1,7200000,20700000,120,733,9900000,Approved
866,5,Not Graduate,1,6400000,20300000,192,348,6900000,Rejected
867,0,Not Graduate,1,8900000,23000000,144,741,7100000,Approved
868,3,Not Graduate,0,5100000,14500000,144,306,2900000,Rejected
869,2,Graduate,1,6300000,19500000,216,428,6500000,Rejected
870,3,Graduate,0,6600000,22100000,48,455,7400000,Approved
871,1,Not Graduate,1,4800000,14700000,24,356,5500000,Approved
872,0,Graduate,0,200000,400000,48,594,100000,Approved
873,0,Not Graduate,1,7500000,25800000,216,844,6500000,Approved
874,4,Graduate,0,9000000,34700000,48,771,7700000,Approved
875,2,Graduate,0,5400000,12500000,48,622,5400000,Approved
876,1,Not Graduate,1,1700000,4500000,240,480,1900000,Rejected
877,4,Graduate,0,4300000,11500000,240,337,5200000,Rejected
878,1,Graduate,0,5200000,11200000,72,698,2700000,Approved
879,4,Not Graduate,0,4400000,17000000,216,302,5700000,Rejected
880,1,Not Graduate,1,3900000,7800000,168,349,3600000,Rejected
881,0,Graduate,0,1100000,3300000,120,482,1600000,Rejected
882,2,Graduate,0,2500000,8200000,120,429,2200000,Rejected
883,4,Graduate,0,500000,1300000,96,471,700000,Rejected
884,0,Graduate,1,9000000,32400000,120,895,9500000,Approved
885,1,Not Graduate,1,5100000,20300000,216,757,3200000,Approved
886,2,Graduate,0,5200000,13500000,24,777,6100000,Approved
887,5,Not Graduate,1,4400000,8900000,48,761,3000000,Approved
888,1,Graduate,0,1900000,4200000,144,821,2700000,Approved
889,4,Not Graduate,1,9200000,26500000,72,662,5300000,Approved
890,2,Not Graduate,1,4800000,16500000,120,350,2900000,Rejected
891,4,Not Graduate,0,4900000,10700000,240,321,6500000,Rejected
892,3,Graduate,1,4800000,10100000,48,368,3500000,Rejected
893,4,Graduate,0,9300000,24900000,168,455,13900000,Rejected
894,5,Not Graduate,1,7500000,24600000,96,744,9300000,Approved
895,1,Graduate,0,5900000,16800000,48,806,7100000,Approved
896,0,Graduate,0,9400000,27900000,72,456,7800000,Rejected
897,5,Graduate,0,5300000,13400000,96,719,5300000,Approved
898,4,Graduate,0,3700000,9000000,216,668,3100000,Approved
899,0,Graduate,1,2500000,5800000,216,494,2300000,Rejected
900,4,Not Graduate,0,2800000,10800000,24,841,4100000,Approved
901,0,Graduate,1,5400000,21400000,96,721,7400000,Approved
902,5,Graduate,0,3100000,9400000,120,414,2800000,Rejected
903,5,Not Graduate,0,4800000,15500000,120,812,3500000,Approved
904,1,Not Graduate,0,8800000,17500000,240,832,7400000,Approved
905,2,Graduate,0,4100000,14900000,144,571,3400000,Approved
906,5,Not Graduate,0,9700000,37000000,168,459,5600000,Rejected
907,2,Graduate,1,6400000,24100000,72,592,6000000,Approved
908,5,Graduate,0,3400000,13100000,240,527,4000000,Rejected
909,4,Not Graduate,0,3500000,10200000,144,333,3400000,Rejected
910,3,Not Graduate,0,3200000,10000000,216,532,2100000,Rejected
911,2,Graduate,1,4900000,13100000,216,754,7200000,Approved
912,0,Graduate,1,1300000,4800000,48,835,800000,Rejected
913,4,Graduate,0,2500000,5400000,120,592,2900000,Approved
914,0,Graduate,0,7500000,27300000,240,553,6100000,Approved
915,2,Graduate,0,700000,2000000,96,806,400000,Approved
916,4,Graduate,1,8200000,28500000,24,378,11500000,Approved
917,1,Not Graduate,0,6900000,26200000,48,534,9400000,Approved
918,1,Not Graduate,1,1500000,5900000,192,400,1500000,Rejected
919,3,Graduate,0,6300000,18300000,216,543,3500000,Rejected
920,0,Not Graduate,1,8800000,25600000,120,715,8600000,Approved
921,4,Graduate,1,8900000,20700000,72,684,6700000,Approved
922,3,Not Graduate,1,2100000,6100000,96,346,2900000,Rejected
923,1,Graduate,1,9200000,29200000,72,669,11700000,Approved
924,2,Not Graduate,0,3600000,8000000,144,566,2700000,Approved
925,0,Not Graduate,1,8600000,23600000,24,361,7500000,Rejected
926,5,Graduate,0,3000000,8000000,72,333,2200000,Rejected
927,3,Not Graduate,1,5200000,16300000,96,335,7300000,Rejected
928,3,Graduate,1,7200000,20400000,120,558,10600000,Approved
929,1,Not Graduate,1,4000000,15600000,144,436,3200000,Rejected
930,1,Not Graduate,0,2400000,5200000,24,371,1400000,Rejected
931,2,Not Graduate,1,5500000,18400000,120,515,4100000,Rejected
932,0,Not Graduate,1,9000000,24300000,120,599,6400000,Approved
933,0,Not Graduate,1,7900000,24000000,240,728,7400000,Approved
934,2,Not Graduate,1,6200000,21600000,240,679,9100000,Approved
935,3,Graduate,1,7900000,29200000,48,399,6900000,Approved
936,3,Not Graduate,0,1200000,4500000,72,819,900000,Approved
937,1,Graduate,0,4700000,11700000,72,308,3700000,Rejected
938,5,Graduate,1,5900000,15600000,24,730,5900000,Approved
939,4,Not Graduate,1,1400000,5100000,168,312,1400000,Rejected
940,3,Not Graduate,1,4700000,12800000,192,740,6100000,Approved
941,5,Graduate,1,7600000,20000000,120,522,4300000,Rejected
942,4,Graduate,0,7200000,16900000,48,702,9600000,Approved
943,4,Not Graduate,1,1400000,4300000,192,447,1000000,Rejected
944,5,Graduate,0,1400000,2900000,48,829,1600000,Approved
945,2,Graduate,0,7900000,18500000,216,727,7100000,Approved
946,5,Not Graduate,1,7600000,18700000,168,509,3700000,Rejected
947,3,Graduate,1,9600000,34200000,24,745,6700000,Approved
948,1,Not Graduate,0,2300000,6600000,216,513,1600000,Rejected
949,2,Not Graduate,0,8100000,18500000,72,372,7900000,Rejected
950,2,Graduate,1,300000,700000,48,411,100000,Rejected
951,4,Graduate,0,4700000,10800000,240,495,4500000,Rejected
952,5,Not Graduate,0,1100000,2500000,48,827,600000,Approved
953,4,Not Graduate,0,8600000,25100000,72,820,8300000,Approved
954,5,Graduate,1,8700000,28100000,120,660,10100000,Approved
955,0,Not Graduate,0,2200000,8600000,48,563,2800000,Approved
956,1,Not Graduate,1,500000,1400000,120,883,300000,Approved
957,0,Not Graduate,1,9100000,22000000,144,387,7000000,Rejected
958,1,Graduate,0,2200000,8700000,144,613,2400000,Approved
959,0,Not Graduate,1,2200000,8000000,168,335,2900000,Rejected
960,1,Graduate,1,9600000,34500000,24,795,9300000,Approved
961,1,Graduate,1,6500000,13900000,96,369,8300000,Rejected
962,4,Graduate,1,2400000,7400000,216,888,3200000,Approved
963,4,Not Graduate,0,5500000,12300000,72,742,4300000,Approved
964,0,Graduate,0,5000000,14400000,48,874,3900000,Approved
965,1,Graduate,0,2700000,8100000,192,691,2100000,Approved
966,3,Not Graduate,1,8500000,30300000,144,762,4200000,Approved
967,1,Graduate,0,4400000,10700000,216,324,5400000,Rejected
968,4,Not Graduate,0,500000,1800000,240,777,200000,Approved
969,0,Graduate,0,8300000,21400000,24,662,10200000,Approved
970,2,Not Graduate,1,6000000,13000000,144,462,5600000,Rejected
971,3,Not Graduate,1,4000000,10400000,168,609,4600000,Approved
972,5,Graduate,1,4400000,11700000,240,590,2300000,Approved
973,3,Graduate,1,4400000,15800000,216,779,3600000,Approved
974,2,Graduate,1,1900000,5000000,168,641,2400000,Approved
975,0,Graduate,1,5000000,18400000,144,752,6500000,Approved
976,0,Graduate,0,8000000,23700000,120,305,12000000,Rejected
977,4,Not Graduate,0,8200000,20700000,120,546,10600000,Rejected
978,2,Graduate,0,7000000,24200000,96,833,9100000,Approved
979,2,Not Graduate,0,2400000,8800000,216,421,1400000,Rejected
980,5,Graduate,0,6600000,18800000,48,639,4300000,Approved
981,3,Graduate,0,3200000,6900000,240,735,3100000,Approved
982,0,Not Graduate,1,2600000,5400000,24,377,2700000,Rejected
983,3,Not Graduate,0,6900000,15600000,240,310,4800000,Rejected
984,4,Graduate,0,4800000,14000000,24,695,4600000,Approved
985,1,Not Graduate,1,300000,1200000,48,355,200000,Approved
986,1,Not Graduate,1,4300000,14100000,144,525,5500000,Rejected
987,5,Not Graduate,0,700000,2400000,240,330,500000,Rejected
988,5,Graduate,0,9400000,25800000,168,625,11100000,Approved
989,3,Not Graduate,1,800000,2900000,120,644,400000,Approved
990,5,Not Graduate,0,4400000,14900000,48,865,3500000,Approved
991,1,Graduate,1,4700000,14800000,72,661,6400000,Approved
992,2,Not Graduate,0,2300000,5000000,96,884,1500000,Approved
993,5,Graduate,1,8500000,26700000,120,803,9600000,Approved
994,2,Graduate,0,7600000,28300000,144,800,7800000,Approved
995,2,Graduate,0,3200000,12600000,216,796,2000000,Approved
996,4,Not Graduate,0,2400000,5000000,48,716,1400000,Approved
997,0,Graduate,1,500000,1100000,216,479,600000,Rejected
998,3,Not Graduate,1,8500000,28300000,24,810,10700000,Approved
999,0,Graduate,1,8900000,20900000,216,568,5300000,Approved
1000,0,Graduate,0,2800000,5600000,96,842,1900000,Approved
1001,3,Not Graduate,1,2900000,7000000,48,806,3000000,Approved
1002,1,Graduate,1,4900000,17700000,96,722,3000000,Approved
1003,5,Not Graduate,0,9600000,20700000,168,442,8200000,Rejected
1004,3,Graduate,1,3300000,9800000,72,360,4400000,Rejected
1005,3,Not Graduate,0,2800000,5900000,48,461,2800000,Rejected
1006,2,Graduate,0,7800000,22200000,120,735,6900000,Approved
1007,4,Graduate,1,2500000,8400000,144,761,1600000,Approved
1008,0,Graduate,0,4400000,10600000,240,653,5400000,Approved
1009,0,Not Graduate,0,7900000,30800000,48,726,5500000,Approved
1010,1,Graduate,0,8900000,22600000,216,617,11700000,Approved
1011,0,Graduate,0,5600000,13400000,24,460,4100000,Rejected
1012,1,Not Graduate,0,1400000,3300000,96,306,800000,Rejected
1013,5,Graduate,1,500000,1400000,48,471,300000,Rejected
1014,1,Graduate,1,5100000,15300000,48,628,2700000,Approved
1015,3,Graduate,0,9800000,25600000,120,404,11500000,Rejected
1016,2,Graduate,1,8600000,21600000,192,804,7100000,Approved
1017,3,Not Graduate,0,1600000,3900000,240,804,800000,Approved
1018,1,Not Graduate,1,2500000,6700000,24,502,1400000,Rejected
1019,0,Graduate,0,9500000,22600000,72,861,5600000,Approved
1020,2,Not Graduate,1,3000000,7800000,168,555,1700000,Approved
1021,0,Not Graduate,0,5100000,13600000,216,351,7600000,Rejected
1022,2,Not Graduate,1,7600000,23600000,72,358,10900000,Rejected
1023,5,Graduate,0,8800000,18800000,168,836,5400000,Approved
1024,4,Not Graduate,1,1100000,2900000,48,554,1600000,Approved
1025,3,Graduate,0,8700000,30500000,24,443,8100000,Approved
1026,5,Not Graduate,0,6100000,23600000,48,725,4800000,Approved
1027,2,Not Graduate,1,1900000,7000000,168,818,2100000,Approved
1028,1,Not Graduate,0,9900000,38700000,72,670,6500000,Approved
1029,0,Graduate,0,5800000,21100000,72,414,5600000,Rejected
1030,2,Not Graduate,1,9500000,37000000,96,887,11700000,Approved
1031,3,Graduate,1,7900000,26600000,144,409,8700000,Rejected
1032,1,Not Graduate,1,1300000,4500000,168,679,1600000,Approved
1033,4,Graduate,1,700000,2600000,216,478,300000,Rejected
1034,3,Graduate,0,600000,1200000,24,752,700000,Approved
1035,0,Graduate,0,9400000,33000000,48,616,7800000,Approved
1036,2,Not Graduate,1,3800000,12500000,168,842,5300000,Approved
1037,3,Graduate,1,7800000,26300000,240,840,5300000,Approved
1038,3,Graduate,1,7800000,27700000,72,430,5300000,Rejected
1039,4,Not Graduate,0,2700000,7000000,48,351,2700000,Rejected
1040,5,Not Graduate,0,600000,2300000,48,347,200000,Rejected
1041,3,Not Graduate,1,8000000,28800000,120,576,11900000,Approved
1042,0,Not Graduate,1,4000000,11000000,96,799,4200000,Approved
1043,1,Not Graduate,1,3300000,10800000,24,550,4700000,Approved
1044,2,Graduate,0,5800000,13300000,48,878,4500000,Approved
1045,3,Graduate,1,2400000,4800000,144,895,3300000,Approved
1046,4,Not Graduate,0,7600000,29700000,72,603,11000000,Approved
1047,2,Not Graduate,1,2500000,6900000,144,325,3600000,Rejected
1048,2,Graduate,0,3300000,11800000,48,393,2600000,Approved
1049,3,Graduate,0,9800000,30300000,24,612,5600000,Approved
1050,0,Graduate,1,1000000,3800000,96,553,1300000,Approved
1051,0,Not Graduate,1,2500000,8800000,168,389,3600000,Rejected
1052,0,Graduate,0,1900000,6800000,48,782,2400000,Approved
1053,3,Graduate,0,3100000,8500000,144,493,2000000,Rejected
1054,5,Graduate,1,6000000,11900000,24,629,4200000,Approved
1055,5,Not Graduate,0,6500000,21600000,120,419,6600000,Rejected
1056,2,Not Graduate,1,5900000,15800000,24,444,5500000,Rejected
1057,5,Not Graduate,1,6500000,15800000,192,301,7100000,Rejected
1058,0,Graduate,1,3800000,11200000,240,479,5400000,Rejected
1059,3,Not Graduate,1,3000000,11400000,120,424,1500000,Rejected
1060,0,Graduate,0,4300000,16900000,216,469,6200000,Rejected
1061,4,Not Graduate,1,3500000,8300000,24,897,1800000,Approved
1062,3,Not Graduate,0,300000,500000,24,477,400000,Rejected
1063,3,Not Graduate,1,600000,1400000,192,509,900000,Rejected
1064,0,Graduate,1,800000,1700000,48,752,400000,Approved
1065,0,Not Graduate,1,5600000,19100000,168,875,7700000,Approved
1066,2,Not Graduate,1,1800000,3600000,48,343,1500000,Rejected
1067,0,Graduate,0,6800000,20800000,240,819,8000000,Approved
1068,2,Graduate,1,4200000,16800000,24,433,3700000,Approved
1069,1,Not Graduate,1,200000,400000,72,768,0,Approved
1070,2,Graduate,1,8500000,31800000,72,714,5600000,Approved
1071,2,Not Graduate,1,2800000,10100000,192,531,4100000,Rejected
1072,0,Graduate,1,3600000,8600000,72,529,5200000,Rejected
1073,1,Not Graduate,0,6200000,19500000,240,448,8000000,Rejected
1074,1,Graduate,0,2700000,10000000,24,584,3400000,Approved
1075,1,Graduate,0,6800000,22900000,48,501,4400000,Approved
1076,2,Not Graduate,0,6300000,24500000,216,848,8200000,Approved
1077,4,Not Graduate,0,8800000,19100000,72,586,12400000,Approved
1078,1,Graduate,0,5900000,13000000,24,386,3800000,Rejected
1079,5,Not Graduate,1,9800000,37900000,216,301,6200000,Rejected
1080,2,Graduate,0,3300000,8300000,72,653,4600000,Approved
1081,4,Graduate,1,300000,500000,168,448,100000,Rejected
1082,1,Not Graduate,1,4800000,11600000,192,696,6500000,Approved
1083,1,Graduate,0,7500000,28300000,192,707,6700000,Approved
1084,2,Not Graduate,0,8600000,21700000,48,429,6000000,Rejected
1085,4,Not Graduate,0,8900000,21100000,72,631,6200000,Approved
1086,5,Not Graduate,1,9600000,29600000,48,446,13200000,Approved
1087,0,Graduate,1,7700000,18100000,216,705,6300000,Approved
1088,3,Not Graduate,1,7000000,15200000,24,709,4000000,Approved
1089,4,Not Graduate,1,7800000,19500000,168,739,4400000,Approved
1090,3,Graduate,0,5100000,11000000,72,336,7500000,Rejected
1091,4,Graduate,0,9400000,32600000,48,898,10200000,Approved
1092,4,Not Graduate,1,600000,2100000,72,558,300000,Approved
1093,3,Graduate,0,5100000,13300000,48,589,6100000,Approved
1094,2,Graduate,1,3800000,14400000,24,301,2400000,Rejected
1095,2,Not Graduate,1,5300000,21200000,168,516,7700000,Rejected
1096,5,Not Graduate,0,1100000,3600000,144,315,1400000,Rejected
1097,3,Not Graduate,0,6400000,14400000,120,546,5100000,Rejected
1098,0,Not Graduate,1,5100000,14500000,168,559,6000000,Approved
1099,3,Graduate,1,5300000,16900000,24,350,6800000,Approved
1100,1,Graduate,0,6700000,18700000,96,583,6900000,Approved
1101,2,Not Graduate,0,4000000,9400000,96,874,4800000,Approved
1102,2,Not Graduate,1,3900000,11600000,96,808,5000000,Approved
1103,1,Graduate,1,1600000,4900000,192,487,2000000,Rejected
1104,3,Graduate,0,2700000,7800000,168,870,2100000,Approved
1105,3,Graduate,0,1400000,3800000,96,840,1500000,Approved
1106,4,Not Graduate,1,8000000,19200000,216,682,5300000,Approved
1107,3,Graduate,1,8200000,28900000,120,668,10900000,Approved
1108,5,Graduate,1,4800000,10300000,96,781,4300000,Approved
1109,4,Graduate,0,8100000,19000000,72,375,11900000,Rejected
1110,4,Not Graduate,0,5900000,14900000,168,857,3500000,Approved
1111,5,Graduate,1,8100000,32100000,72,823,6500000,Approved
1112,0,Graduate,0,1400000,5000000,96,686,1500000,Approved
1113,1,Graduate,0,1600000,6300000,24,721,900000,Approved
1114,4,Graduate,0,4600000,9400000,216,545,6300000,Rejected
1115,1,Not Graduate,0,2900000,8900000,72,523,1800000,Rejected
1116,2,Graduate,1,8600000,24900000,240,607,5400000,Approved
1117,4,Not Graduate,0,3800000,14900000,240,428,2500000,Rejected
1118,0,Not Graduate,0,8200000,20300000,48,666,7800000,Approved
1119,3,Graduate,0,3200000,10100000,240,704,3900000,Approved
1120,0,Not Graduate,1,8100000,23800000,120,794,8800000,Approved
1121,1,Graduate,1,9800000,23300000,144,430,13900000,Rejected
1122,0,Not Graduate,0,200000,500000,240,615,200000,Approved
1123,0,Not Graduate,0,6600000,14100000,240,360,7800000,Rejected
1124,0,Not Graduate,0,9100000,18300000,168,458,10000000,Rejected
1125,2,Not Graduate,0,5500000,20400000,144,887,3300000,Approved
1126,4,Not Graduate,0,7200000,27400000,96,735,9500000,Approved
1127,1,Not Graduate,0,2400000,5600000,192,379,3400000,Rejected
1128,4,Graduate,0,9600000,25500000,240,544,11100000,Rejected
1129,1,Graduate,1,5800000,16700000,144,721,7500000,Approved
1130,4,Not Graduate,0,2300000,6000000,96,676,2200000,Approved
1131,1,Not Graduate,0,300000,1200000,48,342,200000,Approved
1132,0,Not Graduate,0,9900000,27000000,192,566,11500000,Approved
1133,2,Not Graduate,0,3500000,14000000,24,355,2900000,Approved
1134,2,Graduate,0,4800000,18500000,240,605,5800000,Approved
1135,2,Not Graduate,0,1600000,5200000,192,525,1600000,Rejected
1136,5,Graduate,1,800000,2500000,144,403,800000,Rejected
1137,1,Graduate,1,9000000,33500000,216,727,5300000,Approved
1138,1,Graduate,0,8300000,28900000,144,529,5800000,Rejected
1139,4,Graduate,0,2800000,6100000,216,415,2000000,Rejected
1140,1,Graduate,1,6400000,17300000,120,879,8200000,Approved
1141,2,Not Graduate,1,6000000,12600000,192,649,5100000,Approved
1142,0,Graduate,0,2900000,9800000,192,395,2400000,Rejected
1143,0,Graduate,0,6500000,24100000,240,488,9700000,Rejected
1144,1,Graduate,1,200000,400000,96,569,300000,Approved
1145,1,Not Graduate,0,8400000,24600000,168,817,8200000,Approved
1146,1,Graduate,1,6100000,17800000,240,706,4300000,Approved
1147,2,Graduate,1,8000000,31200000,96,553,10300000,Approved
1148,5,Not Graduate,1,900000,1800000,168,464,700000,Rejected
1149,2,Graduate,0,7300000,20000000,72,729,9100000,Approved
1150,4,Not Graduate,1,3700000,7400000,144,363,4400000,Rejected
1151,2,Graduate,0,5200000,17200000,144,565,6300000,Approved
1152,1,Graduate,0,7200000,21000000,168,421,4600000,Rejected
1153,0,Not Graduate,1,9400000,34200000,120,512,6300000,Rejected
1154,3,Not Graduate,1,3400000,12400000,24,730,4600000,Approved
1155,0,Graduate,0,600000,2300000,96,627,300000,Approved
1156,0,Not Graduate,1,3300000,10000000,192,434,4100000,Rejected
1157,2,Graduate,1,5900000,14300000,24,410,4100000,Rejected
1158,3,Not Graduate,0,1300000,3600000,192,624,1900000,Approved
1159,4,Graduate,1,5700000,16900000,48,656,8400000,Approved
1160,2,Not Graduate,0,7700000,27300000,192,758,9100000,Approved
1161,4,Not Graduate,1,7000000,23500000,216,336,7800000,Rejected
1162,5,Graduate,0,8100000,21900000,216,378,9600000,Rejected
1163,1,Graduate,1,1900000,4200000,48,620,900000,Approved
1164,2,Graduate,0,4500000,9100000,216,593,2500000,Approved
1165,0,Not Graduate,1,9600000,34000000,144,710,7800000,Approved
1166,1,Not Graduate,1,5400000,20700000,96,753,3600000,Approved
1167,1,Not Graduate,1,7800000,27200000,192,454,11400000,Rejected
1168,1,Graduate,1,8200000,19100000,96,619,6600000,Approved
1169,2,Graduate,0,8900000,28500000,72,367,9300000,Rejected
1170,1,Graduate,0,1400000,3100000,240,384,1800000,Rejected
1171,2,Graduate,0,1700000,5900000,192,610,1300000,Approved
1172,0,Graduate,0,5300000,19500000,144,802,3200000,Approved
1173,3,Graduate,0,6500000,25200000,120,858,8100000,Approved
1174,2,Graduate,0,5900000,14000000,96,599,6700000,Approved
1175,4,Graduate,1,9800000,27000000,24,395,9700000,Rejected
1176,3,Graduate,1,7700000,16200000,72,380,6400000,Rejected
1177,1,Graduate,0,7900000,27100000,120,803,6600000,Approved
1178,4,Graduate,0,3500000,8900000,240,809,3200000,Approved
1179,4,Not Graduate,0,2400000,6600000,24,722,3000000,Approved
1180,5,Graduate,0,9900000,35700000,120,392,13000000,Rejected
1181,0,Graduate,0,3900000,14500000,96,545,3400000,Rejected
1182,2,Not Graduate,1,7300000,28500000,120,799,4300000,Approved
1183,0,Graduate,1,6400000,21900000,144,727,5300000,Approved
1184,4,Graduate,0,7100000,19800000,216,530,7100000,Rejected
1185,2,Not Graduate,0,8800000,19000000,168,637,6100000,Approved
1186,5,Graduate,0,7400000,21000000,48,561,3900000,Approved
1187,2,Not Graduate,0,4400000,12000000,240,421,3400000,Rejected
1188,3,Graduate,1,8600000,30300000,168,459,9100000,Rejected
1189,3,Not Graduate,0,6900000,26000000,168,828,3600000,Approved
1190,4,Graduate,0,9600000,27500000,240,679,6300000,Approved
1191,2,Graduate,1,8100000,25700000,96,455,9500000,Rejected
1192,0,Not Graduate,0,2600000,9400000,216,879,2300000,Approved
1193,3,Graduate,1,9300000,26100000,168,636,11600000,Approved
1194,2,Not Graduate,1,2100000,5600000,192,426,1200000,Rejected
1195,4,Not Graduate,1,9000000,21500000,168,508,13100000,Rejected
1196,3,Not Graduate,1,7000000,19200000,48,768,7700000,Approved
1197,3,Not Graduate,0,2200000,6400000,240,667,2900000,Approved
1198,5,Graduate,1,7500000,28200000,24,440,6000000,Approved
1199,1,Graduate,1,8300000,16800000,24,366,4500000,Rejected
1200,2,Not Graduate,0,300000,600000,24,383,400000,Rejected
1201,0,Not Graduate,1,300000,800000,48,603,200000,Approved
1202,3,Graduate,0,3900000,14900000,48,728,5500000,Approved
1203,0,Not Graduate,0,6600000,20300000,72,549,9800000,Rejected
1204,0,Graduate,0,4100000,10700000,96,855,3100000,Approved
1205,5,Graduate,1,1800000,5300000,144,461,2000000,Rejected
1206,3,Not Graduate,1,7000000,16100000,192,379,10000000,Rejected
1207,2,Not Graduate,1,5100000,13700000,72,559,5100000,Approved
1208,1,Not Graduate,1,300000,600000,96,816,200000,Approved
1209,4,Not Graduate,1,4300000,11400000,24,560,3300000,Approved
1210,0,Graduate,1,3200000,12000000,168,645,3400000,Approved
1211,4,Not Graduate,1,4200000,11500000,72,551,5000000,Approved
1212,0,Not Graduate,1,9600000,22900000,96,515,7800000,Rejected
1213,4,Graduate,0,1300000,3600000,120,657,1100000,Approved
1214,3,Not Graduate,0,2400000,9300000,24,682,1500000,Approved
1215,0,Graduate,0,600000,1600000,120,588,300000,Approved
1216,5,Graduate,1,9600000,38000000,120,359,9400000,Rejected
1217,0,Graduate,0,400000,1200000,48,766,300000,Approved
1218,4,Graduate,0,5900000,19900000,168,469,3200000,Rejected
1219,0,Graduate,1,700000,1400000,120,618,500000,Approved
1220,0,Not Graduate,1,8600000,17700000,240,711,7400000,Approved
1221,0,Graduate,1,9000000,34000000,48,549,12400000,Approved
1222,3,Graduate,1,5100000,20400000,72,754,7600000,Approved
1223,4,Not Graduate,1,500000,1500000,72,461,200000,Rejected
1224,2,Graduate,0,1600000,3800000,120,837,1600000,Approved
1225,0,Graduate,1,9800000,23900000,168,459,7200000,Rejected
1226,4,Graduate,0,7800000,29700000,240,614,6300000,Approved
1227,4,Not Graduate,0,6500000,24000000,192,373,6700000,Rejected
1228,5,Graduate,1,7500000,26500000,144,512,6000000,Rejected
1229,4,Graduate,1,8900000,23400000,216,781,5800000,Approved
1230,4,Graduate,1,1800000,5800000,168,305,2000000,Rejected
1231,1,Not Graduate,1,7600000,27800000,72,447,10900000,Rejected
1232,4,Graduate,1,1200000,4600000,72,757,1500000,Approved
1233,5,Graduate,1,2700000,10400000,24,723,1400000,Approved
1234,1,Not Graduate,1,4600000,10900000,144,463,6600000,Rejected
1235,2,Not Graduate,0,6900000,18700000,120,699,5200000,Approved
1236,4,Graduate,1,8400000,25200000,24,308,10500000,Approved
1237,0,Graduate,0,300000,500000,216,702,100000,Approved
1238,2,Not Graduate,1,9500000,37500000,48,456,12900000,Approved
1239,3,Graduate,1,1900000,5900000,96,651,1500000,Approved
1240,3,Not Graduate,0,4200000,14500000,240,840,4600000,Approved
1241,4,Graduate,1,2200000,7900000,216,848,1600000,Approved
1242,5,Graduate,1,7100000,19700000,48,727,5800000,Approved
1243,4,Graduate,0,3500000,11600000,120,335,2300000,Rejected
1244,5,Not Graduate,0,400000,800000,216,304,400000,Rejected
1245,2,Graduate,1,8800000,34400000,24,712,5900000,Approved
1246,0,Not Graduate,0,1800000,6600000,120,737,1500000,Approved
1247,1,Graduate,1,7600000,29300000,168,690,9100000,Approved
1248,1,Graduate,1,1000000,3200000,48,888,1300000,Approved
1249,2,Not Graduate,1,8200000,27200000,120,839,6000000,Approved
1250,5,Not Graduate,1,3600000,12400000,96,333,4000000,Rejected
1251,5,Graduate,0,9400000,23700000,216,862,5600000,Approved
1252,5,Not Graduate,0,2600000,9100000,48,309,3400000,Approved
1253,5,Not Graduate,0,9500000,30700000,120,823,13100000,Approved
1254,0,Graduate,1,3500000,11700000,168,649,4800000,Approved
1255,5,Not Graduate,1,9800000,35700000,120,726,12000000,Approved
1256,4,Graduate,0,800000,3100000,216,712,1100000,Approved
1257,0,Not Graduate,0,9700000,37300000,240,701,10500000,Approved
1258,3,Graduate,0,6200000,21300000,144,655,5000000,Approved
1259,1,Not Graduate,1,4400000,16600000,216,385,5100000,Rejected
1260,2,Graduate,0,1800000,3800000,48,777,1400000,Approved
1261,3,Graduate,0,1700000,5300000,168,696,800000,Approved
1262,3,Graduate,0,3900000,14100000,192,496,2900000,Rejected
1263,2,Graduate,1,2200000,7900000,72,659,2400000,Approved
1264,3,Not Graduate,1,6300000,17700000,24,542,5300000,Rejected
1265,2,Not Graduate,0,2200000,8700000,216,729,1300000,Approved
1266,1,Graduate,0,8100000,28400000,72,744,7700000,Approved
1267,4,Not Graduate,0,6800000,17000000,24,749,9400000,Approved
1268,0,Graduate,0,4700000,14800000,240,755,3700000,Approved
1269,3,Graduate,1,2200000,5300000,24,506,2800000,Rejected
1270,3,Graduate,1,3500000,13000000,72,391,4300000,Rejected
1271,1,Not Graduate,1,3500000,11600000,120,898,4500000,Approved
1272,5,Not Graduate,0,500000,1500000,144,527,200000,Rejected
1273,5,Not Graduate,0,9900000,35800000,240,470,14700000,Rejected
1274,1,Graduate,0,8400000,25000000,144,694,7700000,Approved
1275,1,Graduate,0,5000000,18800000,168,325,4300000,Rejected
1276,4,Not Graduate,1,5500000,13400000,120,880,2800000,Approved
1277,5,Graduate,1,3000000,11900000,168,459,4200000,Rejected
1278,3,Not Graduate,1,9400000,21400000,120,323,11300000,Rejected
1279,4,Graduate,0,7600000,29000000,96,739,8800000,Approved
1280,0,Not Graduate,1,5500000,16300000,120,724,6200000,Approved
1281,1,Graduate,0,3100000,7400000,216,487,4500000,Rejected
1282,3,Graduate,0,7700000,27700000,48,439,6200000,Approved
1283,2,Graduate,0,9800000,25400000,24,655,7900000,Approved
1284,3,Not Graduate,0,3200000,9200000,168,443,4500000,Rejected
1285,2,Graduate,0,700000,2600000,240,489,900000,Rejected
1286,4,Not Graduate,1,3100000,8600000,168,427,3700000,Rejected
1287,0,Graduate,1,4500000,10500000,240,417,5800000,Rejected
1288,5,Not Graduate,1,8900000,24800000,216,842,8100000,Approved
1289,3,Not Graduate,0,5900000,23200000,24,307,6300000,Approved
1290,2,Not Graduate,0,1500000,4500000,216,428,1100000,Rejected
1291,4,Not Graduate,1,6300000,15200000,192,415,7900000,Rejected
1292,3,Not Graduate,1,6500000,18200000,240,405,6700000,Rejected
1293,4,Graduate,0,8000000,31500000,216,683,9600000,Approved
1294,1,Graduate,1,3300000,10600000,168,742,4500000,Approved
1295,4,Not Graduate,0,3900000,10000000,120,530,1900000,Rejected
1296,3,Graduate,0,1600000,3500000,120,844,1600000,Approved
1297,2,Not Graduate,1,3900000,13900000,216,715,2100000,Approved
1298,3,Graduate,1,8000000,26300000,144,476,9000000,Rejected
1299,2,Graduate,0,2200000,4800000,72,721,2200000,Approved
1300,4,Not Graduate,0,7600000,30300000,144,339,5800000,Rejected
1301,5,Not Graduate,1,2700000,6800000,72,461,1700000,Rejected
1302,2,Graduate,1,6300000,23200000,144,556,5300000,Approved
1303,3,Not Graduate,0,7700000,18700000,96,483,10200000,Rejected
1304,2,Graduate,0,4500000,17200000,216,406,3300000,Rejected
1305,2,Graduate,1,9400000,24800000,168,513,7500000,Rejected
1306,0,Not Graduate,0,4600000,12600000,192,574,3600000,Approved
1307,0,Graduate,1,5200000,15700000,72,692,5500000,Approved
1308,5,Graduate,1,8000000,29800000,216,867,9200000,Approved
1309,1,Not Graduate,1,9900000,38500000,24,875,6500000,Approved
1310,4,Graduate,1,8500000,18600000,120,597,11600000,Approved
1311,2,Graduate,1,4900000,12000000,240,513,4800000,Rejected
1312,3,Graduate,1,7000000,24200000,24,354,7900000,Approved
1313,2,Not Graduate,0,9600000,25900000,216,647,11500000,Approved
1314,1,Graduate,0,9700000,23700000,72,875,10400000,Approved
1315,1,Graduate,0,6200000,14300000,240,819,4300000,Approved
1316,4,Not Graduate,1,4100000,9600000,120,521,4900000,Rejected
1317,0,Graduate,1,6100000,19900000,240,761,7100000,Approved
1318,0,Graduate,0,700000,1900000,216,572,300000,Approved
1319,3,Graduate,0,6400000,24100000,144,571,7500000,Approved
1320,4,Graduate,1,3800000,7800000,240,891,3300000,Approved
1321,1,Not Graduate,0,4900000,14800000,144,895,5200000,Approved
1322,2,Graduate,0,2100000,6600000,240,580,2100000,Approved
1323,2,Graduate,0,6200000,23400000,96,605,9200000,Approved
1324,4,Not Graduate,0,1600000,5100000,96,705,1900000,Approved
1325,1,Not Graduate,1,1300000,5000000,240,423,1600000,Rejected
1326,5,Not Graduate,1,7300000,22500000,24,846,5700000,Approved
1327,2,Not Graduate,0,2100000,5000000,48,542,3100000,Rejected
1328,5,Not Graduate,0,600000,2400000,216,631,900000,Approved
1329,4,Graduate,0,7000000,24500000,216,318,3600000,Rejected
1330,1,Not Graduate,1,3000000,6800000,120,541,2900000,Rejected
1331,1,Graduate,0,900000,2900000,240,782,800000,Approved
1332,2,Graduate,0,9600000,35000000,24,888,5800000,Approved
1333,0,Graduate,0,1500000,3600000,168,747,1200000,Approved
1334,0,Graduate,1,5000000,18900000,72,641,6700000,Approved
1335,3,Graduate,1,500000,1700000,48,640,200000,Approved
1336,4,Not Graduate,0,7600000,28100000,144,324,11100000,Rejected
1337,4,Graduate,0,5500000,21200000,240,359,6400000,Rejected
1338,0,Not Graduate,1,6600000,23300000,144,338,9300000,Rejected
1339,0,Graduate,0,1400000,3200000,168,384,2000000,Rejected
1340,5,Not Graduate,1,8800000,26600000,192,545,7600000,Rejected
1341,5,Not Graduate,0,6200000,24200000,216,610,8300000,Approved
1342,2,Graduate,1,8300000,27900000,216,840,9200000,Approved
1343,3,Not Graduate,0,2400000,8100000,72,630,2300000,Approved
1344,1,Graduate,0,9100000,31200000,48,508,7800000,Approved
1345,0,Not Graduate,1,9500000,34900000,48,535,14000000,Approved
1346,1,Graduate,0,1200000,3400000,240,717,900000,Approved
1347,2,Graduate,1,7700000,19300000,96,735,10400000,Approved
1348,5,Graduate,1,7800000,22000000,240,528,4900000,Rejected
1349,0,Graduate,1,9400000,20000000,48,350,4700000,Rejected
1350,0,Not Graduate,0,1700000,5700000,144,422,900000,Rejected
1351,5,Graduate,0,4000000,13700000,72,496,3700000,Rejected
1352,4,Not Graduate,0,4200000,15500000,216,794,2200000,Approved
1353,2,Graduate,0,2400000,7700000,72,719,1600000,Approved
1354,3,Not Graduate,1,2700000,6100000,168,630,2300000,Approved
1355,3,Not Graduate,1,600000,1800000,48,843,400000,Approved
1356,2,Graduate,0,4600000,15600000,24,764,5800000,Approved
1357,3,Graduate,0,7200000,17700000,48,662,5300000,Approved
1358,0,Not Graduate,0,4700000,15500000,192,311,2700000,Rejected
1359,4,Not Graduate,0,4300000,10100000,24,606,5500000,Approved
1360,5,Graduate,0,4700000,10200000,192,874,7000000,Approved
1361,4,Not Graduate,1,8700000,30000000,48,370,12100000,Approved
1362,1,Graduate,0,7000000,20500000,120,414,5100000,Rejected
1363,2,Not Graduate,0,600000,1100000,120,800,900000,Approved
1364,1,Not Graduate,0,6800000,16900000,144,779,4400000,Approved
1365,1,Not Graduate,0,6400000,14100000,240,553,3600000,Approved
1366,4,Not Graduate,0,7600000,29900000,216,445,5700000,Rejected
1367,3,Not Graduate,0,9000000,21400000,96,496,12500000,Rejected
1368,0,Graduate,1,2400000,5900000,120,650,2300000,Approved
1369,3,Not Graduate,0,6800000,17900000,72,783,5500000,Approved
1370,5,Graduate,1,3500000,13500000,120,535,3100000,Rejected
1371,4,Graduate,1,8900000,34000000,240,415,12800000,Rejected
1372,0,Not Graduate,0,6000000,15300000,96,709,3500000,Approved
1373,3,Not Graduate,0,700000,2500000,168,819,900000,Approved
1374,0,Not Graduate,1,6800000,17300000,216,841,8700000,Approved
1375,4,Not Graduate,1,5300000,10700000,144,700,2900000,Approved
1376,1,Graduate,1,1400000,4200000,48,881,1300000,Approved
1377,2,Graduate,1,1400000,4600000,48,804,700000,Approved
1378,4,Not Graduate,0,9200000,21700000,72,653,8600000,Approved
1379,1,Graduate,1,7900000,29200000,24,663,10100000,Approved
1380,0,Not Graduate,0,4500000,17500000,120,495,6200000,Rejected
1381,1,Not Graduate,0,3800000,9800000,96,335,1800000,Rejected
1382,5,Graduate,1,1500000,4900000,72,618,900000,Approved
1383,3,Not Graduate,0,1200000,2400000,144,480,1700000,Rejected
1384,4,Not Graduate,0,1700000,4900000,216,843,1800000,Approved
1385,4,Graduate,0,5200000,14100000,192,483,2700000,Rejected
1386,1,Not Graduate,0,1600000,5100000,144,548,800000,Rejected
1387,4,Graduate,1,6600000,16000000,192,379,4500000,Rejected
1388,5,Not Graduate,1,9400000,26600000,240,771,11700000,Approved
1389,4,Graduate,1,300000,500000,24,353,400000,Rejected
1390,5,Not Graduate,0,4600000,11500000,192,668,5500000,Approved
1391,3,Not Graduate,1,6100000,21300000,24,387,4100000,Approved
1392,0,Not Graduate,1,1500000,4100000,144,789,1300000,Approved
1393,0,Graduate,1,400000,900000,24,855,400000,Approved
1394,0,Not Graduate,0,8700000,33600000,168,751,7000000,Approved
1395,3,Not Graduate,0,7000000,21600000,144,739,8400000,Approved
1396,4,Graduate,0,4700000,13100000,168,492,6400000,Rejected
1397,4,Not Graduate,1,7600000,23800000,192,896,6400000,Approved
1398,1,Not Graduate,1,9200000,24500000,48,545,13300000,Rejected
1399,5,Not Graduate,0,9400000,36800000,240,891,8900000,Approved
1400,0,Graduate,0,4800000,15100000,72,848,3500000,Approved
1401,3,Not Graduate,1,600000,2400000,144,884,600000,Approved
1402,3,Graduate,1,4900000,14300000,168,439,5100000,Rejected
1403,3,Graduate,1,3300000,8500000,144,586,3900000,Approved
1404,3,Graduate,1,9100000,18800000,240,308,4800000,Rejected
1405,5,Graduate,0,6100000,23500000,192,300,4800000,Rejected
1406,3,Graduate,1,8400000,19600000,24,741,8300000,Approved
1407,4,Graduate,0,7900000,31400000,96,698,5100000,Approved
1408,2,Not Graduate,1,6100000,22300000,120,733,5600000,Approved
1409,3,Not Graduate,1,2000000,4200000,192,571,1300000,Approved
1410,3,Graduate,1,9900000,29900000,240,490,7400000,Rejected
1411,2,Not Graduate,0,9500000,25400000,192,451,11400000,Rejected
1412,4,Graduate,1,1900000,6800000,72,559,1200000,Approved
1413,4,Graduate,1,6900000,21400000,120,577,6300000,Approved
1414,2,Not Graduate,1,1500000,5000000,48,613,2100000,Approved
1415,4,Not Graduate,0,1900000,3800000,240,785,1500000,Approved
1416,0,Graduate,1,2300000,6000000,96,690,2000000,Approved
1417,2,Not Graduate,0,7800000,17100000,168,351,7100000,Rejected
1418,4,Not Graduate,0,400000,1000000,120,447,300000,Rejected
1419,0,Graduate,1,9400000,19200000,240,708,13200000,Approved
1420,2,Graduate,0,9100000,21700000,144,549,12200000,Rejected
1421,1,Graduate,1,9000000,18800000,96,797,7500000,Approved
1422,4,Not Graduate,0,7100000,14300000,168,537,6100000,Rejected
1423,3,Graduate,0,800000,2500000,144,828,700000,Approved
1424,0,Graduate,1,4500000,9600000,168,471,3600000,Rejected
1425,5,Graduate,0,8500000,25400000,48,336,9000000,Rejected
1426,3,Not Graduate,1,2500000,9800000,192,424,1300000,Rejected
1427,2,Graduate,0,1500000,3300000,216,440,1800000,Rejected
1428,0,Not Graduate,0,6200000,17300000,96,583,3300000,Approved
1429,1,Not Graduate,1,1300000,2900000,72,480,1400000,Rejected
1430,5,Not Graduate,0,6600000,25800000,120,670,8500000,Approved
1431,0,Graduate,1,5300000,13700000,72,329,2800000,Rejected
1432,5,Not Graduate,0,1400000,3000000,72,754,1400000,Approved
1433,2,Not Graduate,1,2900000,7800000,216,588,4200000,Approved
1434,3,Not Graduate,0,6500000,16500000,48,551,7600000,Approved
1435,3,Graduate,0,8300000,18900000,48,316,8200000,Rejected
1436,2,Not Graduate,1,8900000,32200000,144,382,5400000,Rejected
1437,3,Graduate,0,5300000,15000000,72,717,5300000,Approved
1438,0,Graduate,0,2800000,7300000,72,676,3200000,Approved
1439,1,Not Graduate,0,8000000,27800000,72,667,9900000,Approved
1440,3,Not Graduate,0,3900000,10500000,240,821,3900000,Approved
1441,0,Graduate,0,6200000,20100000,240,345,4100000,Rejected
1442,3,Not Graduate,1,5900000,19200000,120,442,4700000,Rejected
1443,1,Graduate,1,6000000,23300000,144,672,6400000,Approved
1444,3,Not Graduate,1,9100000,29300000,24,508,11900000,Approved
1445,5,Graduate,1,3400000,12300000,120,615,3500000,Approved
1446,1,Graduate,1,1800000,4400000,96,689,1600000,Approved
1447,1,Graduate,0,300000,1200000,216,747,200000,Rejected
1448,1,Graduate,1,9000000,22800000,120,412,4700000,Rejected
1449,1,Graduate,0,6400000,16900000,24,703,7400000,Approved
1450,5,Not Graduate,0,5800000,22200000,192,884,8500000,Approved
1451,5,Graduate,1,2600000,8600000,216,651,2600000,Approved
1452,4,Not Graduate,0,6600000,17300000,168,793,3900000,Approved
1453,2,Not Graduate,0,6100000,21800000,48,407,5800000,Approved
1454,2,Not Graduate,0,4100000,11100000,96,390,3400000,Rejected
1455,3,Not Graduate,1,300000,1000000,144,469,300000,Rejected
1456,4,Graduate,0,4700000,10400000,72,373,5400000,Rejected
1457,4,Graduate,1,1500000,5800000,24,304,1400000,Approved
1458,5,Not Graduate,0,2700000,8300000,96,833,3300000,Approved
1459,2,Graduate,0,6900000,20900000,24,302,9200000,Approved
1460,0,Graduate,0,7600000,28700000,72,397,3800000,Rejected
1461,1,Graduate,0,4100000,10000000,72,891,3600000,Approved
1462,3,Not Graduate,0,4100000,12200000,24,457,4900000,Rejected
1463,4,Not Graduate,0,1600000,3200000,192,657,1200000,Approved
1464,2,Not Graduate,1,400000,1400000,24,480,200000,Approved
1465,5,Graduate,1,4400000,17300000,240,840,2300000,Approved
1466,2,Not Graduate,1,3800000,8000000,144,866,1900000,Approved
1467,0,Not Graduate,0,4300000,17000000,96,619,3900000,Approved
1468,1,Graduate,1,9000000,33500000,24,748,11500000,Approved
1469,3,Not Graduate,1,9500000,25500000,144,881,8900000,Approved
1470,2,Graduate,1,6900000,13900000,96,829,4600000,Approved
1471,3,Not Graduate,0,4300000,11100000,72,312,3300000,Rejected
1472,3,Not Graduate,0,6600000,21400000,120,467,5200000,Rejected
1473,1,Graduate,1,5200000,14300000,216,650,3600000,Approved
1474,3,Graduate,1,400000,1100000,72,711,100000,Approved
1475,4,Not Graduate,0,1300000,4100000,216,886,600000,Approved
1476,5,Not Graduate,0,9700000,28400000,48,494,10000000,Rejected
1477,2,Graduate,1,5400000,10900000,168,741,5600000,Approved
1478,4,Not Graduate,0,1200000,3300000,144,876,1000000,Approved
1479,0,Graduate,1,7000000,26400000,168,610,5300000,Approved
1480,5,Graduate,0,7600000,26000000,72,778,10900000,Approved
1481,5,Graduate,1,700000,1800000,168,571,400000,Approved
1482,3,Graduate,1,7500000,25100000,216,554,4700000,Approved
1483,0,Not Graduate,1,2300000,6200000,96,712,1500000,Approved
1484,5,Not Graduate,1,5600000,11500000,48,695,7800000,Approved
1485,0,Not Graduate,1,5400000,10900000,240,366,4800000,Rejected
1486,1,Not Graduate,1,1800000,5500000,120,426,1600000,Rejected
1487,0,Not Graduate,0,2900000,6900000,120,320,1500000,Rejected
1488,3,Not Graduate,1,1400000,4600000,96,543,2000000,Rejected
1489,2,Graduate,0,2800000,11000000,192,525,2400000,Rejected
1490,0,Not Graduate,1,3300000,13100000,144,812,4300000,Approved
1491,0,Not Graduate,0,7000000,25300000,168,697,6700000,Approved
1492,1,Not Graduate,0,3900000,15100000,144,527,3800000,Rejected
1493,1,Not Graduate,0,5700000,17200000,48,512,3000000,Approved
1494,0,Graduate,0,4100000,9200000,48,671,4900000,Approved
1495,1,Graduate,1,2200000,8700000,240,539,2600000,Rejected
1496,5,Not Graduate,0,2200000,7200000,120,532,1600000,Rejected
1497,3,Not Graduate,1,2500000,7700000,192,485,3200000,Rejected
1498,0,Not Graduate,1,900000,2100000,72,521,700000,Rejected
1499,1,Not Graduate,0,2900000,7400000,120,874,3300000,Approved
1500,2,Not Graduate,0,9800000,22900000,120,788,14000000,Approved
1501,2,Not Graduate,0,5200000,14800000,144,659,4100000,Approved
1502,1,Graduate,1,8600000,19600000,192,498,5300000,Rejected
1503,2,Graduate,1,4800000,13200000,240,310,4200000,Rejected
1504,0,Graduate,0,2000000,4700000,72,785,1700000,Approved
1505,0,Graduate,0,3600000,8700000,120,309,3300000,Rejected
1506,3,Not Graduate,1,5300000,19600000,24,433,3000000,Approved
1507,1,Not Graduate,1,400000,1300000,216,801,600000,Approved
1508,3,Graduate,1,6500000,22400000,72,488,6800000,Rejected
1509,0,Not Graduate,1,2300000,6000000,192,756,1200000,Approved
1510,3,Graduate,0,1000000,2800000,48,757,900000,Approved
1511,5,Not Graduate,0,3200000,10100000,72,828,3000000,Approved
1512,3,Graduate,1,3400000,7200000,144,733,2200000,Approved
1513,0,Not Graduate,0,9600000,38200000,96,421,13800000,Rejected
1514,3,Not Graduate,0,5300000,20300000,48,872,7600000,Approved
1515,3,Graduate,0,4700000,17400000,120,393,5300000,Rejected
1516,3,Graduate,0,9700000,37800000,144,700,11900000,Approved
1517,5,Graduate,0,8800000,21600000,216,613,8400000,Approved
1518,5,Graduate,0,5900000,13400000,72,455,6900000,Rejected
1519,4,Graduate,1,2400000,7100000,192,871,3500000,Approved
1520,4,Graduate,1,7900000,21500000,192,497,7700000,Rejected
1521,0,Graduate,0,1400000,2700000,24,649,1100000,Approved
1522,0,Graduate,1,3500000,10000000,168,709,5000000,Approved
1523,4,Graduate,0,3400000,13500000,144,705,4900000,Approved
1524,2,Graduate,0,6100000,23600000,24,476,3800000,Approved
1525,2,Not Graduate,1,3000000,7100000,48,819,2100000,Approved
1526,5,Not Graduate,1,3400000,9400000,192,535,3200000,Rejected
1527,0,Graduate,1,400000,1200000,168,889,200000,Approved
1528,0,Graduate,0,5900000,11800000,144,468,6200000,Rejected
1529,5,Graduate,1,400000,800000,24,759,300000,Approved
1530,3,Graduate,1,9000000,33600000,24,426,11900000,Approved
1531,0,Graduate,1,8800000,23600000,96,712,11100000,Approved
1532,4,Graduate,1,2000000,4700000,24,615,3000000,Approved
1533,2,Graduate,0,4700000,14000000,144,784,6900000,Approved
1534,4,Not Graduate,0,2700000,6100000,192,677,3800000,Approved
1535,1,Not Graduate,0,2600000,7900000,144,306,3300000,Rejected
1536,1,Not Graduate,1,9000000,25400000,192,655,7200000,Approved
1537,4,Not Graduate,0,5100000,19400000,96,755,5300000,Approved
1538,2,Graduate,0,6600000,25800000,216,598,5900000,Approved
1539,2,Graduate,0,4400000,9800000,216,712,6400000,Approved
1540,4,Not Graduate,1,1500000,4600000,72,524,1400000,Rejected
1541,1,Not Graduate,0,6200000,23100000,192,838,7000000,Approved
1542,4,Graduate,1,900000,2900000,72,560,900000,Approved
1543,3,Not Graduate,0,7700000,26400000,144,759,10800000,Approved
1544,2,Graduate,1,600000,2400000,72,454,300000,Rejected
1545,4,Not Graduate,0,4300000,16500000,48,539,2100000,Approved
1546,2,Not Graduate,1,8200000,27800000,192,827,10700000,Approved
1547,0,Not Graduate,0,3500000,11900000,144,686,2500000,Approved
1548,1,Graduate,1,9900000,34100000,168,371,6200000,Rejected
1549,5,Graduate,0,700000,1900000,48,784,600000,Approved
1550,1,Graduate,1,2100000,7300000,192,826,1400000,Approved
1551,2,Not Graduate,0,3200000,10500000,144,502,4500000,Rejected
1552,0,Graduate,0,2900000,7800000,96,367,3600000,Rejected
1553,0,Not Graduate,0,7000000,18300000,72,541,8300000,Rejected
1554,1,Graduate,0,3700000,13600000,192,608,2800000,Approved
1555,3,Not Graduate,1,4500000,13100000,144,570,5800000,Approved
1556,3,Graduate,0,200000,800000,216,752,200000,Approved
1557,5,Not Graduate,1,5600000,20500000,96,873,7800000,Approved
1558,5,Graduate,0,5400000,18600000,24,538,4000000,Approved
1559,4,Not Graduate,0,300000,1000000,120,819,200000,Approved
1560,1,Graduate,1,7500000,29800000,216,770,8700000,Approved
1561,5,Not Graduate,1,2500000,9600000,72,345,2600000,Rejected
1562,4,Graduate,1,3100000,8100000,144,730,4500000,Approved
1563,1,Graduate,1,7600000,19300000,240,835,8200000,Approved
1564,3,Not Graduate,1,500000,1700000,24,811,200000,Approved
1565,2,Not Graduate,0,2700000,5900000,168,662,3800000,Approved
1566,2,Not Graduate,1,3500000,13300000,48,420,2300000,Approved
1567,5,Not Graduate,0,3700000,11700000,48,413,2700000,Approved
1568,2,Not Graduate,1,5600000,20000000,120,367,6000000,Rejected
1569,5,Not Graduate,1,4800000,16400000,168,390,4000000,Rejected
1570,4,Not Graduate,1,5200000,12200000,24,602,7700000,Approved
1571,3,Graduate,0,2900000,11500000,192,843,4300000,Approved
1572,1,Graduate,0,2700000,6800000,240,713,1900000,Approved
1573,3,Graduate,0,5000000,16200000,96,591,5000000,Approved
1574,2,Not Graduate,1,2700000,9400000,168,701,1900000,Approved
1575,4,Not Graduate,1,2800000,10000000,144,655,3300000,Approved
1576,3,Not Graduate,1,7300000,20000000,216,720,9800000,Approved
1577,0,Graduate,1,5900000,15100000,120,794,5400000,Approved
1578,0,Graduate,0,8100000,21300000,24,392,11000000,Rejected
1579,3,Graduate,1,1900000,7100000,72,583,2000000,Approved
1580,5,Graduate,0,1800000,6800000,216,457,1400000,Rejected
1581,0,Not Graduate,1,7600000,17800000,168,570,9900000,Approved
1582,1,Graduate,0,9100000,30100000,168,890,7500000,Approved
1583,2,Not Graduate,1,5300000,12300000,168,472,3300000,Rejected
1584,2,Not Graduate,0,3700000,10900000,144,788,2600000,Approved
1585,0,Not Graduate,0,9500000,35300000,72,605,7000000,Approved
1586,3,Graduate,0,8300000,30500000,120,473,11800000,Rejected
1587,5,Graduate,0,6400000,21500000,192,728,9600000,Approved
1588,5,Graduate,1,5300000,17800000,192,505,4100000,Rejected
1589,0,Graduate,1,5600000,19300000,72,407,8400000,Rejected
1590,1,Graduate,1,900000,1700000,216,464,700000,Rejected
1591,0,Graduate,1,2400000,7200000,240,514,1800000,Rejected
1592,1,Graduate,0,9500000,23000000,120,627,9100000,Approved
1593,2,Not Graduate,1,7400000,14900000,240,627,10300000,Approved
1594,4,Not Graduate,1,1500000,3200000,120,858,1700000,Approved
1595,3,Graduate,1,8800000,30200000,96,607,5900000,Approved
1596,5,Not Graduate,1,4900000,14300000,48,663,5500000,Approved
1597,1,Not Graduate,1,8100000,26900000,72,522,4200000,Rejected
1598,2,Not Graduate,1,2300000,9100000,240,610,3400000,Approved
1599,5,Not Graduate,1,3000000,6600000,192,462,3600000,Rejected
1600,2,Not Graduate,1,3900000,9300000,96,591,3300000,Approved
1601,4,Graduate,1,1700000,6500000,240,636,2300000,Approved
1602,0,Not Graduate,1,2100000,4900000,120,359,1000000,Rejected
1603,4,Graduate,1,9700000,25000000,48,542,13400000,Rejected
1604,5,Not Graduate,1,3500000,11800000,48,642,3600000,Approved
1605,5,Not Graduate,1,1500000,5500000,48,414,1200000,Approved
1606,3,Not Graduate,1,8800000,26200000,240,865,12500000,Approved
1607,3,Graduate,0,900000,3100000,120,369,500000,Rejected
1608,0,Graduate,1,3500000,10800000,168,838,1700000,Approved
1609,5,Not Graduate,0,5500000,21200000,48,582,3100000,Approved
1610,5,Not Graduate,1,9800000,23200000,120,416,8500000,Rejected
1611,5,Graduate,0,2100000,5500000,240,705,1200000,Approved
1612,0,Graduate,0,1800000,5700000,216,306,1700000,Rejected
1613,5,Graduate,1,5800000,13000000,96,851,4100000,Approved
1614,5,Graduate,0,6700000,17200000,216,613,7100000,Approved
1615,3,Graduate,0,4300000,16300000,120,366,5500000,Rejected
1616,1,Graduate,0,1200000,2800000,144,431,900000,Rejected
1617,5,Not Graduate,1,9700000,25900000,24,754,6700000,Approved
1618,5,Graduate,1,5400000,11200000,120,447,6000000,Rejected
1619,1,Not Graduate,1,5300000,14100000,168,510,7800000,Rejected
1620,1,Graduate,0,7300000,24200000,240,324,9000000,Rejected
1621,5,Graduate,0,9500000,19200000,24,523,6700000,Rejected
1622,0,Not Graduate,1,7200000,15600000,24,362,5900000,Rejected
1623,3,Graduate,1,9000000,32900000,72,657,12000000,Approved
1624,5,Not Graduate,0,6500000,23300000,144,790,9500000,Approved
1625,1,Graduate,1,9500000,30500000,216,500,5500000,Rejected
1626,2,Not Graduate,1,9900000,33200000,48,465,5000000,Approved
1627,4,Not Graduate,0,2900000,8700000,72,409,2200000,Rejected
1628,4,Graduate,1,700000,1800000,240,626,300000,Approved
1629,5,Not Graduate,0,4200000,13400000,192,545,3500000,Rejected
1630,3,Not Graduate,0,4200000,11400000,120,654,5700000,Approved
1631,0,Not Graduate,0,7600000,26500000,72,515,4000000,Rejected
1632,2,Graduate,1,7100000,18800000,144,838,4900000,Approved
1633,1,Not Graduate,1,4700000,16000000,168,406,3300000,Rejected
1634,0,Graduate,1,9800000,23200000,120,573,14600000,Approved
1635,0,Graduate,1,9800000,38700000,24,611,6000000,Approved
1636,0,Not Graduate,0,5100000,13400000,192,649,3900000,Approved
1637,0,Not Graduate,1,3300000,7700000,144,775,4200000,Approved
1638,3,Graduate,0,4500000,12500000,144,469,3400000,Rejected
1639,0,Graduate,1,3900000,12800000,216,587,5000000,Approved
1640,3,Graduate,1,3200000,9900000,120,316,3600000,Rejected
1641,2,Graduate,0,3200000,10400000,120,556,4500000,Approved
1642,2,Not Graduate,0,9600000,31200000,144,578,13500000,Approved
1643,2,Not Graduate,1,8700000,18900000,24,554,11500000,Approved
1644,2,Not Graduate,1,1900000,6800000,72,892,900000,Approved
1645,2,Not Graduate,1,2900000,10200000,120,315,1600000,Rejected
1646,0,Not Graduate,0,6200000,12900000,120,695,4200000,Approved
1647,0,Not Graduate,0,5900000,20300000,48,806,4800000,Approved
1648,4,Not Graduate,1,3200000,12800000,96,638,3800000,Approved
1649,1,Not Graduate,1,1300000,5000000,48,610,900000,Approved
1650,2,Not Graduate,1,1300000,3200000,48,810,800000,Approved
1651,1,Graduate,0,8700000,33200000,48,866,10500000,Approved
1652,3,Not Graduate,0,6300000,23800000,120,760,8800000,Approved
1653,3,Graduate,0,4300000,11200000,72,556,5100000,Approved
1654,3,Not Graduate,1,6400000,23500000,144,684,7400000,Approved
1655,5,Not Graduate,1,7700000,25800000,216,578,10600000,Approved
1656,2,Not Graduate,0,6900000,23900000,144,814,6000000,Approved
1657,0,Not Graduate,0,4200000,14800000,240,510,2600000,Rejected
1658,4,Not Graduate,0,3900000,9000000,24,674,3100000,Approved
1659,0,Graduate,1,2000000,4900000,168,570,1300000,Approved
1660,1,Not Graduate,0,500000,1700000,24,680,700000,Approved
1661,0,Graduate,0,3500000,8800000,144,803,3400000,Approved
1662,2,Not Graduate,1,3100000,10700000,192,357,3800000,Rejected
1663,3,Not Graduate,1,4900000,19000000,48,575,4600000,Approved
1664,1,Not Graduate,0,1000000,3600000,48,546,500000,Approved
1665,2,Graduate,0,6700000,21400000,96,370,8600000,Rejected
1666,1,Graduate,0,4100000,9400000,72,713,3100000,Approved
1667,4,Not Graduate,1,1600000,3800000,24,896,2000000,Approved
1668,3,Graduate,1,2400000,9200000,168,626,2000000,Approved
1669,0,Graduate,0,2200000,6400000,48,854,1300000,Approved
1670,4,Graduate,0,3200000,8400000,216,802,4700000,Approved
1671,4,Not Graduate,1,1600000,4400000,240,382,1900000,Rejected
1672,2,Not Graduate,0,3900000,14900000,72,415,4600000,Rejected
1673,5,Graduate,1,2000000,6300000,48,366,2800000,Approved
1674,1,Graduate,1,7600000,25400000,120,595,11000000,Approved
1675,1,Not Graduate,0,9800000,21300000,24,356,14600000,Rejected
1676,5,Not Graduate,0,7900000,29900000,72,568,8700000,Approved
1677,1,Graduate,0,1600000,4000000,120,615,1400000,Approved
1678,1,Graduate,1,6400000,13900000,144,313,4900000,Rejected
1679,1,Graduate,1,6400000,17900000,72,575,5300000,Approved
1680,4,Graduate,0,1600000,5500000,120,577,1400000,Approved
1681,0,Graduate,0,9200000,30700000,120,455,5200000,Rejected
1682,1,Not Graduate,0,7800000,24900000,72,500,4500000,Rejected
1683,1,Not Graduate,1,4000000,9400000,96,509,5500000,Rejected
1684,2,Not Graduate,1,6100000,19400000,96,379,4100000,Rejected
1685,5,Graduate,0,7100000,14500000,168,664,9200000,Approved
1686,0,Not Graduate,1,2500000,9900000,72,623,1800000,Approved
1687,5,Graduate,0,3200000,8700000,192,558,1800000,Approved
1688,4,Graduate,0,1700000,4300000,216,580,1700000,Approved
1689,4,Graduate,0,6300000,17600000,72,612,3200000,Approved
1690,4,Graduate,1,700000,2400000,168,705,700000,Approved
1691,4,Graduate,1,1100000,2700000,216,301,1500000,Rejected
1692,1,Not Graduate,1,8900000,32000000,192,711,5200000,Approved
1693,3,Graduate,0,300000,700000,240,735,400000,Approved
1694,1,Not Graduate,0,2200000,5200000,168,682,1800000,Approved
1695,3,Not Graduate,0,3400000,13500000,120,348,4700000,Rejected
1696,0,Graduate,1,7900000,23500000,240,750,4000000,Approved
1697,3,Not Graduate,1,5800000,18200000,192,835,7900000,Approved
1698,0,Graduate,1,9400000,20000000,72,389,10200000,Rejected
1699,2,Graduate,0,4800000,18900000,48,866,5900000,Approved
1700,3,Not Graduate,0,7600000,26600000,48,689,8600000,Approved
1701,0,Not Graduate,0,5900000,17600000,192,645,8600000,Approved
1702,1,Graduate,1,4300000,10100000,24,797,4700000,Approved
1703,5,Graduate,0,6100000,17800000,72,849,7800000,Approved
1704,5,Graduate,0,5400000,19700000,240,423,7300000,Rejected
1705,1,Not Graduate,1,5200000,11200000,24,370,6400000,Rejected
1706,5,Not Graduate,0,8500000,31300000,144,378,8800000,Rejected
1707,4,Not Graduate,0,900000,1900000,240,417,900000,Rejected
1708,1,Not Graduate,0,1400000,4100000,240,530,1900000,Rejected
1709,1,Not Graduate,1,2400000,9300000,240,543,3400000,Rejected
1710,4,Graduate,0,6300000,15000000,216,750,7700000,Approved
1711,1,Graduate,0,3100000,7600000,240,346,4400000,Rejected
1712,4,Graduate,1,6900000,19000000,168,330,8400000,Rejected
1713,2,Not Graduate,1,3000000,7400000,120,712,3800000,Approved
1714,0,Not Graduate,0,3100000,10100000,168,376,4300000,Rejected
1715,4,Not Graduate,0,600000,1200000,168,338,500000,Rejected
1716,4,Not Graduate,1,4700000,13700000,168,600,5000000,Approved
1717,1,Graduate,0,2500000,6900000,240,495,3700000,Rejected
1718,0,Graduate,0,9700000,30400000,48,300,9200000,Approved
1719,4,Not Graduate,1,7600000,20000000,216,691,11200000,Approved
1720,1,Graduate,0,8400000,24700000,96,519,6000000,Rejected
1721,3,Graduate,1,3800000,15100000,240,540,3600000,Rejected
1722,3,Not Graduate,1,3100000,11400000,192,562,3100000,Approved
1723,2,Not Graduate,0,5700000,21300000,120,323,5100000,Rejected
1724,1,Graduate,1,5500000,19700000,120,312,3300000,Rejected
1725,1,Not Graduate,1,200000,600000,24,511,200000,Approved
1726,3,Not Graduate,1,3700000,13800000,120,621,5300000,Approved
1727,2,Not Graduate,1,1600000,4300000,240,512,900000,Rejected
1728,4,Graduate,0,3900000,11000000,24,786,2100000,Approved
1729,3,Not Graduate,1,700000,1600000,216,303,600000,Rejected
1730,3,Graduate,1,5800000,16700000,216,633,3700000,Approved
1731,4,Graduate,1,3800000,14000000,72,711,3100000,Approved
1732,2,Graduate,0,6400000,16900000,192,472,4500000,Rejected
1733,1,Graduate,1,5500000,12100000,48,350,6900000,Rejected
1734,1,Not Graduate,1,6800000,13700000,120,879,6800000,Approved
1735,4,Not Graduate,0,6700000,13400000,120,436,7500000,Rejected
1736,1,Graduate,1,5300000,11500000,168,848,5700000,Approved
1737,2,Graduate,0,6600000,23200000,192,555,3300000,Approved
1738,2,Graduate,0,6600000,13100000,240,885,6200000,Approved
1739,0,Not Graduate,0,7600000,25200000,72,888,7500000,Approved
1740,4,Not Graduate,1,2500000,6100000,240,478,3200000,Rejected
1741,4,Not Graduate,0,1100000,2500000,48,603,500000,Approved
1742,1,Not Graduate,0,2300000,8200000,96,784,1100000,Approved
1743,1,Graduate,1,3300000,11700000,48,682,1600000,Approved
1744,4,Graduate,1,2600000,5900000,72,471,3400000,Rejected
1745,4,Not Graduate,1,9300000,36700000,240,808,7100000,Approved
1746,4,Not Graduate,0,5300000,18500000,96,470,4900000,Rejected
1747,2,Not Graduate,0,5400000,13800000,240,574,3700000,Approved
1748,4,Not Graduate,1,3500000,12000000,96,314,2700000,Rejected
1749,2,Graduate,0,4200000,10200000,168,407,2500000,Rejected
1750,0,Not Graduate,1,9200000,34900000,48,702,9800000,Approved
1751,2,Graduate,0,4300000,9800000,24,499,5100000,Rejected
1752,1,Graduate,1,7500000,19900000,120,669,7300000,Approved
1753,5,Not Graduate,1,5400000,18800000,240,326,3200000,Rejected
1754,3,Not Graduate,0,5500000,16200000,216,778,6100000,Approved
1755,2,Not Graduate,1,2100000,4500000,24,787,2100000,Approved
1756,0,Graduate,0,3700000,12300000,192,831,2400000,Approved
1757,0,Graduate,0,8800000,32900000,216,576,5600000,Approved
1758,5,Not Graduate,0,5800000,22800000,144,600,5700000,Approved
1759,4,Graduate,0,7900000,30600000,24,569,7400000,Approved
1760,1,Not Graduate,1,3100000,6300000,240,867,4000000,Approved
1761,0,Not Graduate,0,4100000,14500000,144,441,3900000,Rejected
1762,2,Not Graduate,1,9800000,32700000,24,304,8600000,Approved
1763,5,Not Graduate,0,3300000,8400000,216,520,4000000,Rejected
1764,0,Graduate,0,2000000,6200000,168,613,1300000,Approved
1765,2,Not Graduate,1,600000,1100000,96,885,300000,Approved
1766,4,Not Graduate,1,3600000,9500000,24,841,2100000,Approved
1767,2,Not Graduate,0,7500000,29100000,240,815,9100000,Approved
1768,5,Graduate,1,200000,400000,216,822,300000,Approved
1769,4,Not Graduate,0,9900000,29100000,216,772,11700000,Approved
1770,5,Graduate,1,6100000,22500000,72,776,4800000,Approved
1771,4,Not Graduate,1,3500000,10300000,120,337,4500000,Rejected
1772,0,Not Graduate,1,7800000,19000000,144,333,9600000,Rejected
1773,3,Not Graduate,1,8700000,29300000,48,312,4900000,Approved
1774,2,Graduate,1,5500000,12400000,168,842,5800000,Approved
1775,3,Graduate,1,1800000,5100000,96,790,2000000,Approved
1776,2,Graduate,0,8000000,31900000,192,806,5400000,Approved
1777,5,Not Graduate,1,7500000,17000000,96,300,6700000,Rejected
1778,5,Graduate,1,3700000,12000000,144,605,3100000,Approved
1779,2,Graduate,1,1600000,4700000,144,582,1000000,Approved
1780,5,Graduate,0,1300000,2700000,72,607,1600000,Approved
1781,5,Graduate,1,2400000,8200000,120,709,2800000,Approved
1782,4,Graduate,1,4100000,11600000,168,854,5700000,Approved
1783,2,Not Graduate,1,7300000,15200000,240,776,4100000,Approved
1784,1,Graduate,1,8000000,24600000,144,649,9200000,Approved
1785,3,Not Graduate,0,7900000,28000000,48,394,3900000,Approved
1786,4,Not Graduate,0,7200000,18900000,192,371,4900000,Rejected
1787,3,Not Graduate,0,6200000,13200000,168,707,4200000,Approved
1788,2,Not Graduate,1,5700000,18100000,240,491,3900000,Rejected
1789,0,Graduate,1,5800000,14100000,192,570,3700000,Approved
1790,1,Not Graduate,0,900000,3500000,216,395,1300000,Rejected
1791,0,Not Graduate,1,2200000,7500000,120,497,1800000,Rejected
1792,3,Not Graduate,1,1800000,5300000,168,440,1000000,Rejected
1793,0,Not Graduate,1,800000,2400000,192,825,1100000,Approved
1794,2,Graduate,1,7600000,18100000,168,320,8500000,Rejected
1795,2,Graduate,1,4100000,13500000,48,846,2400000,Approved
1796,3,Graduate,1,4600000,10900000,144,856,3300000,Approved
1797,3,Graduate,0,2300000,6800000,120,418,1400000,Rejected
1798,0,Not Graduate,1,8000000,21100000,72,306,8700000,Rejected
1799,2,Not Graduate,1,3800000,14500000,192,567,3000000,Approved
1800,2,Not Graduate,1,9500000,36800000,72,493,6200000,Rejected
1801,2,Graduate,0,9300000,21200000,24,509,6600000,Rejected
1802,4,Graduate,0,4700000,17000000,48,364,6200000,Approved
1803,5,Not Graduate,0,6000000,24000000,240,639,6600000,Approved
1804,2,Graduate,1,5500000,21700000,24,309,7600000,Approved
1805,0,Not Graduate,1,4600000,14800000,72,433,6700000,Rejected
1806,5,Not Graduate,0,9900000,33600000,240,580,14700000,Approved
1807,1,Graduate,1,6200000,16200000,48,888,4000000,Approved
1808,4,Not Graduate,1,400000,1100000,72,644,400000,Approved
1809,1,Not Graduate,1,7800000,22200000,120,763,4900000,Approved
1810,0,Graduate,1,2900000,10800000,240,694,2100000,Approved
1811,3,Not Graduate,0,500000,1200000,72,757,600000,Approved
1812,0,Not Graduate,0,2500000,6900000,144,471,1500000,Rejected
1813,5,Not Graduate,0,9000000,35200000,24,437,10400000,Approved
1814,4,Not Graduate,1,5200000,11400000,120,406,4400000,Rejected
1815,5,Not Graduate,0,6000000,19700000,240,376,5500000,Rejected
1816,1,Graduate,0,5100000,13800000,168,350,3600000,Rejected
1817,5,Not Graduate,1,8000000,22500000,240,784,10800000,Approved
1818,4,Graduate,1,9200000,25400000,168,765,5600000,Approved
1819,4,Not Graduate,0,9800000,32200000,216,593,14300000,Approved
1820,3,Graduate,1,7600000,30000000,120,344,11100000,Rejected
1821,1,Graduate,0,5100000,11800000,144,314,4900000,Rejected
1822,4,Graduate,1,1500000,3300000,192,382,1100000,Rejected
1823,2,Not Graduate,1,6200000,16500000,48,510,6300000,Rejected
1824,2,Graduate,1,6300000,24600000,96,464,6900000,Rejected
1825,1,Graduate,1,5500000,14900000,24,403,4100000,Rejected
1826,3,Not Graduate,0,8100000,30400000,144,606,11600000,Approved
1827,1,Graduate,0,6300000,22000000,240,646,5500000,Approved
1828,1,Graduate,0,1100000,3600000,240,495,500000,Rejected
1829,3,Not Graduate,1,7200000,21600000,24,626,3700000,Approved
1830,1,Not Graduate,1,3000000,6000000,192,518,3900000,Rejected
1831,5,Graduate,0,2700000,7600000,96,746,3400000,Approved
1832,0,Not Graduate,0,5000000,16300000,144,737,4400000,Approved
1833,0,Not Graduate,0,8400000,22300000,168,371,9100000,Rejected
1834,1,Graduate,0,7700000,27300000,96,509,10800000,Rejected
1835,1,Graduate,0,4700000,14000000,24,411,3700000,Rejected
1836,2,Not Graduate,0,4300000,11800000,240,701,3300000,Approved
1837,5,Not Graduate,0,2500000,8800000,120,769,2700000,Approved
1838,5,Not Graduate,1,4400000,12500000,72,740,5400000,Approved
1839,5,Not Graduate,0,5700000,11600000,48,892,7400000,Approved
1840,2,Not Graduate,0,5300000,13100000,168,417,6800000,Rejected
1841,5,Graduate,0,4600000,14400000,72,785,6200000,Approved
1842,3,Not Graduate,0,400000,1100000,192,504,400000,Rejected
1843,0,Not Graduate,0,2100000,5900000,168,402,1000000,Rejected
1844,2,Graduate,1,1200000,3500000,192,540,800000,Rejected
1845,2,Graduate,1,8000000,28400000,120,607,11600000,Approved
1846,1,Graduate,1,5000000,19400000,120,410,4500000,Rejected
1847,0,Not Graduate,0,8500000,17200000,144,624,5100000,Approved
1848,4,Graduate,0,4600000,16600000,192,805,2800000,Approved
1849,2,Graduate,0,4600000,16100000,216,709,5400000,Approved
1850,2,Not Graduate,1,8500000,30900000,168,511,5500000,Rejected
1851,1,Graduate,1,7800000,25100000,216,766,10200000,Approved
1852,3,Not Graduate,1,1400000,3800000,192,451,1300000,Rejected
1853,1,Not Graduate,1,3700000,10200000,48,447,3200000,Rejected
1854,3,Not Graduate,1,1000000,2500000,216,763,1400000,Approved
1855,5,Not Graduate,0,900000,3100000,240,834,1300000,Approved
1856,2,Graduate,0,5600000,19500000,96,429,7200000,Rejected
1857,4,Not Graduate,0,3200000,10600000,192,693,1800000,Approved
1858,1,Graduate,0,2900000,11100000,240,478,3000000,Rejected
1859,2,Graduate,1,300000,800000,120,752,400000,Approved
1860,0,Graduate,1,2400000,5900000,168,319,3300000,Rejected
1861,3,Graduate,0,5000000,17600000,96,303,6900000,Rejected
1862,3,Not Graduate,1,5000000,16700000,240,420,6900000,Rejected
1863,2,Not Graduate,1,200000,600000,96,552,200000,Approved
1864,3,Not Graduate,1,6000000,16000000,144,606,7800000,Approved
1865,2,Not Graduate,0,5600000,13700000,24,558,6700000,Approved
1866,1,Not Graduate,0,4500000,12400000,72,504,2200000,Rejected
1867,5,Not Graduate,1,200000,300000,96,412,100000,Rejected
1868,4,Not Graduate,1,6200000,18300000,48,900,6400000,Approved
1869,4,Not Graduate,1,9800000,23800000,96,634,6100000,Approved
1870,5,Graduate,1,3900000,9000000,96,340,5200000,Rejected
1871,3,Not Graduate,1,8300000,20900000,48,615,9600000,Approved
1872,2,Graduate,1,4900000,12200000,216,353,3600000,Rejected
1873,4,Graduate,1,6900000,16300000,96,606,3600000,Approved
1874,2,Not Graduate,0,4500000,14500000,216,498,4800000,Rejected
1875,4,Not Graduate,0,7500000,21900000,24,585,8100000,Approved
1876,1,Not Graduate,1,2300000,6400000,96,578,3000000,Approved
1877,1,Graduate,0,7400000,15500000,24,693,9300000,Approved
1878,4,Graduate,0,4800000,14300000,72,795,2600000,Approved
1879,1,Graduate,0,2600000,9900000,72,594,2500000,Approved
1880,3,Not Graduate,1,2700000,10600000,96,840,1900000,Approved
1881,3,Not Graduate,0,3700000,10900000,192,301,3400000,Rejected
1882,4,Graduate,1,2600000,9400000,216,481,2400000,Rejected
1883,5,Not Graduate,1,8800000,23100000,192,531,8000000,Rejected
1884,2,Not Graduate,0,7500000,15400000,96,332,5400000,Rejected
1885,0,Graduate,0,4700000,18500000,48,516,6100000,Approved
1886,2,Not Graduate,0,7100000,26600000,72,727,7900000,Approved
1887,3,Not Graduate,1,5500000,19300000,120,344,6600000,Rejected
1888,2,Graduate,0,9500000,31500000,144,650,11400000,Approved
1889,3,Graduate,1,4200000,15400000,96,362,5600000,Rejected
1890,5,Graduate,1,6900000,18600000,216,307,4200000,Rejected
1891,5,Graduate,0,9900000,24600000,24,530,13000000,Rejected
1892,5,Graduate,0,6700000,17700000,72,482,5700000,Rejected
1893,0,Not Graduate,1,9300000,22200000,168,701,5700000,Approved
1894,2,Graduate,0,5600000,17200000,192,586,4300000,Approved
1895,0,Graduate,1,8100000,17600000,192,384,10200000,Rejected
1896,4,Not Graduate,0,6000000,18000000,216,882,7500000,Approved
1897,5,Not Graduate,1,4200000,11200000,24,758,3800000,Approved
1898,5,Graduate,0,1600000,4000000,216,529,2000000,Rejected
1899,3,Graduate,1,800000,1500000,24,589,400000,Approved
1900,1,Graduate,0,500000,1300000,72,670,700000,Approved
1901,5,Not Graduate,1,4300000,14100000,144,532,4600000,Rejected
1902,0,Not Graduate,0,4000000,12500000,216,868,2300000,Approved
1903,2,Not Graduate,0,2900000,7300000,24,776,3400000,Approved
1904,5,Graduate,1,2300000,9100000,192,644,3100000,Approved
1905,0,Graduate,1,1800000,6000000,144,658,2400000,Approved
1906,1,Graduate,1,8700000,33900000,120,766,9000000,Approved
1907,3,Not Graduate,0,7800000,21100000,144,717,6200000,Approved
1908,2,Graduate,0,3200000,6300000,120,339,2700000,Rejected
1909,0,Not Graduate,0,1600000,4500000,216,463,1800000,Rejected
1910,4,Not Graduate,0,2400000,7300000,48,540,2200000,Approved
1911,1,Graduate,0,1800000,5900000,192,804,1000000,Approved
1912,1,Graduate,0,7500000,16000000,120,541,5100000,Rejected
1913,4,Not Graduate,1,6700000,18400000,120,371,4400000,Rejected
1914,5,Graduate,0,5800000,13700000,72,369,3000000,Rejected
1915,0,Not Graduate,0,500000,1800000,24,651,200000,Approved
1916,0,Graduate,1,9400000,30700000,120,477,6200000,Rejected
1917,4,Not Graduate,0,1600000,6200000,216,554,1100000,Approved
1918,0,Graduate,1,9300000,25000000,168,362,11000000,Rejected
1919,5,Graduate,0,3700000,14000000,24,469,2800000,Approved
1920,3,Not Graduate,0,900000,1900000,144,547,400000,Rejected
1921,4,Not Graduate,0,500000,1300000,72,809,500000,Approved
1922,1,Graduate,1,7800000,16200000,24,335,6400000,Rejected
1923,5,Not Graduate,1,5300000,13700000,216,708,5900000,Approved
1924,0,Graduate,0,300000,700000,192,779,400000,Approved
1925,0,Graduate,1,5000000,19900000,72,748,3000000,Approved
1926,0,Graduate,0,7900000,28600000,216,541,6700000,Rejected
1927,4,Graduate,0,5300000,15800000,24,527,3900000,Rejected
1928,0,Not Graduate,1,5500000,15300000,48,859,2900000,Approved
1929,0,Graduate,0,1500000,5600000,216,604,1800000,Approved
1930,5,Graduate,0,6600000,20100000,216,348,7200000,Rejected
1931,4,Graduate,1,6200000,16200000,240,734,4400000,Approved
1932,3,Graduate,0,6300000,17000000,192,388,3200000,Rejected
1933,0,Graduate,1,3800000,8100000,240,831,2000000,Approved
1934,5,Not Graduate,0,500000,1500000,72,433,700000,Rejected
1935,2,Graduate,1,5000000,15900000,192,699,7200000,Approved
1936,0,Not Graduate,0,4500000,17100000,96,303,4200000,Rejected
1937,4,Not Graduate,0,1000000,3800000,24,611,600000,Approved
1938,2,Graduate,0,1700000,3700000,240,558,2500000,Approved
1939,4,Graduate,1,1200000,4800000,24,752,600000,Approved
1940,5,Not Graduate,1,8500000,25800000,168,786,11300000,Approved
1941,0,Graduate,0,8600000,29000000,216,481,5400000,Rejected
1942,2,Graduate,0,400000,1300000,192,507,300000,Rejected
1943,4,Graduate,0,8700000,19800000,168,715,8500000,Approved
1944,0,Not Graduate,0,1800000,5700000,240,392,1400000,Rejected
1945,0,Graduate,1,4700000,17700000,192,887,6700000,Approved
1946,0,Not Graduate,0,7300000,21600000,24,479,7500000,Rejected
1947,2,Graduate,0,8400000,32100000,240,328,8000000,Rejected
1948,2,Graduate,1,4800000,12900000,96,740,3700000,Approved
1949,2,Graduate,0,9200000,34200000,24,456,5700000,Approved
1950,1,Not Graduate,0,6200000,21100000,120,467,5300000,Rejected
1951,0,Graduate,1,200000,700000,120,587,100000,Rejected
1952,0,Not Graduate,1,2500000,6700000,192,569,1300000,Approved
1953,3,Not Graduate,1,8000000,24400000,168,399,11600000,Rejected
1954,1,Not Graduate,0,4600000,15200000,48,593,3900000,Approved
1955,3,Not Graduate,1,4900000,12700000,96,409,4700000,Rejected
1956,4,Not Graduate,0,9500000,21300000,216,353,11100000,Rejected
1957,5,Graduate,1,4500000,11600000,240,306,5700000,Rejected
1958,2,Graduate,1,5900000,14200000,144,499,4400000,Rejected
1959,4,Graduate,0,4200000,14600000,72,324,3000000,Rejected
1960,2,Not Graduate,1,3300000,11300000,72,647,4400000,Approved
1961,2,Graduate,1,4900000,12600000,24,767,3800000,Approved
1962,4,Not Graduate,0,5300000,10700000,144,821,2600000,Approved
1963,4,Not Graduate,0,7200000,17700000,72,338,7200000,Rejected
1964,0,Graduate,0,8400000,24300000,48,785,8500000,Approved
1965,3,Graduate,0,3800000,11800000,48,694,5100000,Approved
1966,0,Not Graduate,0,9900000,22300000,240,613,4900000,Approved
1967,4,Graduate,1,2900000,8300000,120,318,2100000,Rejected
1968,3,Not Graduate,1,6000000,18700000,216,783,8800000,Approved
1969,2,Not Graduate,0,1700000,5300000,240,761,1200000,Approved
1970,4,Graduate,1,5300000,12000000,120,329,6100000,Rejected
1971,5,Not Graduate,1,7500000,15000000,168,661,4400000,Approved
1972,4,Not Graduate,0,400000,900000,216,339,200000,Rejected
1973,1,Graduate,1,8300000,17700000,120,673,4200000,Approved
1974,3,Graduate,0,4500000,16900000,216,748,6600000,Approved
1975,3,Graduate,0,4600000,10000000,48,702,4500000,Approved
1976,4,Not Graduate,0,4700000,10300000,144,710,6600000,Approved
1977,0,Graduate,1,900000,3500000,72,331,1100000,Rejected
1978,1,Not Graduate,0,2400000,7600000,144,372,1400000,Rejected
1979,0,Not Graduate,1,3900000,9600000,120,783,3900000,Approved
1980,0,Graduate,0,8300000,31400000,216,558,6300000,Approved
1981,4,Graduate,1,4700000,13000000,72,552,2400000,Approved
1982,4,Not Graduate,0,3900000,10600000,240,544,4900000,Rejected
1983,2,Not Graduate,0,400000,1000000,72,425,200000,Rejected
1984,2,Not Graduate,1,1700000,5100000,216,321,1500000,Rejected
1985,2,Graduate,1,6100000,15500000,96,758,7200000,Approved
1986,5,Graduate,1,7300000,19600000,120,373,10600000,Rejected
1987,3,Not Graduate,1,300000,500000,72,876,300000,Approved
1988,2,Not Graduate,0,4300000,14500000,120,594,5300000,Approved
1989,3,Not Graduate,0,7000000,18400000,216,837,5700000,Approved
1990,0,Not Graduate,1,4900000,16500000,48,600,6500000,Approved
1991,4,Graduate,0,6200000,12400000,240,547,8000000,Rejected
1992,1,Not Graduate,0,4100000,15800000,144,431,5700000,Rejected
1993,0,Not Graduate,1,7300000,22600000,144,851,5300000,Approved
1994,4,Not Graduate,1,9200000,28100000,144,760,12900000,Approved
1995,0,Not Graduate,0,800000,2400000,24,716,400000,Approved
1996,4,Not Graduate,0,2900000,11200000,120,744,1600000,Approved
1997,3,Not Graduate,0,8100000,21600000,48,740,9900000,Approved
1998,0,Graduate,0,9300000,20300000,168,759,10900000,Approved
1999,4,Graduate,1,9200000,29400000,168,517,10100000,Rejected
2000,3,Not Graduate,1,3100000,6300000,216,895,4200000,Approved
2001,3,Not Graduate,1,7000000,15400000,240,315,5900000,Rejected
2002,4,Not Graduate,0,3900000,8800000,168,527,3100000,Rejected
2003,3,Graduate,0,5500000,19800000,168,853,3100000,Approved
2004,0,Graduate,0,6600000,13700000,240,747,6000000,Approved
2005,2,Not Graduate,0,9900000,31600000,192,892,12700000,Approved
2006,4,Graduate,1,6600000,20500000,96,856,9400000,Approved
2007,3,Graduate,0,8600000,23600000,48,324,4300000,Rejected
2008,5,Graduate,0,7900000,28600000,144,812,11700000,Approved
2009,5,Graduate,1,6800000,22600000,24,804,9900000,Approved
2010,4,Graduate,0,700000,1800000,96,874,300000,Approved
2011,2,Not Graduate,1,3800000,10000000,144,516,5100000,Rejected
2012,5,Graduate,1,6900000,18300000,48,402,6100000,Rejected
2013,1,Graduate,1,3700000,12400000,144,330,2800000,Rejected
2014,1,Graduate,0,7900000,24000000,144,867,9400000,Approved
2015,4,Graduate,1,8800000,34200000,192,844,10700000,Approved
2016,5,Not Graduate,1,3300000,7800000,96,310,4200000,Rejected
2017,4,Not Graduate,0,5800000,14200000,240,535,3400000,Rejected
2018,1,Graduate,1,7400000,29500000,192,323,8100000,Rejected
2019,1,Graduate,0,8200000,25600000,48,686,4400000,Approved
2020,0,Not Graduate,1,3300000,9600000,96,465,2000000,Rejected
2021,4,Graduate,1,5300000,10700000,144,547,5700000,Rejected
2022,1,Not Graduate,0,5700000,19100000,144,649,4500000,Approved
2023,2,Not Graduate,0,9000000,31000000,168,670,12900000,Approved
2024,3,Graduate,0,5900000,14400000,120,408,3700000,Rejected
2025,2,Not Graduate,0,5400000,11900000,72,303,6900000,Rejected
2026,0,Graduate,0,9800000,34800000,168,497,9600000,Rejected
2027,4,Graduate,1,9800000,34100000,168,740,5100000,Approved
2028,4,Not Graduate,1,3800000,8200000,48,309,3300000,Rejected
2029,0,Not Graduate,0,9500000,24400000,168,769,14200000,Approved
2030,3,Graduate,1,2500000,7100000,72,420,3000000,Rejected
2031,1,Graduate,0,1900000,6000000,240,540,1300000,Rejected
2032,5,Graduate,1,4400000,10600000,240,806,2500000,Approved
2033,4,Graduate,1,1400000,2900000,72,723,1600000,Approved
2034,5,Not Graduate,1,3200000,11800000,192,565,1800000,Approved
2035,1,Graduate,1,3100000,9200000,192,374,3500000,Rejected
2036,4,Graduate,0,4500000,9900000,120,509,2700000,Rejected
2037,3,Not Graduate,1,9300000,23500000,192,728,9800000,Approved
2038,2,Graduate,0,6900000,18200000,240,396,5400000,Rejected
2039,0,Not Graduate,1,3900000,8600000,24,667,2000000,Approved
2040,5,Not Graduate,0,3200000,7400000,144,583,3600000,Approved
2041,1,Not Graduate,1,5600000,21100000,120,459,8100000,Rejected
2042,4,Not Graduate,1,3700000,11900000,216,635,4700000,Approved
2043,3,Not Graduate,0,8400000,27200000,144,604,4700000,Approved
2044,0,Not Graduate,1,4200000,8900000,168,796,4800000,Approved
2045,4,Graduate,0,3800000,8500000,120,416,4100000,Rejected
2046,3,Graduate,0,3200000,8200000,96,311,1600000,Rejected
2047,1,Graduate,0,9700000,33900000,120,833,6600000,Approved
2048,1,Not Graduate,1,4300000,9400000,72,543,4200000,Rejected
2049,5,Graduate,1,8100000,20300000,216,751,7400000,Approved
2050,5,Not Graduate,1,9400000,23200000,168,885,4700000,Approved
2051,4,Not Graduate,1,8100000,19400000,72,346,4500000,Rejected
2052,4,Graduate,0,6500000,14500000,48,588,6400000,Approved
2053,2,Graduate,0,9400000,23100000,48,488,10900000,Rejected
2054,1,Not Graduate,1,2600000,6600000,240,765,1300000,Approved
2055,3,Not Graduate,1,8000000,25600000,72,337,9800000,Rejected
2056,1,Graduate,0,4700000,9300000,96,515,5700000,Rejected
2057,2,Graduate,1,7600000,22300000,144,555,7100000,Approved
2058,1,Graduate,1,6800000,27200000,24,702,6300000,Approved
2059,2,Not Graduate,1,6600000,17000000,24,457,6700000,Rejected
2060,2,Graduate,0,8200000,27200000,120,425,4500000,Rejected
2061,1,Graduate,1,4400000,12300000,72,583,6600000,Approved
2062,1,Not Graduate,0,8300000,29200000,72,877,9500000,Approved
2063,0,Graduate,0,9200000,36500000,168,522,13200000,Rejected
2064,5,Not Graduate,1,2700000,8700000,240,687,1300000,Approved
2065,0,Graduate,0,6100000,23600000,240,856,6400000,Approved
2066,4,Not Graduate,1,9100000,33000000,96,543,11200000,Rejected
2067,5,Not Graduate,1,7600000,15400000,168,576,4700000,Approved
2068,2,Not Graduate,0,7200000,17000000,120,856,6000000,Approved
2069,0,Graduate,1,2600000,8200000,96,722,3200000,Approved
2070,4,Graduate,1,6500000,20200000,144,653,6400000,Approved
2071,5,Graduate,0,8900000,35500000,192,480,4900000,Rejected
2072,2,Graduate,1,5400000,14300000,168,477,5500000,Rejected
2073,0,Graduate,0,300000,500000,24,885,200000,Approved
2074,0,Not Graduate,0,8400000,19600000,216,530,12300000,Rejected
2075,3,Graduate,0,8300000,17200000,96,870,10000000,Approved
2076,4,Not Graduate,0,1700000,5600000,96,395,2400000,Rejected
2077,2,Not Graduate,0,1500000,4200000,192,771,1100000,Approved
2078,1,Not Graduate,1,200000,500000,24,579,100000,Approved
2079,1,Graduate,1,1000000,3700000,168,798,1400000,Approved
2080,3,Not Graduate,1,8800000,25100000,96,473,12400000,Rejected
2081,0,Graduate,1,1000000,3200000,96,304,700000,Rejected
2082,0,Not Graduate,1,8600000,23000000,168,678,12000000,Approved
2083,5,Graduate,1,2400000,8900000,24,745,2100000,Approved
2084,1,Graduate,0,2400000,8900000,96,835,1100000,Approved
2085,5,Not Graduate,1,6000000,12100000,240,848,3600000,Approved
2086,5,Not Graduate,0,7600000,16300000,216,872,5000000,Approved
2087,3,Not Graduate,0,8000000,20100000,120,608,5200000,Approved
2088,0,Graduate,1,5400000,19500000,192,758,6000000,Approved
2089,0,Not Graduate,1,1400000,3700000,48,841,1000000,Approved
2090,0,Not Graduate,1,800000,2600000,24,618,500000,Approved
2091,4,Graduate,1,300000,1100000,48,457,400000,Approved
2092,0,Graduate,0,4100000,14400000,48,844,4200000,Approved
2093,2,Not Graduate,0,1500000,3800000,48,776,1400000,Approved
2094,1,Not Graduate,0,4600000,13900000,96,520,2200000,Rejected
2095,1,Graduate,1,3300000,7500000,144,648,1600000,Approved
2096,4,Not Graduate,1,7900000,31400000,120,654,5000000,Approved
2097,0,Not Graduate,0,8100000,26500000,240,342,5800000,Rejected
2098,5,Not Graduate,0,900000,2800000,192,808,800000,Approved
2099,1,Graduate,1,4900000,15200000,120,429,3300000,Rejected
2100,3,Graduate,1,6100000,18100000,168,538,7500000,Rejected
2101,3,Not Graduate,0,4500000,16400000,72,533,3900000,Rejected
2102,2,Graduate,1,2900000,7300000,96,394,4000000,Rejected
2103,1,Not Graduate,0,7900000,29300000,24,771,4000000,Approved
2104,5,Graduate,1,4100000,10100000,48,792,4900000,Approved
2105,5,Not Graduate,1,7700000,15500000,96,407,4600000,Rejected
2106,0,Not Graduate,0,5600000,19300000,216,544,6400000,Rejected
2107,5,Graduate,0,9000000,18000000,216,509,6100000,Rejected
2108,4,Not Graduate,1,6400000,18400000,192,320,8300000,Rejected
2109,4,Graduate,0,6900000,14700000,24,496,4000000,Rejected
2110,3,Not Graduate,0,9100000,27400000,216,652,6800000,Approved
2111,2,Graduate,1,1100000,3700000,24,806,500000,Approved
2112,4,Not Graduate,0,1700000,4500000,144,821,1500000,Approved
2113,5,Graduate,1,9200000,28800000,240,618,10600000,Approved
2114,2,Not Graduate,1,8300000,20600000,144,729,8400000,Approved
2115,5,Not Graduate,1,5000000,10600000,72,839,3500000,Approved
2116,3,Graduate,0,2200000,6400000,24,318,1500000,Rejected
2117,2,Graduate,0,4500000,9600000,192,404,2700000,Rejected
2118,5,Not Graduate,1,4100000,9000000,72,581,3400000,Approved
2119,1,Not Graduate,0,2800000,6800000,216,596,1500000,Approved
2120,1,Not Graduate,0,6600000,20700000,48,415,3900000,Approved
2121,3,Not Graduate,1,3200000,7200000,72,728,4600000,Approved
2122,0,Not Graduate,0,6300000,13300000,24,666,4900000,Approved
2123,2,Graduate,0,4700000,17700000,168,675,6500000,Approved
2124,0,Graduate,0,4100000,15400000,192,304,3100000,Rejected
2125,5,Graduate,1,7100000,15500000,48,474,9400000,Rejected
2126,4,Graduate,1,4900000,10200000,216,370,6600000,Rejected
2127,4,Graduate,0,5600000,20300000,240,596,7900000,Approved
2128,4,Graduate,0,3400000,8300000,24,567,2700000,Approved
2129,3,Not Graduate,0,4500000,16100000,192,671,5800000,Approved
2130,2,Graduate,0,300000,800000,216,819,400000,Approved
2131,5,Not Graduate,1,7600000,23000000,120,829,7300000,Approved
2132,5,Graduate,0,500000,1200000,144,454,300000,Rejected
2133,0,Graduate,1,5900000,15200000,192,399,6500000,Rejected
2134,0,Graduate,0,7100000,20700000,120,784,8600000,Approved
2135,2,Not Graduate,1,8500000,26900000,72,538,4600000,Rejected
2136,0,Graduate,1,6400000,16900000,192,759,3100000,Approved
2137,2,Graduate,0,7100000,21400000,144,699,4800000,Approved
2138,5,Not Graduate,0,1800000,5400000,168,347,1700000,Rejected
2139,3,Not Graduate,1,6600000,25200000,240,598,8600000,Approved
2140,4,Graduate,1,8800000,27100000,24,406,5800000,Approved
2141,2,Not Graduate,0,4800000,15800000,240,860,5100000,Approved
2142,5,Graduate,1,4400000,16500000,120,806,2800000,Approved
2143,0,Not Graduate,0,2000000,6900000,24,448,1600000,Approved
2144,2,Graduate,0,6800000,22600000,240,393,8200000,Rejected
2145,5,Not Graduate,1,6600000,16000000,144,811,5000000,Approved
2146,2,Graduate,0,3300000,7900000,240,829,2600000,Approved
2147,3,Not Graduate,0,7400000,23400000,192,700,8900000,Approved
2148,0,Not Graduate,1,4500000,12400000,216,719,3100000,Approved
2149,1,Not Graduate,1,9500000,30500000,144,430,10500000,Rejected
2150,1,Graduate,0,800000,3000000,48,338,400000,Approved
2151,2,Graduate,0,4000000,13000000,48,695,4300000,Approved
2152,2,Not Graduate,0,7000000,25700000,216,374,4500000,Rejected
2153,3,Graduate,0,3500000,8500000,216,609,2500000,Approved
2154,3,Graduate,1,9700000,36000000,72,631,7500000,Approved
2155,0,Not Graduate,0,3400000,10800000,72,439,1900000,Rejected
2156,1,Graduate,1,4600000,13500000,240,837,2500000,Approved
2157,4,Graduate,0,3800000,10400000,120,833,4200000,Approved
2158,4,Not Graduate,1,4200000,9600000,240,863,3400000,Approved
2159,2,Graduate,0,2500000,8700000,48,684,2600000,Approved
2160,0,Not Graduate,1,7000000,24600000,72,542,4700000,Rejected
2161,1,Not Graduate,0,5300000,11500000,96,753,3000000,Approved
2162,0,Not Graduate,0,6400000,14200000,24,512,3500000,Rejected
2163,3,Not Graduate,0,3400000,8100000,144,385,4000000,Rejected
2164,4,Not Graduate,0,6700000,18800000,24,749,8600000,Approved
2165,1,Not Graduate,1,4600000,10100000,48,618,4300000,Approved
2166,4,Graduate,1,900000,2500000,48,583,1100000,Approved
2167,0,Graduate,0,5100000,19900000,216,655,7100000,Approved
2168,0,Not Graduate,1,7000000,20900000,240,380,6200000,Rejected
2169,3,Graduate,1,4100000,14700000,72,679,5600000,Approved
2170,2,Graduate,0,4600000,14800000,72,410,5800000,Rejected
2171,2,Graduate,1,3600000,11500000,96,590,3000000,Approved
2172,5,Graduate,0,5900000,13800000,168,397,3000000,Rejected
2173,2,Graduate,0,600000,2100000,192,425,300000,Rejected
2174,0,Graduate,0,4900000,16400000,24,383,5800000,Approved
2175,5,Graduate,1,6400000,23900000,72,406,4300000,Rejected
2176,2,Graduate,0,7000000,19800000,120,563,8000000,Approved
2177,3,Graduate,1,6700000,13400000,168,782,9600000,Approved
2178,1,Not Graduate,1,800000,2200000,48,852,1000000,Approved
2179,5,Not Graduate,0,7600000,27800000,24,753,8000000,Approved
2180,5,Graduate,1,3200000,7600000,48,489,1900000,Rejected
2181,2,Not Graduate,1,4900000,13800000,24,586,7000000,Approved
2182,3,Not Graduate,0,7200000,20800000,192,560,3600000,Approved
2183,3,Graduate,0,5600000,20600000,72,487,4100000,Rejected
2184,4,Graduate,1,7300000,18300000,96,434,6700000,Rejected
2185,4,Not Graduate,0,3300000,7000000,240,504,2500000,Rejected
2186,2,Graduate,1,9200000,25300000,48,827,11000000,Approved
2187,3,Not Graduate,1,8100000,23300000,240,657,6200000,Approved
2188,5,Graduate,0,6600000,21400000,120,447,6400000,Rejected
2189,0,Graduate,1,4200000,13600000,48,834,3100000,Approved
2190,2,Graduate,0,5800000,21700000,96,354,6800000,Rejected
2191,2,Graduate,1,5600000,21000000,216,883,6000000,Approved
2192,0,Not Graduate,1,3600000,9900000,144,641,2700000,Approved
2193,1,Graduate,1,7700000,16900000,72,621,10200000,Approved
2194,0,Graduate,1,7800000,23300000,120,587,9700000,Approved
2195,3,Not Graduate,0,5700000,15400000,192,424,5600000,Rejected
2196,5,Graduate,0,6300000,20500000,168,515,9100000,Rejected
2197,5,Not Graduate,1,2300000,4700000,216,592,2800000,Approved
2198,4,Graduate,1,9600000,19900000,72,319,6600000,Rejected
2199,1,Not Graduate,1,1000000,3900000,192,360,600000,Rejected
2200,5,Graduate,1,7200000,27100000,144,535,4800000,Rejected
2201,2,Not Graduate,1,3800000,11400000,192,666,3800000,Approved
2202,4,Not Graduate,1,9300000,24600000,192,419,5100000,Rejected
2203,2,Not Graduate,1,7200000,21900000,144,640,3800000,Approved
2204,0,Graduate,0,7600000,19700000,144,545,7300000,Rejected
2205,4,Graduate,0,4500000,15300000,120,843,2200000,Approved
2206,1,Not Graduate,1,9900000,30900000,240,559,12100000,Approved
2207,0,Not Graduate,1,700000,2000000,216,650,500000,Approved
2208,0,Graduate,0,3500000,12300000,192,479,4700000,Rejected
2209,1,Graduate,1,300000,1000000,168,324,100000,Rejected
2210,5,Not Graduate,1,5400000,16700000,24,354,5200000,Approved
2211,4,Not Graduate,1,2800000,8400000,120,521,3700000,Rejected
2212,5,Not Graduate,1,4900000,15900000,96,505,6100000,Rejected
2213,4,Not Graduate,0,600000,1700000,144,436,700000,Rejected
2214,0,Graduate,0,3000000,8100000,72,683,3200000,Approved
2215,0,Graduate,0,1800000,5800000,216,348,1000000,Rejected
2216,4,Graduate,1,5100000,15700000,72,867,3600000,Approved
2217,5,Graduate,0,1400000,4100000,168,880,2100000,Approved
2218,2,Graduate,1,6700000,25500000,120,673,5000000,Approved
2219,3,Not Graduate,0,4300000,12600000,216,482,6100000,Rejected
2220,3,Graduate,1,7800000,19600000,48,767,7700000,Approved
2221,3,Not Graduate,0,5400000,15800000,216,760,7200000,Approved
2222,0,Not Graduate,0,500000,1900000,24,857,300000,Approved
2223,1,Graduate,0,8600000,26700000,120,735,11200000,Approved
2224,3,Graduate,0,2500000,9300000,48,810,3700000,Approved
2225,4,Not Graduate,0,3000000,7200000,24,680,1700000,Approved
2226,5,Not Graduate,1,7000000,26900000,48,889,7400000,Approved
2227,1,Not Graduate,1,400000,1500000,192,688,200000,Approved
2228,5,Not Graduate,0,5200000,13700000,192,531,2900000,Rejected
2229,3,Graduate,0,3300000,11100000,24,660,4500000,Approved
2230,1,Not Graduate,1,2400000,8800000,216,414,2500000,Rejected
2231,4,Graduate,1,5800000,15800000,168,528,8700000,Rejected
2232,4,Not Graduate,1,9400000,20000000,144,817,8000000,Approved
2233,2,Not Graduate,0,6100000,15300000,24,799,5300000,Approved
2234,1,Graduate,1,7500000,21400000,240,655,8100000,Approved
2235,2,Not Graduate,0,4100000,16200000,72,546,3700000,Rejected
2236,3,Not Graduate,0,8500000,30800000,168,745,7200000,Approved
2237,0,Graduate,0,4300000,16900000,96,884,3700000,Approved
2238,5,Not Graduate,0,9300000,22000000,48,822,12100000,Approved
2239,4,Not Graduate,0,6000000,18700000,24,623,5700000,Approved
2240,1,Not Graduate,1,5300000,18900000,192,361,5500000,Rejected
2241,5,Not Graduate,1,7400000,16200000,24,778,9200000,Approved
2242,1,Not Graduate,1,1100000,3800000,96,779,1600000,Approved
2243,1,Graduate,1,6600000,20700000,48,594,8900000,Approved
2244,3,Graduate,0,8200000,28300000,24,530,12100000,Approved
2245,3,Not Graduate,0,3300000,9300000,144,324,2000000,Rejected
2246,4,Graduate,1,2500000,9000000,120,394,3000000,Rejected
2247,3,Graduate,1,3300000,10400000,144,816,4900000,Approved
2248,5,Not Graduate,0,1000000,2300000,192,423,1400000,Rejected
2249,5,Graduate,1,6200000,12800000,24,539,4800000,Rejected
2250,1,Graduate,0,7000000,21000000,240,554,5600000,Approved
2251,2,Graduate,1,7000000,19000000,72,523,9500000,Rejected
2252,1,Not Graduate,1,5300000,12000000,120,852,5000000,Approved
2253,0,Not Graduate,1,1800000,3700000,24,505,1400000,Rejected
2254,0,Graduate,1,2300000,7900000,120,430,1900000,Rejected
2255,2,Graduate,0,4000000,9200000,192,784,4900000,Approved
2256,1,Not Graduate,0,8900000,24000000,72,380,7500000,Rejected
2257,3,Graduate,0,8000000,18600000,240,565,9400000,Approved
2258,4,Graduate,1,7900000,26900000,168,446,8200000,Rejected
2259,5,Graduate,1,6700000,20200000,96,406,7100000,Rejected
2260,4,Not Graduate,0,2400000,6000000,72,712,1200000,Approved
2261,4,Not Graduate,0,8600000,22600000,168,729,11900000,Approved
2262,1,Not Graduate,1,5300000,14600000,240,508,4600000,Rejected
2263,0,Graduate,0,7400000,24900000,240,648,6200000,Approved
2264,0,Not Graduate,1,8700000,18700000,120,346,8200000,Rejected
2265,5,Graduate,0,8200000,18500000,48,394,11100000,Rejected
2266,0,Not Graduate,1,3700000,9700000,144,501,4600000,Rejected
2267,5,Not Graduate,1,9200000,36300000,24,655,8700000,Approved
2268,4,Not Graduate,0,6100000,20900000,48,662,4100000,Approved
2269,2,Graduate,1,8800000,30800000,240,820,12700000,Approved
2270,5,Not Graduate,0,9200000,18900000,120,521,6900000,Rejected
2271,3,Graduate,0,7200000,27900000,144,473,8700000,Rejected
2272,1,Graduate,0,600000,1200000,120,561,600000,Approved
2273,5,Graduate,0,8000000,23100000,240,461,7200000,Rejected
2274,4,Graduate,1,6900000,13800000,192,715,8200000,Approved
2275,0,Not Graduate,1,4300000,15600000,216,440,4700000,Rejected
2276,3,Not Graduate,1,8500000,24900000,216,749,10100000,Approved
2277,4,Not Graduate,0,8600000,17400000,24,787,10600000,Approved
2278,3,Graduate,0,6300000,13900000,216,748,8600000,Approved
2279,3,Not Graduate,1,5800000,13600000,144,321,3400000,Rejected
2280,3,Graduate,1,1000000,2300000,120,303,1000000,Rejected
2281,0,Not Graduate,1,1700000,5400000,96,682,2100000,Approved
2282,2,Not Graduate,0,3200000,8600000,216,638,3500000,Approved
2283,0,Graduate,1,7500000,16600000,168,440,10300000,Rejected
2284,1,Not Graduate,1,2000000,6600000,120,873,2400000,Approved
2285,3,Not Graduate,0,9100000,19700000,240,437,12900000,Rejected
2286,4,Graduate,1,8400000,19700000,96,796,7700000,Approved
2287,4,Graduate,0,7100000,27200000,192,824,3900000,Approved
2288,2,Not Graduate,0,200000,800000,72,338,100000,Rejected
2289,0,Not Graduate,1,5000000,14900000,144,575,6600000,Approved
2290,0,Not Graduate,1,4500000,16900000,96,773,6000000,Approved
2291,2,Not Graduate,1,5100000,19700000,24,733,6200000,Approved
2292,3,Graduate,1,4100000,10600000,168,475,4500000,Rejected
2293,1,Not Graduate,0,7200000,15000000,120,677,4100000,Approved
2294,3,Not Graduate,0,7800000,17700000,72,403,10000000,Rejected
2295,3,Graduate,1,7500000,25300000,144,767,9600000,Approved
2296,3,Graduate,1,6400000,21000000,24,813,4400000,Approved
2297,4,Graduate,0,7000000,25700000,240,597,10100000,Approved
2298,4,Not Graduate,1,9000000,31100000,96,896,13100000,Approved
2299,2,Not Graduate,1,4400000,13900000,72,810,5200000,Approved
2300,2,Not Graduate,0,900000,2000000,168,337,600000,Rejected
2301,1,Graduate,0,9800000,26900000,216,792,11900000,Approved
2302,4,Not Graduate,0,600000,1600000,72,784,500000,Approved
2303,5,Graduate,1,9700000,30100000,144,434,6900000,Rejected
2304,2,Graduate,1,8400000,32600000,120,384,7000000,Rejected
2305,1,Graduate,0,8300000,24900000,120,642,5800000,Approved
2306,4,Graduate,0,7900000,29900000,96,314,8100000,Rejected
2307,1,Not Graduate,0,8600000,25900000,24,606,12200000,Approved
2308,5,Not Graduate,1,6700000,17600000,168,843,5600000,Approved
2309,0,Graduate,0,2700000,7400000,120,778,2800000,Approved
2310,0,Not Graduate,0,6600000,25600000,96,718,9000000,Approved
2311,1,Graduate,1,7100000,20800000,240,437,8800000,Rejected
2312,5,Graduate,1,300000,700000,120,586,100000,Approved
2313,2,Graduate,0,2200000,7000000,72,777,3300000,Approved
2314,1,Graduate,1,8700000,31700000,144,525,6100000,Rejected
2315,4,Graduate,0,7200000,23100000,144,632,4400000,Approved
2316,0,Not Graduate,0,2000000,4800000,240,337,1700000,Rejected
2317,4,Graduate,1,8600000,27900000,96,458,11700000,Rejected
2318,2,Graduate,1,2300000,5400000,96,364,2000000,Rejected
2319,2,Not Graduate,1,9600000,29800000,192,499,7400000,Rejected
2320,2,Graduate,1,1900000,6500000,192,887,1700000,Approved
2321,1,Graduate,0,2100000,6300000,192,882,2900000,Approved
2322,1,Not Graduate,1,3900000,8700000,96,817,2100000,Approved
2323,5,Not Graduate,1,200000,300000,120,704,200000,Approved
2324,1,Not Graduate,1,1900000,4500000,144,742,1200000,Approved
2325,0,Not Graduate,1,3200000,11600000,48,393,3100000,Approved
2326,0,Not Graduate,0,1100000,4300000,216,828,900000,Approved
2327,5,Graduate,1,8000000,21500000,144,779,10400000,Approved
2328,4,Graduate,1,6100000,21700000,72,860,5600000,Approved
2329,5,Graduate,0,3200000,10600000,24,432,3700000,Approved
2330,4,Graduate,1,9000000,30400000,240,532,13100000,Rejected
2331,0,Not Graduate,1,1200000,3200000,24,678,900000,Approved
2332,3,Graduate,0,7900000,27000000,72,601,11500000,Approved
2333,3,Graduate,1,7700000,23100000,96,807,7000000,Approved
2334,2,Not Graduate,0,4400000,16500000,192,879,5400000,Approved
2335,1,Not Graduate,0,3100000,11200000,216,665,2500000,Approved
2336,5,Not Graduate,1,2600000,9300000,192,697,3700000,Approved
2337,4,Graduate,0,5500000,21700000,168,867,3100000,Approved
2338,1,Graduate,0,5700000,15500000,96,544,7000000,Rejected
2339,5,Graduate,0,6100000,20700000,240,482,5900000,Rejected
2340,2,Graduate,0,8200000,22500000,216,857,8400000,Approved
2341,1,Graduate,0,6000000,21200000,144,549,6200000,Rejected
2342,1,Graduate,1,8000000,30600000,120,720,9700000,Approved
2343,4,Not Graduate,0,2000000,4800000,96,302,2600000,Rejected
2344,5,Graduate,1,1300000,2900000,144,669,1800000,Approved
2345,1,Graduate,0,7000000,27100000,72,591,4900000,Approved
2346,3,Graduate,0,4100000,15300000,72,440,2000000,Rejected
2347,3,Graduate,0,8000000,26200000,192,890,4000000,Approved
2348,4,Not Graduate,0,8100000,28000000,96,663,5500000,Approved
2349,4,Graduate,1,9500000,22600000,168,433,13400000,Rejected
2350,0,Graduate,0,9200000,22500000,120,317,10700000,Rejected
2351,2,Graduate,0,3900000,14700000,192,360,2900000,Rejected
2352,1,Graduate,0,9100000,26200000,96,727,8900000,Approved
2353,3,Graduate,1,3000000,8300000,48,685,3800000,Approved
2354,4,Graduate,0,2000000,4300000,96,373,2200000,Rejected
2355,5,Graduate,0,6300000,14600000,96,469,3800000,Rejected
2356,3,Not Graduate,1,4100000,10900000,96,548,4300000,Rejected
2357,0,Not Graduate,0,9800000,29400000,240,618,8300000,Approved
2358,2,Graduate,0,5200000,15400000,96,658,3200000,Approved
2359,3,Graduate,0,7600000,28700000,216,781,8000000,Approved
2360,3,Not Graduate,0,9200000,35500000,24,715,11700000,Approved
2361,5,Not Graduate,0,2200000,8100000,48,409,2400000,Rejected
2362,2,Not Graduate,1,8300000,20600000,120,504,6700000,Rejected
2363,3,Graduate,1,6100000,21600000,192,428,7200000,Rejected
2364,2,Graduate,0,4500000,16600000,240,704,2400000,Approved
2365,3,Not Graduate,0,6600000,18800000,144,834,4800000,Approved
2366,4,Not Graduate,0,8900000,34900000,168,694,9100000,Approved
2367,4,Graduate,1,3900000,13300000,240,453,4700000,Rejected
2368,3,Graduate,1,8900000,35400000,168,404,5900000,Rejected
2369,5,Not Graduate,0,6400000,22300000,144,776,5800000,Approved
2370,1,Not Graduate,1,9500000,28700000,192,526,6600000,Rejected
2371,3,Graduate,1,300000,1000000,96,641,200000,Approved
2372,5,Not Graduate,0,4100000,12300000,72,582,3500000,Approved
2373,2,Graduate,0,8100000,20800000,216,778,10600000,Approved
2374,4,Graduate,0,9900000,28400000,120,763,5800000,Approved
2375,0,Not Graduate,0,4800000,19000000,144,650,4800000,Approved
2376,0,Graduate,1,2900000,9700000,24,820,3900000,Approved
2377,1,Not Graduate,1,3500000,13500000,144,824,4100000,Approved
2378,1,Not Graduate,1,4900000,12600000,48,718,3800000,Approved
2379,2,Not Graduate,1,5100000,13300000,168,313,3900000,Rejected
2380,5,Graduate,0,7300000,26200000,120,751,10400000,Approved
2381,0,Graduate,1,200000,300000,216,520,100000,Rejected
2382,2,Graduate,0,1400000,4700000,48,355,1400000,Approved
2383,3,Graduate,1,8700000,33600000,168,314,6200000,Rejected
2384,1,Not Graduate,1,2800000,5900000,240,728,1400000,Approved
2385,3,Graduate,1,9100000,30100000,168,564,8200000,Approved
2386,0,Not Graduate,1,6800000,15300000,168,699,8300000,Approved
2387,0,Not Graduate,1,5000000,17000000,72,624,5900000,Approved
2388,0,Graduate,1,4400000,16800000,168,795,3400000,Approved
2389,5,Not Graduate,1,8400000,18600000,240,703,9500000,Approved
2390,4,Graduate,0,7800000,17300000,48,394,7200000,Rejected
2391,4,Graduate,1,4800000,9900000,168,779,2900000,Approved
2392,1,Graduate,0,3200000,8800000,48,405,3400000,Rejected
2393,5,Graduate,1,2300000,6700000,192,612,2000000,Approved
2394,5,Not Graduate,1,9200000,28100000,120,448,10700000,Rejected
2395,2,Not Graduate,1,4700000,13700000,72,506,3500000,Rejected
2396,0,Not Graduate,1,8000000,30400000,24,776,7800000,Approved
2397,1,Graduate,1,2600000,8600000,72,730,3100000,Approved
2398,3,Not Graduate,0,200000,800000,240,730,300000,Approved
2399,5,Graduate,0,7300000,17200000,24,345,4900000,Rejected
2400,4,Not Graduate,0,3300000,11800000,24,847,3000000,Approved
2401,4,Not Graduate,0,8300000,23300000,240,398,9900000,Rejected
2402,5,Not Graduate,1,4100000,9600000,24,307,3100000,Rejected
2403,1,Not Graduate,0,7300000,23700000,192,852,8500000,Approved
2404,1,Not Graduate,0,9300000,27500000,72,364,10800000,Rejected
2405,2,Graduate,1,4300000,15200000,144,552,4800000,Approved
2406,3,Not Graduate,0,2600000,8100000,24,421,2500000,Approved
2407,5,Graduate,0,2900000,9800000,144,588,2900000,Approved
2408,2,Graduate,1,900000,3500000,72,763,600000,Approved
2409,3,Not Graduate,1,4900000,17500000,240,823,4800000,Approved
2410,0,Graduate,0,7700000,24800000,120,642,4500000,Approved
2411,1,Graduate,0,4700000,16800000,144,647,3400000,Approved
2412,5,Not Graduate,0,3000000,8900000,240,886,2800000,Approved
2413,4,Not Graduate,0,9700000,26200000,48,518,14000000,Rejected
2414,0,Graduate,1,6900000,26800000,240,515,8300000,Rejected
2415,2,Not Graduate,1,3800000,12400000,96,340,2600000,Rejected
2416,3,Not Graduate,1,600000,1700000,168,521,600000,Rejected
2417,2,Not Graduate,1,1200000,2900000,144,330,600000,Rejected
2418,4,Not Graduate,1,7800000,26800000,24,474,5600000,Approved
2419,0,Not Graduate,0,9000000,35100000,72,898,9100000,Approved
2420,1,Not Graduate,0,2800000,9100000,144,436,3600000,Rejected
2421,1,Not Graduate,0,7800000,21300000,120,326,4500000,Rejected
2422,4,Graduate,1,4700000,9500000,216,876,4100000,Approved
2423,2,Graduate,0,4600000,17500000,240,597,4100000,Approved
2424,4,Graduate,0,5100000,16100000,168,436,6700000,Rejected
2425,3,Not Graduate,1,6100000,22800000,216,640,6000000,Approved
2426,0,Not Graduate,0,6000000,22900000,192,302,7100000,Rejected
2427,2,Not Graduate,0,8400000,23200000,192,476,8600000,Rejected
2428,2,Graduate,0,9300000,22000000,168,393,13900000,Rejected
2429,0,Graduate,0,4200000,10300000,120,506,6000000,Rejected
2430,3,Graduate,0,9600000,37800000,120,418,11300000,Rejected
2431,3,Graduate,0,5600000,13400000,72,865,6000000,Approved
2432,4,Graduate,0,7800000,28600000,24,703,10500000,Approved
2433,2,Graduate,1,4500000,12600000,24,568,2900000,Approved
2434,3,Graduate,0,2400000,5900000,24,425,2500000,Rejected
2435,0,Not Graduate,0,3900000,11300000,144,305,2100000,Rejected
2436,5,Graduate,1,9600000,20600000,72,456,11600000,Rejected
2437,4,Not Graduate,0,900000,2600000,24,602,1000000,Approved
2438,3,Graduate,1,1100000,3800000,240,814,1100000,Approved
2439,4,Not Graduate,0,6400000,24900000,24,640,6300000,Approved
2440,2,Graduate,0,4600000,15000000,48,817,6600000,Approved
2441,4,Graduate,0,7600000,29800000,240,361,5900000,Rejected
2442,5,Not Graduate,0,6800000,20100000,168,839,7500000,Approved
2443,5,Graduate,0,7100000,27000000,240,592,7600000,Approved
2444,4,Not Graduate,1,6700000,24700000,72,498,8400000,Rejected
2445,5,Not Graduate,1,5800000,12400000,72,847,7600000,Approved
2446,0,Graduate,1,8600000,29400000,192,643,12300000,Approved
2447,0,Graduate,1,3500000,10600000,48,389,2500000,Approved
2448,2,Graduate,1,4800000,17500000,240,381,7000000,Rejected
2449,5,Graduate,1,6100000,14400000,192,400,5600000,Rejected
2450,5,Graduate,1,5200000,12700000,192,718,7200000,Approved
2451,5,Not Graduate,1,4100000,12400000,96,309,3300000,Rejected
2452,5,Not Graduate,0,3200000,7400000,24,838,3600000,Approved
2453,3,Not Graduate,1,7500000,21600000,168,678,11200000,Approved
2454,2,Not Graduate,1,1500000,4500000,168,826,1600000,Approved
2455,4,Graduate,1,1200000,3100000,192,348,1700000,Rejected
2456,1,Graduate,1,8400000,19700000,72,476,12100000,Rejected
2457,0,Not Graduate,1,7900000,26300000,96,666,11800000,Approved
2458,1,Graduate,1,2100000,4300000,240,896,2300000,Approved
2459,2,Graduate,0,2500000,7000000,240,547,2300000,Rejected
2460,2,Not Graduate,1,3700000,13900000,24,405,5500000,Approved
2461,5,Graduate,0,1100000,4000000,192,498,700000,Rejected
2462,5,Graduate,0,6500000,24800000,96,779,8800000,Approved
2463,0,Not Graduate,1,8200000,31500000,96,403,6100000,Rejected
2464,2,Not Graduate,0,5000000,12400000,96,709,4200000,Approved
2465,1,Not Graduate,0,1500000,6000000,72,507,1900000,Rejected
2466,5,Not Graduate,0,3700000,9100000,216,368,3300000,Rejected
2467,3,Graduate,1,4100000,14600000,192,760,3000000,Approved
2468,2,Not Graduate,0,7200000,16800000,72,796,9800000,Approved
2469,1,Graduate,0,2000000,5000000,72,876,1500000,Approved
2470,3,Not Graduate,0,2000000,4700000,168,673,1500000,Approved
2471,1,Graduate,1,5100000,11500000,48,747,7000000,Approved
2472,1,Not Graduate,0,6000000,13600000,144,589,7100000,Approved
2473,1,Graduate,0,4900000,18100000,96,382,2400000,Rejected
2474,3,Not Graduate,1,900000,2300000,144,900,1100000,Approved
2475,1,Graduate,1,7500000,25000000,216,628,4700000,Approved
2476,2,Graduate,0,6400000,25000000,144,667,5400000,Approved
2477,2,Graduate,1,8700000,26400000,24,778,10300000,Approved
2478,4,Graduate,1,7300000,17200000,216,831,5200000,Approved
2479,5,Graduate,0,7400000,27100000,48,320,9400000,Approved
2480,2,Graduate,0,2700000,9300000,192,656,3600000,Approved
2481,3,Graduate,0,3400000,8900000,72,896,4200000,Approved
2482,3,Not Graduate,1,2100000,7400000,48,320,2200000,Approved
2483,2,Not Graduate,0,3100000,10500000,120,751,1600000,Approved
2484,5,Not Graduate,0,4700000,17400000,24,523,5200000,Approved
2485,5,Graduate,0,3100000,10500000,72,584,2900000,Approved
2486,2,Not Graduate,0,5700000,20400000,24,630,2900000,Approved
2487,3,Graduate,1,2300000,8000000,168,472,1800000,Rejected
2488,0,Not Graduate,1,6600000,18500000,192,802,9700000,Approved
2489,2,Graduate,1,2700000,6400000,216,547,1700000,Rejected
2490,1,Not Graduate,1,800000,2800000,192,726,1200000,Approved
2491,1,Graduate,0,6600000,18500000,96,712,7600000,Approved
2492,3,Graduate,0,3900000,10700000,72,790,2700000,Approved
2493,5,Not Graduate,0,200000,600000,192,396,200000,Rejected
2494,3,Graduate,0,2000000,4200000,72,831,1200000,Approved
2495,2,Graduate,1,9100000,20900000,240,632,13200000,Approved
2496,3,Graduate,0,4700000,10800000,96,527,4800000,Rejected
2497,3,Not Graduate,1,3200000,11100000,72,708,1500000,Approved
2498,2,Not Graduate,0,1700000,4200000,168,829,1600000,Approved
2499,1,Not Graduate,0,2600000,8100000,144,854,2500000,Approved
2500,3,Not Graduate,1,2700000,6700000,168,899,2000000,Approved
2501,0,Not Graduate,1,3600000,13400000,72,589,4000000,Approved
2502,4,Graduate,1,7200000,26000000,72,571,4200000,Approved
2503,2,Not Graduate,1,2500000,6400000,72,708,3500000,Approved
2504,2,Not Graduate,0,5500000,19600000,192,328,3700000,Rejected
2505,3,Graduate,1,9200000,33500000,96,564,11400000,Approved
2506,3,Not Graduate,0,9000000,19000000,96,693,7200000,Approved
2507,4,Not Graduate,1,5900000,15000000,168,626,8200000,Approved
2508,4,Graduate,0,5600000,15600000,144,470,7000000,Rejected
2509,2,Not Graduate,1,3200000,12500000,96,849,4400000,Approved
2510,5,Not Graduate,0,9100000,27800000,192,547,9400000,Rejected
2511,0,Not Graduate,1,4600000,15100000,24,417,6600000,Approved
2512,4,Graduate,0,7300000,14900000,24,358,7300000,Rejected
2513,5,Not Graduate,1,1300000,3100000,192,826,1400000,Approved
2514,0,Not Graduate,0,1800000,4200000,72,836,2000000,Approved
2515,3,Graduate,0,500000,1700000,120,509,300000,Rejected
2516,2,Not Graduate,1,5700000,20500000,240,581,8500000,Approved
2517,4,Graduate,0,300000,1100000,48,359,200000,Approved
2518,5,Graduate,1,2100000,7100000,120,517,1400000,Rejected
2519,1,Not Graduate,1,5700000,20100000,168,442,6500000,Rejected
2520,1,Not Graduate,1,1100000,2700000,192,346,800000,Rejected
2521,5,Graduate,0,9300000,34000000,72,742,8200000,Approved
2522,1,Graduate,1,3500000,8100000,120,626,2900000,Approved
2523,0,Not Graduate,1,8200000,28800000,48,619,6300000,Approved
2524,2,Not Graduate,1,7500000,17900000,240,734,4900000,Approved
2525,1,Graduate,1,7000000,25600000,72,420,8700000,Rejected
2526,5,Not Graduate,1,3900000,8300000,216,600,5600000,Approved
2527,3,Graduate,1,4700000,13200000,144,440,4300000,Rejected
2528,5,Not Graduate,1,1700000,5200000,192,820,1000000,Approved
2529,0,Graduate,0,2500000,7800000,96,437,3300000,Rejected
2530,1,Not Graduate,1,400000,1400000,144,468,400000,Rejected
2531,0,Not Graduate,1,2400000,9100000,96,368,3300000,Rejected
2532,4,Graduate,0,5700000,21900000,24,871,6100000,Approved
2533,1,Graduate,0,9800000,37900000,48,816,8500000,Approved
2534,5,Graduate,0,9000000,32800000,48,773,11500000,Approved
2535,3,Not Graduate,0,800000,3000000,168,576,400000,Approved
2536,1,Graduate,0,1600000,4500000,168,673,1300000,Approved
2537,0,Graduate,1,9800000,34100000,240,760,13600000,Approved
2538,5,Not Graduate,1,2900000,7500000,144,678,3700000,Approved
2539,4,Not Graduate,1,3900000,12000000,168,893,5200000,Approved
2540,0,Graduate,1,3300000,9000000,216,754,4700000,Approved
2541,3,Graduate,1,700000,2200000,96,617,900000,Approved
2542,3,Not Graduate,1,8400000,29500000,240,661,10900000,Approved
2543,1,Graduate,1,4000000,12100000,144,356,5000000,Rejected
2544,0,Not Graduate,1,1900000,6300000,192,811,1900000,Approved
2545,0,Not Graduate,0,3900000,14600000,24,730,5400000,Approved
2546,5,Not Graduate,0,7400000,18000000,24,792,5300000,Approved
2547,5,Not Graduate,1,5900000,16000000,72,798,3100000,Approved
2548,2,Not Graduate,0,1400000,2900000,144,490,1300000,Rejected
2549,2,Graduate,1,1800000,5500000,72,448,1300000,Rejected
2550,0,Graduate,1,1000000,3100000,72,525,1400000,Rejected
2551,1,Graduate,0,7400000,19200000,240,415,7000000,Rejected
2552,5,Graduate,0,2700000,10600000,192,496,2400000,Rejected
2553,1,Not Graduate,1,3600000,13100000,96,543,2700000,Rejected
2554,5,Graduate,0,7000000,18400000,144,520,3800000,Rejected
2555,4,Not Graduate,1,5000000,18000000,168,307,3300000,Rejected
2556,2,Graduate,0,1800000,5700000,168,502,1300000,Rejected
2557,2,Graduate,1,4700000,12000000,72,505,2300000,Rejected
2558,2,Not Graduate,1,6700000,23100000,48,304,10000000,Approved
2559,5,Not Graduate,0,5800000,17500000,120,719,3100000,Approved
2560,0,Graduate,1,5900000,22700000,216,855,4000000,Approved
2561,4,Not Graduate,0,6000000,15800000,216,593,6400000,Approved
2562,1,Not Graduate,1,700000,1400000,120,523,900000,Rejected
2563,0,Not Graduate,1,3700000,13100000,168,385,4900000,Rejected
2564,0,Graduate,1,7100000,19300000,72,783,5000000,Approved
2565,5,Graduate,1,1100000,3900000,24,538,1600000,Approved
2566,3,Not Graduate,1,9500000,20100000,24,506,11000000,Rejected
2567,4,Not Graduate,1,2200000,8600000,24,461,2100000,Approved
2568,4,Not Graduate,1,5500000,20000000,96,666,7900000,Approved
2569,3,Not Graduate,1,4400000,16300000,240,561,4000000,Approved
2570,5,Not Graduate,0,5000000,10800000,120,345,6300000,Rejected
2571,4,Not Graduate,1,6100000,12500000,168,862,6800000,Approved
2572,3,Not Graduate,0,8100000,22300000,120,686,6200000,Approved
2573,4,Graduate,1,7000000,19600000,96,708,4500000,Approved
2574,4,Not Graduate,0,5600000,14800000,240,656,6500000,Approved
2575,4,Graduate,0,1800000,7000000,168,743,1500000,Approved
2576,2,Graduate,0,3600000,12100000,168,408,5400000,Rejected
2577,5,Graduate,0,600000,1300000,168,408,900000,Rejected
2578,1,Graduate,1,4900000,16500000,144,439,7200000,Rejected
2579,3,Graduate,1,3000000,7100000,72,415,2500000,Rejected
2580,0,Not Graduate,1,3800000,10600000,144,490,3100000,Rejected
2581,1,Graduate,1,7600000,30000000,192,884,10800000,Approved
2582,4,Graduate,0,7800000,25400000,216,425,7200000,Rejected
2583,0,Graduate,0,6800000,21700000,240,730,3600000,Approved
2584,4,Graduate,1,5900000,17300000,240,657,4100000,Approved
2585,2,Not Graduate,0,4900000,16800000,120,480,2700000,Rejected
2586,3,Not Graduate,1,1100000,3100000,192,356,1600000,Rejected
2587,1,Not Graduate,1,9800000,36000000,144,629,11200000,Approved
2588,1,Graduate,1,1200000,4700000,24,667,800000,Approved
2589,0,Not Graduate,0,4700000,11500000,216,559,2600000,Approved
2590,4,Graduate,0,6700000,16000000,48,791,5200000,Approved
2591,0,Not Graduate,1,3700000,11300000,72,538,5400000,Rejected
2592,2,Graduate,0,7400000,16000000,240,358,4300000,Rejected
2593,2,Not Graduate,0,3300000,11700000,168,439,1700000,Rejected
2594,2,Graduate,1,4800000,15300000,144,503,4300000,Rejected
2595,4,Graduate,1,4600000,11900000,72,810,5200000,Approved
2596,1,Graduate,1,8000000,30600000,168,302,6800000,Rejected
2597,0,Not Graduate,0,4100000,8800000,216,300,3500000,Rejected
2598,4,Not Graduate,0,2600000,7200000,192,612,1400000,Approved
2599,3,Not Graduate,0,1300000,5000000,72,686,900000,Approved
2600,0,Graduate,1,2300000,4900000,144,409,3200000,Rejected
2601,5,Graduate,0,300000,900000,72,492,400000,Rejected
2602,0,Graduate,1,7000000,21700000,240,498,3900000,Rejected
2603,3,Not Graduate,1,4400000,10900000,216,611,3000000,Approved
2604,5,Not Graduate,1,5100000,11800000,72,776,4400000,Approved
2605,1,Not Graduate,0,5900000,13000000,72,779,6600000,Approved
2606,3,Graduate,1,7800000,27200000,192,560,8600000,Approved
2607,4,Graduate,1,2200000,5100000,72,308,3100000,Rejected
2608,4,Not Graduate,0,5400000,12600000,216,786,6600000,Approved
2609,1,Not Graduate,0,7400000,29100000,96,597,7000000,Approved
2610,4,Graduate,0,5800000,12000000,144,811,3100000,Approved
2611,1,Graduate,1,5800000,13000000,144,862,3900000,Approved
2612,3,Not Graduate,1,4800000,14200000,144,369,3000000,Rejected
2613,1,Not Graduate,1,7400000,23900000,48,687,5600000,Approved
2614,0,Not Graduate,1,9600000,19600000,144,500,10900000,Rejected
2615,2,Not Graduate,1,200000,500000,72,746,0,Approved
2616,4,Not Graduate,0,700000,2100000,168,619,1000000,Approved
2617,2,Not Graduate,0,7600000,16700000,240,692,7400000,Approved
2618,1,Not Graduate,1,1400000,3300000,216,321,700000,Rejected
2619,2,Not Graduate,1,3800000,15000000,168,730,3600000,Approved
2620,3,Not Graduate,0,2700000,10800000,72,480,3500000,Rejected
2621,2,Not Graduate,1,5000000,10700000,24,753,5700000,Approved
2622,4,Graduate,1,9000000,28900000,72,637,4800000,Approved
2623,3,Graduate,0,3700000,9000000,72,483,3600000,Rejected
2624,4,Not Graduate,1,300000,1100000,48,315,100000,Approved
2625,4,Graduate,0,1800000,4100000,96,777,1900000,Approved
2626,2,Graduate,0,7900000,17700000,48,402,8400000,Rejected
2627,4,Graduate,1,2100000,7700000,96,493,1300000,Rejected
2628,0,Graduate,1,900000,3100000,48,355,500000,Approved
2629,3,Graduate,0,9900000,23600000,216,557,9100000,Approved
2630,0,Not Graduate,1,5600000,20000000,240,606,7600000,Approved
2631,1,Not Graduate,1,6000000,12200000,192,743,2900000,Approved
2632,5,Not Graduate,0,5700000,18400000,48,579,4900000,Approved
2633,0,Graduate,1,9000000,33100000,240,734,10300000,Approved
2634,0,Graduate,0,7300000,16100000,24,490,10700000,Rejected
2635,5,Graduate,0,5300000,20500000,192,802,4100000,Approved
2636,1,Not Graduate,1,3500000,7400000,192,867,2100000,Approved
2637,0,Not Graduate,0,1000000,2200000,144,302,1400000,Rejected
2638,0,Not Graduate,0,5100000,19900000,144,867,5700000,Approved
2639,0,Graduate,1,2900000,9900000,96,312,3700000,Rejected
2640,3,Not Graduate,0,7600000,19100000,168,762,7300000,Approved
2641,5,Not Graduate,1,6000000,14700000,216,462,3500000,Rejected
2642,1,Graduate,0,6300000,18200000,216,849,5200000,Approved
2643,3,Not Graduate,0,1900000,7400000,216,592,1800000,Approved
2644,4,Graduate,0,600000,1400000,48,507,400000,Rejected
2645,2,Not Graduate,1,4100000,11400000,168,505,5500000,Rejected
2646,0,Not Graduate,1,800000,3200000,96,467,800000,Rejected
2647,2,Not Graduate,0,6600000,22900000,192,543,8500000,Rejected
2648,4,Graduate,1,300000,1100000,144,674,200000,Approved
2649,3,Graduate,0,6100000,13500000,24,717,3400000,Approved
2650,5,Not Graduate,1,4800000,17000000,120,666,2900000,Approved
2651,4,Not Graduate,0,4500000,17300000,216,830,2500000,Approved
2652,2,Graduate,0,3800000,9400000,192,383,2300000,Rejected
2653,2,Graduate,1,7000000,18900000,96,584,5000000,Approved
2654,2,Not Graduate,0,4400000,14200000,216,799,2400000,Approved
2655,5,Graduate,0,5300000,19400000,72,510,3700000,Rejected
2656,0,Not Graduate,1,2600000,5900000,72,572,3800000,Approved
2657,3,Not Graduate,0,3300000,13100000,24,554,3800000,Approved
2658,1,Not Graduate,1,1200000,4800000,72,344,1300000,Rejected
2659,3,Graduate,0,4300000,8600000,96,881,5500000,Approved
2660,0,Not Graduate,1,8400000,27200000,120,514,7200000,Rejected
2661,0,Graduate,0,600000,1800000,216,796,500000,Approved
2662,2,Graduate,1,4700000,16200000,144,802,6700000,Approved
2663,3,Graduate,0,4200000,12500000,240,375,2400000,Rejected
2664,2,Graduate,0,4300000,14700000,24,871,4400000,Approved
2665,0,Not Graduate,0,800000,2900000,24,439,1200000,Approved
2666,0,Not Graduate,1,9300000,32000000,96,438,12400000,Rejected
2667,5,Not Graduate,0,6200000,13700000,24,468,5500000,Rejected
2668,3,Graduate,1,3500000,10200000,144,645,2400000,Approved
2669,2,Graduate,1,3600000,9200000,216,700,3500000,Approved
2670,5,Graduate,1,9500000,36700000,192,348,11400000,Rejected
2671,5,Graduate,1,600000,1400000,120,877,700000,Approved
2672,0,Not Graduate,1,3800000,14900000,72,899,2800000,Approved
2673,3,Graduate,1,1400000,3500000,144,610,1400000,Approved
2674,1,Not Graduate,0,6300000,23900000,48,742,4300000,Approved
2675,1,Not Graduate,1,2800000,6600000,216,801,3700000,Approved
2676,4,Graduate,1,5400000,17100000,24,533,4700000,Approved
2677,3,Not Graduate,1,6300000,23900000,192,656,5100000,Approved
2678,3,Graduate,1,3900000,14300000,216,785,4900000,Approved
2679,2,Graduate,1,4200000,15700000,24,332,3000000,Approved
2680,0,Graduate,0,3100000,8100000,216,768,2400000,Approved
2681,1,Graduate,0,3400000,8600000,72,640,4400000,Approved
2682,4,Not Graduate,0,1500000,3100000,72,885,1900000,Approved
2683,3,Not Graduate,1,900000,2000000,216,772,800000,Approved
2684,4,Graduate,1,7800000,25600000,48,665,8200000,Approved
2685,1,Not Graduate,1,3500000,10500000,240,454,2100000,Rejected
2686,1,Not Graduate,0,8400000,32500000,168,698,12200000,Approved
2687,4,Not Graduate,1,6400000,21300000,240,332,8000000,Rejected
2688,1,Not Graduate,0,9600000,28300000,72,536,6000000,Rejected
2689,5,Not Graduate,1,2100000,6500000,120,796,2700000,Approved
2690,2,Not Graduate,1,6000000,19900000,96,486,6600000,Rejected
2691,0,Not Graduate,1,8300000,16800000,216,422,11400000,Rejected
2692,1,Not Graduate,1,5300000,18500000,72,501,4300000,Rejected
2693,1,Not Graduate,1,9700000,23500000,48,666,8000000,Approved
2694,3,Not Graduate,1,8200000,16500000,216,371,8200000,Rejected
2695,5,Graduate,0,3400000,6900000,168,312,3800000,Rejected
2696,5,Graduate,0,2800000,11000000,144,753,2400000,Approved
2697,0,Not Graduate,1,2400000,5200000,192,740,2900000,Approved
2698,1,Graduate,0,8200000,24000000,48,366,10400000,Rejected
2699,4,Not Graduate,0,4200000,11100000,96,526,4900000,Rejected
2700,4,Graduate,1,5500000,14800000,120,354,7700000,Rejected
2701,5,Not Graduate,1,2900000,6300000,72,719,1600000,Approved
2702,5,Not Graduate,0,6300000,20100000,144,774,5800000,Approved
2703,5,Not Graduate,1,9700000,29100000,216,732,12400000,Approved
2704,1,Not Graduate,0,6500000,16000000,72,862,9700000,Approved
2705,5,Not Graduate,0,4900000,10800000,216,613,5300000,Approved
2706,5,Graduate,1,6900000,16500000,72,447,6600000,Rejected
2707,4,Not Graduate,1,1100000,3000000,48,730,1100000,Approved
2708,2,Not Graduate,1,7800000,29600000,168,568,7200000,Approved
2709,2,Graduate,1,8200000,23600000,72,495,6100000,Rejected
2710,5,Not Graduate,1,6700000,23600000,168,854,7500000,Approved
2711,3,Graduate,1,7400000,15200000,120,548,4800000,Rejected
2712,1,Not Graduate,0,1200000,2700000,168,779,600000,Approved
2713,0,Not Graduate,0,9500000,24800000,24,564,12000000,Approved
2714,5,Not Graduate,1,4000000,8200000,24,571,4400000,Approved
2715,0,Not Graduate,1,8600000,32600000,96,778,11000000,Approved
2716,4,Graduate,1,9100000,28400000,144,808,9700000,Approved
2717,0,Not Graduate,1,7100000,18600000,240,770,5100000,Approved
2718,0,Not Graduate,0,9000000,28400000,48,612,13200000,Approved
2719,3,Graduate,1,1400000,2700000,168,819,1300000,Approved
2720,1,Graduate,0,8800000,20200000,72,627,11900000,Approved
2721,3,Not Graduate,1,5400000,14700000,48,359,6100000,Rejected
2722,1,Graduate,0,6100000,19100000,72,341,6300000,Rejected
2723,1,Graduate,0,1000000,3600000,48,570,1000000,Approved
2724,3,Graduate,1,7700000,18100000,240,736,10000000,Approved
2725,1,Graduate,1,6100000,12900000,24,302,7200000,Rejected
2726,2,Not Graduate,1,7700000,21000000,144,420,10500000,Rejected
2727,4,Graduate,1,4700000,12000000,24,416,6800000,Rejected
2728,2,Graduate,1,9100000,34800000,240,836,9900000,Approved
2729,0,Graduate,1,5800000,12700000,144,528,7600000,Rejected
2730,4,Not Graduate,0,8500000,24900000,24,405,11400000,Rejected
2731,2,Graduate,1,9900000,33400000,168,783,9500000,Approved
2732,4,Not Graduate,1,2000000,4000000,120,636,1700000,Approved
2733,1,Not Graduate,1,5000000,16800000,72,711,3200000,Approved
2734,1,Graduate,1,3200000,11800000,192,848,2300000,Approved
2735,1,Not Graduate,1,8000000,27800000,96,804,11800000,Approved
2736,0,Not Graduate,1,1200000,2800000,168,892,1700000,Approved
2737,2,Not Graduate,1,5800000,22800000,168,696,4800000,Approved
2738,1,Graduate,0,2500000,7600000,240,888,1900000,Approved
2739,1,Not Graduate,1,600000,1400000,120,699,800000,Approved
2740,5,Graduate,0,4900000,13000000,120,865,6500000,Approved
2741,2,Graduate,1,9400000,37300000,168,383,7700000,Rejected
2742,2,Graduate,0,5300000,19300000,192,368,3700000,Rejected
2743,5,Not Graduate,0,5100000,15800000,48,607,7000000,Approved
2744,4,Not Graduate,1,2900000,8900000,216,827,1600000,Approved
2745,1,Graduate,0,9100000,34000000,144,672,8800000,Approved
2746,3,Not Graduate,1,8800000,26700000,144,708,9600000,Approved
2747,4,Not Graduate,0,2600000,8800000,120,682,1600000,Approved
2748,1,Graduate,1,9700000,25500000,216,741,4900000,Approved
2749,5,Not Graduate,1,600000,1200000,96,343,600000,Rejected
2750,0,Graduate,1,4100000,11100000,192,785,4800000,Approved
2751,1,Not Graduate,1,8000000,28000000,240,830,10600000,Approved
2752,2,Graduate,0,8800000,26700000,192,696,10900000,Approved
2753,1,Graduate,0,200000,300000,144,697,100000,Approved
2754,0,Graduate,1,3800000,11700000,24,351,3100000,Approved
2755,3,Graduate,0,6800000,21800000,120,556,5400000,Approved
2756,0,Graduate,0,8600000,31800000,24,895,5100000,Approved
2757,2,Graduate,1,2800000,8400000,120,534,1500000,Rejected
2758,0,Graduate,0,8000000,29800000,144,736,8400000,Approved
2759,2,Graduate,1,2300000,5500000,192,629,1900000,Approved
2760,4,Graduate,1,7600000,16200000,240,657,5500000,Approved
2761,2,Graduate,0,2900000,11300000,144,839,2600000,Approved
2762,4,Not Graduate,0,7900000,25700000,216,589,9800000,Approved
2763,2,Not Graduate,0,1900000,4500000,72,805,2300000,Approved
2764,3,Not Graduate,1,4600000,13600000,240,729,5900000,Approved
2765,1,Not Graduate,0,2600000,7700000,72,399,3500000,Rejected
2766,2,Not Graduate,0,2700000,6700000,96,413,2300000,Rejected
2767,5,Graduate,1,6300000,13200000,192,321,7100000,Rejected
2768,0,Graduate,1,2600000,7500000,24,853,1400000,Approved
2769,4,Not Graduate,1,7700000,23400000,72,400,10700000,Rejected
2770,0,Graduate,1,7400000,16300000,192,630,5300000,Approved
2771,3,Graduate,1,7300000,21600000,240,557,9300000,Approved
2772,1,Graduate,0,2900000,7600000,24,358,2100000,Rejected
2773,3,Graduate,1,6600000,16000000,120,510,6300000,Rejected
2774,2,Graduate,1,2700000,9600000,168,554,1900000,Approved
2775,3,Graduate,1,8300000,27700000,48,596,7400000,Approved
2776,0,Graduate,0,4900000,18500000,96,659,4900000,Approved
2777,4,Graduate,1,7900000,30700000,120,322,6300000,Rejected
2778,5,Graduate,1,8800000,21300000,168,852,9900000,Approved
2779,5,Not Graduate,0,4000000,14100000,216,653,5400000,Approved
2780,4,Graduate,1,3900000,9200000,144,737,5200000,Approved
2781,3,Graduate,1,7700000,18900000,24,583,9300000,Approved
2782,1,Graduate,1,3800000,10000000,192,873,4000000,Approved
2783,5,Graduate,0,8000000,27000000,240,595,10400000,Approved
2784,5,Graduate,1,3400000,11300000,240,871,2400000,Approved
2785,5,Graduate,1,5500000,18800000,144,603,5000000,Approved
2786,0,Not Graduate,0,7700000,29300000,168,801,4700000,Approved
2787,5,Graduate,0,4000000,9400000,48,723,2000000,Approved
2788,5,Not Graduate,1,5900000,22600000,216,630,6800000,Approved
2789,0,Not Graduate,1,2600000,9900000,240,368,2000000,Rejected
2790,3,Graduate,0,6600000,22200000,144,759,8500000,Approved
2791,0,Not Graduate,1,1000000,3000000,216,382,900000,Rejected
2792,4,Not Graduate,1,800000,2800000,192,645,600000,Approved
2793,0,Graduate,0,3200000,6300000,72,878,3600000,Approved
2794,4,Graduate,0,8400000,23400000,144,350,6700000,Rejected
2795,3,Graduate,1,5800000,17600000,72,720,6600000,Approved
2796,0,Not Graduate,1,7300000,28100000,120,673,8900000,Approved
2797,1,Graduate,0,3900000,8000000,72,448,4000000,Rejected
2798,2,Not Graduate,1,4600000,16000000,48,720,4200000,Approved
2799,0,Graduate,0,3600000,12300000,24,300,5400000,Approved
2800,4,Graduate,0,7500000,28700000,240,520,5700000,Rejected
2801,1,Graduate,0,5200000,15000000,144,794,5100000,Approved
2802,3,Graduate,1,4400000,10000000,96,875,4100000,Approved
2803,1,Not Graduate,1,5100000,12900000,168,533,3900000,Rejected
2804,0,Graduate,0,6000000,23600000,72,776,8800000,Approved
2805,2,Graduate,0,3800000,11400000,72,706,2800000,Approved
2806,3,Graduate,0,2800000,10900000,24,710,3600000,Approved
2807,5,Graduate,1,6500000,18300000,48,333,7000000,Rejected
2808,2,Not Graduate,1,1600000,6400000,48,787,1100000,Approved
2809,4,Graduate,0,5500000,18600000,144,569,7300000,Approved
2810,0,Graduate,1,9600000,20100000,192,427,7400000,Rejected
2811,0,Graduate,0,7000000,27800000,192,640,8200000,Approved
2812,2,Not Graduate,0,4000000,8100000,192,312,3100000,Rejected
2813,1,Not Graduate,1,8100000,30900000,144,464,7500000,Rejected
2814,2,Not Graduate,1,6600000,22800000,96,490,6400000,Rejected
2815,5,Graduate,0,4100000,10200000,144,431,4300000,Rejected
2816,1,Graduate,0,6600000,24800000,48,500,6100000,Approved
2817,4,Graduate,0,5100000,12200000,168,511,3400000,Rejected
2818,4,Graduate,0,8200000,25200000,216,691,10500000,Approved
2819,1,Not Graduate,1,9500000,24400000,168,696,6300000,Approved
2820,0,Not Graduate,1,7600000,27600000,24,437,6800000,Approved
2821,2,Not Graduate,1,8400000,20800000,144,335,10100000,Rejected
2822,4,Graduate,0,7600000,25100000,48,671,4300000,Approved
2823,4,Not Graduate,1,1400000,3700000,144,621,1800000,Approved
2824,4,Not Graduate,1,2700000,6800000,120,455,2700000,Rejected
2825,1,Graduate,1,200000,500000,120,856,200000,Approved
2826,3,Graduate,0,600000,2100000,192,892,500000,Approved
2827,4,Graduate,0,5200000,12900000,192,819,7500000,Approved
2828,0,Not Graduate,1,5100000,11600000,120,308,7000000,Rejected
2829,4,Graduate,1,9200000,18600000,24,889,9700000,Approved
2830,5,Not Graduate,0,6500000,23200000,216,713,7200000,Approved
2831,0,Graduate,0,8500000,21000000,72,665,11300000,Approved
2832,4,Not Graduate,0,2000000,6000000,144,837,2300000,Approved
2833,4,Not Graduate,1,7500000,18000000,240,395,9700000,Rejected
2834,0,Graduate,1,7500000,28900000,120,632,9900000,Approved
2835,2,Not Graduate,0,2000000,4300000,192,497,2800000,Rejected
2836,3,Graduate,1,1400000,2700000,168,694,1700000,Approved
2837,1,Not Graduate,1,1700000,5600000,24,882,1600000,Approved
2838,2,Graduate,1,5300000,14900000,72,504,3200000,Rejected
2839,4,Not Graduate,0,8900000,30100000,24,747,10300000,Approved
2840,3,Graduate,0,9700000,35300000,48,462,7200000,Approved
2841,5,Graduate,0,9000000,25900000,48,538,8100000,Rejected
2842,2,Not Graduate,1,8500000,30900000,72,664,7400000,Approved
2843,1,Not Graduate,0,3500000,10900000,48,524,2800000,Approved
2844,1,Not Graduate,0,500000,1400000,72,464,500000,Rejected
2845,3,Graduate,0,8900000,19100000,72,807,10400000,Approved
2846,2,Not Graduate,1,7800000,27200000,216,622,4300000,Approved
2847,5,Not Graduate,1,9800000,27800000,72,827,9500000,Approved
2848,0,Graduate,0,5200000,19000000,168,687,4400000,Approved
2849,4,Graduate,0,7400000,19400000,192,835,6500000,Approved
2850,3,Graduate,1,1200000,3300000,72,772,1400000,Approved
2851,1,Not Graduate,1,1000000,3200000,24,710,900000,Approved
2852,3,Graduate,1,9500000,32500000,168,581,4700000,Approved
2853,3,Not Graduate,0,4500000,11700000,216,775,4500000,Approved
2854,2,Graduate,0,4900000,16000000,144,710,5700000,Approved
2855,3,Not Graduate,1,700000,2500000,96,321,400000,Rejected
2856,0,Graduate,0,9400000,28300000,240,761,10100000,Approved
2857,3,Not Graduate,1,8300000,31400000,72,674,6100000,Rejected
2858,4,Graduate,1,5600000,13000000,48,899,6400000,Approved
2859,5,Not Graduate,1,4400000,12300000,96,567,6300000,Approved
2860,3,Graduate,0,2100000,5400000,96,771,1000000,Approved
2861,1,Not Graduate,1,4400000,10600000,48,360,5000000,Rejected
2862,0,Not Graduate,0,6300000,19600000,72,425,5900000,Rejected
2863,4,Graduate,0,9900000,30000000,216,496,13800000,Rejected
2864,3,Not Graduate,0,700000,1600000,240,705,700000,Approved
2865,4,Not Graduate,0,3600000,12400000,168,427,2600000,Rejected
2866,1,Not Graduate,1,5600000,21000000,24,552,6100000,Approved
2867,3,Not Graduate,1,1000000,3700000,96,725,1300000,Approved
2868,5,Graduate,1,6400000,15600000,96,553,8000000,Approved
2869,0,Not Graduate,0,8900000,19100000,24,725,8800000,Approved
2870,4,Graduate,0,9900000,26100000,24,481,9300000,Rejected
2871,2,Graduate,1,4000000,8600000,48,847,2400000,Approved
2872,0,Not Graduate,1,7300000,25700000,120,666,6000000,Approved
2873,1,Not Graduate,0,8100000,25400000,72,477,4400000,Rejected
2874,4,Graduate,1,6800000,22100000,48,446,9200000,Approved
2875,0,Not Graduate,1,2600000,8200000,96,630,2000000,Approved
2876,5,Not Graduate,1,300000,1100000,240,613,200000,Approved
2877,2,Graduate,1,2400000,7500000,48,851,2400000,Approved
2878,0,Not Graduate,0,6000000,20600000,144,339,8200000,Rejected
2879,4,Graduate,1,3800000,11100000,192,857,4700000,Approved
2880,0,Graduate,1,7000000,22100000,168,467,5800000,Rejected
2881,0,Graduate,1,5400000,12900000,192,355,7400000,Rejected
2882,1,Not Graduate,0,6400000,16400000,72,428,8900000,Rejected
2883,5,Not Graduate,1,7000000,24000000,168,450,4700000,Rejected
2884,2,Not Graduate,1,2100000,4600000,48,348,1400000,Rejected
2885,4,Not Graduate,1,4400000,15000000,144,459,2400000,Rejected
2886,0,Not Graduate,0,8000000,31000000,96,847,5700000,Approved
2887,2,Not Graduate,1,3900000,8300000,216,523,2300000,Rejected
2888,0,Graduate,0,4700000,15200000,120,786,3200000,Approved
2889,0,Graduate,0,6800000,21200000,168,300,10000000,Rejected
2890,0,Not Graduate,1,1800000,6500000,144,728,1900000,Approved
2891,3,Not Graduate,1,8600000,32000000,48,497,4900000,Approved
2892,1,Not Graduate,1,3600000,13700000,120,548,4100000,Rejected
2893,1,Graduate,1,6800000,22900000,72,576,5600000,Approved
2894,3,Graduate,1,1100000,4100000,240,863,600000,Approved
2895,4,Graduate,1,4000000,8400000,96,717,4000000,Approved
2896,1,Graduate,0,2500000,5900000,144,668,3700000,Approved
2897,2,Graduate,0,5400000,17400000,120,335,4300000,Rejected
2898,5,Not Graduate,0,6600000,13600000,48,861,5400000,Approved
2899,4,Not Graduate,0,6000000,14900000,24,321,6500000,Rejected
2900,0,Graduate,1,2200000,8300000,120,585,1900000,Approved
2901,1,Graduate,0,8800000,18500000,120,704,11300000,Approved
2902,0,Not Graduate,1,4000000,10300000,48,819,2600000,Approved
2903,4,Not Graduate,1,3600000,12400000,216,494,1900000,Rejected
2904,5,Graduate,1,8100000,22500000,24,808,6000000,Approved
2905,3,Not Graduate,1,5200000,11000000,144,830,7600000,Approved
2906,5,Graduate,0,1100000,2800000,168,473,700000,Rejected
2907,2,Graduate,0,7500000,29800000,48,392,4000000,Approved
2908,5,Not Graduate,0,7700000,20300000,144,806,9600000,Approved
2909,0,Not Graduate,0,5700000,21400000,96,340,3800000,Rejected
2910,3,Graduate,1,5000000,13900000,96,555,4800000,Approved
2911,5,Not Graduate,0,500000,1200000,192,499,200000,Rejected
2912,3,Graduate,0,8900000,21300000,120,467,8800000,Rejected
2913,1,Not Graduate,0,1700000,6600000,48,797,1300000,Approved
2914,4,Not Graduate,1,500000,1300000,216,762,300000,Approved
2915,3,Not Graduate,1,9900000,36500000,192,562,9800000,Approved
2916,1,Graduate,0,8400000,21800000,24,492,6600000,Rejected
2917,3,Not Graduate,1,500000,1700000,48,824,400000,Approved
2918,2,Graduate,0,1700000,5700000,120,602,1800000,Approved
2919,1,Not Graduate,1,6500000,18300000,120,722,4500000,Approved
2920,1,Not Graduate,0,8900000,28400000,72,709,7900000,Approved
2921,1,Not Graduate,0,400000,1400000,48,302,500000,Approved
2922,3,Not Graduate,0,5700000,12300000,72,364,5500000,Rejected
2923,0,Not Graduate,1,9600000,23800000,144,389,8300000,Rejected
2924,0,Graduate,1,8500000,20000000,192,786,8900000,Approved
2925,0,Graduate,0,4000000,11500000,96,434,5900000,Rejected
2926,2,Not Graduate,1,6300000,18100000,72,671,5400000,Approved
2927,3,Graduate,1,4000000,14700000,96,376,4200000,Rejected
2928,4,Graduate,0,9400000,32200000,72,898,8600000,Approved
2929,5,Graduate,1,4100000,15500000,120,836,3600000,Approved
2930,4,Graduate,1,1100000,4400000,72,515,1500000,Rejected
2931,3,Not Graduate,0,8700000,24800000,240,360,4300000,Rejected
2932,4,Graduate,1,4900000,12800000,24,691,7000000,Approved
2933,1,Not Graduate,1,2800000,9100000,168,510,3000000,Rejected
2934,0,Graduate,0,9600000,23200000,216,389,8800000,Rejected
2935,3,Graduate,1,6900000,19000000,168,348,4900000,Rejected
2936,2,Not Graduate,1,2300000,8100000,24,504,3100000,Approved
2937,2,Not Graduate,0,6800000,21300000,240,658,9600000,Approved
2938,1,Not Graduate,1,2200000,5400000,192,641,1200000,Approved
2939,2,Not Graduate,0,5900000,19800000,240,327,8500000,Rejected
2940,1,Graduate,1,7000000,20300000,216,726,9000000,Approved
2941,1,Graduate,1,9600000,34100000,240,828,12400000,Approved
2942,0,Graduate,0,6500000,14500000,144,755,3400000,Approved
2943,2,Not Graduate,1,3800000,7600000,240,788,5600000,Approved
2944,2,Graduate,0,9400000,25100000,240,832,5900000,Approved
2945,0,Not Graduate,0,2100000,8200000,48,554,1700000,Approved
2946,1,Not Graduate,1,8500000,26200000,96,811,12700000,Approved
2947,5,Graduate,1,3800000,12000000,24,649,4200000,Approved
2948,1,Not Graduate,1,3400000,9700000,240,830,4800000,Approved
2949,1,Graduate,1,5600000,11700000,72,707,3900000,Approved
2950,0,Graduate,1,8500000,33700000,120,483,12200000,Rejected
2951,4,Not Graduate,1,2100000,5500000,216,349,2000000,Rejected
2952,4,Graduate,0,400000,1500000,48,846,600000,Approved
2953,4,Not Graduate,0,7900000,31500000,240,386,7500000,Rejected
2954,5,Not Graduate,0,6900000,19200000,144,408,9000000,Rejected
2955,0,Not Graduate,1,1800000,3900000,24,764,1200000,Approved
2956,0,Graduate,1,1200000,3200000,216,473,1200000,Rejected
2957,3,Not Graduate,0,3600000,9800000,144,654,2200000,Approved
2958,1,Graduate,0,7200000,22800000,24,551,9500000,Approved
2959,5,Graduate,0,9400000,21800000,72,850,6800000,Approved
2960,5,Graduate,0,9000000,24200000,48,646,11900000,Approved
2961,1,Not Graduate,1,1000000,2100000,96,793,1400000,Approved
2962,3,Not Graduate,0,5600000,19900000,192,551,4500000,Approved
2963,1,Graduate,0,900000,2600000,48,346,900000,Rejected
2964,5,Not Graduate,1,9000000,19100000,168,540,4900000,Rejected
2965,2,Not Graduate,0,3100000,9000000,240,892,4000000,Approved
2966,1,Not Graduate,1,8000000,20700000,72,570,11300000,Approved
2967,4,Not Graduate,1,3500000,11300000,192,874,3700000,Approved
2968,4,Graduate,0,3900000,12600000,96,553,4500000,Approved
2969,2,Graduate,0,9700000,34500000,120,649,5900000,Approved
2970,4,Graduate,0,4500000,15800000,168,439,4400000,Rejected
2971,5,Not Graduate,0,6800000,24800000,96,621,4800000,Approved
2972,2,Not Graduate,0,6300000,18600000,168,872,7500000,Approved
2973,2,Graduate,0,4900000,18500000,96,492,5800000,Rejected
2974,0,Graduate,0,4800000,18600000,72,618,4000000,Approved
2975,5,Graduate,0,7500000,15800000,216,458,8400000,Rejected
2976,5,Not Graduate,0,5200000,13900000,48,422,7000000,Rejected
2977,3,Not Graduate,1,9400000,30900000,240,873,9000000,Approved
2978,5,Not Graduate,0,3200000,10000000,168,610,3500000,Approved
2979,1,Not Graduate,1,3600000,13200000,240,546,2900000,Rejected
2980,1,Not Graduate,1,3400000,7200000,96,741,3900000,Approved
2981,3,Graduate,0,2100000,8200000,72,754,1000000,Approved
2982,1,Graduate,0,7200000,15100000,96,379,8200000,Rejected
2983,5,Graduate,0,4500000,16900000,216,455,5600000,Rejected
2984,0,Graduate,1,2600000,9000000,240,615,3400000,Approved
2985,4,Graduate,1,6400000,21700000,120,384,5700000,Rejected
2986,0,Graduate,0,6400000,25100000,192,628,6400000,Approved
2987,3,Graduate,0,3100000,11200000,192,865,4200000,Approved
2988,2,Graduate,0,1800000,5300000,24,679,900000,Approved
2989,1,Graduate,1,9300000,19000000,168,689,9000000,Approved
2990,5,Not Graduate,1,6500000,13800000,120,636,8100000,Approved
2991,1,Not Graduate,0,3100000,6600000,240,837,4300000,Approved
2992,3,Not Graduate,0,2300000,8500000,144,557,1300000,Approved
2993,2,Graduate,0,500000,1700000,120,324,700000,Rejected
2994,0,Not Graduate,1,3700000,9300000,168,531,1900000,Rejected
2995,4,Not Graduate,1,8600000,21400000,168,476,12800000,Rejected
2996,4,Graduate,0,2600000,8500000,48,775,2600000,Approved
2997,1,Not Graduate,1,7100000,18000000,240,477,9300000,Rejected
2998,4,Not Graduate,1,7000000,19800000,192,682,7300000,Approved
2999,5,Not Graduate,0,8300000,17700000,144,334,9800000,Rejected
3000,3,Graduate,1,6800000,23900000,144,565,6700000,Approved
3001,1,Not Graduate,1,9900000,25700000,24,340,11800000,Rejected
3002,2,Graduate,0,5100000,11000000,168,322,5900000,Rejected
3003,4,Graduate,1,3500000,10700000,96,883,2000000,Approved
3004,3,Graduate,1,4300000,12800000,192,346,3800000,Rejected
3005,0,Graduate,1,5300000,20200000,24,861,6200000,Approved
3006,5,Graduate,1,6400000,21900000,144,699,3800000,Approved
3007,0,Graduate,0,9300000,27200000,96,629,5000000,Approved
3008,3,Graduate,0,1100000,3100000,168,359,1000000,Rejected
3009,2,Not Graduate,0,7100000,27000000,120,430,4200000,Rejected
3010,4,Not Graduate,0,1100000,3300000,216,417,700000,Rejected
3011,2,Graduate,0,1900000,5200000,72,896,2400000,Approved
3012,0,Not Graduate,0,1300000,3900000,192,690,800000,Approved
3013,5,Graduate,0,7500000,22800000,192,347,10700000,Rejected
3014,4,Not Graduate,0,2400000,7000000,48,539,2900000,Rejected
3015,4,Graduate,1,2500000,8000000,96,464,3000000,Rejected
3016,4,Graduate,0,7500000,16200000,48,310,5800000,Rejected
3017,3,Not Graduate,0,9300000,36600000,72,431,8800000,Rejected
3018,5,Not Graduate,0,3300000,10000000,144,489,2800000,Rejected
3019,4,Not Graduate,1,5700000,13900000,144,775,7100000,Approved
3020,4,Not Graduate,0,300000,600000,72,365,200000,Rejected
3021,2,Not Graduate,1,1200000,4500000,120,555,1400000,Approved
3022,4,Graduate,1,8200000,29600000,120,457,11000000,Rejected
3023,3,Not Graduate,0,5500000,12400000,96,580,7300000,Approved
3024,4,Not Graduate,0,1800000,7200000,240,496,2000000,Rejected
3025,0,Not Graduate,0,3500000,11400000,192,837,2700000,Approved
3026,4,Not Graduate,1,6000000,13200000,72,455,7100000,Rejected
3027,0,Graduate,1,2700000,9700000,240,551,1600000,Approved
3028,4,Not Graduate,1,5900000,20700000,120,825,8500000,Approved
3029,1,Not Graduate,1,2100000,4200000,216,554,1500000,Approved
3030,0,Not Graduate,1,2000000,5200000,216,400,1500000,Rejected
3031,5,Not Graduate,0,9000000,34300000,120,853,10100000,Approved
3032,1,Not Graduate,1,7600000,18800000,168,403,10000000,Rejected
3033,3,Graduate,0,500000,1500000,72,392,600000,Rejected
3034,1,Graduate,0,6300000,19000000,240,673,4200000,Approved
3035,0,Graduate,1,3100000,7100000,120,498,4300000,Rejected
3036,1,Not Graduate,0,1100000,2600000,72,858,600000,Approved
3037,4,Graduate,1,3900000,14300000,240,477,2900000,Rejected
3038,4,Not Graduate,1,8700000,28200000,144,548,8500000,Rejected
3039,4,Not Graduate,1,6400000,23900000,72,300,7000000,Rejected
3040,2,Graduate,1,200000,800000,144,483,300000,Rejected
3041,1,Graduate,0,2400000,5800000,240,384,3100000,Rejected
3042,3,Not Graduate,0,8900000,35200000,120,894,9800000,Approved
3043,3,Not Graduate,0,6100000,14800000,120,492,6100000,Rejected
3044,5,Not Graduate,1,7600000,25700000,48,607,4900000,Approved
3045,3,Not Graduate,0,900000,2400000,192,701,400000,Approved
3046,2,Not Graduate,1,7100000,19700000,240,890,4000000,Approved
3047,2,Not Graduate,1,5000000,14600000,120,808,3100000,Approved
3048,4,Graduate,1,2000000,7400000,240,596,2500000,Approved
3049,4,Graduate,1,2600000,6200000,168,421,3400000,Rejected
3050,2,Graduate,1,7000000,14900000,240,495,10200000,Rejected
3051,3,Graduate,0,3900000,9800000,72,604,3300000,Approved
3052,3,Graduate,0,8400000,32600000,48,509,8700000,Approved
3053,0,Graduate,1,200000,600000,96,852,200000,Approved
3054,2,Not Graduate,1,1900000,6700000,192,893,1600000,Approved
3055,2,Not Graduate,1,9200000,33000000,168,874,6600000,Approved
3056,3,Not Graduate,1,300000,500000,72,386,100000,Rejected
3057,5,Graduate,0,6300000,18100000,48,590,8600000,Approved
3058,2,Not Graduate,0,6100000,23500000,168,510,3400000,Rejected
3059,3,Graduate,1,7800000,25600000,72,523,9200000,Rejected
3060,0,Graduate,1,2000000,6700000,96,461,2600000,Rejected
3061,4,Not Graduate,0,1900000,5600000,24,832,2400000,Approved
3062,2,Not Graduate,1,3300000,9600000,216,896,4900000,Approved
3063,0,Not Graduate,1,9500000,26000000,24,732,9300000,Approved
3064,0,Graduate,1,3500000,13900000,192,301,2700000,Rejected
3065,5,Graduate,0,4400000,15800000,48,701,4100000,Approved
3066,2,Not Graduate,0,2000000,4000000,168,502,1300000,Rejected
3067,3,Not Graduate,0,9200000,19500000,144,742,13700000,Approved
3068,1,Not Graduate,0,2200000,5000000,24,755,3200000,Approved
3069,1,Not Graduate,0,1900000,7100000,24,834,1400000,Approved
3070,5,Graduate,1,8700000,18400000,144,394,12000000,Rejected
3071,3,Graduate,1,9700000,19700000,48,663,5200000,Approved
3072,3,Graduate,0,9400000,20300000,120,649,10000000,Approved
3073,4,Not Graduate,1,8000000,23200000,168,738,5400000,Approved
3074,5,Not Graduate,0,1000000,2000000,48,524,700000,Rejected
3075,5,Not Graduate,0,5300000,14600000,192,855,7400000,Approved
3076,3,Graduate,1,1400000,5400000,240,304,800000,Rejected
3077,2,Graduate,1,1600000,3800000,144,532,1100000,Rejected
3078,3,Graduate,1,3400000,8500000,72,584,3700000,Approved
3079,3,Graduate,0,7800000,28700000,48,447,11300000,Approved
3080,4,Not Graduate,0,7100000,19900000,168,852,7600000,Approved
3081,1,Not Graduate,1,6000000,13100000,24,368,4900000,Rejected
3082,3,Not Graduate,1,8200000,28900000,120,447,6800000,Rejected
3083,4,Graduate,0,3900000,11400000,240,867,3200000,Approved
3084,5,Not Graduate,1,8400000,17600000,144,397,7900000,Rejected
3085,4,Graduate,0,9700000,19400000,240,798,12800000,Approved
3086,1,Not Graduate,1,8300000,26300000,240,530,8000000,Rejected
3087,4,Graduate,0,2500000,9900000,192,356,2300000,Rejected
3088,3,Graduate,0,6100000,24000000,216,718,6800000,Approved
3089,3,Not Graduate,0,5000000,13000000,120,459,7200000,Rejected
3090,3,Not Graduate,0,9500000,22200000,96,571,10500000,Approved
3091,2,Graduate,0,5700000,20500000,96,412,4900000,Rejected
3092,1,Graduate,1,5000000,12500000,240,604,7400000,Approved
3093,4,Not Graduate,1,8600000,20600000,192,449,5400000,Rejected
3094,5,Not Graduate,0,1400000,5300000,144,778,700000,Approved
3095,3,Graduate,0,5900000,21200000,192,476,7700000,Rejected
3096,4,Graduate,1,4100000,10400000,144,727,4400000,Approved
3097,3,Graduate,0,7400000,18500000,96,818,8400000,Approved
3098,1,Graduate,1,7100000,19300000,192,738,3600000,Approved
3099,5,Graduate,1,5300000,18200000,192,546,4000000,Rejected
3100,2,Not Graduate,0,6600000,14100000,24,471,6000000,Rejected
3101,3,Not Graduate,0,2800000,10600000,48,860,2900000,Approved
3102,1,Not Graduate,1,1600000,4400000,48,364,2400000,Rejected
3103,0,Graduate,1,8500000,25300000,240,557,7100000,Approved
3104,1,Not Graduate,1,5200000,20700000,144,612,3200000,Approved
3105,2,Not Graduate,1,6400000,19300000,72,414,3900000,Rejected
3106,5,Graduate,0,1300000,2900000,48,372,600000,Rejected
3107,0,Graduate,0,5600000,11600000,144,466,7500000,Rejected
3108,3,Graduate,1,9000000,19800000,240,348,6000000,Rejected
3109,1,Not Graduate,1,7800000,17200000,48,597,8500000,Approved
3110,4,Not Graduate,1,4000000,11000000,96,791,3000000,Approved
3111,0,Graduate,1,700000,1800000,144,400,300000,Rejected
3112,5,Graduate,1,7300000,18700000,192,813,5800000,Approved
3113,0,Not Graduate,1,5200000,15400000,48,675,2900000,Approved
3114,1,Not Graduate,0,6200000,18200000,216,324,3400000,Rejected
3115,4,Graduate,0,1100000,3600000,96,693,1500000,Approved
3116,1,Not Graduate,1,5600000,13700000,96,491,4200000,Rejected
3117,5,Graduate,1,3400000,9800000,96,559,2200000,Approved
3118,4,Graduate,0,1500000,4900000,192,392,2000000,Rejected
3119,2,Not Graduate,0,5800000,18600000,216,532,6700000,Rejected
3120,4,Not Graduate,0,9800000,29400000,96,592,9000000,Approved
3121,5,Not Graduate,0,8300000,23100000,48,459,5500000,Rejected
3122,4,Graduate,1,500000,1200000,48,627,700000,Approved
3123,4,Graduate,0,1900000,6100000,24,462,2500000,Approved
3124,1,Not Graduate,1,9700000,24700000,168,600,6700000,Approved
3125,5,Not Graduate,0,1800000,6200000,216,366,1300000,Rejected
3126,0,Graduate,1,3300000,9700000,168,356,1900000,Rejected
3127,5,Graduate,0,900000,2300000,192,590,900000,Approved
3128,5,Graduate,1,8200000,28900000,48,485,6800000,Approved
3129,1,Not Graduate,1,500000,1700000,216,617,500000,Approved
3130,5,Graduate,1,1000000,2600000,96,664,900000,Approved
3131,3,Not Graduate,0,7100000,27900000,96,583,6300000,Approved
3132,1,Graduate,1,200000,400000,216,859,200000,Approved
3133,2,Graduate,0,3100000,7300000,168,504,1500000,Rejected
3134,4,Graduate,0,700000,2300000,192,688,400000,Approved
3135,3,Not Graduate,0,1800000,5700000,24,422,2300000,Approved
3136,3,Not Graduate,1,8400000,27000000,96,746,12500000,Approved
3137,3,Graduate,0,7400000,17500000,240,317,9500000,Rejected
3138,2,Not Graduate,1,6700000,20200000,72,701,8200000,Approved
3139,1,Graduate,1,1700000,6000000,192,754,1800000,Approved
3140,3,Not Graduate,1,300000,600000,120,515,200000,Rejected
3141,1,Graduate,1,3800000,8800000,144,670,3800000,Approved
3142,5,Graduate,1,1300000,4000000,96,407,1100000,Rejected
3143,5,Not Graduate,1,3100000,10900000,144,884,4100000,Approved
3144,1,Graduate,1,200000,400000,240,882,0,Approved
3145,2,Not Graduate,1,8100000,24700000,72,595,6500000,Approved
3146,1,Not Graduate,1,8900000,22900000,48,757,7800000,Approved
3147,5,Graduate,1,4200000,8500000,48,386,6000000,Rejected
3148,5,Not Graduate,1,4100000,11100000,216,756,3000000,Approved
3149,3,Not Graduate,0,8300000,25700000,144,453,5700000,Rejected
3150,3,Not Graduate,0,7500000,25200000,96,316,9000000,Rejected
3151,3,Graduate,0,2100000,7700000,72,703,1300000,Approved
3152,3,Graduate,0,1400000,3200000,96,753,2000000,Approved
3153,0,Not Graduate,0,6900000,23500000,24,621,9400000,Approved
3154,0,Graduate,1,2500000,9100000,120,852,1500000,Approved
3155,3,Not Graduate,1,3800000,9400000,144,301,5000000,Rejected
3156,3,Not Graduate,1,7700000,29300000,120,359,4200000,Rejected
3157,1,Not Graduate,0,3200000,6600000,192,534,1800000,Rejected
3158,0,Not Graduate,1,8600000,20000000,120,704,10300000,Approved
3159,3,Not Graduate,1,3800000,13700000,192,662,5300000,Approved
3160,3,Graduate,0,8400000,31100000,216,599,8500000,Approved
3161,1,Graduate,0,1600000,5400000,48,319,1600000,Approved
3162,2,Not Graduate,0,7800000,19400000,192,549,6900000,Rejected
3163,1,Graduate,1,9400000,21000000,144,443,5600000,Rejected
3164,3,Not Graduate,1,9900000,26700000,120,550,6600000,Approved
3165,4,Not Graduate,0,2400000,8000000,216,393,3000000,Rejected
3166,2,Graduate,1,7500000,15100000,96,488,6700000,Rejected
3167,5,Graduate,0,3300000,11800000,192,845,2600000,Approved
3168,2,Graduate,0,5500000,19000000,24,382,8100000,Approved
3169,5,Not Graduate,0,2400000,7500000,144,357,1300000,Rejected
3170,1,Not Graduate,1,8700000,27500000,192,815,5900000,Approved
3171,1,Not Graduate,0,9600000,26000000,192,368,8400000,Rejected
3172,0,Graduate,0,8400000,19800000,192,674,10700000,Approved
3173,5,Not Graduate,0,9200000,23900000,120,335,10700000,Rejected
3174,2,Graduate,1,4600000,12600000,24,355,6500000,Rejected
3175,5,Not Graduate,0,7600000,17500000,72,510,9800000,Rejected
3176,4,Graduate,0,8500000,17800000,48,698,8000000,Approved
3177,4,Not Graduate,1,3100000,8200000,216,408,3100000,Rejected
3178,3,Graduate,1,4900000,13100000,216,401,3600000,Rejected
3179,5,Not Graduate,1,5800000,14000000,168,418,6800000,Rejected
3180,0,Not Graduate,0,5700000,21300000,48,697,5500000,Approved
3181,4,Graduate,0,3200000,12200000,168,683,2900000,Rejected
3182,4,Not Graduate,1,8000000,31500000,192,763,8900000,Approved
3183,4,Not Graduate,0,5000000,11400000,72,336,2500000,Rejected
3184,2,Not Graduate,1,2900000,8300000,120,693,4300000,Approved
3185,2,Not Graduate,0,6400000,23900000,216,745,7000000,Approved
3186,5,Graduate,0,6300000,22500000,216,629,8000000,Approved
3187,0,Not Graduate,0,5900000,23300000,192,581,5800000,Approved
3188,1,Graduate,0,8100000,29600000,48,672,5400000,Approved
3189,5,Graduate,1,7100000,20100000,48,700,4500000,Approved
3190,1,Not Graduate,0,1400000,4400000,168,787,800000,Approved
3191,3,Graduate,1,2300000,8000000,96,300,1200000,Rejected
3192,1,Graduate,0,7400000,16100000,48,655,4300000,Approved
3193,0,Graduate,1,5300000,13300000,144,572,7100000,Approved
3194,5,Graduate,1,7700000,16400000,24,663,3900000,Approved
3195,0,Not Graduate,0,5000000,10700000,192,726,4800000,Approved
3196,5,Not Graduate,1,6000000,12300000,144,680,7300000,Approved
3197,0,Graduate,0,1400000,2700000,24,685,1300000,Approved
3198,5,Not Graduate,1,9400000,23100000,72,762,6600000,Approved
3199,3,Not Graduate,0,5200000,17200000,216,768,3800000,Approved
3200,0,Graduate,0,3100000,11100000,96,504,1800000,Rejected
3201,3,Not Graduate,1,8400000,20500000,144,796,11200000,Approved
3202,0,Not Graduate,0,1200000,2900000,216,348,600000,Rejected
3203,5,Not Graduate,1,4800000,13100000,72,717,2800000,Approved
3204,5,Not Graduate,1,9200000,34200000,48,565,12300000,Approved
3205,2,Not Graduate,0,5300000,10900000,72,647,3200000,Approved
3206,3,Graduate,0,4700000,10900000,24,626,5200000,Approved
3207,0,Not Graduate,0,6500000,24700000,72,554,9600000,Approved
3208,4,Graduate,1,3200000,11500000,240,864,4100000,Approved
3209,4,Graduate,0,4600000,12500000,72,406,6800000,Rejected
3210,5,Graduate,0,700000,1800000,120,650,300000,Approved
3211,5,Not Graduate,1,7600000,16500000,96,534,8300000,Rejected
3212,4,Graduate,0,1200000,2600000,96,872,900000,Approved
3213,2,Graduate,0,5100000,16500000,144,845,5700000,Approved
3214,1,Not Graduate,1,4300000,16300000,168,792,4000000,Rejected
3215,4,Graduate,0,300000,1200000,216,544,100000,Rejected
3216,2,Graduate,1,4000000,13000000,120,552,3400000,Approved
3217,5,Not Graduate,0,3900000,14900000,144,837,3600000,Approved
3218,0,Not Graduate,1,6900000,21300000,216,845,6600000,Approved
3219,4,Not Graduate,1,7000000,24100000,120,677,6300000,Approved
3220,1,Graduate,0,6300000,18300000,240,430,9200000,Rejected
3221,3,Graduate,1,8900000,22500000,144,887,9500000,Approved
3222,0,Not Graduate,1,5700000,19400000,96,544,5800000,Rejected
3223,4,Not Graduate,1,5200000,18300000,120,355,3400000,Rejected
3224,4,Graduate,0,7400000,17500000,48,540,3600000,Rejected
3225,5,Graduate,0,6500000,16000000,168,444,7900000,Rejected
3226,3,Graduate,0,6200000,14900000,168,567,8800000,Approved
3227,5,Not Graduate,1,2400000,6500000,240,513,2600000,Rejected
3228,0,Not Graduate,0,2500000,7100000,120,590,2600000,Approved
3229,2,Graduate,1,2700000,8500000,240,368,2100000,Rejected
3230,5,Not Graduate,0,3000000,7600000,72,413,1700000,Rejected
3231,4,Graduate,1,6100000,13600000,48,401,3900000,Rejected
3232,3,Graduate,0,1500000,5400000,216,687,1700000,Approved
3233,2,Graduate,0,6500000,14100000,168,577,3900000,Approved
3234,4,Not Graduate,0,200000,700000,120,576,300000,Approved
3235,1,Not Graduate,0,9900000,23400000,192,687,8200000,Approved
3236,4,Graduate,0,5500000,11600000,144,474,5600000,Rejected
3237,4,Graduate,0,1200000,4400000,72,709,1700000,Approved
3238,4,Graduate,1,6900000,20200000,216,438,5700000,Rejected
3239,3,Graduate,1,8000000,25300000,48,306,6600000,Approved
3240,3,Not Graduate,1,4100000,13900000,240,383,3800000,Rejected
3241,2,Graduate,0,1400000,4700000,240,563,1400000,Approved
3242,4,Not Graduate,1,1600000,3200000,240,371,1000000,Rejected
3243,1,Graduate,0,2100000,4200000,144,379,2500000,Rejected
3244,1,Not Graduate,0,8800000,30200000,216,897,11100000,Approved
3245,3,Not Graduate,1,7100000,25400000,120,725,8600000,Approved
3246,1,Not Graduate,0,8600000,31500000,192,678,5300000,Approved
3247,2,Not Graduate,1,5400000,14800000,72,724,5400000,Approved
3248,3,Graduate,1,1000000,2500000,72,808,500000,Approved
3249,0,Graduate,0,5400000,18400000,96,625,4800000,Approved
3250,2,Graduate,0,4200000,16800000,48,771,5800000,Approved
3251,2,Not Graduate,0,7500000,22400000,168,695,9400000,Approved
3252,4,Graduate,0,1200000,3300000,24,564,1100000,Approved
3253,4,Graduate,1,6300000,14500000,120,349,5700000,Rejected
3254,4,Graduate,1,300000,900000,48,797,400000,Approved
3255,3,Graduate,0,7400000,28800000,96,391,7200000,Rejected
3256,5,Not Graduate,0,2200000,5400000,144,833,1600000,Approved
3257,5,Graduate,0,4000000,9100000,120,515,5500000,Rejected
3258,4,Graduate,1,2700000,10400000,192,671,4000000,Approved
3259,0,Not Graduate,1,2000000,6900000,48,404,3000000,Approved
3260,4,Not Graduate,0,6400000,14800000,72,537,6500000,Rejected
3261,5,Not Graduate,1,1400000,5100000,48,348,1300000,Approved
3262,0,Not Graduate,1,2800000,6300000,144,647,2300000,Approved
3263,2,Not Graduate,1,8200000,28700000,168,316,4300000,Rejected
3264,3,Not Graduate,0,9000000,26700000,168,638,5200000,Approved
3265,5,Not Graduate,1,800000,2100000,144,363,900000,Rejected
3266,4,Not Graduate,1,6100000,21200000,72,808,6100000,Approved
3267,4,Not Graduate,1,2400000,9400000,24,871,3500000,Approved
3268,4,Graduate,1,6000000,17000000,144,607,3900000,Approved
3269,2,Not Graduate,1,7900000,22500000,72,571,8100000,Approved
3270,3,Graduate,1,9500000,25700000,216,446,10100000,Rejected
3271,3,Not Graduate,1,1800000,6400000,240,436,1300000,Rejected
3272,3,Not Graduate,1,5800000,14100000,144,738,8400000,Approved
3273,3,Graduate,0,2800000,9400000,120,519,1500000,Rejected
3274,3,Graduate,1,4000000,8300000,96,531,5900000,Rejected
3275,1,Not Graduate,0,1000000,3400000,216,578,1200000,Approved
3276,0,Graduate,0,9100000,21100000,240,578,5600000,Approved
3277,0,Graduate,0,4600000,18100000,168,442,3300000,Rejected
3278,2,Not Graduate,0,7800000,16900000,72,751,11700000,Approved
3279,4,Graduate,1,6600000,18800000,120,353,6200000,Rejected
3280,5,Not Graduate,0,9800000,26600000,144,664,14100000,Approved
3281,1,Graduate,0,7400000,26600000,216,505,3900000,Rejected
3282,3,Graduate,1,4300000,16600000,120,571,5800000,Approved
3283,2,Not Graduate,1,9800000,34600000,192,754,6100000,Approved
3284,5,Not Graduate,0,1100000,3900000,240,858,1100000,Approved
3285,3,Graduate,1,8600000,21800000,240,641,9100000,Approved
3286,0,Not Graduate,1,9400000,35500000,192,592,5800000,Approved
3287,3,Graduate,1,5300000,20300000,168,432,5900000,Rejected
3288,1,Not Graduate,1,8700000,33800000,216,558,5900000,Approved
3289,3,Graduate,1,4800000,14200000,144,547,2400000,Rejected
3290,4,Not Graduate,0,4400000,9800000,216,732,4400000,Approved
3291,1,Graduate,1,5400000,19300000,144,784,6500000,Approved
3292,5,Not Graduate,1,8400000,31900000,120,605,9100000,Approved
3293,1,Graduate,1,5400000,19500000,216,688,3500000,Approved
3294,3,Not Graduate,1,9400000,32100000,120,617,11400000,Approved
3295,0,Not Graduate,1,800000,2400000,48,518,500000,Approved
3296,0,Not Graduate,0,3800000,14800000,120,390,4600000,Rejected
3297,4,Graduate,0,3100000,6300000,48,370,2800000,Rejected
3298,3,Not Graduate,1,6000000,21300000,48,802,7600000,Approved
3299,2,Not Graduate,1,6800000,15500000,144,338,8500000,Rejected
3300,5,Not Graduate,0,5200000,11700000,72,658,5600000,Approved
3301,0,Not Graduate,0,1900000,6700000,144,595,1700000,Approved
3302,5,Graduate,1,3600000,8500000,240,594,4500000,Approved
3303,3,Graduate,1,1500000,4100000,168,611,2100000,Approved
3304,3,Not Graduate,0,2000000,5800000,96,799,1000000,Approved
3305,5,Graduate,0,9200000,18600000,240,497,10700000,Rejected
3306,0,Not Graduate,1,6100000,15900000,216,456,8800000,Rejected
3307,5,Not Graduate,0,300000,500000,96,396,200000,Rejected
3308,1,Graduate,0,800000,2300000,120,770,1100000,Approved
3309,0,Not Graduate,0,3300000,9000000,192,797,3300000,Approved
3310,1,Not Graduate,0,5800000,18700000,240,586,6000000,Approved
3311,5,Not Graduate,0,8500000,23400000,192,604,4800000,Approved
3312,0,Not Graduate,1,4100000,12800000,96,799,2700000,Approved
3313,2,Graduate,0,7800000,26400000,48,763,6700000,Approved
3314,0,Graduate,0,7500000,23000000,168,725,7100000,Approved
3315,2,Graduate,0,2300000,8800000,216,336,1500000,Rejected
3316,4,Graduate,1,600000,2300000,72,495,300000,Rejected
3317,1,Not Graduate,0,2900000,11500000,240,431,3100000,Rejected
3318,5,Not Graduate,0,900000,2200000,24,415,700000,Rejected
3319,5,Graduate,1,9000000,20400000,72,451,9000000,Rejected
3320,1,Not Graduate,0,4800000,14300000,48,489,3600000,Rejected
3321,1,Graduate,0,1600000,4600000,144,415,1500000,Rejected
3322,3,Not Graduate,0,2600000,8100000,144,425,2200000,Rejected
3323,4,Graduate,1,1800000,4600000,168,453,1600000,Rejected
3324,5,Graduate,1,4400000,11800000,240,634,4300000,Approved
3325,2,Not Graduate,0,200000,300000,240,519,300000,Rejected
3326,4,Not Graduate,1,800000,2100000,72,353,1200000,Rejected
3327,3,Graduate,0,1500000,3200000,48,767,1400000,Approved
3328,0,Not Graduate,1,7700000,16900000,168,473,6400000,Rejected
3329,5,Graduate,1,7200000,21300000,24,801,7200000,Approved
3330,4,Graduate,0,1000000,2300000,192,543,1000000,Rejected
3331,1,Graduate,0,6300000,17200000,144,714,8500000,Approved
3332,3,Graduate,0,1900000,4100000,144,830,2100000,Approved
3333,5,Graduate,0,4400000,15300000,48,401,2400000,Approved
3334,0,Not Graduate,0,9100000,26400000,72,518,5700000,Rejected
3335,2,Graduate,1,900000,2300000,240,367,1300000,Rejected
3336,0,Graduate,1,4600000,12000000,144,493,3600000,Rejected
3337,2,Graduate,1,9400000,22700000,168,505,11500000,Rejected
3338,5,Graduate,0,6900000,26500000,192,322,9400000,Rejected
3339,2,Graduate,0,300000,900000,96,735,100000,Approved
3340,5,Graduate,1,1900000,6700000,24,622,1700000,Approved
3341,4,Graduate,1,4400000,16400000,72,513,5700000,Rejected
3342,4,Not Graduate,1,1200000,4100000,192,585,900000,Approved
3343,1,Graduate,1,1000000,3000000,120,813,800000,Approved
3344,0,Graduate,0,3100000,10400000,216,622,1600000,Approved
3345,1,Graduate,1,2100000,6300000,192,899,2200000,Approved
3346,0,Not Graduate,0,2100000,4700000,24,459,1200000,Rejected
3347,4,Graduate,0,9400000,33300000,216,369,7200000,Rejected
3348,2,Not Graduate,0,9700000,37700000,72,601,11800000,Approved
3349,4,Graduate,0,1400000,2700000,216,703,900000,Approved
3350,2,Not Graduate,0,4700000,14600000,240,597,6800000,Approved
3351,3,Not Graduate,1,4100000,13300000,120,670,6100000,Approved
3352,4,Not Graduate,1,1200000,2800000,72,366,1400000,Rejected
3353,5,Not Graduate,0,7900000,27800000,192,857,10600000,Approved
3354,2,Not Graduate,0,6600000,15000000,192,401,3300000,Rejected
3355,0,Not Graduate,0,2200000,8800000,48,437,2000000,Approved
3356,3,Not Graduate,0,5500000,17600000,96,882,3100000,Approved
3357,4,Graduate,0,5100000,15500000,96,392,6700000,Rejected
3358,2,Not Graduate,1,3900000,7700000,120,421,2100000,Rejected
3359,5,Graduate,0,200000,400000,72,722,100000,Approved
3360,4,Graduate,0,5800000,14700000,120,692,3900000,Approved
3361,5,Not Graduate,0,8300000,20700000,24,537,7800000,Rejected
3362,5,Graduate,1,2600000,5500000,96,676,1300000,Approved
3363,1,Graduate,0,2100000,8100000,72,817,2900000,Approved
3364,4,Not Graduate,0,3900000,10800000,240,433,2300000,Rejected
3365,1,Graduate,1,5200000,16300000,72,524,4600000,Rejected
3366,3,Not Graduate,1,7800000,24400000,240,490,4100000,Rejected
3367,3,Not Graduate,1,5400000,14300000,48,595,4900000,Approved
3368,2,Not Graduate,0,2900000,11000000,24,835,1400000,Approved
3369,4,Graduate,0,7100000,28300000,72,850,9700000,Approved
3370,1,Graduate,1,800000,2500000,48,409,900000,Approved
3371,5,Graduate,1,3400000,12800000,120,760,4600000,Approved
3372,1,Graduate,1,6800000,17600000,168,344,7700000,Rejected
3373,4,Graduate,1,7000000,27100000,144,881,9500000,Approved
3374,0,Graduate,1,9300000,24500000,120,600,5400000,Approved
3375,2,Graduate,0,7500000,19900000,120,790,5900000,Approved
3376,3,Graduate,1,8000000,31200000,240,392,6000000,Rejected
3377,5,Graduate,1,1600000,4100000,24,748,1000000,Approved
3378,1,Graduate,1,6700000,18800000,72,798,6100000,Approved
3379,3,Not Graduate,0,3800000,11400000,48,323,4400000,Approved
3380,1,Not Graduate,1,2700000,5400000,72,413,2600000,Rejected
3381,3,Graduate,0,1300000,2900000,96,733,1800000,Approved
3382,4,Not Graduate,0,3400000,10500000,192,543,4500000,Rejected
3383,3,Graduate,0,3400000,10900000,168,757,3000000,Approved
3384,5,Graduate,1,2400000,6800000,96,464,1900000,Rejected
3385,0,Not Graduate,0,1900000,6900000,48,749,2200000,Approved
3386,4,Graduate,0,700000,2200000,72,680,300000,Approved
3387,1,Not Graduate,0,6900000,20900000,48,574,5200000,Approved
3388,5,Graduate,1,300000,800000,216,774,400000,Approved
3389,3,Not Graduate,0,6000000,18700000,120,387,6700000,Rejected
3390,1,Not Graduate,0,4300000,16400000,240,397,5700000,Rejected
3391,4,Graduate,0,5800000,13500000,168,816,7900000,Approved
3392,2,Graduate,1,3300000,6700000,96,845,3200000,Approved
3393,2,Not Graduate,0,400000,1500000,48,743,300000,Approved
3394,5,Not Graduate,0,300000,600000,48,418,200000,Rejected
3395,1,Not Graduate,0,4200000,10700000,72,466,4700000,Rejected
3396,2,Not Graduate,1,600000,2300000,144,335,400000,Rejected
3397,5,Not Graduate,1,4400000,15200000,72,446,5800000,Rejected
3398,0,Graduate,1,9200000,29400000,24,868,5300000,Approved
3399,2,Graduate,1,6900000,25300000,48,763,5500000,Approved
3400,5,Not Graduate,1,5100000,13700000,168,527,4700000,Rejected
3401,4,Graduate,0,3400000,12700000,24,741,3700000,Approved
3402,4,Not Graduate,1,8600000,26800000,144,802,11700000,Approved
3403,3,Not Graduate,1,9200000,28900000,96,538,4900000,Rejected
3404,5,Graduate,1,4800000,16300000,48,523,2800000,Approved
3405,4,Not Graduate,0,2800000,8300000,168,381,1500000,Rejected
3406,1,Graduate,1,3400000,7000000,48,534,4000000,Rejected
3407,5,Not Graduate,1,800000,2200000,168,574,1100000,Approved
3408,1,Not Graduate,0,4100000,11100000,72,405,5900000,Rejected
3409,0,Not Graduate,0,1900000,3800000,192,542,2100000,Rejected
3410,5,Graduate,1,6700000,25400000,168,820,3900000,Approved
3411,0,Graduate,0,5200000,13400000,24,505,6200000,Rejected
3412,3,Graduate,1,6700000,16400000,24,508,9200000,Rejected
3413,1,Not Graduate,1,4700000,15000000,240,835,3800000,Approved
3414,0,Not Graduate,0,6000000,22000000,144,826,7000000,Approved
3415,5,Not Graduate,1,6500000,18900000,144,427,7800000,Rejected
3416,3,Graduate,0,500000,2000000,144,890,400000,Approved
3417,4,Not Graduate,0,5700000,13300000,24,333,8200000,Rejected
3418,4,Not Graduate,1,6800000,20000000,144,679,6600000,Approved
3419,5,Not Graduate,0,3100000,12300000,216,805,2800000,Approved
3420,3,Not Graduate,0,5100000,11000000,192,826,2700000,Approved
3421,1,Not Graduate,1,6300000,23900000,120,844,4500000,Approved
3422,5,Graduate,1,4400000,14100000,120,663,2600000,Approved
3423,1,Not Graduate,0,8100000,21900000,72,884,6600000,Approved
3424,1,Not Graduate,0,1100000,3700000,24,508,1300000,Approved
3425,0,Graduate,1,2400000,6900000,48,581,3400000,Approved
3426,3,Graduate,1,7000000,26300000,144,481,9900000,Rejected
3427,1,Graduate,1,8700000,30000000,144,543,12700000,Rejected
3428,0,Not Graduate,1,3500000,12600000,120,448,3600000,Rejected
3429,1,Graduate,1,1600000,5300000,48,713,1300000,Approved
3430,5,Not Graduate,1,7800000,17300000,192,493,9300000,Rejected
3431,2,Not Graduate,0,3700000,9200000,120,819,3100000,Approved
3432,4,Graduate,0,400000,1400000,216,827,600000,Approved
3433,0,Not Graduate,0,4800000,15700000,120,398,6400000,Rejected
3434,0,Graduate,1,2900000,7500000,216,692,4000000,Approved
3435,5,Graduate,1,5000000,14600000,216,509,4900000,Rejected
3436,0,Graduate,1,7600000,18100000,192,439,10600000,Rejected
3437,1,Graduate,0,3000000,9400000,48,622,2000000,Approved
3438,3,Not Graduate,1,200000,700000,216,526,0,Rejected
3439,5,Not Graduate,1,6800000,19000000,96,865,6300000,Approved
3440,5,Not Graduate,1,9700000,27400000,24,328,7900000,Rejected
3441,0,Graduate,1,1200000,4200000,48,768,1500000,Approved
3442,5,Not Graduate,1,7400000,24000000,192,854,8700000,Approved
3443,4,Graduate,0,6900000,20800000,48,839,7400000,Approved
3444,0,Not Graduate,1,9100000,23300000,216,414,6400000,Rejected
3445,0,Graduate,1,1300000,4700000,192,530,800000,Rejected
3446,3,Graduate,0,6600000,14600000,120,841,6000000,Approved
3447,3,Not Graduate,1,1800000,5700000,168,670,2700000,Approved
3448,5,Not Graduate,1,8200000,20900000,168,726,8400000,Approved
3449,4,Not Graduate,0,2800000,8300000,168,352,3700000,Rejected
3450,1,Graduate,1,7000000,16000000,48,554,7900000,Approved
3451,4,Graduate,0,700000,1800000,216,728,600000,Approved
3452,0,Not Graduate,0,7400000,25500000,72,463,8400000,Rejected
3453,5,Not Graduate,1,2300000,5000000,120,431,2900000,Rejected
3454,1,Graduate,1,600000,1900000,96,445,300000,Rejected
3455,5,Graduate,0,1000000,3000000,48,896,1100000,Approved
3456,1,Not Graduate,1,2200000,5200000,96,420,2300000,Rejected
3457,1,Not Graduate,0,8000000,30900000,24,315,7300000,Approved
3458,4,Not Graduate,0,8600000,20900000,120,867,9900000,Approved
3459,3,Not Graduate,1,7500000,26000000,24,342,11200000,Approved
3460,5,Not Graduate,1,5200000,11800000,216,711,4500000,Approved
3461,2,Not Graduate,0,7900000,20900000,24,723,7100000,Approved
3462,1,Graduate,1,4200000,11300000,48,704,4000000,Approved
3463,0,Graduate,0,6500000,20200000,192,842,9600000,Approved
3464,0,Graduate,1,7400000,15200000,144,600,4100000,Approved
3465,3,Not Graduate,0,9100000,25600000,144,688,11100000,Approved
3466,0,Not Graduate,0,800000,2300000,192,739,400000,Approved
3467,1,Graduate,1,800000,2800000,120,798,400000,Approved
3468,5,Graduate,1,4100000,9900000,48,319,5500000,Rejected
3469,5,Graduate,1,4200000,8700000,72,583,2500000,Approved
3470,3,Graduate,1,4800000,11500000,144,535,5400000,Rejected
3471,3,Not Graduate,1,8300000,25900000,96,696,7100000,Approved
3472,4,Not Graduate,0,7600000,23900000,96,672,6700000,Approved
3473,4,Graduate,0,5100000,12300000,240,410,5600000,Rejected
3474,5,Graduate,0,3600000,11600000,168,546,4800000,Rejected
3475,3,Not Graduate,1,5400000,16800000,192,550,7000000,Approved
3476,5,Not Graduate,0,700000,1400000,48,344,300000,Rejected
3477,2,Not Graduate,1,9800000,38200000,120,743,5300000,Approved
3478,4,Graduate,0,9700000,36400000,48,772,13500000,Approved
3479,0,Graduate,1,9400000,29900000,144,302,8200000,Rejected
3480,3,Graduate,1,3200000,9100000,216,376,1700000,Rejected
3481,0,Graduate,1,3700000,11600000,120,747,3500000,Approved
3482,2,Graduate,1,4200000,15800000,72,710,4600000,Approved
3483,2,Not Graduate,0,7000000,24200000,72,892,9200000,Approved
3484,3,Not Graduate,0,3200000,11500000,192,492,3200000,Rejected
3485,5,Graduate,0,7900000,17700000,24,559,5400000,Approved
3486,3,Not Graduate,0,2200000,8300000,216,314,2000000,Rejected
3487,0,Graduate,1,2700000,8400000,72,744,2000000,Approved
3488,5,Not Graduate,0,6800000,18000000,144,690,9300000,Approved
3489,3,Graduate,1,6300000,23300000,48,347,8100000,Approved
3490,5,Graduate,1,9000000,31400000,24,677,8700000,Approved
3491,1,Graduate,0,4700000,15700000,48,468,3600000,Approved
3492,2,Not Graduate,0,8100000,17500000,48,674,9300000,Approved
3493,2,Not Graduate,0,9000000,27300000,168,353,7200000,Rejected
3494,4,Not Graduate,0,3800000,14100000,96,727,5400000,Approved
3495,4,Not Graduate,1,8800000,22200000,120,512,9900000,Rejected
3496,3,Not Graduate,1,8700000,27200000,216,454,12000000,Rejected
3497,5,Not Graduate,0,5000000,12400000,168,315,4000000,Rejected
3498,0,Not Graduate,1,6000000,22700000,120,480,8700000,Rejected
3499,2,Graduate,1,9100000,24200000,192,685,9100000,Approved
3500,1,Graduate,0,7400000,17900000,72,460,5000000,Rejected
3501,1,Not Graduate,1,8300000,28400000,192,704,11400000,Approved
3502,1,Graduate,1,7600000,23900000,144,692,5000000,Approved
3503,1,Not Graduate,1,3500000,9600000,48,398,4600000,Rejected
3504,5,Graduate,1,1000000,3500000,216,882,600000,Approved
3505,5,Graduate,1,9900000,25900000,48,860,5400000,Approved
3506,2,Graduate,1,5700000,15100000,216,330,6200000,Rejected
3507,5,Graduate,0,700000,2400000,192,447,800000,Rejected
3508,0,Not Graduate,1,9600000,23800000,144,788,10400000,Approved
3509,1,Not Graduate,0,9300000,28900000,72,526,11000000,Rejected
3510,0,Graduate,0,9500000,28400000,216,577,14100000,Approved
3511,4,Graduate,1,8700000,23400000,192,372,8000000,Rejected
3512,5,Graduate,1,7300000,21000000,168,759,10800000,Approved
3513,3,Graduate,1,4100000,12700000,120,465,3200000,Rejected
3514,2,Graduate,0,2900000,10200000,48,789,3600000,Approved
3515,3,Graduate,1,7500000,17900000,24,680,6300000,Approved
3516,1,Graduate,0,7900000,25700000,240,681,8800000,Approved
3517,1,Graduate,1,6900000,22300000,192,673,9000000,Approved
3518,0,Not Graduate,0,6900000,22900000,120,313,8000000,Rejected
3519,0,Not Graduate,0,4800000,18800000,192,551,5500000,Approved
3520,5,Graduate,1,7700000,24400000,96,453,10000000,Rejected
3521,3,Not Graduate,0,6900000,22700000,48,650,6400000,Approved
3522,1,Not Graduate,0,1200000,4500000,48,439,1200000,Approved
3523,1,Graduate,0,2900000,9600000,48,658,2700000,Approved
3524,4,Graduate,1,5500000,18900000,72,379,3100000,Rejected
3525,4,Graduate,1,3200000,10700000,48,450,1800000,Approved
3526,5,Not Graduate,0,2600000,8200000,48,849,2700000,Approved
3527,0,Graduate,0,500000,1600000,216,865,200000,Approved
3528,0,Graduate,0,1800000,6900000,120,853,1700000,Rejected
3529,0,Not Graduate,0,1300000,4900000,144,555,1700000,Approved
3530,1,Not Graduate,0,9900000,20700000,240,821,11100000,Approved
3531,0,Not Graduate,0,2000000,4700000,24,820,1200000,Approved
3532,1,Not Graduate,0,5100000,15300000,48,721,5900000,Approved
3533,4,Graduate,1,8200000,24000000,240,831,5400000,Approved
3534,5,Not Graduate,0,4200000,12600000,216,571,6200000,Approved
3535,2,Not Graduate,1,1300000,4900000,96,582,1700000,Approved
3536,1,Not Graduate,1,4600000,13600000,216,487,5400000,Rejected
3537,1,Not Graduate,0,6600000,19700000,144,758,9500000,Approved
3538,2,Graduate,1,8300000,30100000,192,636,7200000,Approved
3539,0,Graduate,0,6900000,20700000,192,857,8800000,Approved
3540,4,Graduate,1,4700000,12500000,96,678,7000000,Approved
3541,1,Graduate,0,7900000,15800000,96,551,8300000,Approved
3542,3,Not Graduate,0,8800000,24900000,192,668,10500000,Approved
3543,1,Graduate,0,6500000,23400000,24,672,7600000,Approved
3544,3,Not Graduate,0,3500000,13700000,48,439,4400000,Approved
3545,2,Not Graduate,1,8200000,19600000,192,636,10700000,Approved
3546,0,Not Graduate,1,2000000,6000000,168,393,2900000,Rejected
3547,5,Not Graduate,0,2700000,8200000,24,848,1500000,Approved
3548,0,Graduate,1,5300000,17600000,48,790,7700000,Approved
3549,2,Not Graduate,0,9900000,19900000,72,312,11000000,Rejected
3550,2,Not Graduate,1,5000000,19500000,168,775,6500000,Approved
3551,2,Not Graduate,0,9100000,18600000,240,403,9200000,Rejected
3552,3,Not Graduate,1,7600000,26400000,168,867,7400000,Approved
3553,0,Graduate,0,5200000,17800000,216,558,3100000,Approved
3554,5,Graduate,0,1800000,6000000,48,548,2600000,Approved
3555,0,Not Graduate,0,7300000,28200000,192,486,7700000,Rejected
3556,4,Graduate,0,3200000,11600000,72,635,3900000,Approved
3557,5,Graduate,0,5200000,20700000,24,538,3600000,Approved
3558,4,Not Graduate,0,7100000,28200000,168,496,4600000,Rejected
3559,4,Graduate,1,1400000,4800000,72,411,1600000,Rejected
3560,4,Not Graduate,0,2700000,10700000,72,857,2800000,Approved
3561,5,Graduate,1,6500000,18100000,120,360,6100000,Rejected
3562,4,Graduate,0,9300000,35900000,216,461,11400000,Rejected
3563,0,Graduate,1,6700000,14900000,192,638,8100000,Approved
3564,5,Graduate,0,6800000,19300000,72,865,9000000,Approved
3565,5,Not Graduate,0,5600000,13600000,48,449,4300000,Rejected
3566,1,Not Graduate,1,1900000,4700000,24,870,2300000,Approved
3567,5,Not Graduate,0,8400000,19500000,72,815,7200000,Approved
3568,2,Not Graduate,1,2500000,7200000,192,454,2100000,Rejected
3569,1,Not Graduate,1,2900000,9900000,216,783,2600000,Approved
3570,3,Graduate,1,3200000,7400000,24,543,4600000,Rejected
3571,4,Not Graduate,1,3000000,10900000,24,786,3200000,Approved
3572,3,Graduate,1,800000,2500000,240,395,500000,Rejected
3573,2,Not Graduate,1,400000,1300000,24,885,500000,Approved
3574,2,Not Graduate,0,4400000,10600000,240,488,4600000,Rejected
3575,2,Not Graduate,1,8700000,19900000,120,829,8400000,Approved
3576,4,Not Graduate,0,7400000,15400000,72,677,7400000,Approved
3577,4,Not Graduate,1,5700000,14400000,144,645,4700000,Approved
3578,5,Not Graduate,1,9700000,27600000,120,788,10600000,Approved
3579,2,Not Graduate,0,7000000,22400000,72,649,8900000,Approved
3580,2,Not Graduate,0,8900000,23100000,48,519,4700000,Rejected
3581,3,Graduate,1,3100000,11200000,168,772,2100000,Approved
3582,4,Graduate,0,2200000,6100000,144,330,2200000,Rejected
3583,5,Not Graduate,1,7100000,21500000,48,557,4000000,Approved
3584,4,Graduate,1,8200000,19000000,72,334,10200000,Rejected
3585,3,Graduate,1,9800000,28400000,144,487,11100000,Rejected
3586,2,Graduate,1,3900000,9700000,96,539,5100000,Rejected
3587,2,Graduate,1,2200000,8100000,96,710,1000000,Approved
3588,5,Not Graduate,1,600000,1700000,240,879,700000,Approved
3589,4,Not Graduate,1,6900000,22000000,120,512,3900000,Rejected
3590,2,Graduate,1,7400000,27300000,216,561,9600000,Approved
3591,3,Not Graduate,1,4000000,11600000,72,539,4700000,Rejected
3592,3,Not Graduate,1,700000,2000000,216,544,400000,Rejected
3593,2,Not Graduate,1,1900000,4600000,192,631,2700000,Approved
3594,2,Graduate,0,2200000,6800000,240,546,2200000,Rejected
3595,1,Graduate,1,2000000,5600000,168,569,1600000,Approved
3596,4,Not Graduate,0,7400000,17900000,72,384,4700000,Rejected
3597,2,Not Graduate,1,2300000,9000000,72,583,3400000,Approved
3598,5,Not Graduate,1,4000000,15500000,144,517,3500000,Rejected
3599,3,Graduate,1,1500000,5800000,216,420,1400000,Rejected
3600,2,Not Graduate,1,5200000,12900000,216,644,7500000,Approved
3601,2,Graduate,0,5400000,14500000,96,349,6600000,Rejected
3602,3,Graduate,0,7700000,25300000,216,662,9900000,Approved
3603,0,Not Graduate,1,1900000,6400000,240,704,1900000,Approved
3604,4,Not Graduate,1,6400000,15500000,24,324,4500000,Rejected
3605,5,Graduate,0,700000,1700000,216,757,600000,Approved
3606,3,Graduate,1,5800000,23000000,192,361,2800000,Rejected
3607,1,Graduate,0,1800000,5400000,48,415,1800000,Approved
3608,5,Graduate,1,4300000,13800000,216,618,2400000,Approved
3609,4,Graduate,0,8000000,27100000,96,524,8400000,Rejected
3610,0,Not Graduate,0,1100000,4100000,216,887,1300000,Approved
3611,2,Not Graduate,1,8800000,31100000,144,729,9400000,Approved
3612,4,Graduate,0,4800000,18600000,168,774,6500000,Approved
3613,0,Not Graduate,1,200000,700000,240,724,300000,Approved
3614,5,Graduate,1,1400000,2700000,192,320,2000000,Rejected
3615,5,Graduate,0,2500000,6400000,192,590,3500000,Approved
3616,5,Graduate,0,8100000,25300000,96,796,7800000,Approved
3617,0,Graduate,1,6100000,19200000,72,890,7600000,Approved
3618,0,Not Graduate,1,2000000,4600000,192,651,1600000,Approved
3619,4,Not Graduate,0,4800000,10100000,144,634,6900000,Approved
3620,4,Graduate,1,900000,2800000,24,660,900000,Approved
3621,4,Not Graduate,0,1300000,3500000,144,512,700000,Rejected
3622,4,Not Graduate,1,4200000,9100000,24,900,5900000,Approved
3623,2,Graduate,1,3300000,11100000,240,823,2900000,Approved
3624,2,Not Graduate,1,8700000,28400000,144,880,4400000,Approved
3625,1,Not Graduate,1,800000,2600000,24,439,400000,Approved
3626,5,Graduate,1,7400000,17100000,24,441,10800000,Rejected
3627,3,Not Graduate,0,6900000,18500000,72,360,9600000,Rejected
3628,1,Graduate,1,8800000,33700000,168,561,11900000,Approved
3629,2,Graduate,1,8600000,32500000,48,758,6900000,Approved
3630,2,Graduate,0,5400000,20600000,216,621,5500000,Approved
3631,4,Graduate,1,2900000,5900000,216,621,3500000,Approved
3632,3,Graduate,0,9800000,21000000,144,342,7000000,Rejected
3633,4,Graduate,0,3300000,10800000,48,552,3300000,Approved
3634,0,Not Graduate,0,300000,500000,216,376,300000,Rejected
3635,0,Graduate,0,1500000,4300000,144,801,1100000,Approved
3636,3,Not Graduate,1,5400000,16300000,48,512,6000000,Approved
3637,0,Graduate,0,6600000,15200000,216,497,9300000,Rejected
3638,0,Graduate,0,5700000,17200000,96,386,2900000,Rejected
3639,3,Not Graduate,1,8500000,26100000,24,683,5700000,Approved
3640,0,Graduate,0,7400000,24100000,192,779,4900000,Approved
3641,3,Not Graduate,1,7800000,17700000,72,876,10800000,Approved
3642,3,Graduate,1,7200000,16500000,216,515,10600000,Rejected
3643,2,Not Graduate,0,7600000,19300000,144,463,9600000,Rejected
3644,4,Not Graduate,1,7000000,26700000,48,486,6000000,Approved
3645,0,Not Graduate,0,5700000,13000000,72,328,8200000,Rejected
3646,2,Not Graduate,0,8200000,30600000,120,343,7000000,Rejected
3647,0,Graduate,1,9000000,27800000,96,712,5800000,Approved
3648,3,Not Graduate,0,3900000,11900000,72,607,2000000,Approved
3649,0,Graduate,0,6500000,16200000,48,812,6200000,Approved
3650,4,Not Graduate,1,2300000,7700000,192,589,2300000,Approved
3651,1,Not Graduate,0,5700000,21800000,216,657,3200000,Approved
3652,4,Not Graduate,0,800000,2800000,144,453,600000,Rejected
3653,4,Not Graduate,1,8400000,19700000,168,889,12100000,Approved
3654,1,Graduate,1,4300000,17200000,48,564,2200000,Approved
3655,1,Not Graduate,1,300000,900000,240,419,300000,Rejected
3656,1,Graduate,0,8700000,34000000,192,663,8100000,Approved
3657,1,Not Graduate,0,4400000,12100000,48,884,6000000,Approved
3658,1,Graduate,1,5600000,16800000,192,528,3900000,Rejected
3659,2,Graduate,0,600000,1300000,144,475,600000,Rejected
3660,4,Not Graduate,1,2500000,5100000,240,695,3500000,Approved
3661,5,Not Graduate,0,3800000,10500000,120,759,5300000,Approved
3662,2,Not Graduate,0,2500000,9600000,48,636,2000000,Approved
3663,3,Not Graduate,1,5500000,20400000,120,546,4000000,Rejected
3664,5,Graduate,1,4500000,17100000,24,639,6500000,Approved
3665,4,Not Graduate,0,1900000,4000000,120,388,900000,Rejected
3666,5,Graduate,1,6400000,20000000,144,594,5500000,Approved
3667,1,Not Graduate,1,3800000,11100000,72,760,5700000,Approved
3668,4,Not Graduate,1,6300000,16900000,192,582,6000000,Approved
3669,3,Not Graduate,0,300000,600000,72,896,400000,Approved
3670,5,Not Graduate,1,7100000,21800000,216,891,4700000,Approved
3671,2,Not Graduate,1,600000,1700000,24,495,500000,Rejected
3672,3,Graduate,1,4400000,15300000,192,865,3400000,Approved
3673,4,Not Graduate,0,7600000,20800000,144,775,6400000,Approved
3674,5,Graduate,1,8700000,26400000,120,318,9200000,Rejected
3675,3,Graduate,1,5600000,12700000,144,395,6400000,Rejected
3676,4,Not Graduate,0,4100000,13100000,168,772,3800000,Approved
3677,2,Not Graduate,1,7900000,16100000,216,318,9300000,Rejected
3678,3,Not Graduate,1,5600000,20900000,168,649,8200000,Approved
3679,3,Not Graduate,0,1200000,3100000,120,438,1000000,Rejected
3680,5,Graduate,0,6900000,19700000,72,588,7300000,Approved
3681,5,Not Graduate,0,2700000,5600000,24,815,2600000,Approved
3682,4,Graduate,1,9800000,22100000,48,364,7300000,Rejected
3683,2,Not Graduate,0,9300000,32300000,48,586,10400000,Approved
3684,4,Not Graduate,0,6700000,25300000,144,555,4900000,Approved
3685,4,Graduate,0,1300000,4600000,120,312,800000,Rejected
3686,2,Graduate,1,7900000,17100000,192,605,10400000,Approved
3687,5,Not Graduate,0,6700000,23200000,216,672,5400000,Approved
3688,2,Not Graduate,1,2100000,4500000,216,591,1500000,Approved
3689,4,Graduate,1,4700000,11000000,48,321,6900000,Rejected
3690,2,Graduate,0,3700000,13400000,192,393,3500000,Rejected
3691,0,Graduate,1,5800000,21800000,24,561,4200000,Approved
3692,5,Graduate,1,2400000,6900000,240,725,2400000,Approved
3693,1,Not Graduate,1,8100000,27600000,192,438,8000000,Rejected
3694,5,Graduate,1,5400000,21400000,144,399,6800000,Rejected
3695,0,Graduate,0,1400000,5400000,96,592,800000,Approved
3696,2,Not Graduate,0,2500000,8600000,96,835,1300000,Approved
3697,0,Not Graduate,1,1600000,5300000,48,733,1100000,Approved
3698,0,Not Graduate,0,3700000,10600000,240,484,3500000,Rejected
3699,5,Not Graduate,1,500000,1800000,240,615,300000,Approved
3700,3,Not Graduate,1,5300000,19500000,48,591,7900000,Approved
3701,0,Graduate,1,2800000,6800000,144,349,1400000,Rejected
3702,1,Graduate,1,9600000,29900000,216,478,9400000,Rejected
3703,4,Graduate,0,2200000,7800000,240,633,1900000,Approved
3704,1,Not Graduate,1,8400000,30900000,96,378,11100000,Rejected
3705,1,Not Graduate,0,2100000,5300000,240,461,1700000,Rejected
3706,2,Not Graduate,1,2800000,7000000,24,834,1300000,Approved
3707,0,Not Graduate,0,2500000,5800000,240,671,2000000,Approved
3708,3,Graduate,1,1700000,5800000,120,524,800000,Rejected
3709,3,Graduate,0,6100000,20700000,48,816,5900000,Approved
3710,3,Graduate,0,4100000,11700000,120,729,2100000,Approved
3711,5,Not Graduate,1,4500000,12700000,96,307,2700000,Rejected
3712,2,Graduate,1,5600000,19100000,96,350,4200000,Rejected
3713,3,Not Graduate,1,5800000,16600000,120,444,8500000,Rejected
3714,4,Not Graduate,0,8600000,26700000,120,895,6900000,Approved
3715,2,Graduate,0,2900000,10500000,240,708,4300000,Approved
3716,2,Not Graduate,1,8300000,17600000,24,355,6800000,Rejected
3717,5,Not Graduate,0,2400000,5100000,72,756,3400000,Approved
3718,4,Graduate,0,5600000,12000000,48,719,3400000,Approved
3719,1,Graduate,1,9500000,35400000,168,439,13500000,Rejected
3720,4,Not Graduate,1,4900000,15900000,120,668,2800000,Approved
3721,4,Not Graduate,1,5900000,16500000,24,765,3500000,Approved
3722,5,Graduate,1,500000,1500000,48,476,700000,Approved
3723,3,Graduate,0,7000000,21700000,168,781,9600000,Approved
3724,1,Not Graduate,0,3500000,12700000,48,350,1800000,Approved
3725,0,Graduate,0,5200000,12200000,192,783,5100000,Approved
3726,3,Graduate,1,6300000,19900000,144,770,3100000,Approved
3727,2,Not Graduate,0,8400000,28300000,120,822,4400000,Approved
3728,1,Not Graduate,1,7500000,22500000,168,469,4500000,Rejected
3729,2,Graduate,0,3300000,13000000,192,300,3100000,Rejected
3730,2,Not Graduate,0,8800000,22400000,168,692,10900000,Approved
3731,5,Graduate,0,200000,700000,216,707,200000,Approved
3732,5,Not Graduate,1,8000000,29100000,48,658,4600000,Approved
3733,3,Graduate,0,1000000,4000000,72,625,500000,Approved
3734,1,Graduate,0,9400000,26700000,120,343,13200000,Rejected
3735,5,Graduate,0,2100000,7300000,216,358,2200000,Rejected
3736,4,Graduate,1,5400000,11500000,240,705,6100000,Approved
3737,2,Graduate,1,4700000,15100000,96,799,4700000,Approved
3738,3,Graduate,0,8800000,33700000,144,397,8800000,Rejected
3739,5,Graduate,0,3200000,12200000,72,493,2100000,Rejected
3740,0,Graduate,1,7200000,21900000,48,446,7600000,Approved
3741,2,Not Graduate,1,2500000,7200000,192,315,2800000,Rejected
3742,5,Not Graduate,1,6900000,15700000,168,887,4500000,Approved
3743,5,Graduate,1,5700000,20500000,192,429,3900000,Rejected
3744,4,Graduate,1,5500000,15100000,216,673,7200000,Approved
3745,4,Not Graduate,1,9200000,29100000,120,731,5000000,Approved
3746,5,Graduate,1,5700000,11500000,24,732,5300000,Approved
3747,5,Graduate,1,5000000,16400000,168,525,3300000,Rejected
3748,4,Not Graduate,0,2300000,5500000,72,343,3200000,Rejected
3749,0,Not Graduate,1,3000000,11000000,192,331,2400000,Rejected
3750,0,Not Graduate,0,7900000,26200000,216,845,6300000,Approved
3751,2,Graduate,0,2000000,6200000,192,696,1300000,Approved
3752,5,Not Graduate,0,2700000,8700000,168,772,3700000,Approved
3753,3,Graduate,1,6400000,15800000,216,628,5300000,Approved
3754,0,Not Graduate,1,8200000,19100000,24,764,4000000,Approved
3755,1,Graduate,0,2800000,6900000,168,553,4200000,Approved
3756,1,Not Graduate,0,8900000,20000000,24,653,9900000,Approved
3757,1,Not Graduate,0,5100000,20000000,48,506,6700000,Approved
3758,3,Graduate,0,2800000,8500000,240,431,2200000,Rejected
3759,2,Not Graduate,1,6100000,12300000,216,697,3500000,Approved
3760,2,Not Graduate,0,8400000,24500000,72,588,10400000,Approved
3761,1,Not Graduate,0,1600000,5600000,72,846,1200000,Approved
3762,5,Graduate,0,4100000,11000000,168,379,5400000,Rejected
3763,1,Not Graduate,0,300000,700000,120,745,100000,Approved
3764,3,Graduate,0,9600000,34500000,240,523,5300000,Rejected
3765,4,Graduate,1,8300000,25400000,48,624,5400000,Approved
3766,1,Graduate,0,4600000,16700000,192,407,2800000,Rejected
3767,3,Not Graduate,1,5600000,11600000,144,756,7800000,Approved
3768,3,Graduate,1,4100000,8300000,192,351,2200000,Rejected
3769,3,Not Graduate,0,3700000,13400000,216,373,2500000,Rejected
3770,4,Not Graduate,1,800000,2400000,24,461,300000,Approved
3771,4,Graduate,0,8100000,28100000,144,672,9500000,Approved
3772,2,Graduate,1,2700000,9500000,120,434,1800000,Rejected
3773,2,Not Graduate,1,7000000,21400000,144,541,9600000,Rejected
3774,3,Not Graduate,1,8100000,29300000,24,413,6400000,Approved
3775,1,Graduate,0,3200000,7600000,48,592,4700000,Approved
3776,4,Not Graduate,1,400000,1400000,120,665,200000,Approved
3777,1,Graduate,0,7800000,23900000,48,313,10900000,Approved
3778,0,Not Graduate,0,5800000,19600000,168,673,7200000,Approved
3779,0,Not Graduate,1,2600000,6000000,96,382,1600000,Rejected
3780,5,Not Graduate,0,5400000,21100000,144,661,5400000,Approved
3781,3,Graduate,1,600000,1700000,48,576,500000,Approved
3782,1,Graduate,0,600000,1200000,168,443,800000,Rejected
3783,5,Graduate,1,9500000,21700000,192,307,9700000,Rejected
3784,4,Graduate,1,1900000,4800000,144,656,1700000,Approved
3785,1,Graduate,1,9800000,21200000,48,885,10800000,Approved
3786,3,Graduate,0,7800000,16600000,240,896,5500000,Approved
3787,5,Not Graduate,0,4900000,14100000,24,802,2700000,Approved
3788,3,Graduate,1,8300000,22700000,24,650,5800000,Approved
3789,4,Not Graduate,1,3900000,8900000,120,665,5300000,Approved
3790,2,Graduate,0,9000000,35700000,144,339,9000000,Rejected
3791,1,Not Graduate,0,9600000,32400000,240,447,4700000,Rejected
3792,5,Not Graduate,1,1000000,2400000,216,613,600000,Approved
3793,5,Graduate,0,2800000,7200000,192,424,3200000,Rejected
3794,2,Not Graduate,0,8300000,20800000,72,667,6800000,Approved
3795,4,Not Graduate,1,6900000,18300000,216,715,7500000,Approved
3796,5,Not Graduate,1,3800000,9100000,216,654,3000000,Approved
3797,2,Not Graduate,0,8000000,17800000,240,549,10800000,Rejected
3798,4,Graduate,1,9800000,29700000,48,373,10000000,Approved
3799,0,Graduate,1,2900000,7200000,192,332,3600000,Rejected
3800,4,Graduate,0,7900000,31500000,240,534,6400000,Rejected
3801,3,Not Graduate,0,4600000,17900000,96,396,2600000,Rejected
3802,2,Graduate,0,1000000,3700000,216,892,500000,Approved
3803,5,Graduate,0,9000000,21300000,168,602,11000000,Approved
3804,0,Graduate,1,9400000,36100000,120,615,9100000,Approved
3805,5,Graduate,1,7400000,23300000,240,482,6800000,Rejected
3806,0,Graduate,0,6600000,20100000,192,397,8400000,Rejected
3807,0,Not Graduate,0,1300000,3400000,120,464,1400000,Rejected
3808,0,Graduate,1,1100000,3400000,168,832,1600000,Approved
3809,5,Graduate,0,9200000,34800000,144,802,12500000,Approved
3810,2,Graduate,0,7000000,23900000,216,628,7200000,Approved
3811,4,Graduate,0,5100000,18800000,120,694,4100000,Approved
3812,1,Not Graduate,1,3200000,9300000,240,741,2300000,Approved
3813,1,Not Graduate,1,3700000,10900000,168,748,4100000,Approved
3814,5,Graduate,0,3600000,12800000,48,320,2900000,Approved
3815,1,Graduate,0,5600000,11700000,120,774,6500000,Approved
3816,0,Not Graduate,1,9500000,32000000,24,500,5600000,Approved
3817,4,Not Graduate,0,1500000,4000000,216,706,1700000,Approved
3818,4,Not Graduate,0,7400000,18300000,120,601,6100000,Approved
3819,2,Graduate,0,6000000,17400000,192,806,3500000,Approved
3820,0,Graduate,1,3000000,9600000,72,644,3000000,Approved
3821,4,Graduate,1,6000000,12900000,168,723,4100000,Approved
3822,5,Graduate,1,600000,1500000,144,509,800000,Rejected
3823,0,Graduate,0,1800000,6600000,48,898,1400000,Approved
3824,2,Graduate,1,5500000,12000000,24,567,7000000,Approved
3825,1,Graduate,0,1000000,2100000,72,715,1100000,Approved
3826,2,Not Graduate,1,1700000,3500000,120,854,1700000,Approved
3827,1,Graduate,1,3400000,12300000,96,523,2600000,Rejected
3828,1,Graduate,1,9600000,35900000,96,534,5400000,Rejected
3829,0,Not Graduate,1,2600000,7600000,216,470,2900000,Rejected
3830,1,Graduate,0,1600000,3500000,216,619,1500000,Approved
3831,0,Graduate,1,4300000,12800000,240,572,6100000,Approved
3832,3,Graduate,0,1400000,3500000,192,365,1600000,Rejected
3833,0,Not Graduate,0,8000000,18000000,192,791,10600000,Approved
3834,4,Not Graduate,1,5000000,18100000,144,424,6100000,Rejected
3835,5,Graduate,0,4500000,10200000,144,726,4200000,Approved
3836,1,Graduate,0,3400000,9900000,24,736,4500000,Approved
3837,5,Graduate,1,5700000,12800000,168,488,5500000,Rejected
3838,2,Not Graduate,1,2600000,7600000,120,400,3200000,Rejected
3839,0,Graduate,1,4500000,12200000,240,311,2400000,Rejected
3840,2,Not Graduate,1,5100000,16800000,24,504,4400000,Approved
3841,4,Not Graduate,1,5100000,18600000,240,312,5500000,Rejected
3842,5,Graduate,1,1700000,6500000,168,587,1500000,Approved
3843,1,Not Graduate,0,5200000,10500000,240,317,5300000,Rejected
3844,4,Not Graduate,0,8400000,29000000,24,463,6700000,Approved
3845,1,Not Graduate,1,9000000,34000000,192,842,5800000,Approved
3846,4,Graduate,1,3400000,11800000,240,616,2900000,Approved
3847,1,Not Graduate,0,5400000,19400000,96,800,3000000,Approved
3848,0,Graduate,1,700000,2100000,144,813,500000,Approved
3849,2,Graduate,0,7600000,24800000,144,564,6700000,Approved
3850,2,Not Graduate,0,5000000,14700000,144,837,4800000,Approved
3851,5,Not Graduate,1,2500000,9400000,192,735,1700000,Approved
3852,4,Not Graduate,1,2000000,5200000,192,724,2800000,Approved
3853,5,Not Graduate,0,9000000,23900000,144,658,6100000,Approved
3854,5,Graduate,0,8300000,31800000,192,858,8500000,Approved
3855,0,Not Graduate,1,3100000,8500000,96,614,3300000,Approved
3856,2,Graduate,1,8500000,25600000,192,714,5700000,Approved
3857,2,Graduate,1,1200000,4600000,240,605,600000,Approved
3858,4,Graduate,1,2800000,5500000,96,875,3300000,Approved
3859,5,Graduate,1,2800000,10900000,72,359,3000000,Rejected
3860,5,Graduate,1,6500000,24100000,72,441,5200000,Rejected
3861,4,Graduate,0,8700000,25200000,216,790,8400000,Approved
3862,1,Not Graduate,1,5400000,13600000,48,821,5600000,Approved
3863,2,Not Graduate,0,8600000,33300000,192,375,11200000,Rejected
3864,3,Graduate,0,4700000,9600000,120,545,5300000,Rejected
3865,5,Not Graduate,1,1100000,3900000,48,891,900000,Approved
3866,0,Graduate,0,6400000,14000000,96,486,3700000,Rejected
3867,0,Graduate,0,4300000,9900000,48,696,2100000,Approved
3868,5,Not Graduate,1,2900000,11100000,48,683,3300000,Approved
3869,5,Not Graduate,0,9600000,27100000,96,594,13300000,Approved
3870,3,Not Graduate,1,900000,2500000,240,529,700000,Rejected
3871,5,Not Graduate,0,8100000,26300000,48,429,6900000,Approved
3872,0,Not Graduate,1,8800000,25000000,48,400,9400000,Rejected
3873,0,Graduate,0,8800000,17500000,48,848,5100000,Approved
3874,1,Not Graduate,0,6400000,21500000,72,489,8900000,Rejected
3875,2,Graduate,0,2900000,6600000,120,326,3400000,Rejected
3876,5,Graduate,0,1600000,6100000,96,663,1200000,Approved
3877,1,Not Graduate,0,1600000,5100000,216,729,900000,Approved
3878,2,Graduate,1,3100000,10700000,48,398,2000000,Approved
3879,2,Not Graduate,1,5600000,16700000,168,856,5200000,Approved
3880,3,Graduate,1,8100000,19900000,240,347,5500000,Rejected
3881,3,Not Graduate,0,9100000,19300000,144,696,13300000,Approved
3882,0,Graduate,1,5500000,17100000,96,353,5200000,Rejected
3883,1,Graduate,1,9700000,34300000,240,756,14100000,Approved
3884,4,Graduate,0,2300000,5400000,192,490,2100000,Rejected
3885,1,Not Graduate,1,5600000,18000000,120,531,8400000,Rejected
3886,2,Not Graduate,1,4500000,16600000,48,679,5000000,Approved
3887,1,Graduate,1,500000,1800000,96,877,600000,Approved
3888,0,Graduate,0,4200000,11000000,240,817,6100000,Approved
3889,1,Not Graduate,0,9100000,23300000,216,792,12400000,Approved
3890,4,Graduate,1,3200000,12800000,216,664,2100000,Approved
3891,4,Graduate,1,6200000,21300000,192,882,4100000,Approved
3892,3,Not Graduate,1,2500000,7700000,120,768,2600000,Approved
3893,0,Graduate,0,9100000,27100000,144,787,9500000,Approved
3894,3,Graduate,1,500000,900000,144,538,300000,Rejected
3895,4,Not Graduate,0,6900000,18000000,96,347,8700000,Rejected
3896,0,Graduate,1,1800000,5200000,192,317,1300000,Rejected
3897,0,Graduate,1,4000000,14500000,24,713,4700000,Approved
3898,1,Not Graduate,0,3900000,12300000,120,683,2400000,Approved
3899,2,Not Graduate,1,8000000,28100000,216,765,8200000,Approved
3900,5,Graduate,0,900000,3200000,120,803,800000,Approved
3901,0,Graduate,1,8200000,29700000,72,405,5700000,Rejected
3902,5,Graduate,0,2300000,4900000,48,529,2000000,Rejected
3903,5,Graduate,1,6900000,19400000,72,801,5500000,Approved
3904,3,Not Graduate,0,8800000,30700000,144,707,8000000,Approved
3905,1,Graduate,0,2600000,7200000,96,349,3000000,Rejected
3906,1,Graduate,0,3700000,8700000,240,885,2600000,Approved
3907,2,Graduate,1,6200000,23800000,48,489,3300000,Approved
3908,3,Graduate,1,1000000,2600000,72,341,1100000,Rejected
3909,1,Not Graduate,0,6000000,20000000,144,637,8600000,Approved
3910,1,Not Graduate,1,9100000,31400000,48,304,9600000,Approved
3911,1,Graduate,0,1700000,6700000,192,537,1100000,Rejected
3912,5,Not Graduate,1,1700000,4600000,144,503,1200000,Rejected
3913,1,Graduate,0,7100000,14300000,144,720,8400000,Approved
3914,5,Graduate,0,9400000,36800000,120,509,6300000,Rejected
3915,5,Not Graduate,0,6200000,16400000,72,360,6300000,Rejected
3916,1,Graduate,0,8300000,31800000,192,818,8500000,Approved
3917,1,Graduate,1,8900000,21200000,96,716,7900000,Approved
3918,1,Graduate,1,6500000,14800000,144,360,7300000,Rejected
3919,3,Graduate,1,8100000,26700000,120,895,9900000,Approved
3920,2,Not Graduate,0,4900000,13500000,96,328,3400000,Rejected
3921,4,Graduate,0,9100000,26600000,24,812,10400000,Approved
3922,3,Graduate,1,9000000,33100000,192,456,7100000,Rejected
3923,4,Graduate,1,1300000,3900000,192,566,1600000,Approved
3924,1,Not Graduate,0,6700000,25000000,240,598,7000000,Approved
3925,5,Not Graduate,0,3200000,9300000,72,656,4200000,Approved
3926,0,Not Graduate,0,7500000,28700000,24,895,7200000,Approved
3927,3,Graduate,0,4900000,12800000,168,653,7200000,Approved
3928,1,Not Graduate,1,700000,1800000,192,641,900000,Approved
3929,2,Graduate,0,6400000,16500000,96,544,5400000,Rejected
3930,0,Not Graduate,1,3900000,14100000,240,811,5300000,Approved
3931,4,Graduate,0,9700000,26900000,120,460,9300000,Rejected
3932,5,Graduate,1,3600000,12500000,144,795,4800000,Approved
3933,2,Graduate,1,3400000,10300000,48,745,3900000,Approved
3934,0,Not Graduate,0,9800000,20100000,192,606,8700000,Approved
3935,1,Not Graduate,0,5100000,14200000,72,451,5600000,Rejected
3936,4,Graduate,1,5900000,11800000,96,479,3900000,Rejected
3937,5,Graduate,0,1200000,2400000,168,495,1300000,Rejected
3938,2,Not Graduate,0,9700000,30200000,168,769,7500000,Approved
3939,5,Not Graduate,1,4700000,11800000,48,639,5500000,Approved
3940,5,Graduate,0,4200000,12500000,216,723,6100000,Approved
3941,4,Graduate,0,9300000,26100000,192,623,10700000,Approved
3942,3,Not Graduate,1,5300000,20800000,72,487,4200000,Rejected
3943,0,Graduate,0,7600000,30100000,24,743,9600000,Approved
3944,2,Graduate,0,6200000,16900000,144,754,7900000,Approved
3945,0,Graduate,0,8900000,21600000,120,552,11900000,Approved
3946,4,Not Graduate,1,7900000,27300000,120,560,10900000,Approved
3947,1,Graduate,1,3500000,10800000,168,632,4200000,Approved
3948,2,Graduate,0,5300000,16700000,216,339,4100000,Rejected
3949,2,Not Graduate,0,1400000,3100000,48,881,1100000,Approved
3950,1,Not Graduate,1,9100000,23600000,240,535,4500000,Rejected
3951,4,Not Graduate,0,4400000,17200000,48,563,2900000,Approved
3952,5,Not Graduate,0,2800000,8200000,168,615,2700000,Approved
3953,3,Not Graduate,0,1300000,3300000,96,795,1600000,Approved
3954,4,Graduate,0,8400000,28700000,168,878,8600000,Approved
3955,5,Graduate,1,5300000,14000000,72,633,6100000,Approved
3956,2,Graduate,0,6000000,13900000,48,533,4100000,Rejected
3957,2,Not Graduate,1,2100000,6800000,144,795,2400000,Approved
3958,0,Not Graduate,0,4300000,11000000,48,374,4700000,Rejected
3959,4,Not Graduate,1,7300000,22900000,144,848,4100000,Approved
3960,2,Graduate,0,5200000,16200000,144,890,3900000,Approved
3961,3,Graduate,0,4700000,9800000,168,444,3800000,Rejected
3962,4,Graduate,0,7800000,28500000,48,803,9800000,Approved
3963,3,Graduate,1,500000,1900000,216,618,400000,Approved
3964,1,Not Graduate,1,6000000,20300000,168,845,8700000,Approved
3965,4,Graduate,0,4800000,10800000,144,833,7100000,Approved
3966,3,Graduate,1,8900000,19300000,144,767,7700000,Approved
3967,1,Graduate,1,1800000,4000000,192,747,900000,Approved
3968,2,Graduate,0,3000000,7000000,48,588,3400000,Approved
3969,4,Not Graduate,0,7700000,24500000,240,582,6500000,Approved
3970,1,Not Graduate,0,8300000,20400000,168,348,4700000,Rejected
3971,4,Not Graduate,0,4200000,9400000,48,726,5500000,Approved
3972,4,Graduate,1,8000000,31200000,72,482,5700000,Rejected
3973,2,Graduate,1,9400000,30000000,192,565,9000000,Approved
3974,1,Graduate,0,800000,2400000,192,872,900000,Approved
3975,0,Graduate,1,500000,1300000,48,825,200000,Approved
3976,2,Graduate,1,6100000,22300000,96,694,7200000,Approved
3977,3,Graduate,1,8500000,30800000,240,448,7900000,Rejected
3978,5,Graduate,1,7600000,18000000,144,452,4700000,Rejected
3979,3,Not Graduate,0,8700000,17900000,144,897,12500000,Approved
3980,4,Not Graduate,0,9400000,20200000,120,803,4800000,Approved
3981,1,Not Graduate,1,400000,900000,96,828,300000,Approved
3982,0,Graduate,0,2700000,7500000,72,832,2500000,Approved
3983,1,Not Graduate,1,2300000,5500000,72,861,1700000,Approved
3984,0,Graduate,0,7500000,15900000,24,535,4500000,Rejected
3985,4,Not Graduate,1,7100000,19400000,192,363,4000000,Rejected
3986,1,Not Graduate,1,8800000,28600000,96,631,7700000,Approved
3987,2,Not Graduate,0,8400000,20700000,72,513,7900000,Rejected
3988,0,Graduate,1,4700000,16200000,192,317,2500000,Rejected
3989,1,Graduate,0,6900000,19500000,24,809,9300000,Approved
3990,3,Not Graduate,0,2400000,8200000,120,531,2000000,Rejected
3991,1,Not Graduate,1,1600000,4800000,168,544,1200000,Rejected
3992,0,Graduate,0,3500000,7800000,168,366,4900000,Rejected
3993,0,Not Graduate,0,3700000,12700000,168,797,3700000,Approved
3994,1,Not Graduate,0,3200000,12000000,192,597,2200000,Approved
3995,2,Not Graduate,1,7000000,22500000,144,632,4900000,Approved
3996,5,Not Graduate,0,9300000,28300000,144,741,5200000,Approved
3997,0,Not Graduate,0,200000,800000,240,331,100000,Rejected
3998,4,Graduate,0,6900000,16500000,96,426,9000000,Rejected
3999,3,Not Graduate,0,9000000,26500000,96,533,6000000,Rejected
4000,1,Not Graduate,0,6900000,22700000,192,394,8700000,Rejected
4001,0,Graduate,0,7500000,25100000,168,877,10700000,Approved
4002,5,Not Graduate,0,9200000,28000000,96,527,6400000,Rejected
4003,1,Graduate,0,4600000,12700000,96,468,3900000,Rejected
4004,4,Graduate,1,5000000,19600000,216,611,4600000,Approved
4005,2,Graduate,0,4500000,17200000,72,832,6700000,Approved
4006,0,Graduate,0,7900000,22700000,216,508,8900000,Rejected
4007,5,Not Graduate,0,5100000,13500000,240,840,4500000,Approved
4008,4,Graduate,0,3700000,7600000,168,794,4500000,Approved
4009,1,Not Graduate,0,5300000,17800000,144,889,6800000,Approved
4010,4,Not Graduate,0,200000,500000,192,765,100000,Approved
4011,3,Graduate,1,9000000,18600000,192,518,10300000,Rejected
4012,3,Not Graduate,0,6900000,17100000,48,694,6000000,Approved
4013,2,Not Graduate,0,700000,2300000,96,663,1000000,Approved
4014,0,Graduate,0,2500000,8900000,24,662,3000000,Approved
4015,0,Not Graduate,0,4600000,14400000,168,642,4800000,Approved
4016,4,Graduate,0,1000000,3900000,120,701,900000,Approved
4017,4,Not Graduate,1,9200000,30100000,72,632,6200000,Approved
4018,3,Graduate,1,2200000,4400000,24,861,2300000,Approved
4019,4,Graduate,1,9700000,33300000,144,784,6500000,Approved
4020,0,Graduate,1,5500000,18200000,48,332,5600000,Approved
4021,4,Not Graduate,1,1300000,3400000,24,763,1400000,Approved
4022,1,Not Graduate,1,7900000,19100000,24,593,7800000,Approved
4023,2,Not Graduate,0,4300000,8800000,72,512,2700000,Rejected
4024,0,Not Graduate,0,3800000,13300000,72,655,2600000,Approved
4025,3,Not Graduate,0,8700000,24700000,96,369,4800000,Rejected
4026,3,Graduate,0,1300000,3100000,168,348,600000,Rejected
4027,1,Not Graduate,1,6800000,16800000,120,736,5600000,Approved
4028,1,Not Graduate,0,9100000,24000000,240,353,10900000,Rejected
4029,0,Graduate,0,3000000,11300000,192,478,2000000,Rejected
4030,0,Not Graduate,1,1200000,3000000,48,827,1500000,Approved
4031,1,Not Graduate,1,5000000,16900000,144,517,5400000,Rejected
4032,5,Graduate,1,9700000,24700000,216,648,6800000,Approved
4033,2,Not Graduate,1,7000000,23800000,120,689,7800000,Approved
4034,1,Graduate,0,4100000,9100000,240,550,4800000,Approved
4035,0,Graduate,1,5300000,12900000,240,826,5200000,Approved
4036,1,Not Graduate,0,7300000,19200000,168,599,3700000,Approved
4037,1,Graduate,0,6500000,18500000,192,815,4000000,Approved
4038,4,Graduate,1,600000,1400000,48,761,300000,Approved
4039,3,Not Graduate,1,5200000,15000000,240,432,5100000,Rejected
4040,4,Not Graduate,1,2800000,9200000,216,442,1300000,Rejected
4041,1,Graduate,1,7800000,23300000,72,620,7600000,Approved
4042,2,Graduate,0,3000000,6500000,48,476,1500000,Rejected
4043,4,Graduate,0,9300000,34900000,72,837,8500000,Approved
4044,3,Not Graduate,1,5100000,18000000,72,510,7600000,Rejected
4045,4,Not Graduate,1,4300000,16100000,216,849,6400000,Approved
4046,3,Graduate,0,1100000,2100000,96,737,900000,Approved
4047,2,Graduate,0,6500000,16200000,120,809,8600000,Approved
4048,3,Not Graduate,0,6400000,23000000,96,520,3800000,Rejected
4049,2,Not Graduate,0,7400000,22500000,192,834,6000000,Approved
4050,4,Graduate,0,8700000,32100000,96,397,4800000,Rejected
4051,0,Not Graduate,0,9200000,24700000,168,438,10700000,Rejected
4052,1,Graduate,1,6200000,19700000,216,820,4700000,Approved
4053,1,Not Graduate,0,1200000,4600000,240,323,1400000,Rejected
4054,1,Not Graduate,1,7000000,20300000,168,837,5500000,Approved
4055,5,Graduate,1,3800000,10100000,24,571,3300000,Approved
4056,0,Graduate,0,4900000,16300000,168,479,2700000,Rejected
4057,2,Graduate,1,7800000,22100000,72,533,10800000,Rejected
4058,1,Not Graduate,1,7400000,17200000,96,899,4900000,Approved
4059,1,Not Graduate,0,7000000,26600000,192,460,4600000,Rejected
4060,1,Not Graduate,0,4900000,12500000,24,636,5000000,Approved
4061,3,Not Graduate,0,5800000,20600000,240,434,7000000,Rejected
4062,5,Not Graduate,0,2000000,6900000,216,516,1600000,Rejected
4063,4,Graduate,0,8300000,24600000,24,382,6600000,Rejected
4064,0,Graduate,1,1000000,2800000,144,616,700000,Approved
4065,3,Graduate,0,5500000,11600000,72,745,5400000,Approved
4066,5,Graduate,0,1400000,3400000,72,697,1600000,Approved
4067,4,Graduate,0,3700000,12300000,72,364,4400000,Rejected
4068,2,Not Graduate,1,2100000,6900000,24,566,1000000,Approved
4069,4,Not Graduate,0,6200000,21900000,144,462,8300000,Rejected
4070,0,Not Graduate,0,9300000,31900000,24,331,8000000,Approved
4071,3,Not Graduate,1,5100000,10300000,144,839,7500000,Approved
4072,0,Graduate,1,7000000,14000000,48,702,7600000,Approved
4073,3,Graduate,1,5300000,17900000,24,580,3600000,Approved
4074,3,Graduate,0,900000,2800000,120,560,1300000,Approved
4075,4,Not Graduate,1,9400000,25700000,168,845,12200000,Approved
4076,4,Not Graduate,1,2600000,8500000,48,392,2900000,Approved
4077,2,Graduate,0,1500000,4900000,192,387,1300000,Rejected
4078,1,Graduate,1,1800000,6300000,144,749,2700000,Approved
4079,3,Graduate,1,7800000,20000000,168,727,8600000,Approved
4080,3,Graduate,1,2100000,7400000,168,656,2800000,Approved
4081,0,Not Graduate,1,8300000,17500000,240,643,5100000,Approved
4082,2,Not Graduate,1,4400000,16800000,48,307,5800000,Approved
4083,2,Not Graduate,0,2300000,5000000,192,588,1500000,Approved
4084,3,Graduate,1,7700000,22300000,240,895,9100000,Approved
4085,0,Not Graduate,1,9300000,29400000,120,351,6100000,Rejected
4086,5,Not Graduate,0,5900000,16400000,144,891,4700000,Approved
4087,5,Not Graduate,1,1900000,4900000,48,442,900000,Rejected
4088,0,Not Graduate,0,6900000,19500000,240,686,6200000,Approved
4089,4,Graduate,1,2100000,8200000,240,432,1000000,Rejected
4090,0,Not Graduate,0,8200000,20900000,168,766,12100000,Approved
4091,4,Not Graduate,0,7700000,17200000,72,561,6800000,Approved
4092,5,Not Graduate,0,7700000,19000000,24,539,4100000,Rejected
4093,1,Graduate,0,700000,1400000,72,759,700000,Approved
4094,5,Graduate,0,7100000,18200000,96,750,5300000,Approved
4095,2,Graduate,0,3900000,13600000,120,373,3600000,Rejected
4096,1,Not Graduate,1,5200000,20500000,120,407,3800000,Rejected
4097,4,Not Graduate,0,5500000,20200000,168,611,7200000,Approved
4098,3,Graduate,0,2600000,6300000,120,783,2600000,Approved
4099,0,Not Graduate,1,7300000,24000000,216,651,4500000,Approved
4100,3,Graduate,0,8700000,31100000,192,760,4800000,Rejected
4101,3,Graduate,0,9000000,22700000,192,793,7000000,Approved
4102,4,Graduate,0,400000,800000,192,685,600000,Approved
4103,2,Not Graduate,1,3300000,10700000,96,806,4900000,Approved
4104,1,Not Graduate,0,6300000,17800000,144,770,3200000,Approved
4105,0,Not Graduate,0,7000000,23600000,168,663,7200000,Approved
4106,2,Graduate,1,2100000,8100000,48,592,2700000,Approved
4107,3,Not Graduate,0,7600000,26300000,216,580,5100000,Approved
4108,1,Graduate,0,8200000,17500000,48,609,7700000,Approved
4109,3,Not Graduate,1,9200000,23200000,96,380,6100000,Rejected
4110,3,Graduate,0,3800000,12100000,240,364,3000000,Rejected
4111,1,Graduate,0,3200000,8900000,144,866,2400000,Approved
4112,4,Not Graduate,0,9700000,31700000,120,342,12000000,Rejected
4113,5,Graduate,0,4700000,14400000,192,884,3800000,Approved
4114,4,Graduate,1,3800000,12500000,216,859,2700000,Approved
4115,4,Graduate,0,400000,1000000,240,692,200000,Approved
4116,4,Not Graduate,1,3200000,6800000,192,675,4000000,Approved
4117,5,Graduate,1,3900000,12700000,96,886,5400000,Approved
4118,1,Graduate,1,3500000,13100000,120,477,3100000,Rejected
4119,2,Graduate,0,2200000,8300000,72,596,1800000,Approved
4120,4,Not Graduate,0,6400000,19700000,240,400,6200000,Rejected
4121,3,Graduate,0,9100000,19900000,24,711,13000000,Approved
4122,0,Not Graduate,1,3300000,8900000,24,418,3700000,Rejected
4123,3,Graduate,0,7800000,21800000,96,517,9100000,Rejected
4124,0,Not Graduate,1,6200000,16200000,72,508,3600000,Rejected
4125,3,Not Graduate,1,7000000,26100000,216,689,5900000,Approved
4126,0,Graduate,0,9200000,28200000,144,455,5900000,Rejected
4127,5,Not Graduate,1,7500000,20800000,72,617,8200000,Approved
4128,2,Graduate,0,5300000,13200000,120,500,2900000,Rejected
4129,5,Not Graduate,1,6800000,22800000,168,382,5800000,Rejected
4130,1,Not Graduate,0,7900000,20800000,216,538,10600000,Rejected
4131,0,Not Graduate,1,6200000,14900000,96,855,8200000,Approved
4132,1,Graduate,0,1000000,3000000,216,614,700000,Approved
4133,2,Graduate,1,7800000,25400000,120,513,9800000,Rejected
4134,5,Graduate,1,3000000,8800000,168,402,4200000,Rejected
4135,5,Graduate,1,5700000,15000000,240,819,3400000,Approved
4136,4,Not Graduate,0,6600000,25400000,144,622,7500000,Approved
4137,4,Graduate,1,7100000,18200000,48,790,9600000,Approved
4138,3,Graduate,1,1300000,4800000,168,808,1500000,Approved
4139,2,Not Graduate,0,5200000,16800000,216,369,6800000,Rejected
4140,3,Graduate,0,5600000,20300000,48,330,4200000,Approved
4141,2,Graduate,0,7100000,16500000,168,857,8200000,Approved
4142,2,Graduate,0,5100000,19100000,96,457,7600000,Rejected
4143,3,Not Graduate,1,7600000,29300000,96,843,11200000,Approved
4144,0,Graduate,1,2500000,5400000,72,463,1800000,Rejected
4145,3,Graduate,0,6900000,22800000,192,582,4400000,Approved
4146,0,Graduate,0,3100000,6500000,24,391,2400000,Rejected
4147,2,Graduate,1,9700000,35100000,240,612,6500000,Approved
4148,0,Not Graduate,1,5800000,12600000,24,859,4500000,Approved
4149,4,Not Graduate,0,7600000,18600000,216,779,10000000,Approved
4150,5,Not Graduate,0,700000,2800000,24,561,800000,Approved
4151,3,Graduate,0,2300000,5600000,216,420,2100000,Rejected
4152,3,Not Graduate,0,1600000,3300000,96,609,800000,Approved
4153,4,Not Graduate,0,8100000,19300000,168,821,8300000,Approved
4154,1,Graduate,0,7700000,17100000,168,603,7100000,Approved
4155,4,Graduate,0,1500000,3400000,120,778,2200000,Approved
4156,3,Not Graduate,0,7400000,23500000,24,460,9200000,Approved
4157,4,Not Graduate,1,8900000,27100000,216,363,12700000,Rejected
4158,0,Graduate,0,2400000,5300000,192,482,2600000,Rejected
4159,5,Graduate,0,5600000,20300000,48,772,7600000,Approved
4160,4,Graduate,0,5900000,14400000,72,745,3000000,Approved
4161,1,Graduate,0,1600000,3300000,24,513,2200000,Rejected
4162,5,Not Graduate,0,1100000,4000000,24,362,1100000,Approved
4163,2,Graduate,1,6600000,25600000,72,740,9200000,Approved
4164,3,Graduate,0,8900000,24400000,120,774,7300000,Approved
4165,1,Graduate,1,6400000,16400000,240,555,7400000,Approved
4166,4,Not Graduate,1,8200000,17300000,144,588,4800000,Approved
4167,1,Graduate,0,500000,1300000,168,619,500000,Approved
4168,0,Graduate,0,9700000,31600000,216,607,7500000,Approved
4169,3,Not Graduate,1,7100000,16700000,48,435,6200000,Rejected
4170,4,Not Graduate,1,1400000,3400000,168,835,2100000,Approved
4171,1,Not Graduate,0,7200000,28100000,168,767,4000000,Approved
4172,1,Graduate,1,8400000,26200000,168,643,6900000,Approved
4173,4,Not Graduate,0,4300000,13900000,24,894,3300000,Approved
4174,0,Not Graduate,1,8800000,29800000,96,343,12200000,Rejected
4175,4,Not Graduate,0,4000000,15100000,96,800,4400000,Approved
4176,3,Not Graduate,1,6900000,17900000,216,494,8700000,Rejected
4177,4,Graduate,0,9600000,33000000,168,336,4900000,Rejected
4178,2,Not Graduate,0,6900000,16500000,192,785,3600000,Approved
4179,1,Not Graduate,1,3600000,13400000,192,732,3300000,Approved
4180,2,Not Graduate,0,1900000,4600000,144,587,1100000,Approved
4181,3,Not Graduate,1,9700000,30800000,216,471,10400000,Rejected
4182,2,Not Graduate,0,1200000,4100000,96,497,1300000,Rejected
4183,1,Not Graduate,0,400000,1600000,192,784,100000,Approved
4184,2,Graduate,0,6600000,21500000,216,471,4800000,Rejected
4185,2,Graduate,0,1500000,3300000,48,763,700000,Approved
4186,4,Not Graduate,0,3500000,9500000,24,655,3100000,Approved
4187,3,Not Graduate,1,4000000,8600000,48,667,3500000,Approved
4188,3,Not Graduate,0,4100000,14100000,96,367,5300000,Rejected
4189,4,Graduate,0,5800000,18500000,192,436,6500000,Rejected
4190,4,Graduate,1,8600000,23300000,144,785,4500000,Approved
4191,2,Graduate,0,4500000,11400000,120,388,2900000,Rejected
4192,2,Graduate,1,9900000,37300000,96,385,14200000,Rejected
4193,1,Not Graduate,1,3200000,8100000,120,670,1900000,Approved
4194,5,Graduate,1,8900000,19100000,240,329,10000000,Rejected
4195,5,Not Graduate,1,2100000,4900000,144,651,1800000,Approved
4196,1,Graduate,0,7100000,26000000,192,727,8900000,Approved
4197,2,Graduate,1,7800000,28900000,168,646,11000000,Approved
4198,3,Not Graduate,1,8600000,23200000,144,894,4500000,Approved
4199,3,Graduate,1,5100000,17000000,120,477,6300000,Rejected
4200,5,Not Graduate,0,600000,2000000,240,811,600000,Approved
4201,0,Graduate,1,6600000,21200000,216,377,9500000,Rejected
4202,0,Not Graduate,1,4700000,17000000,216,802,2700000,Approved
4203,2,Graduate,1,7700000,19700000,168,885,8000000,Approved
4204,4,Graduate,1,6400000,21900000,72,437,4100000,Rejected
4205,2,Graduate,0,1100000,2500000,240,615,1300000,Approved
4206,2,Not Graduate,0,8900000,17800000,240,603,13100000,Approved
4207,0,Not Graduate,1,2100000,8300000,240,765,2100000,Approved
4208,4,Not Graduate,1,2300000,5800000,96,469,2400000,Rejected
4209,3,Graduate,0,8300000,17700000,192,848,5900000,Approved
4210,4,Graduate,0,900000,2700000,240,327,1200000,Rejected
4211,3,Not Graduate,1,9200000,35000000,48,716,11400000,Approved
4212,3,Graduate,0,9800000,28300000,24,715,9200000,Approved
4213,0,Not Graduate,0,200000,600000,144,683,0,Approved
4214,2,Not Graduate,1,3200000,9700000,72,737,2600000,Approved
4215,5,Not Graduate,0,7800000,27000000,72,728,7400000,Approved
4216,1,Graduate,0,8300000,30000000,216,350,9400000,Rejected
4217,1,Graduate,1,2100000,5200000,168,802,2500000,Approved
4218,5,Not Graduate,1,400000,1400000,48,483,100000,Approved
4219,3,Graduate,1,7700000,21800000,216,684,5500000,Approved
4220,4,Graduate,1,5600000,16500000,240,692,7400000,Approved
4221,0,Graduate,0,8400000,31000000,48,783,6900000,Approved
4222,3,Graduate,1,1300000,4300000,216,412,1200000,Rejected
4223,0,Not Graduate,0,8700000,30200000,120,447,6100000,Rejected
4224,0,Not Graduate,0,2700000,8400000,168,610,2800000,Approved
4225,5,Graduate,1,800000,1800000,96,881,400000,Approved
4226,5,Graduate,1,3800000,10300000,192,606,2700000,Approved
4227,5,Graduate,1,700000,2600000,24,869,500000,Approved
4228,4,Graduate,1,400000,1400000,24,496,400000,Approved
4229,1,Graduate,1,3200000,9300000,72,483,3600000,Rejected
4230,3,Graduate,0,7500000,22200000,96,741,11000000,Approved
4231,2,Not Graduate,0,3700000,13500000,48,820,5300000,Approved
4232,5,Graduate,0,3300000,9100000,216,697,2600000,Approved
4233,1,Graduate,1,200000,500000,240,713,100000,Approved
4234,1,Not Graduate,0,7100000,17000000,72,754,6800000,Approved
4235,3,Not Graduate,1,1500000,5100000,168,837,1400000,Approved
4236,0,Not Graduate,0,3000000,6500000,24,691,2500000,Approved
4237,3,Graduate,1,1900000,5300000,144,436,2600000,Rejected
4238,0,Not Graduate,0,9100000,30100000,96,322,5900000,Rejected
4239,0,Not Graduate,0,2200000,7500000,24,333,1500000,Approved
4240,0,Not Graduate,1,8400000,23000000,168,455,9400000,Rejected
4241,1,Graduate,1,400000,700000,120,787,500000,Approved
4242,2,Graduate,1,5600000,15800000,192,748,6300000,Approved
4243,5,Not Graduate,1,8200000,27100000,48,643,4100000,Approved
4244,0,Not Graduate,1,1600000,3400000,96,867,1300000,Approved
4245,3,Not Graduate,0,1800000,5600000,240,860,900000,Approved
4246,5,Not Graduate,1,6500000,23900000,24,507,8000000,Approved
4247,1,Graduate,1,3100000,11500000,48,871,3600000,Approved
4248,3,Not Graduate,0,3100000,9800000,144,820,4400000,Approved
4249,4,Graduate,1,5300000,14500000,48,352,3500000,Rejected
4250,4,Graduate,0,1100000,4000000,168,887,1600000,Approved
4251,1,Graduate,1,6000000,13400000,144,731,6900000,Approved
4252,0,Graduate,1,6100000,14600000,216,645,4600000,Approved
4253,3,Not Graduate,0,4100000,14100000,120,300,2200000,Rejected
4254,5,Graduate,1,7000000,26200000,144,896,5700000,Approved
4255,0,Not Graduate,1,8900000,27700000,72,372,6100000,Rejected
4256,4,Graduate,0,4800000,12000000,72,441,3200000,Rejected
4257,3,Graduate,1,7400000,18300000,48,348,9800000,Rejected
4258,0,Graduate,0,9700000,27500000,216,343,8200000,Rejected
4259,5,Graduate,1,9700000,22600000,192,346,13000000,Rejected
4260,0,Not Graduate,1,4500000,11500000,168,509,5900000,Rejected
4261,5,Graduate,0,8800000,29300000,120,560,9900000,Approved
4262,3,Graduate,1,3000000,7500000,72,881,2300000,Approved
4263,5,Graduate,0,1300000,3000000,240,540,1900000,Rejected
4264,3,Graduate,0,5000000,12700000,168,865,6300000,Approved
4265,5,Graduate,1,1000000,2300000,144,317,800000,Rejected
4266,0,Not Graduate,1,3300000,11300000,240,559,1900000,Approved
4267,2,Not Graduate,0,6500000,23900000,216,457,7300000,Rejected
4268,1,Not Graduate,0,4100000,12800000,96,780,5800000,Approved
4269,1,Graduate,0,9200000,29700000,120,607,12000000,Approved
4270,4,Graduate,0,6200000,17300000,72,0,4600000,Rejected
4271,2,Not Graduate,1,7000000,21400000,144,0,9600000,Rejected
4272,4,Not Graduate,1,8600000,20600000,192,0,5400000,Rejected
4273,5,Not Graduate,1,500000,1800000,216,0,200000,Rejected
4274,0,Graduate,1,1300000,4700000,192,0,800000,Rejected
4275,0,Graduate,0,8400000,19800000,192,0,10700000,Approved
4276,1,Not Graduate,0,8900000,28400000,72,0,7900000,Rejected
4277,0,Not Graduate,1,9500000,20800000,168,0,13400000,Approved
4278,0,Not Graduate,1,2500000,9900000,72,0,1800000,Rejected
4279,5,Not Graduate,0,1300000,4800000,48,0,1600000,Rejected
4280,1,Graduate,0,3200000,8800000,48,0,3400000,Rejected
4281,3,Graduate,0,2400000,5900000,24,0,2500000,Rejected
4282,2,Not Graduate,0,8800000,19000000,168,0,6100000,Rejected
4283,4,Graduate,0,700000,2200000,72,0,300000,Rejected
4284,1,Graduate,1,3500000,13100000,120,0,3100000,Rejected
4285,3,Not Graduate,1,5200000,11000000,144,0,7600000,Approved
4286,1,Not Graduate,1,9200000,31500000,216,0,8300000,Rejected
4287,1,Graduate,0,7500000,28300000,192,0,6700000,Rejected
4288,5,Not Graduate,0,5800000,17500000,120,0,3100000,Rejected
4289,1,Not Graduate,1,4300000,9400000,72,0,4200000,Rejected
4290,1,Graduate,1,9700000,25500000,216,0,4900000,Rejected
4291,0,Graduate,0,8000000,23700000,120,0,12000000,Rejected
4292,1,Graduate,1,6200000,16200000,48,0,4000000,Rejected
4293,1,Not Graduate,0,7400000,19800000,216,0,4000000,Rejected
4294,1,Not Graduate,1,8000000,27800000,96,0,11800000,Rejected
4295,5,Graduate,1,6400000,21900000,144,0,3800000,Rejected
4296,1,Graduate,0,500000,1300000,72,0,700000,Rejected
4297,0,Graduate,0,4700000,14800000,240,0,3700000,Rejected
4298,5,Graduate,1,400000,800000,24,0,300000,Rejected
4299,5,Not Graduate,1,4800000,13100000,72,0,2800000,Rejected
4300,5,Graduate,0,5200000,20700000,24,0,3600000,Rejected
4301,4,Graduate,1,6200000,21300000,192,0,4100000,Rejected
4302,5,Graduate,1,5400000,21200000,240,0,7500000,Rejected
4303,0,Graduate,0,6800000,21200000,168,0,10000000,Rejected
4304,5,Graduate,1,9600000,20600000,72,0,11600000,Approved
4305,3,Not Graduate,1,4200000,9700000,24,0,4300000,Rejected
4306,2,Graduate,0,4500000,16600000,240,0,2400000,Rejected
4307,1,Not Graduate,0,8300000,29200000,72,0,9500000,Rejected
4308,3,Not Graduate,1,7000000,16200000,72,0,5500000,Rejected
4309,4,Not Graduate,1,3700000,11900000,216,0,4700000,Rejected
4310,1,Graduate,1,200000,500000,120,0,200000,Rejected
4311,1,Not Graduate,1,7400000,23900000,48,0,5600000,Rejected
4312,1,Not Graduate,0,6800000,16900000,144,0,4400000,Rejected
4313,0,Graduate,1,7000000,26400000,168,0,5300000,Rejected
4314,2,Graduate,1,4700000,12000000,72,0,2300000,Rejected
4315,3,Graduate,1,7400000,25700000,24,0,5100000,Rejected
4316,0,Not Graduate,0,4600000,14400000,168,0,4800000,Rejected
4317,3,Graduate,0,4900000,11900000,96,0,5800000,Rejected
4318,0,Not Graduate,0,6900000,23500000,24,0,9400000,Rejected
4319,4,Not Graduate,0,9500000,21300000,216,0,11100000,Approved
4320,3,Graduate,0,8300000,30500000,120,0,11800000,Rejected
4321,2,Graduate,0,6200000,16900000,144,0,7900000,Rejected
4322,5,Not Graduate,0,1000000,2000000,48,0,700000,Rejected
4323,2,Not Graduate,1,7600000,23600000,72,0,10900000,Rejected
4324,1,Graduate,1,4200000,11300000,48,0,4000000,Rejected
4325,0,Not Graduate,1,9600000,19600000,144,0,10900000,Approved
4326,4,Not Graduate,0,8400000,29000000,24,0,6700000,Rejected
4327,2,Not Graduate,0,5200000,14800000,144,0,4100000,Rejected
4328,4,Not Graduate,0,4500000,15100000,72,0,6000000,Rejected
4329,4,Not Graduate,0,3900000,10600000,240,0,4900000,Rejected
4330,4,Not Graduate,0,2400000,5000000,48,0,1400000,Rejected
4331,1,Graduate,1,1000000,3000000,120,0,800000,Rejected
4332,0,Graduate,1,2900000,7200000,192,0,3600000,Rejected
4333,4,Not Graduate,1,5500000,13400000,120,0,2800000,Rejected
4334,3,Not Graduate,0,1600000,3900000,240,0,800000,Rejected
4335,1,Graduate,1,4000000,10100000,192,0,3900000,Rejected
4336,4,Not Graduate,0,4400000,17000000,216,0,5700000,Rejected
4337,4,Not Graduate,0,8800000,19100000,72,0,12400000,Approved
4338,1,Not Graduate,0,3200000,12000000,192,0,2200000,Rejected
4339,0,Not Graduate,0,500000,1800000,24,0,700000,Rejected
4340,2,Graduate,1,8600000,28800000,96,0,7200000,Rejected
4341,0,Graduate,0,9200000,36500000,168,0,13200000,Rejected
4342,1,Not Graduate,1,5600000,18000000,120,0,8400000,Rejected
4343,4,Graduate,1,3900000,12300000,216,0,2800000,Rejected
4344,3,Not Graduate,1,4400000,16300000,240,0,4000000,Rejected
4345,4,Not Graduate,1,3800000,8200000,48,0,3300000,Rejected
4346,5,Graduate,0,2800000,11000000,144,0,2400000,Rejected
4347,5,Not Graduate,0,2200000,7200000,120,0,1600000,Rejected
4348,5,Graduate,1,2400000,8700000,216,0,1100000,Rejected
4349,4,Graduate,0,9300000,35900000,216,0,11400000,Rejected
4350,3,Not Graduate,1,5800000,13600000,144,0,3400000,Rejected
4351,2,Not Graduate,0,6600000,14100000,24,0,6000000,Rejected
4352,4,Not Graduate,1,9800000,21200000,240,0,14400000,Approved
4353,2,Not Graduate,1,6400000,19300000,72,0,3900000,Rejected
4354,4,Graduate,1,1200000,3100000,192,0,1700000,Rejected
4355,2,Not Graduate,0,8200000,30600000,120,0,7000000,Rejected
4356,2,Not Graduate,1,800000,2100000,72,0,600000,Rejected
4357,4,Not Graduate,1,2000000,4000000,120,0,1700000,Rejected
4358,2,Graduate,1,2700000,9600000,168,0,1900000,Rejected
4359,3,Graduate,0,2900000,11500000,192,0,4300000,Rejected
4360,0,Not Graduate,1,8300000,16800000,216,0,11400000,Approved
4361,4,Not Graduate,1,5100000,18600000,240,0,5500000,Rejected
4362,0,Graduate,0,5800000,21100000,72,0,5600000,Rejected
4363,0,Graduate,1,4300000,14300000,168,0,5700000,Rejected
4364,1,Not Graduate,1,4800000,14700000,24,0,5500000,Rejected
4365,2,Graduate,0,9800000,20900000,144,0,13400000,Approved
4366,0,Not Graduate,1,5400000,10900000,240,0,4800000,Rejected
4367,5,Graduate,0,4200000,9200000,144,0,5700000,Approved
4368,0,Not Graduate,1,1000000,3000000,216,0,900000,Rejected
4369,1,Graduate,1,9300000,27900000,144,0,6600000,Rejected
4370,2,Graduate,1,9900000,37300000,96,0,14200000,Rejected
4371,5,Not Graduate,0,5800000,22800000,144,0,5700000,Rejected
4372,1,Graduate,1,6400000,17900000,72,0,5300000,Rejected
4373,1,Graduate,0,2100000,4200000,144,0,2500000,Approved
4374,0,Graduate,0,4300000,16900000,216,0,6200000,Rejected
4375,2,Not Graduate,0,5700000,21300000,120,0,5100000,Rejected
4376,2,Graduate,0,2300000,8800000,216,0,1500000,Rejected
4377,0,Not Graduate,1,8600000,20000000,120,0,10300000,Approved
4378,2,Graduate,0,7900000,17700000,48,0,8400000,Rejected
4379,4,Not Graduate,0,8500000,24900000,24,0,11400000,Rejected
4380,2,Not Graduate,1,2300000,9100000,240,0,3400000,Rejected
4381,4,Not Graduate,0,1900000,5600000,24,0,2400000,Rejected
4382,3,Not Graduate,1,8200000,16500000,216,0,8200000,Rejected
4383,1,Graduate,1,8800000,33700000,168,0,11900000,Rejected
4384,1,Not Graduate,0,6800000,16900000,144,0,4400000,Rejected
4385,4,Not Graduate,0,3900000,10600000,240,0,4900000,Rejected
4386,1,Not Graduate,0,1000000,3600000,48,0,500000,Rejected
4387,3,Graduate,1,9000000,33600000,24,0,11900000,Rejected
4388,0,Not Graduate,1,3900000,8600000,24,0,2000000,Rejected
4389,3,Graduate,1,1500000,4100000,168,0,2100000,Rejected
4390,5,Not Graduate,0,9300000,22000000,48,0,12100000,Approved
4391,0,Graduate,1,5200000,15700000,72,0,5500000,Rejected
4392,0,Not Graduate,1,1200000,3000000,48,0,1500000,Rejected
4393,4,Graduate,1,5400000,17100000,24,0,4700000,Rejected
4394,2,Graduate,0,9800000,25400000,24,0,7900000,Rejected
4395,5,Not Graduate,0,7000000,21800000,48,0,10000000,Rejected
4396,0,Not Graduate,1,3000000,11000000,192,0,2400000,Rejected
4397,5,Not Graduate,0,9100000,19900000,240,0,10500000,Approved
4398,4,Graduate,1,9200000,29400000,168,0,10100000,Rejected
4399,3,Graduate,0,6600000,14600000,120,0,6000000,Rejected
4400,4,Graduate,1,5500000,15100000,216,0,7200000,Rejected
4401,5,Not Graduate,0,2200000,7200000,120,0,1600000,Rejected
4402,5,Graduate,0,9200000,18600000,240,0,10700000,Approved
4403,3,Graduate,0,9600000,34500000,240,0,5300000,Rejected
4404,3,Not Graduate,1,1000000,2500000,216,0,1400000,Rejected
4405,3,Not Graduate,1,6500000,18200000,240,0,6700000,Rejected
4406,4,Graduate,0,2200000,6100000,144,0,2200000,Rejected
4407,4,Not Graduate,0,8600000,20900000,120,0,9900000,Rejected
4408,0,Not Graduate,1,3300000,7700000,144,0,4200000,Approved
4409,0,Not Graduate,1,1600000,5300000,48,0,1100000,Rejected
4410,3,Graduate,1,6800000,23900000,144,0,6700000,Rejected
4411,0,Not Graduate,0,6900000,23500000,24,0,9400000,Rejected
4412,2,Graduate,1,8100000,28500000,240,0,10000000,Rejected
4413,1,Not Graduate,0,5300000,11500000,96,0,3000000,Rejected
4414,3,Graduate,0,2600000,6300000,120,0,2600000,Rejected
4415,3,Graduate,1,1700000,3400000,72,0,1600000,Rejected
4416,3,Not Graduate,1,5400000,16800000,192,0,7000000,Rejected
4417,1,Not Graduate,0,1400000,4100000,240,0,1900000,Rejected
4418,5,Graduate,1,8800000,21300000,168,0,9900000,Rejected
4419,1,Not Graduate,1,6800000,13700000,120,0,6800000,Rejected
4420,4,Graduate,1,8700000,23400000,192,0,8000000,Rejected
4421,2,Graduate,0,500000,1500000,24,0,600000,Rejected
4422,5,Not Graduate,0,2200000,5400000,144,0,1600000,Rejected
4423,3,Graduate,1,7700000,21800000,216,0,5500000,Rejected
4424,3,Graduate,1,6100000,24200000,144,0,5000000,Rejected
4425,4,Graduate,1,6100000,21700000,72,0,5600000,Rejected
4426,4,Graduate,1,4900000,12800000,24,0,7000000,Rejected
4427,2,Not Graduate,0,2800000,6000000,216,0,3400000,Approved
4428,4,Graduate,1,6200000,16200000,240,0,4400000,Rejected
4429,5,Not Graduate,1,7100000,21500000,48,0,4000000,Rejected
4430,4,Graduate,1,4100000,12500000,24,0,2000000,Rejected
4431,3,Graduate,0,2800000,9400000,120,0,1500000,Rejected
4432,5,Not Graduate,1,900000,1800000,168,0,700000,Rejected
4433,0,Graduate,1,9200000,29400000,24,0,5300000,Rejected
4434,4,Graduate,0,7300000,14900000,24,0,7300000,Rejected
4435,2,Graduate,1,4100000,13500000,48,0,2400000,Rejected
4436,0,Graduate,1,1200000,2700000,24,0,1500000,Approved
4437,2,Not Graduate,0,4000000,8100000,192,0,3100000,Rejected
4438,5,Graduate,1,3500000,13500000,120,0,3100000,Rejected
4439,3,Not Graduate,1,300000,500000,72,0,300000,Approved
4440,3,Graduate,1,1400000,3200000,240,0,1600000,Rejected
4441,1,Graduate,0,6300000,18300000,240,0,9200000,Rejected
4442,3,Graduate,0,8900000,21300000,120,0,8800000,Rejected
4443,4,Not Graduate,0,6700000,13400000,120,0,7500000,Approved
4444,2,Graduate,1,1200000,3500000,192,0,800000,Rejected
4445,4,Graduate,1,2500000,5300000,120,0,1700000,Rejected
4446,3,Not Graduate,1,9400000,30900000,240,0,9000000,Rejected
4447,2,Not Graduate,1,3300000,11300000,72,0,4400000,Rejected
4448,0,Not Graduate,1,6800000,15300000,168,0,8300000,Approved
4449,1,Not Graduate,0,8900000,28400000,72,0,7900000,Rejected
4450,5,Not Graduate,0,6000000,24000000,240,0,6600000,Rejected
4451,5,Not Graduate,0,2000000,6900000,216,0,1600000,Rejected
4452,1,Graduate,1,800000,2500000,48,0,900000,Rejected
4453,3,Graduate,0,9200000,34300000,216,0,8800000,Rejected
4454,3,Not Graduate,1,8500000,27700000,48,0,5200000,Rejected
4455,3,Not Graduate,0,1600000,3900000,240,0,800000,Rejected
4456,4,Not Graduate,1,7000000,26700000,48,0,6000000,Rejected
4457,5,Not Graduate,1,9400000,23200000,168,0,4700000,Rejected
4458,1,Not Graduate,0,3500000,12700000,48,0,1800000,Rejected
4459,1,Not Graduate,1,7800000,17200000,48,0,8500000,Rejected
4460,4,Not Graduate,0,7700000,17200000,72,0,6800000,Rejected
4461,2,Graduate,1,7600000,22300000,144,0,7100000,Rejected
4462,1,Not Graduate,0,9600000,26000000,192,0,8400000,Rejected
4463,1,Not Graduate,1,4000000,9400000,96,0,5500000,Approved
4464,1,Not Graduate,0,8900000,24000000,72,0,7500000,Rejected
4465,0,Graduate,0,600000,2300000,96,0,300000,Rejected
4466,1,Graduate,0,7400000,16100000,48,0,4300000,Rejected
4467,3,Not Graduate,1,5800000,18200000,192,0,7900000,Rejected
4468,0,Graduate,0,3500000,7800000,168,0,4900000,Approved
4469,1,Not Graduate,1,1300000,5000000,48,0,900000,Rejected
4470,1,Graduate,1,1800000,4400000,96,0,1600000,Rejected
4471,5,Not Graduate,0,600000,2000000,240,0,600000,Rejected
4472,1,Not Graduate,0,6700000,25000000,240,0,7000000,Rejected
4473,0,Graduate,0,8800000,30900000,144,0,11400000,Rejected
4474,2,Not Graduate,1,2900000,8300000,120,0,4300000,Rejected
4475,2,Not Graduate,1,6700000,23100000,48,0,10000000,Rejected
4476,4,Graduate,0,9400000,29400000,144,0,7100000,Rejected
4477,2,Not Graduate,1,3800000,11400000,192,0,3800000,Rejected
4478,3,Not Graduate,0,5600000,19900000,192,0,4500000,Rejected
4479,0,Not Graduate,0,5800000,19600000,168,0,7200000,Rejected
4480,4,Graduate,0,9900000,26100000,24,0,9300000,Rejected
4481,1,Not Graduate,0,9900000,23400000,192,0,8200000,Rejected
4482,5,Not Graduate,1,1000000,2400000,216,0,600000,Rejected
4483,0,Not Graduate,1,9100000,22000000,144,0,7000000,Rejected
4484,2,Not Graduate,1,2100000,6900000,24,0,1000000,Rejected
4485,5,Not Graduate,0,3100000,9600000,24,0,4200000,Rejected
4486,5,Not Graduate,1,2700000,6800000,72,0,1700000,Rejected
4487,0,Graduate,1,4700000,16200000,192,0,2500000,Rejected
4488,0,Graduate,0,5900000,11800000,144,0,6200000,Approved
4489,0,Graduate,1,700000,1400000,120,0,500000,Rejected
4490,2,Not Graduate,1,6400000,19300000,72,0,3900000,Rejected
4491,0,Not Graduate,1,1200000,2800000,168,0,1700000,Approved
4492,0,Not Graduate,0,2200000,8600000,48,0,2800000,Rejected
4493,3,Not Graduate,1,1800000,5700000,168,0,2700000,Rejected
4494,4,Not Graduate,0,7600000,29700000,72,0,11000000,Rejected
4495,1,Not Graduate,0,2200000,5200000,168,0,1800000,Rejected
4496,1,Graduate,0,3000000,9400000,48,0,2000000,Rejected
4497,1,Graduate,1,7100000,15200000,96,0,5900000,Rejected
4498,2,Not Graduate,0,5700000,20400000,24,0,2900000,Rejected
4499,0,Not Graduate,0,2200000,8800000,48,0,2000000,Rejected
4500,0,Not Graduate,0,5200000,15600000,240,0,5500000,Rejected
4501,1,Graduate,1,9600000,34500000,24,0,9300000,Rejected
4502,1,Not Graduate,0,2200000,5000000,24,0,3200000,Approved
4503,3,Graduate,0,6500000,16800000,120,0,7200000,Rejected
4504,5,Not Graduate,0,8300000,23100000,48,0,5500000,Rejected
4505,2,Graduate,1,500000,1600000,48,0,700000,Rejected
4506,5,Not Graduate,0,400000,800000,216,0,400000,Rejected
4507,1,Not Graduate,1,9900000,30900000,240,0,12100000,Rejected
4508,1,Graduate,1,7000000,25600000,72,0,8700000,Rejected
4509,2,Graduate,1,8500000,31800000,72,0,5600000,Rejected
4510,0,Graduate,1,1300000,4700000,192,0,800000,Rejected
4511,3,Not Graduate,1,9500000,20100000,24,0,11000000,Approved
4512,4,Not Graduate,1,3500000,8300000,24,0,1800000,Rejected
4513,4,Graduate,1,6100000,21700000,72,0,5600000,Rejected
4514,1,Not Graduate,1,6300000,23900000,120,0,4500000,Rejected
4515,2,Not Graduate,0,3300000,6600000,72,0,2700000,Rejected
4516,4,Graduate,1,5400000,12700000,48,0,6500000,Approved
4517,1,Not Graduate,0,9600000,26000000,192,0,8400000,Rejected
4518,2,Not Graduate,1,6500000,25100000,240,0,4400000,Rejected
4519,1,Graduate,1,6400000,17300000,120,0,8200000,Rejected
4520,1,Not Graduate,0,9000000,28200000,192,0,11200000,Rejected
4521,1,Graduate,0,9800000,26900000,216,0,11900000,Rejected
4522,3,Graduate,0,3200000,6900000,240,0,3100000,Rejected
4523,5,Not Graduate,0,5200000,13900000,48,0,7000000,Rejected
4524,2,Not Graduate,0,8800000,19000000,168,0,6100000,Rejected
4525,0,Not Graduate,1,7700000,16900000,168,0,6400000,Rejected
4526,1,Not Graduate,0,4200000,10700000,72,0,4700000,Rejected
4527,3,Not Graduate,0,5100000,18200000,120,0,6300000,Rejected
4528,4,Not Graduate,1,9100000,33000000,96,0,11200000,Rejected
4529,5,Not Graduate,1,8000000,22500000,240,0,10800000,Rejected
4530,4,Graduate,0,1900000,4300000,48,0,900000,Rejected
4531,4,Not Graduate,0,6000000,18000000,216,0,7500000,Rejected
4532,1,Graduate,1,3200000,11800000,192,0,2300000,Rejected
4533,3,Graduate,0,4700000,9600000,120,0,5300000,Approved
4534,0,Not Graduate,0,4600000,14400000,168,0,4800000,Rejected
4535,0,Not Graduate,1,4000000,10300000,48,0,2600000,Rejected
4536,5,Graduate,0,3200000,8700000,192,0,1800000,Rejected
4537,4,Not Graduate,0,1100000,3300000,216,0,700000,Rejected
4538,3,Not Graduate,0,9400000,35000000,192,0,4800000,Rejected
4539,5,Not Graduate,1,2900000,7500000,144,0,3700000,Rejected
4540,3,Graduate,1,9900000,29900000,240,0,7400000,Rejected
4541,1,Not Graduate,1,7400000,17200000,96,0,4900000,Rejected
4542,0,Graduate,0,5000000,14400000,24,0,4500000,Rejected
4543,4,Graduate,0,8500000,17800000,48,0,8000000,Rejected
4544,5,Graduate,1,6500000,18300000,48,0,7000000,Rejected
4545,1,Graduate,0,5900000,15200000,24,0,3600000,Rejected
4546,3,Not Graduate,0,400000,1100000,192,0,400000,Rejected
4547,1,Graduate,1,8400000,19700000,72,0,12100000,Approved
4548,3,Graduate,1,9800000,28200000,144,0,9600000,Rejected
4549,4,Not Graduate,1,2100000,5500000,216,0,2000000,Rejected
4550,1,Graduate,0,1000000,3000000,216,0,700000,Rejected
4551,4,Not Graduate,1,3200000,6800000,192,0,4000000,Approved
4552,5,Not Graduate,0,6400000,22300000,144,0,5800000,Rejected
4553,0,Graduate,1,700000,2100000,144,0,500000,Rejected
4554,5,Not Graduate,0,6300000,20100000,144,0,5800000,Rejected
4555,5,Graduate,1,4400000,11700000,240,0,2300000,Rejected
4556,1,Not Graduate,1,7800000,27200000,192,0,11400000,Rejected
4557,3,Graduate,1,8300000,27700000,48,0,7400000,Rejected
4558,2,Not Graduate,0,400000,1000000,72,0,200000,Rejected
4559,3,Not Graduate,0,300000,800000,24,0,200000,Rejected
4560,2,Graduate,1,9700000,35100000,240,0,6500000,Rejected
4561,2,Graduate,1,4700000,15100000,96,0,4700000,Rejected
4562,4,Not Graduate,1,800000,2400000,24,0,300000,Rejected
4563,0,Graduate,0,8400000,17500000,216,0,10400000,Approved
4564,0,Not Graduate,1,2800000,6300000,144,0,2300000,Rejected
4565,2,Graduate,0,7300000,20000000,72,0,9100000,Rejected
4566,4,Not Graduate,1,4700000,13700000,168,0,5000000,Rejected
4567,0,Not Graduate,1,3100000,8500000,96,0,3300000,Rejected
4568,3,Graduate,0,3900000,10700000,72,0,2700000,Rejected
4569,0,Graduate,0,600000,1800000,216,0,500000,Rejected
4570,5,Not Graduate,0,1800000,6200000,216,0,1300000,Rejected
4571,3,Graduate,0,8400000,32600000,48,0,8700000,Rejected
4572,5,Not Graduate,1,9800000,24200000,240,0,5000000,Rejected
4573,4,Graduate,0,4300000,11500000,240,0,5200000,Rejected
4574,2,Not Graduate,0,2300000,5000000,96,0,1500000,Rejected
4575,3,Not Graduate,1,7600000,29300000,96,0,11200000,Rejected
4576,0,Not Graduate,0,5300000,20000000,72,0,4000000,Rejected
4577,1,Not Graduate,0,2200000,5200000,168,0,1800000,Rejected
4578,1,Not Graduate,1,4000000,9400000,96,0,5500000,Approved
4579,1,Not Graduate,1,9100000,32900000,24,0,5900000,Rejected
4580,0,Graduate,0,7300000,14500000,192,0,9600000,Approved
4581,4,Not Graduate,0,4100000,13100000,168,0,3800000,Rejected
4582,5,Graduate,1,3500000,13500000,120,0,3100000,Rejected
4583,3,Not Graduate,0,4100000,15900000,144,0,5700000,Rejected
4584,4,Not Graduate,1,5800000,23200000,216,0,7500000,Rejected
4585,4,Not Graduate,0,8900000,30100000,24,0,10300000,Rejected
4586,2,Graduate,0,5200000,17200000,144,0,6300000,Rejected
4587,3,Graduate,0,6300000,17000000,192,0,3200000,Rejected
4588,5,Graduate,1,500000,1400000,48,0,300000,Rejected
4589,2,Graduate,0,6700000,21400000,96,0,8600000,Rejected
4590,1,Not Graduate,1,4800000,11600000,192,0,6500000,Approved
4591,0,Graduate,1,7800000,29100000,240,0,9700000,Rejected
4592,3,Graduate,1,1200000,3300000,72,0,1400000,Rejected
4593,2,Graduate,1,200000,500000,72,0,200000,Rejected
4594,4,Not Graduate,0,7600000,20800000,144,0,6400000,Rejected
4595,0,Graduate,0,3100000,10400000,216,0,1600000,Rejected
4596,3,Not Graduate,1,5100000,10300000,144,0,7500000,Approved
4597,3,Not Graduate,0,4300000,11100000,72,0,3300000,Rejected
4598,4,Graduate,1,8900000,26300000,120,0,12100000,Rejected
4599,3,Graduate,1,7500000,25300000,144,0,9600000,Rejected
4600,5,Not Graduate,1,4100000,11100000,216,0,3000000,Rejected
4601,4,Graduate,0,1100000,4000000,168,0,1600000,Rejected
4602,4,Graduate,0,1600000,5500000,120,0,1400000,Rejected
4603,5,Graduate,0,700000,2400000,192,0,800000,Rejected
4604,1,Graduate,0,9100000,34000000,144,0,8800000,Rejected
4605,4,Graduate,0,5100000,15500000,96,0,6700000,Rejected
4606,3,Graduate,0,1100000,2100000,96,0,900000,Rejected
4607,5,Not Graduate,0,400000,800000,216,0,400000,Rejected
4608,2,Not Graduate,0,5800000,18600000,216,0,6700000,Rejected
4609,5,Graduate,1,4400000,16500000,120,0,2800000,Rejected
4610,0,Graduate,1,2000000,6700000,96,0,2600000,Rejected
4611,5,Graduate,0,9000000,24200000,48,0,11900000,Rejected
4612,0,Not Graduate,1,3700000,9700000,144,0,4600000,Rejected
4613,2,Graduate,0,2700000,9300000,192,0,3600000,Rejected
4614,0,Not Graduate,0,5100000,13400000,192,0,3900000,Rejected
4615,5,Not Graduate,0,5800000,22800000,144,0,5700000,Rejected
4616,5,Graduate,0,8900000,35500000,192,0,4900000,Rejected
4617,3,Graduate,1,1200000,3300000,72,0,1400000,Rejected
4618,4,Graduate,0,1200000,3300000,24,0,1100000,Rejected
4619,5,Graduate,0,200000,700000,216,0,200000,Rejected
4620,1,Not Graduate,1,800000,2800000,192,0,1200000,Rejected
4621,2,Graduate,1,7100000,18800000,144,0,4900000,Rejected
4622,4,Graduate,0,5100000,12200000,168,0,3400000,Rejected
4623,2,Graduate,1,8600000,21600000,192,0,7100000,Rejected
4624,0,Graduate,1,9400000,20000000,48,0,4700000,Rejected
4625,3,Graduate,0,6100000,24000000,216,0,6800000,Rejected
4626,3,Graduate,0,9700000,35300000,48,0,7200000,Rejected
4627,4,Not Graduate,1,5500000,20000000,168,0,4900000,Rejected
4628,0,Graduate,0,9400000,27900000,72,0,7800000,Rejected
4629,5,Not Graduate,0,2700000,8200000,24,0,1500000,Rejected
4630,1,Not Graduate,0,4900000,18500000,48,0,2900000,Rejected
4631,4,Graduate,0,1700000,4300000,216,0,1700000,Rejected
4632,3,Graduate,0,6300000,17000000,192,0,3200000,Rejected
4633,5,Graduate,1,5000000,16400000,168,0,3300000,Rejected
4634,2,Graduate,0,9300000,22000000,168,0,13900000,Approved
4635,5,Not Graduate,1,4800000,16400000,168,0,4000000,Rejected
4636,0,Graduate,0,7500000,25100000,168,0,10700000,Rejected
4637,1,Not Graduate,1,600000,1400000,120,0,800000,Approved
4638,2,Graduate,1,9100000,24200000,192,0,9100000,Rejected
4639,5,Graduate,0,9400000,36800000,120,0,6300000,Rejected
4640,0,Graduate,0,6800000,20800000,240,0,8000000,Rejected
4641,5,Not Graduate,1,5800000,12400000,72,0,7600000,Approved
4642,1,Graduate,0,8200000,17500000,48,0,7700000,Rejected
4643,0,Graduate,1,9300000,24500000,120,0,5400000,Rejected
4644,1,Not Graduate,0,8300000,20400000,168,0,4700000,Rejected
4645,5,Not Graduate,1,5900000,16000000,72,0,3100000,Rejected
4646,3,Not Graduate,1,9200000,27700000,240,0,11200000,Rejected
4647,5,Graduate,1,2400000,8900000,24,0,2100000,Rejected
4648,3,Graduate,1,8300000,27700000,48,0,7400000,Rejected
4649,2,Graduate,0,5400000,17400000,120,0,4300000,Rejected
4650,4,Not Graduate,0,3500000,9500000,24,0,3100000,Rejected
4651,3,Graduate,1,7400000,25700000,24,0,5100000,Rejected
4652,2,Not Graduate,1,9900000,33200000,48,0,5000000,Rejected
4653,5,Graduate,1,8700000,18400000,144,0,12000000,Approved
4654,1,Graduate,1,2100000,7700000,192,0,2300000,Rejected
4655,1,Not Graduate,0,8400000,23400000,168,0,8100000,Rejected
4656,0,Not Graduate,0,4500000,14500000,24,0,6600000,Rejected
4657,0,Graduate,1,500000,1300000,48,0,200000,Rejected
4658,4,Graduate,1,6000000,17000000,144,0,3900000,Rejected
4659,4,Not Graduate,0,7300000,19800000,96,0,10300000,Rejected
4660,5,Graduate,0,8800000,21600000,216,0,8400000,Rejected
4661,5,Graduate,1,4200000,8500000,48,0,6000000,Approved
4662,4,Not Graduate,0,4900000,18800000,192,0,2600000,Rejected
4663,1,Not Graduate,0,3400000,8600000,192,0,3000000,Rejected
4664,4,Graduate,0,1400000,2700000,216,0,900000,Rejected
4665,4,Graduate,0,5500000,18600000,144,0,7300000,Rejected
4666,4,Not Graduate,1,4600000,9500000,240,0,3000000,Rejected
4667,0,Not Graduate,0,800000,2300000,192,0,400000,Rejected
4668,3,Graduate,1,9200000,33500000,96,0,11400000,Rejected
4669,4,Graduate,0,3900000,12600000,96,0,4500000,Rejected
4670,5,Graduate,0,4000000,9400000,48,0,2000000,Rejected
4671,0,Not Graduate,0,6600000,14100000,240,0,7800000,Approved
4672,3,Graduate,1,2100000,7400000,168,0,2800000,Rejected
4673,1,Graduate,0,2700000,6800000,240,0,1900000,Rejected
4674,2,Graduate,0,6800000,22600000,240,0,8200000,Rejected
4675,4,Graduate,0,1700000,4300000,216,0,1700000,Rejected
4676,2,Graduate,1,7800000,25400000,120,0,9800000,Rejected
4677,4,Not Graduate,1,2000000,5200000,192,0,2800000,Rejected
4678,0,Graduate,1,1200000,4200000,48,0,1500000,Rejected
4679,3,Not Graduate,1,5600000,11600000,144,0,7800000,Approved
4680,5,Graduate,1,8000000,21500000,144,0,10400000,Rejected
4681,3,Not Graduate,1,9900000,36500000,192,0,9800000,Rejected
4682,3,Not Graduate,0,1300000,3300000,96,0,1600000,Rejected
4683,4,Graduate,1,2700000,5400000,72,0,2700000,Rejected
4684,1,Not Graduate,0,3400000,8600000,192,0,3000000,Rejected
4685,4,Not Graduate,0,7600000,29900000,216,0,5700000,Rejected
4686,2,Graduate,1,8100000,28500000,240,0,10000000,Rejected
4687,2,Graduate,1,800000,3200000,120,0,700000,Rejected
4688,1,Graduate,1,8400000,26200000,168,0,6900000,Rejected
4689,2,Not Graduate,1,2500000,6400000,72,0,3500000,Rejected
4690,3,Graduate,1,7600000,30000000,120,0,11100000,Rejected
4691,4,Not Graduate,0,3600000,8700000,168,0,4100000,Rejected
4692,5,Graduate,0,8000000,27000000,240,0,10400000,Rejected
4693,5,Not Graduate,1,9700000,27600000,120,0,10600000,Rejected
4694,4,Not Graduate,0,6600000,17400000,240,0,7200000,Rejected
4695,1,Graduate,1,3800000,8800000,144,0,3800000,Rejected
4696,2,Not Graduate,0,5900000,19800000,240,0,8500000,Rejected
4697,0,Graduate,0,6600000,15200000,216,0,9300000,Approved
4698,4,Not Graduate,1,5200000,18300000,120,0,3400000,Rejected
4699,1,Graduate,1,8200000,19100000,96,0,6600000,Rejected
4700,2,Not Graduate,0,7600000,16700000,240,0,7400000,Rejected
4701,3,Not Graduate,1,600000,1400000,192,0,900000,Approved
4702,4,Graduate,0,3800000,10400000,120,0,4200000,Rejected
4703,5,Graduate,0,4500000,16900000,216,0,5600000,Rejected
4704,0,Not Graduate,1,800000,2400000,48,0,500000,Rejected
4705,2,Graduate,1,5900000,14300000,24,0,4100000,Rejected
4706,2,Not Graduate,0,7700000,18300000,240,0,4600000,Rejected
4707,5,Graduate,1,8700000,28100000,120,0,10100000,Rejected
4708,0,Graduate,1,3300000,9000000,216,0,4700000,Rejected
4709,2,Not Graduate,0,200000,300000,240,0,300000,Approved
4710,5,Graduate,1,3600000,8500000,240,0,4500000,Approved
4711,3,Not Graduate,0,7700000,26400000,144,0,10800000,Rejected
4712,0,Not Graduate,0,2600000,9400000,216,0,2300000,Rejected
4713,0,Not Graduate,1,3700000,9300000,168,0,1900000,Rejected
4714,4,Not Graduate,0,1500000,3100000,72,0,1900000,Approved
4715,4,Graduate,0,5900000,19900000,168,0,3200000,Rejected
4716,1,Not Graduate,0,6200000,23100000,192,0,7000000,Rejected
4717,4,Graduate,0,1200000,4400000,72,0,1700000,Rejected
4718,0,Not Graduate,1,5000000,17000000,72,0,5900000,Rejected
4719,4,Not Graduate,1,4900000,15900000,120,0,2800000,Rejected
4720,4,Graduate,1,300000,500000,24,0,400000,Approved
4721,4,Not Graduate,0,3200000,10600000,192,0,1800000,Rejected
4722,4,Not Graduate,0,7600000,29900000,216,0,5700000,Rejected
4723,1,Not Graduate,1,8400000,24700000,216,0,12200000,Rejected
4724,0,Graduate,0,9200000,30700000,120,0,5200000,Rejected
4725,1,Not Graduate,1,3200000,9000000,240,0,3800000,Rejected
4726,1,Not Graduate,1,1300000,5000000,240,0,1600000,Rejected
4727,0,Not Graduate,1,3300000,10000000,192,0,4100000,Rejected
4728,1,Graduate,0,1100000,3600000,240,0,500000,Rejected
4729,5,Graduate,1,1300000,4000000,96,0,1100000,Rejected
4730,0,Graduate,1,2700000,8400000,72,0,2000000,Rejected
4731,3,Not Graduate,0,500000,1200000,72,0,600000,Rejected
4732,0,Graduate,1,8500000,20000000,192,0,8900000,Rejected
4733,0,Graduate,0,1800000,5800000,216,0,1000000,Rejected
4734,3,Not Graduate,1,4000000,8600000,48,0,3500000,Rejected
4735,1,Graduate,1,4400000,14700000,96,0,2400000,Rejected
4736,0,Not Graduate,1,1900000,6400000,240,0,1900000,Rejected
4737,5,Graduate,1,5700000,15000000,240,0,3400000,Rejected
4738,1,Graduate,0,2900000,9600000,48,0,2700000,Rejected
4739,1,Graduate,0,9200000,29700000,120,0,12000000,Rejected
4740,5,Not Graduate,0,400000,800000,216,0,400000,Rejected
4741,3,Graduate,0,4100000,11700000,120,0,2100000,Rejected
4742,1,Not Graduate,1,4800000,11600000,192,0,6500000,Approved
4743,0,Not Graduate,0,6000000,12400000,24,0,6800000,Approved
4744,1,Graduate,0,5900000,16800000,48,0,7100000,Rejected
4745,4,Graduate,0,5200000,14100000,192,0,2700000,Rejected
4746,4,Graduate,0,4200000,14600000,72,0,3000000,Rejected
4747,4,Not Graduate,1,8000000,23200000,168,0,5400000,Rejected
4748,3,Not Graduate,0,8100000,21600000,48,0,9900000,Rejected
4749,4,Graduate,1,8600000,19200000,48,0,9300000,Rejected
4750,0,Graduate,0,600000,1600000,120,0,300000,Rejected
4751,4,Graduate,1,2000000,4700000,24,0,3000000,Approved
4752,0,Graduate,1,1200000,4200000,48,0,1500000,Rejected
4753,4,Graduate,1,3800000,14300000,48,0,4600000,Rejected
4754,1,Not Graduate,1,4000000,15600000,144,0,3200000,Rejected
4755,4,Not Graduate,1,6800000,13900000,96,0,9600000,Approved
4756,0,Not Graduate,0,5600000,19300000,216,0,6400000,Rejected
4757,1,Graduate,1,8800000,33700000,168,0,11900000,Rejected
4758,1,Not Graduate,1,3700000,10200000,48,0,3200000,Rejected
4759,3,Not Graduate,1,6900000,17900000,216,0,8700000,Rejected
4760,0,Graduate,0,9600000,23200000,216,0,8800000,Rejected
4761,3,Graduate,1,8600000,21800000,240,0,9100000,Rejected
4762,2,Not Graduate,0,4000000,8100000,192,0,3100000,Rejected
4763,5,Graduate,0,9400000,23700000,216,0,5600000,Rejected
4764,3,Graduate,1,4100000,12700000,120,0,3200000,Rejected
4765,0,Not Graduate,0,9700000,37300000,240,0,10500000,Rejected
4766,5,Graduate,1,1600000,4100000,24,0,1000000,Rejected
4767,0,Graduate,1,2700000,8400000,72,0,2000000,Rejected
4768,3,Graduate,1,9800000,28400000,144,0,11100000,Rejected
4769,4,Not Graduate,1,7600000,23800000,192,0,6400000,Rejected
4770,0,Graduate,0,5700000,17200000,96,0,2900000,Rejected
4771,1,Graduate,0,6300000,17200000,144,0,8500000,Rejected
4772,1,Not Graduate,0,6500000,16000000,72,0,9700000,Approved
4773,0,Not Graduate,1,6900000,22100000,240,0,6900000,Rejected
4774,3,Not Graduate,1,2700000,6100000,168,0,2300000,Rejected
4775,5,Graduate,1,3400000,11300000,240,0,2400000,Rejected
4776,4,Not Graduate,0,2000000,6000000,144,0,2300000,Rejected
4777,2,Not Graduate,0,8400000,26300000,48,0,6200000,Rejected
4778,4,Not Graduate,0,300000,600000,72,0,200000,Rejected
4779,4,Graduate,1,3100000,11500000,168,0,4200000,Rejected
4780,1,Graduate,1,6100000,17800000,240,0,4300000,Rejected
4781,4,Not Graduate,0,3500000,9500000,24,0,3100000,Rejected
4782,4,Not Graduate,1,4900000,15900000,120,0,2800000,Rejected
4783,3,Not Graduate,1,8800000,26700000,144,0,9600000,Rejected
4784,3,Not Graduate,1,3400000,13200000,96,0,4900000,Rejected
4785,4,Graduate,1,3900000,9200000,144,0,5200000,Approved
4786,4,Graduate,1,7100000,18200000,48,0,9600000,Rejected
4787,4,Not Graduate,1,400000,1400000,120,0,200000,Rejected
4788,2,Not Graduate,1,3200000,12500000,96,0,4400000,Rejected
4789,4,Graduate,1,3900000,9200000,144,0,5200000,Approved
4790,0,Not Graduate,1,8600000,23600000,24,0,7500000,Rejected
4791,3,Not Graduate,0,3600000,9800000,144,0,2200000,Rejected
4792,1,Graduate,0,9100000,30100000,168,0,7500000,Rejected
4793,2,Not Graduate,0,200000,300000,240,0,300000,Approved
4794,3,Graduate,1,900000,2400000,120,0,500000,Rejected
4795,5,Not Graduate,0,5700000,11600000,48,0,7400000,Approved
4796,0,Graduate,1,4700000,17700000,192,0,6700000,Rejected
4797,5,Not Graduate,0,1100000,4300000,120,0,1600000,Rejected
4798,0,Not Graduate,1,7300000,25700000,120,0,6000000,Rejected
4799,1,Not Graduate,1,4600000,18400000,120,0,2900000,Rejected
4800,2,Graduate,1,8600000,21600000,192,0,7100000,Rejected
4801,1,Graduate,1,5500000,14900000,24,0,4100000,Rejected
4802,3,Graduate,0,7400000,17500000,240,0,9500000,Approved
4803,0,Graduate,1,7800000,23300000,120,0,9700000,Rejected
4804,4,Graduate,1,4600000,11000000,24,0,3500000,Rejected
4805,5,Graduate,0,5600000,20300000,48,0,7600000,Rejected
4806,0,Not Graduate,0,7500000,28700000,24,0,7200000,Rejected
4807,0,Graduate,0,7500000,25100000,168,0,10700000,Rejected
4808,0,Graduate,1,9800000,23200000,120,0,14600000,Approved
4809,3,Graduate,0,3500000,8500000,216,0,2500000,Rejected
4810,1,Not Graduate,1,3200000,9000000,240,0,3800000,Rejected
4811,1,Not Graduate,0,400000,1300000,72,0,100000,Rejected
4812,3,Graduate,0,500000,1000000,240,0,200000,Rejected
4813,3,Not Graduate,1,7000000,15400000,240,0,5900000,Rejected
4814,2,Graduate,1,2800000,8400000,120,0,1500000,Rejected
4815,0,Graduate,0,2200000,6400000,48,0,1300000,Rejected
4816,1,Graduate,0,4100000,10000000,72,0,3600000,Rejected
4817,0,Graduate,0,6600000,15200000,216,0,9300000,Approved
4818,1,Graduate,1,6100000,12900000,24,0,7200000,Approved
4819,1,Not Graduate,1,3600000,13400000,192,0,3300000,Rejected
4820,5,Graduate,1,8100000,20300000,216,0,7400000,Rejected
4821,2,Graduate,1,9700000,35100000,240,0,6500000,Rejected
4822,3,Graduate,0,6800000,21200000,24,0,6300000,Rejected
4823,2,Graduate,1,6300000,24600000,96,0,6900000,Rejected
4824,0,Not Graduate,1,8600000,23000000,168,0,12000000,Rejected
4825,3,Not Graduate,0,5100000,11000000,192,0,2700000,Rejected
4826,4,Not Graduate,1,2800000,10000000,144,0,3300000,Rejected
4827,1,Not Graduate,1,1900000,5000000,72,0,1400000,Rejected
4828,1,Not Graduate,1,5800000,13900000,72,0,5500000,Rejected
4829,4,Graduate,1,900000,2500000,48,0,1100000,Rejected
4830,3,Graduate,0,4000000,12800000,216,0,4200000,Rejected
4831,3,Graduate,1,500000,1900000,216,0,400000,Rejected
4832,2,Graduate,1,6100000,15500000,96,0,7200000,Rejected
4833,1,Graduate,0,5900000,13000000,24,0,3800000,Rejected
4834,1,Graduate,1,6900000,23400000,48,0,10200000,Rejected
4835,5,Not Graduate,0,4300000,14500000,144,0,5100000,Rejected
4836,4,Not Graduate,1,8700000,28200000,144,0,8500000,Rejected
4837,2,Graduate,0,4600000,16100000,216,0,5400000,Rejected
4838,5,Graduate,0,4100000,10200000,144,0,4300000,Rejected
4839,2,Graduate,0,7500000,19900000,120,0,5900000,Rejected
4840,4,Graduate,1,6600000,18800000,120,0,6200000,Rejected
4841,5,Not Graduate,0,9500000,30700000,120,0,13100000,Rejected
4842,0,Graduate,0,2700000,7500000,72,0,2500000,Rejected
4843,2,Graduate,0,4700000,17700000,168,0,6500000,Rejected
4844,2,Graduate,0,4000000,13000000,48,0,4300000,Rejected
4845,1,Not Graduate,1,3000000,6800000,120,0,2900000,Rejected
4846,4,Not Graduate,0,4300000,10100000,24,0,5500000,Approved
4847,2,Not Graduate,0,3100000,10500000,120,0,1600000,Rejected
4848,1,Graduate,1,7400000,29500000,192,0,8100000,Rejected
4849,2,Graduate,0,9600000,35000000,24,0,5800000,Rejected
4850,3,Graduate,1,3000000,7500000,72,0,2300000,Rejected
4851,4,Not Graduate,0,4300000,10100000,24,0,5500000,Approved
4852,3,Graduate,1,4900000,13100000,216,0,3600000,Rejected
4853,3,Not Graduate,0,4500000,16100000,192,0,5800000,Rejected
4854,2,Not Graduate,1,4900000,13800000,24,0,7000000,Rejected
4855,5,Not Graduate,1,2200000,6700000,72,0,1100000,Rejected
4856,4,Graduate,0,5100000,12300000,240,0,5600000,Rejected
4857,4,Not Graduate,1,7500000,18000000,240,0,9700000,Approved
4858,2,Not Graduate,0,8900000,23100000,48,0,4700000,Rejected
4859,1,Not Graduate,1,7600000,18800000,168,0,10000000,Approved
4860,1,Graduate,1,6400000,16400000,240,0,7400000,Rejected
4861,2,Graduate,1,4800000,15300000,144,0,4300000,Rejected
4862,2,Graduate,0,6000000,17400000,192,0,3500000,Rejected
4863,2,Not Graduate,0,5200000,16800000,216,0,6800000,Rejected
4864,2,Graduate,1,5500000,12000000,24,0,7000000,Approved
4865,4,Graduate,0,9300000,34900000,72,0,8500000,Rejected
4866,3,Not Graduate,0,7800000,21100000,144,0,6200000,Rejected
4867,3,Not Graduate,1,8900000,21000000,168,0,6400000,Rejected
4868,3,Graduate,0,6600000,14600000,120,0,6000000,Rejected
4869,4,Not Graduate,0,2800000,10800000,24,0,4100000,Rejected
4870,1,Not Graduate,1,3400000,9700000,240,0,4800000,Rejected
4871,1,Graduate,0,8400000,24700000,96,0,6000000,Rejected
4872,1,Graduate,1,900000,3600000,168,0,1200000,Rejected
4873,4,Not Graduate,1,2400000,9400000,24,0,3500000,Rejected
4874,2,Graduate,0,9500000,31500000,144,0,11400000,Rejected
4875,4,Not Graduate,1,2400000,9400000,24,0,3500000,Rejected
4876,2,Graduate,1,1100000,3400000,120,0,1400000,Rejected
4877,4,Graduate,0,5800000,18500000,192,0,6500000,Rejected
4878,4,Graduate,0,7200000,22900000,216,0,8800000,Rejected
4879,4,Graduate,1,5300000,12000000,120,0,6100000,Approved
4880,4,Not Graduate,1,8900000,27100000,216,0,12700000,Rejected
4881,4,Graduate,0,1900000,6100000,24,0,2500000,Rejected
4882,0,Graduate,1,8200000,29700000,72,0,5700000,Rejected
4883,4,Not Graduate,1,7100000,27900000,120,0,7700000,Rejected
4884,5,Not Graduate,1,9200000,28100000,120,0,10700000,Rejected
4885,4,Graduate,0,1500000,4900000,192,0,2000000,Rejected
4886,2,Graduate,1,4800000,15300000,144,0,4300000,Rejected
4887,2,Not Graduate,0,1700000,5300000,240,0,1200000,Rejected
4888,3,Not Graduate,0,5500000,16200000,216,0,6100000,Rejected
4889,4,Graduate,0,7000000,25700000,240,0,10100000,Rejected
4890,1,Not Graduate,1,5300000,14600000,240,0,4600000,Rejected
4891,4,Graduate,0,7100000,27200000,192,0,3900000,Rejected
4892,2,Graduate,1,7700000,19700000,168,0,8000000,Rejected
4893,4,Graduate,1,3800000,11100000,192,0,4700000,Rejected
4894,0,Graduate,1,2500000,5400000,72,0,1800000,Rejected
4895,0,Not Graduate,0,5700000,13000000,72,0,8200000,Approved
4896,1,Graduate,0,4700000,9300000,96,0,5700000,Approved
4897,5,Graduate,1,3000000,11900000,168,0,4200000,Rejected
4898,5,Graduate,1,6300000,13200000,192,0,7100000,Approved
4899,4,Graduate,1,2000000,6700000,144,0,2000000,Rejected
4900,1,Graduate,1,5200000,19500000,144,0,5800000,Rejected
4901,5,Not Graduate,0,6700000,24500000,144,0,6200000,Rejected
4902,0,Graduate,1,6900000,17000000,240,0,4300000,Rejected
4903,0,Not Graduate,1,6200000,16200000,72,0,3600000,Rejected
4904,4,Graduate,1,4900000,10200000,216,0,6600000,Approved
4905,1,Not Graduate,1,8700000,33800000,216,0,5900000,Rejected
4906,2,Not Graduate,0,8700000,28000000,144,0,6700000,Rejected
4907,0,Not Graduate,0,5900000,20300000,48,0,4800000,Rejected
4908,3,Graduate,0,6300000,18300000,216,0,3500000,Rejected
4909,2,Not Graduate,1,4600000,16000000,48,0,4200000,Rejected
4910,4,Graduate,1,2000000,4700000,24,0,3000000,Approved
4911,0,Not Graduate,0,2100000,4700000,24,0,1200000,Rejected
4912,3,Not Graduate,0,7800000,21100000,144,0,6200000,Rejected
4913,4,Graduate,0,2500000,9900000,192,0,2300000,Rejected
4914,4,Not Graduate,0,1700000,5600000,96,0,2400000,Rejected
4915,1,Graduate,1,4400000,14700000,96,0,2400000,Rejected
4916,3,Not Graduate,1,600000,1400000,192,0,900000,Approved
4917,0,Graduate,1,900000,3500000,72,0,1100000,Rejected
4918,2,Not Graduate,1,3900000,13900000,216,0,2100000,Rejected
4919,3,Graduate,0,200000,600000,192,0,100000,Rejected
4920,2,Not Graduate,1,2300000,9000000,72,0,3400000,Rejected
4921,5,Not Graduate,0,1100000,3900000,240,0,1100000,Rejected
4922,5,Not Graduate,1,3500000,11800000,48,0,3600000,Rejected
4923,3,Not Graduate,0,8300000,29100000,120,0,11900000,Rejected
4924,0,Not Graduate,1,2700000,6800000,240,0,1900000,Rejected
4925,4,Graduate,0,3800000,10400000,120,0,4200000,Rejected
4926,1,Graduate,0,1400000,3100000,240,0,1800000,Approved
4927,2,Graduate,0,2500000,8700000,48,0,2600000,Rejected
4928,0,Not Graduate,1,2100000,8300000,240,0,2100000,Rejected
4929,0,Graduate,0,4100000,9200000,48,0,4900000,Approved
4930,4,Graduate,0,3700000,7600000,168,0,4500000,Approved
4931,1,Graduate,0,4900000,18100000,96,0,2400000,Rejected
4932,0,Graduate,0,600000,1800000,216,0,500000,Rejected
4933,5,Graduate,0,4900000,13000000,120,0,6500000,Rejected
4934,2,Not Graduate,1,9800000,32700000,24,0,8600000,Rejected
4935,3,Graduate,1,7500000,17900000,24,0,6300000,Rejected
4936,4,Not Graduate,0,4700000,10300000,144,0,6600000,Approved
4937,3,Graduate,1,6100000,21600000,192,0,7200000,Rejected
4938,4,Graduate,0,4300000,11500000,240,0,5200000,Rejected
4939,1,Not Graduate,1,3700000,10900000,168,0,4100000,Rejected
4940,4,Not Graduate,0,2800000,8300000,168,0,3700000,Rejected
4941,2,Not Graduate,0,9600000,25900000,216,0,11500000,Rejected
4942,1,Graduate,0,4100000,10000000,72,0,3600000,Rejected
4943,5,Not Graduate,1,6700000,23600000,168,0,7500000,Rejected
4944,0,Not Graduate,1,3200000,11600000,48,0,3100000,Rejected
4945,1,Not Graduate,1,6800000,13700000,120,0,6800000,Rejected
4946,3,Not Graduate,1,8800000,26200000,240,0,12500000,Rejected
4947,0,Graduate,1,7100000,19300000,72,0,5000000,Rejected
4948,5,Graduate,1,4400000,14100000,120,0,2600000,Rejected
4949,0,Not Graduate,0,6900000,22900000,120,0,8000000,Rejected
4950,3,Not Graduate,0,200000,800000,240,0,300000,Rejected
4951,4,Graduate,1,5400000,11500000,240,0,6100000,Approved
4952,2,Graduate,1,4000000,8600000,48,0,2400000,Rejected
4953,4,Not Graduate,1,7000000,23500000,216,0,7800000,Rejected
4954,5,Graduate,0,5700000,12900000,216,0,5500000,Rejected
4955,0,Not Graduate,1,3700000,11300000,72,0,5400000,Rejected
4956,0,Graduate,1,800000,1700000,48,0,400000,Rejected
4957,1,Graduate,1,8000000,30600000,168,0,6800000,Rejected
4958,0,Not Graduate,1,8800000,25600000,120,0,8600000,Rejected
4959,0,Graduate,1,4800000,13500000,120,0,5100000,Rejected
4960,0,Not Graduate,1,300000,1100000,24,0,400000,Rejected
4961,1,Not Graduate,0,7200000,28100000,168,0,4000000,Rejected
4962,3,Graduate,0,8200000,30700000,96,0,7900000,Rejected
4963,4,Not Graduate,0,4900000,11400000,96,0,4800000,Rejected
4964,0,Not Graduate,0,600000,1600000,72,0,700000,Rejected
4965,5,Graduate,1,4100000,15500000,120,0,3600000,Rejected
4966,5,Graduate,0,2700000,10600000,192,0,2400000,Rejected
4967,5,Graduate,0,7000000,23000000,216,0,4100000,Rejected
4968,2,Not Graduate,0,1900000,4500000,72,0,2300000,Approved
4969,0,Graduate,0,2900000,9800000,192,0,2400000,Rejected
4970,3,Not Graduate,0,500000,1200000,72,0,600000,Rejected
4971,5,Not Graduate,1,600000,1500000,24,0,600000,Rejected
4972,3,Not Graduate,1,700000,1700000,96,0,500000,Rejected
4973,3,Graduate,0,8300000,17700000,192,0,5900000,Rejected
4974,5,Graduate,1,8100000,20300000,216,0,7400000,Rejected
4975,2,Not Graduate,1,2700000,9400000,168,0,1900000,Rejected
4976,3,Not Graduate,1,7200000,21600000,24,0,3700000,Rejected
4977,0,Graduate,1,9300000,25000000,168,0,11000000,Rejected
4978,3,Not Graduate,1,1500000,5100000,168,0,1400000,Rejected
4979,4,Graduate,1,9800000,34100000,168,0,5100000,Rejected
4980,4,Not Graduate,1,9200000,29100000,120,0,5000000,Rejected
4981,5,Graduate,0,3100000,9400000,120,0,2800000,Rejected
4982,5,Not Graduate,0,3200000,7400000,144,0,3600000,Rejected
4983,5,Not Graduate,0,1100000,4300000,120,0,1600000,Rejected
4984,4,Not Graduate,0,2700000,8100000,48,0,3400000,Rejected
4985,1,Graduate,1,7600000,25400000,120,0,11000000,Rejected
4986,3,Graduate,1,7800000,19600000,48,0,7700000,Rejected
4987,1,Graduate,1,4400000,12300000,72,0,6600000,Rejected
4988,4,Not Graduate,0,8600000,26700000,120,0,6900000,Rejected
4989,1,Graduate,0,7300000,24200000,240,0,9000000,Rejected
4990,4,Graduate,1,5900000,19600000,96,0,8000000,Rejected
4991,3,Not Graduate,0,2400000,8100000,72,0,2300000,Rejected
4992,1,Not Graduate,1,3500000,13500000,144,0,4100000,Rejected
4993,4,Not Graduate,1,7500000,18000000,240,0,9700000,Approved
4994,1,Graduate,1,200000,500000,120,0,200000,Rejected
4995,0,Not Graduate,0,800000,2400000,24,0,400000,Rejected
4996,5,Graduate,0,9400000,21800000,72,0,6800000,Rejected
4997,0,Not Graduate,1,3900000,8600000,24,0,2000000,Rejected
4998,1,Graduate,0,4700000,15700000,48,0,3600000,Rejected
4999,3,Not Graduate,1,5600000,20900000,168,0,8200000,Rejected
5000,3,Graduate,0,3200000,10100000,240,0,3900000,Rejected
5001,5,Not Graduate,1,1500000,5500000,48,0,1200000,Rejected
5002,1,Not Graduate,0,9100000,24000000,240,0,10900000,Rejected
5003,1,Graduate,1,6900000,23400000,48,0,10200000,Rejected
5004,4,Graduate,1,5300000,12000000,120,0,6100000,Approved
5005,0,Not Graduate,0,1600000,4500000,216,0,1800000,Rejected
5006,5,Not Graduate,1,1300000,5000000,120,0,1900000,Rejected
5007,0,Not Graduate,0,2000000,4700000,24,0,1200000,Rejected
5008,1,Not Graduate,1,3500000,7400000,192,0,2100000,Rejected
5009,3,Graduate,0,2900000,11500000,192,0,4300000,Rejected
5010,4,Not Graduate,0,6000000,15800000,216,0,6400000,Rejected
5011,2,Graduate,1,3300000,6700000,96,0,3200000,Rejected
5012,1,Not Graduate,1,8000000,20700000,72,0,11300000,Rejected
5013,4,Not Graduate,1,7000000,26700000,48,0,6000000,Rejected
5014,5,Not Graduate,1,2500000,9400000,192,0,1700000,Rejected
5015,0,Not Graduate,1,7500000,25800000,216,0,6500000,Rejected
5016,5,Not Graduate,0,9500000,30700000,120,0,13100000,Rejected
5017,1,Graduate,0,6200000,14300000,240,0,4300000,Rejected
5018,4,Not Graduate,0,6000000,14900000,24,0,6500000,Rejected
5019,0,Graduate,0,9000000,33500000,96,0,11100000,Rejected
5020,4,Graduate,1,9000000,28900000,72,0,4800000,Rejected
5021,4,Graduate,1,400000,1400000,24,0,400000,Rejected
5022,3,Not Graduate,1,4200000,9700000,24,0,4300000,Rejected
5023,2,Not Graduate,1,1800000,3600000,48,0,1500000,Rejected
5024,2,Graduate,0,7100000,21400000,144,0,4800000,Rejected
5025,5,Graduate,1,5200000,12700000,192,0,7200000,Approved
5026,5,Graduate,1,1300000,2900000,144,0,1800000,Approved
5027,3,Not Graduate,1,6000000,16000000,144,0,7800000,Rejected
5028,3,Graduate,0,6400000,24100000,144,0,7500000,Rejected
5029,5,Not Graduate,1,4000000,15500000,144,0,3500000,Rejected
5030,1,Not Graduate,0,300000,700000,120,0,100000,Rejected
5031,2,Graduate,1,5600000,21000000,216,0,6000000,Rejected
5032,5,Graduate,1,8500000,26700000,120,0,9600000,Rejected
5033,0,Not Graduate,0,9500000,24800000,24,0,12000000,Rejected
5034,1,Graduate,1,7700000,16900000,72,0,10200000,Approved
5035,2,Not Graduate,1,8200000,27200000,120,0,6000000,Rejected
5036,2,Not Graduate,1,9200000,33000000,168,0,6600000,Rejected
5037,1,Graduate,0,4100000,9100000,240,0,4800000,Approved
5038,0,Graduate,0,9300000,20300000,168,0,10900000,Approved
5039,2,Not Graduate,1,2100000,4500000,216,0,1500000,Rejected
5040,2,Not Graduate,0,7000000,25700000,216,0,4500000,Rejected
5041,4,Graduate,1,9700000,33300000,144,0,6500000,Rejected
5042,0,Graduate,1,700000,1800000,144,0,300000,Rejected
5043,5,Not Graduate,1,7500000,15000000,168,0,4400000,Rejected
5044,2,Not Graduate,0,2800000,6000000,216,0,3400000,Approved
5045,4,Graduate,1,2100000,7700000,96,0,1300000,Rejected
5046,0,Not Graduate,0,6600000,20300000,72,0,9800000,Rejected
5047,4,Graduate,0,4500000,9900000,120,0,2700000,Rejected
5048,1,Graduate,0,8000000,31900000,144,0,6000000,Rejected
5049,5,Not Graduate,1,9800000,35700000,120,0,12000000,Rejected
5050,1,Graduate,1,9200000,29200000,72,0,11700000,Rejected
5051,2,Not Graduate,1,1700000,3500000,240,0,1700000,Rejected
5052,4,Graduate,0,4500000,15300000,120,0,2200000,Rejected
5053,4,Not Graduate,0,2600000,7200000,192,0,1400000,Rejected
5054,1,Graduate,1,9800000,23300000,144,0,13900000,Approved
5055,1,Not Graduate,0,1900000,7100000,24,0,1400000,Rejected
5056,4,Graduate,0,4700000,10800000,240,0,4500000,Rejected
5057,4,Graduate,0,5500000,21700000,168,0,3100000,Rejected
5058,3,Graduate,0,8200000,28300000,24,0,12100000,Rejected
5059,0,Not Graduate,1,800000,3200000,96,0,800000,Rejected
5060,1,Graduate,0,2900000,11100000,240,0,3000000,Rejected
5061,1,Not Graduate,0,4500000,12400000,72,0,2200000,Rejected
5062,1,Not Graduate,0,1700000,6600000,48,0,1300000,Rejected
5063,2,Graduate,0,4900000,16000000,144,0,5700000,Rejected
5064,2,Graduate,1,2700000,8500000,240,0,2100000,Rejected
5065,4,Not Graduate,1,4900000,15900000,120,0,2800000,Rejected
5066,2,Graduate,1,2700000,8500000,240,0,2100000,Rejected
5067,5,Not Graduate,0,4100000,12300000,72,0,3500000,Rejected
5068,1,Not Graduate,1,3600000,13700000,120,0,4100000,Rejected
5069,1,Not Graduate,0,5100000,20000000,48,0,6700000,Rejected
5070,5,Graduate,1,3800000,10300000,192,0,2700000,Rejected
5071,2,Graduate,0,1000000,2000000,120,0,1300000,Approved
5072,1,Not Graduate,1,2800000,6600000,216,0,3700000,Approved
5073,4,Not Graduate,0,9500000,21300000,216,0,11100000,Approved
5074,2,Not Graduate,0,5900000,20800000,168,0,8800000,Rejected
5075,1,Graduate,0,4700000,14000000,24,0,3700000,Rejected
5076,2,Graduate,0,4500000,9600000,192,0,2700000,Rejected
5077,3,Not Graduate,0,7600000,26300000,216,0,5100000,Rejected
5078,4,Not Graduate,1,800000,2100000,72,0,1200000,Rejected
5079,1,Not Graduate,0,8900000,28400000,72,0,7900000,Rejected
5080,4,Not Graduate,0,2600000,7200000,192,0,1400000,Rejected
5081,3,Graduate,0,4700000,10900000,24,0,5200000,Rejected
5082,1,Graduate,1,200000,800000,168,0,0,Rejected
5083,4,Graduate,0,4200000,16800000,72,0,5900000,Rejected
5084,0,Graduate,0,9200000,22500000,120,0,10700000,Rejected
5085,1,Not Graduate,1,9000000,32200000,192,0,10900000,Rejected
5086,4,Not Graduate,1,6700000,24700000,72,0,8400000,Rejected
5087,0,Not Graduate,1,3700000,9700000,144,0,4600000,Rejected
5088,0,Graduate,1,4200000,13600000,48,0,3100000,Rejected
5089,5,Graduate,1,6400000,21900000,144,0,3800000,Rejected
5090,3,Graduate,1,4300000,16600000,120,0,5800000,Rejected
5091,1,Not Graduate,1,300000,1200000,48,0,200000,Rejected
5092,3,Graduate,1,3200000,9900000,120,0,3600000,Rejected
5093,5,Not Graduate,1,800000,2500000,48,0,400000,Rejected
5094,2,Graduate,1,9900000,33400000,168,0,9500000,Rejected
5095,1,Not Graduate,0,5100000,15300000,48,0,5900000,Rejected
5096,2,Not Graduate,1,2300000,8100000,24,0,3100000,Rejected
5097,1,Not Graduate,0,1600000,5100000,216,0,900000,Rejected
5098,4,Not Graduate,1,400000,800000,120,0,200000,Rejected
5099,3,Graduate,1,4900000,13100000,216,0,3600000,Rejected
5100,5,Graduate,0,6300000,18100000,48,0,8600000,Rejected
5101,4,Not Graduate,1,5600000,17500000,120,0,7200000,Rejected
5102,1,Graduate,1,7000000,16000000,48,0,7900000,Rejected
5103,2,Graduate,1,9700000,35100000,240,0,6500000,Rejected
5104,5,Not Graduate,0,4200000,12600000,216,0,6200000,Rejected
5105,2,Not Graduate,0,2900000,11000000,24,0,1400000,Rejected
5106,4,Graduate,0,7100000,28300000,72,0,9700000,Rejected
5107,4,Graduate,1,9800000,29700000,48,0,10000000,Rejected
5108,0,Not Graduate,1,800000,2400000,192,0,1100000,Rejected
5109,0,Not Graduate,0,6300000,19600000,72,0,5900000,Rejected
5110,2,Not Graduate,1,9800000,38200000,120,0,5300000,Rejected
5111,4,Not Graduate,1,6800000,20000000,144,0,6600000,Rejected
5112,0,Not Graduate,0,6200000,12900000,120,0,4200000,Rejected
5113,3,Not Graduate,1,7000000,16100000,192,0,10000000,Approved
5114,5,Not Graduate,0,9000000,34300000,120,0,10100000,Rejected
5115,1,Not Graduate,0,8100000,25400000,72,0,4400000,Rejected
5116,4,Not Graduate,1,8000000,23200000,168,0,5400000,Rejected
5117,5,Not Graduate,0,900000,3100000,240,0,1300000,Rejected
5118,1,Not Graduate,1,7900000,19100000,24,0,7800000,Rejected
5119,2,Graduate,1,8200000,23600000,72,0,6100000,Rejected
5120,1,Not Graduate,1,3500000,9600000,48,0,4600000,Rejected
5121,0,Graduate,0,1500000,3600000,168,0,1200000,Rejected
5122,2,Not Graduate,1,3800000,8900000,192,0,2200000,Rejected
5123,0,Not Graduate,1,9600000,23800000,144,0,10400000,Rejected
5124,0,Not Graduate,0,200000,600000,144,0,0,Rejected
5125,0,Graduate,0,8400000,17500000,216,0,10400000,Approved
5126,2,Not Graduate,0,3700000,14100000,72,0,3400000,Rejected
5127,2,Not Graduate,1,9900000,33200000,48,0,5000000,Rejected
5128,2,Graduate,0,4700000,17700000,168,0,6500000,Rejected
5129,3,Not Graduate,0,3200000,10800000,48,0,2600000,Rejected
5130,3,Graduate,1,4300000,16600000,120,0,5800000,Rejected
5131,1,Not Graduate,1,9200000,31500000,216,0,8300000,Rejected
5132,1,Graduate,1,2100000,7700000,192,0,2300000,Rejected
5133,2,Graduate,0,5400000,14500000,96,0,6600000,Rejected
5134,0,Not Graduate,0,2200000,8600000,48,0,2800000,Rejected
5135,3,Not Graduate,1,7000000,16100000,192,0,10000000,Approved
5136,3,Graduate,0,9100000,19900000,24,0,13000000,Approved
5137,4,Graduate,0,6200000,12400000,240,0,8000000,Approved
5138,2,Not Graduate,1,400000,1300000,24,0,500000,Rejected
5139,5,Graduate,0,5600000,20300000,48,0,7600000,Rejected
5140,5,Not Graduate,1,4000000,8200000,24,0,4400000,Approved
5141,0,Graduate,0,7600000,19700000,144,0,7300000,Rejected
5142,5,Not Graduate,0,8300000,23100000,48,0,5500000,Rejected
5143,1,Graduate,0,4400000,10700000,216,0,5400000,Approved
5144,0,Not Graduate,0,4800000,15700000,120,0,6400000,Rejected
5145,4,Graduate,1,8800000,20900000,216,0,13100000,Approved
5146,0,Not Graduate,1,1600000,3400000,96,0,1300000,Rejected
5147,1,Graduate,1,9600000,29900000,216,0,9400000,Rejected
5148,5,Graduate,0,8600000,21000000,96,0,9900000,Rejected
5149,1,Not Graduate,1,200000,600000,24,0,200000,Rejected
5150,0,Not Graduate,1,800000,2400000,192,0,1100000,Rejected
5151,1,Not Graduate,1,3100000,6300000,240,0,4000000,Approved
5152,2,Graduate,0,5100000,16500000,144,0,5700000,Rejected
5153,5,Not Graduate,0,4400000,14900000,48,0,3500000,Rejected
5154,0,Graduate,0,7400000,24900000,240,0,6200000,Rejected
5155,2,Not Graduate,0,3100000,10500000,120,0,1600000,Rejected
5156,5,Not Graduate,0,1100000,2500000,48,0,600000,Rejected
5157,4,Not Graduate,0,6800000,24200000,216,0,9400000,Rejected
5158,1,Not Graduate,0,4300000,16400000,240,0,5700000,Rejected
5159,3,Not Graduate,1,8800000,25100000,96,0,12400000,Rejected
5160,0,Not Graduate,0,9000000,28400000,48,0,13200000,Rejected
5161,3,Graduate,1,7700000,23100000,96,0,7000000,Rejected
5162,5,Graduate,1,1600000,4100000,24,0,1000000,Rejected
5163,2,Not Graduate,0,5200000,14800000,144,0,4100000,Rejected
5164,1,Not Graduate,0,4700000,14000000,72,0,4600000,Rejected
5165,3,Not Graduate,1,8700000,27200000,216,0,12000000,Rejected
5166,4,Not Graduate,1,9100000,33000000,96,0,11200000,Rejected
5167,4,Graduate,0,5300000,15400000,96,0,5000000,Rejected
5168,2,Not Graduate,0,6100000,23500000,168,0,3400000,Rejected
5169,0,Not Graduate,0,6400000,14200000,24,0,3500000,Rejected
5170,3,Not Graduate,1,9400000,32100000,120,0,11400000,Rejected
5171,3,Graduate,1,9600000,34200000,24,0,6700000,Rejected
5172,0,Graduate,1,4600000,12000000,144,0,3600000,Rejected
5173,3,Graduate,0,2300000,5600000,216,0,2100000,Rejected
5174,3,Graduate,1,7500000,25100000,216,0,4700000,Rejected
5175,0,Not Graduate,0,4000000,12500000,216,0,2300000,Rejected
5176,0,Not Graduate,0,7400000,25500000,72,0,8400000,Rejected
5177,3,Graduate,0,5500000,11600000,72,0,5400000,Rejected
5178,2,Graduate,1,5100000,19700000,240,0,3400000,Rejected
5179,2,Graduate,1,6300000,24600000,96,0,6900000,Rejected
5180,0,Graduate,0,6500000,20200000,192,0,9600000,Rejected
5181,4,Not Graduate,0,7100000,19900000,168,0,7600000,Rejected
5182,3,Graduate,0,6200000,16700000,120,0,9100000,Rejected
5183,5,Graduate,1,6500000,18300000,48,0,7000000,Rejected
5184,1,Graduate,0,6600000,18500000,96,0,7600000,Rejected
5185,0,Not Graduate,0,7800000,28800000,144,0,7400000,Rejected
5186,5,Not Graduate,0,8500000,23400000,192,0,4800000,Rejected
5187,0,Not Graduate,0,1900000,6700000,144,0,1700000,Rejected
5188,4,Not Graduate,0,4100000,13100000,168,0,3800000,Rejected
5189,2,Not Graduate,1,9200000,33000000,168,0,6600000,Rejected
5190,2,Graduate,0,6800000,22600000,240,0,8200000,Rejected
5191,3,Graduate,1,7000000,24200000,24,0,7900000,Rejected
5192,1,Graduate,0,7400000,16100000,48,0,4300000,Rejected
5193,4,Not Graduate,1,3900000,12000000,168,0,5200000,Rejected
5194,0,Graduate,0,7500000,15900000,24,0,4500000,Rejected
5195,2,Graduate,1,8100000,22300000,216,0,7300000,Rejected
5196,2,Graduate,1,8300000,19500000,48,0,8600000,Rejected
5197,5,Graduate,0,1400000,2900000,48,0,1600000,Approved
5198,0,Graduate,1,7300000,23300000,24,0,4100000,Rejected
5199,1,Not Graduate,1,1000000,3900000,192,0,600000,Rejected
5200,1,Not Graduate,0,3200000,6600000,192,0,1800000,Rejected
5201,5,Not Graduate,1,8200000,27100000,48,0,4100000,Rejected
5202,2,Not Graduate,0,2500000,8600000,96,0,1300000,Rejected
5203,5,Not Graduate,1,2300000,5000000,120,0,2900000,Approved
5204,2,Graduate,0,700000,2000000,96,0,400000,Rejected
5205,1,Not Graduate,1,9900000,38500000,24,0,6500000,Rejected
5206,2,Not Graduate,0,6900000,16500000,192,0,3600000,Rejected
5207,3,Graduate,1,3400000,9700000,240,0,2400000,Rejected
5208,4,Not Graduate,0,500000,1300000,72,0,500000,Rejected
5209,1,Graduate,1,2000000,5600000,168,0,1600000,Rejected
5210,3,Graduate,1,9900000,29900000,240,0,7400000,Rejected
5211,3,Graduate,1,2300000,8000000,96,0,1200000,Rejected
5212,3,Graduate,0,200000,800000,216,0,200000,Rejected
5213,2,Not Graduate,1,800000,2100000,72,0,600000,Rejected
5214,0,Not Graduate,1,5500000,16300000,120,0,6200000,Rejected
5215,5,Not Graduate,1,9700000,27600000,120,0,10600000,Rejected
5216,0,Not Graduate,1,4000000,10300000,48,0,2600000,Rejected
5217,5,Not Graduate,1,9400000,26600000,240,0,11700000,Rejected
5218,4,Not Graduate,0,7900000,25700000,216,0,9800000,Rejected
5219,0,Graduate,0,3100000,8100000,216,0,2400000,Rejected
5220,5,Graduate,0,9000000,18000000,216,0,6100000,Rejected
5221,0,Not Graduate,0,2700000,8400000,168,0,2800000,Rejected
5222,4,Not Graduate,1,7700000,23400000,72,0,10700000,Rejected
5223,4,Graduate,0,8400000,28700000,168,0,8600000,Rejected
5224,0,Not Graduate,0,5900000,23300000,192,0,5800000,Rejected
5225,1,Graduate,0,7400000,26600000,216,0,3900000,Rejected
5226,4,Not Graduate,0,5600000,14800000,240,0,6500000,Rejected
5227,0,Graduate,1,2300000,4900000,144,0,3200000,Approved
5228,1,Graduate,0,4100000,9100000,240,0,4800000,Approved
5229,3,Graduate,1,900000,3500000,48,0,600000,Rejected
5230,2,Graduate,1,9400000,24800000,168,0,7500000,Rejected
5231,2,Not Graduate,0,3700000,9200000,120,0,3100000,Rejected
5232,2,Graduate,1,6300000,23200000,144,0,5300000,Rejected
5233,3,Not Graduate,1,8400000,29500000,240,0,10900000,Rejected
5234,4,Graduate,0,6500000,14500000,48,0,6400000,Rejected
5235,5,Graduate,1,9600000,32400000,24,0,6200000,Rejected
5236,2,Not Graduate,0,1500000,4200000,192,0,1100000,Rejected
5237,4,Graduate,0,3200000,12200000,168,0,2900000,Rejected
5238,1,Not Graduate,1,1200000,4800000,72,0,1300000,Rejected
5239,0,Graduate,1,2900000,7200000,192,0,3600000,Rejected
5240,2,Not Graduate,1,800000,2100000,72,0,600000,Rejected
5241,2,Not Graduate,0,2600000,8400000,72,0,2000000,Rejected
5242,2,Graduate,0,7000000,19800000,120,0,8000000,Rejected
5243,5,Not Graduate,0,3200000,9300000,72,0,4200000,Rejected
5244,0,Not Graduate,1,800000,2600000,24,0,500000,Rejected
5245,1,Graduate,0,7800000,18100000,24,0,9000000,Rejected
5246,0,Not Graduate,1,8600000,23000000,168,0,12000000,Rejected
5247,3,Graduate,1,9000000,32900000,72,0,12000000,Rejected
5248,5,Graduate,0,8600000,21000000,96,0,9900000,Rejected
5249,1,Not Graduate,0,1200000,4600000,240,0,1400000,Rejected
5250,3,Graduate,0,8300000,17200000,96,0,10000000,Approved
5251,4,Not Graduate,0,4900000,11400000,96,0,4800000,Rejected
5252,3,Graduate,0,5000000,12700000,168,0,6300000,Rejected
5253,4,Not Graduate,0,8300000,17900000,240,0,12200000,Approved
5254,2,Graduate,0,1800000,4700000,96,0,2200000,Rejected
5255,5,Not Graduate,0,6900000,19200000,144,0,9000000,Rejected
5256,1,Not Graduate,1,2400000,9300000,240,0,3400000,Rejected
5257,4,Graduate,0,5100000,12300000,240,0,5600000,Rejected
5258,4,Graduate,0,4500000,15800000,168,0,4400000,Rejected
5259,1,Not Graduate,1,2100000,4200000,216,0,1500000,Rejected
5260,4,Not Graduate,0,1500000,3100000,72,0,1900000,Approved
5261,2,Graduate,0,5400000,20600000,216,0,5500000,Rejected
5262,5,Graduate,1,3800000,10300000,192,0,2700000,Rejected
5263,1,Not Graduate,0,2200000,5000000,24,0,3200000,Approved
5264,4,Graduate,1,6600000,16000000,192,0,4500000,Rejected
5265,1,Graduate,0,7800000,23900000,48,0,10900000,Rejected
5266,3,Not Graduate,1,1000000,3700000,96,0,1300000,Rejected
5267,4,Not Graduate,0,3900000,10800000,240,0,2300000,Rejected
5268,3,Not Graduate,1,7000000,26100000,216,0,5900000,Rejected
5269,0,Not Graduate,1,4900000,11900000,192,0,3800000,Rejected
5270,5,Not Graduate,1,2500000,9400000,192,0,1700000,Rejected
5271,2,Not Graduate,1,6600000,17000000,24,0,6700000,Rejected
5272,1,Graduate,1,9000000,33500000,216,0,5300000,Rejected
5273,1,Not Graduate,1,1700000,5000000,120,0,2200000,Rejected
5274,3,Not Graduate,1,700000,2500000,96,0,400000,Rejected
5275,5,Graduate,0,9400000,23700000,216,0,5600000,Rejected
5276,0,Graduate,1,5000000,18900000,72,0,6700000,Rejected
5277,5,Graduate,1,8900000,19100000,240,0,10000000,Approved
5278,3,Graduate,0,2300000,5600000,216,0,2100000,Rejected
5279,1,Not Graduate,0,1200000,2700000,168,0,600000,Rejected
5280,4,Not Graduate,0,7200000,18900000,192,0,4900000,Rejected
5281,2,Graduate,0,1500000,3600000,48,0,1700000,Rejected
5282,5,Not Graduate,0,3300000,8400000,216,0,4000000,Rejected
5283,4,Graduate,0,9100000,26600000,24,0,10400000,Rejected
5284,0,Graduate,1,5300000,15000000,24,0,5800000,Rejected
5285,2,Not Graduate,0,1300000,4500000,72,0,1200000,Rejected
5286,2,Not Graduate,1,3000000,7100000,48,0,2100000,Rejected
5287,3,Not Graduate,1,3200000,7200000,72,0,4600000,Approved
5288,5,Graduate,1,1300000,2900000,144,0,1800000,Approved
5289,4,Graduate,1,2200000,7900000,216,0,1600000,Rejected
5290,2,Not Graduate,0,8500000,18900000,216,0,11400000,Approved
5291,4,Not Graduate,1,1400000,5100000,168,0,1400000,Rejected
5292,3,Graduate,1,3200000,9900000,120,0,3600000,Rejected
5293,3,Graduate,0,9100000,19900000,24,0,13000000,Approved
5294,5,Graduate,1,700000,2600000,24,0,500000,Rejected
5295,3,Graduate,1,3200000,7400000,24,0,4600000,Approved
5296,5,Not Graduate,0,9500000,30700000,120,0,13100000,Rejected
5297,4,Graduate,1,6400000,21900000,72,0,4100000,Rejected
5298,0,Not Graduate,0,1900000,4100000,216,0,1200000,Rejected
5299,2,Graduate,0,6900000,20900000,24,0,9200000,Rejected
5300,2,Not Graduate,1,5000000,19500000,168,0,6500000,Rejected
5301,3,Not Graduate,1,8600000,23200000,144,0,4500000,Rejected
5302,5,Not Graduate,1,200000,300000,120,0,200000,Approved
5303,0,Not Graduate,1,3300000,7700000,144,0,4200000,Approved
5304,1,Not Graduate,1,5600000,13700000,96,0,4200000,Rejected
5305,4,Not Graduate,0,7700000,17200000,72,0,6800000,Rejected
5306,0,Graduate,1,5300000,20200000,24,0,6200000,Rejected
5307,4,Not Graduate,0,200000,600000,120,0,0,Rejected
5308,3,Not Graduate,1,7800000,17700000,72,0,10800000,Approved
5309,4,Not Graduate,0,6900000,18000000,96,0,8700000,Rejected
5310,1,Graduate,0,8200000,17500000,48,0,7700000,Rejected
5311,2,Graduate,1,8300000,27900000,216,0,9200000,Rejected
5312,5,Graduate,1,4500000,17100000,24,0,6500000,Rejected
5313,3,Graduate,1,6900000,16400000,48,0,3800000,Rejected
5314,3,Not Graduate,1,6800000,16900000,216,0,4900000,Rejected
5315,4,Graduate,0,8300000,24600000,24,0,6600000,Rejected
5316,2,Graduate,1,8200000,23600000,72,0,6100000,Rejected
5317,0,Not Graduate,0,6900000,23500000,24,0,9400000,Rejected
5318,2,Graduate,0,4300000,9800000,24,0,5100000,Approved
5319,4,Graduate,1,4700000,9500000,216,0,4100000,Rejected
5320,5,Not Graduate,0,7000000,21800000,48,0,10000000,Rejected
5321,2,Not Graduate,0,8400000,28300000,120,0,4400000,Rejected
5322,2,Not Graduate,0,7600000,19300000,144,0,9600000,Rejected
5323,1,Not Graduate,0,3200000,12000000,192,0,2200000,Rejected
5324,4,Graduate,1,2500000,5300000,120,0,1700000,Rejected
5325,3,Not Graduate,1,4200000,14600000,72,0,4900000,Rejected
5326,4,Graduate,0,5800000,14700000,120,0,3900000,Rejected
5327,4,Graduate,0,5400000,15700000,216,0,6600000,Rejected
5328,1,Not Graduate,1,1600000,4800000,168,0,1200000,Rejected
5329,0,Not Graduate,1,8600000,20000000,120,0,10300000,Approved
5330,0,Not Graduate,1,7200000,19800000,144,0,7300000,Rejected
5331,5,Graduate,0,8300000,31800000,192,0,8500000,Rejected
5332,2,Not Graduate,1,4500000,12500000,144,0,4300000,Rejected
5333,1,Graduate,1,200000,500000,240,0,100000,Rejected
5334,3,Not Graduate,0,8700000,24800000,240,0,4300000,Rejected
5335,0,Graduate,1,3500000,10000000,168,0,5000000,Rejected
5336,1,Graduate,0,1600000,5400000,144,0,800000,Rejected
5337,2,Not Graduate,0,5200000,14800000,144,0,4100000,Rejected
5338,0,Not Graduate,1,800000,2400000,48,0,500000,Rejected
5339,1,Not Graduate,0,2800000,9100000,144,0,3600000,Rejected
5340,3,Graduate,1,7900000,29200000,48,0,6900000,Rejected
5341,3,Not Graduate,0,6100000,14800000,120,0,6100000,Rejected
5342,0,Not Graduate,0,4300000,17000000,96,0,3900000,Rejected
5343,4,Graduate,0,9300000,35900000,216,0,11400000,Rejected
5344,1,Graduate,0,6200000,19500000,144,0,4000000,Rejected
5345,0,Graduate,1,6400000,21900000,144,0,5300000,Rejected
5346,4,Graduate,0,7400000,17500000,48,0,3600000,Rejected
5347,3,Graduate,1,3500000,10200000,144,0,2400000,Rejected
5348,0,Not Graduate,1,9500000,20800000,168,0,13400000,Approved
5349,0,Graduate,1,2600000,9000000,240,0,3400000,Rejected
5350,5,Graduate,0,3600000,7700000,192,0,2900000,Rejected
5351,2,Graduate,0,5200000,16200000,144,0,3900000,Rejected
5352,5,Not Graduate,1,600000,1700000,240,0,700000,Rejected
5353,4,Graduate,1,8900000,20700000,72,0,6700000,Rejected
5354,0,Graduate,1,7400000,16300000,192,0,5300000,Rejected
5355,4,Not Graduate,0,9700000,31700000,120,0,12000000,Rejected
5356,2,Graduate,1,8600000,28800000,96,0,7200000,Rejected
5357,0,Not Graduate,0,9900000,27000000,192,0,11500000,Rejected
5358,1,Not Graduate,0,1200000,4500000,48,0,1200000,Rejected
5359,3,Not Graduate,0,6400000,24400000,48,0,4500000,Rejected
5360,4,Graduate,0,2000000,7500000,168,0,2100000,Rejected
5361,4,Not Graduate,1,1600000,3200000,240,0,1000000,Rejected
5362,3,Graduate,1,9400000,20500000,72,0,10200000,Rejected
5363,5,Graduate,0,6500000,24800000,96,0,8800000,Rejected
5364,0,Not Graduate,1,4600000,14800000,72,0,6700000,Rejected
5365,2,Graduate,0,5100000,16500000,144,0,5700000,Rejected
5366,4,Graduate,0,5100000,18800000,120,0,4100000,Rejected
5367,5,Not Graduate,1,9700000,36400000,192,0,5200000,Rejected
5368,3,Not Graduate,1,7000000,26100000,216,0,5900000,Rejected
5369,4,Graduate,1,1400000,2900000,72,0,1600000,Approved
5370,2,Not Graduate,0,2100000,5100000,144,0,2400000,Rejected
5371,5,Graduate,0,9400000,27900000,48,0,10400000,Rejected
5372,5,Graduate,1,7300000,21000000,168,0,10800000,Rejected
5373,0,Not Graduate,1,7800000,19000000,144,0,9600000,Approved
5374,2,Graduate,1,2200000,7900000,72,0,2400000,Rejected
5375,3,Not Graduate,1,6100000,22800000,216,0,6000000,Rejected
5376,4,Graduate,1,8900000,20700000,72,0,6700000,Rejected
5377,2,Not Graduate,0,3700000,9200000,120,0,3100000,Rejected
5378,4,Graduate,0,1800000,4100000,96,0,1900000,Rejected
5379,1,Not Graduate,0,1600000,5600000,72,0,1200000,Rejected
5380,4,Not Graduate,1,8100000,19400000,72,0,4500000,Rejected
5381,1,Not Graduate,1,8300000,28400000,192,0,11400000,Rejected
5382,1,Not Graduate,1,5400000,20700000,96,0,3600000,Rejected
5383,5,Not Graduate,1,1300000,5000000,120,0,1900000,Rejected
5384,5,Not Graduate,1,3200000,11800000,192,0,1800000,Rejected
5385,5,Not Graduate,0,600000,1500000,168,0,300000,Rejected
5386,1,Graduate,0,1100000,3500000,96,0,500000,Rejected
5387,5,Graduate,1,1300000,4300000,24,0,1500000,Rejected
5388,0,Graduate,1,9000000,33100000,240,0,10300000,Rejected
5389,0,Graduate,0,5000000,14400000,48,0,3900000,Rejected
5390,2,Not Graduate,0,4100000,16200000,72,0,3700000,Rejected
5391,4,Not Graduate,1,3700000,11900000,216,0,4700000,Rejected
5392,3,Not Graduate,1,7200000,21600000,24,0,3700000,Rejected
5393,4,Graduate,0,6900000,14700000,24,0,4000000,Rejected
5394,4,Not Graduate,0,6200000,21900000,144,0,8300000,Rejected
5395,4,Not Graduate,1,1400000,5100000,168,0,1400000,Rejected
5396,0,Not Graduate,0,8500000,33900000,48,0,4500000,Rejected
5397,2,Not Graduate,1,400000,1400000,24,0,200000,Rejected
5398,3,Graduate,0,500000,2000000,144,0,400000,Rejected
5399,4,Graduate,1,2900000,11200000,24,0,3100000,Rejected
5400,4,Not Graduate,1,9800000,23800000,96,0,6100000,Rejected
5401,1,Not Graduate,1,5100000,20300000,216,0,3200000,Rejected
5402,5,Not Graduate,0,5600000,13600000,48,0,4300000,Rejected
5403,5,Not Graduate,0,4600000,11500000,192,0,5500000,Rejected
5404,4,Not Graduate,1,8600000,26800000,144,0,11700000,Rejected
5405,0,Not Graduate,0,5700000,15600000,192,0,6800000,Rejected
5406,0,Not Graduate,1,3700000,9700000,144,0,4600000,Rejected
5407,1,Graduate,0,4700000,11700000,72,0,3700000,Rejected
5408,1,Graduate,0,5200000,15000000,144,0,5100000,Rejected
5409,5,Graduate,0,7000000,18400000,144,0,3800000,Rejected
5410,4,Graduate,1,3400000,11800000,240,0,2900000,Rejected
5411,3,Graduate,0,2300000,6800000,120,0,1400000,Rejected
5412,1,Not Graduate,1,8400000,23000000,144,0,8200000,Rejected
5413,1,Not Graduate,0,4100000,12200000,72,0,3500000,Rejected
5414,2,Not Graduate,1,5800000,22800000,168,0,4800000,Rejected
5415,1,Not Graduate,0,9600000,26000000,192,0,8400000,Rejected
5416,5,Graduate,0,5800000,13700000,72,0,3000000,Rejected
5417,1,Not Graduate,1,8100000,26900000,72,0,4200000,Rejected
5418,0,Not Graduate,0,500000,1800000,24,0,200000,Rejected
5419,3,Graduate,1,4100000,14600000,192,0,3000000,Rejected
5420,1,Graduate,0,2500000,7600000,240,0,1900000,Rejected
5421,1,Graduate,0,9200000,18800000,24,0,13000000,Approved
5422,3,Not Graduate,0,9100000,27400000,216,0,6800000,Rejected
5423,3,Graduate,0,9100000,29700000,240,0,12800000,Rejected
5424,4,Graduate,0,4800000,12000000,72,0,3200000,Rejected
5425,0,Not Graduate,0,9300000,31900000,24,0,8000000,Rejected
5426,4,Graduate,0,9300000,24900000,168,0,13900000,Rejected
5427,1,Graduate,0,1900000,6000000,240,0,1300000,Rejected
5428,1,Graduate,0,1600000,5400000,48,0,1600000,Rejected
5429,1,Not Graduate,1,3500000,13500000,144,0,4100000,Rejected
5430,5,Not Graduate,0,500000,1500000,72,0,700000,Rejected
5431,1,Not Graduate,0,3800000,9800000,96,0,1800000,Rejected
5432,4,Graduate,1,9800000,22100000,48,0,7300000,Rejected
5433,4,Not Graduate,1,6300000,15200000,192,0,7900000,Approved
5434,2,Graduate,0,3200000,10400000,120,0,4500000,Rejected
5435,3,Not Graduate,1,900000,2000000,216,0,800000,Rejected
5436,5,Graduate,0,9400000,25800000,168,0,11100000,Rejected
5437,0,Graduate,1,700000,1400000,120,0,500000,Rejected
5438,2,Graduate,0,4600000,15600000,24,0,5800000,Rejected
5439,0,Not Graduate,1,3300000,11300000,240,0,1900000,Rejected
5440,4,Not Graduate,0,6600000,25400000,144,0,7500000,Rejected
5441,5,Not Graduate,1,2500000,9600000,72,0,2600000,Rejected
5442,0,Graduate,1,9400000,19200000,240,0,13200000,Approved
5443,0,Not Graduate,0,2200000,8600000,48,0,2800000,Rejected
5444,4,Graduate,0,4800000,14000000,24,0,4600000,Rejected
5445,0,Graduate,1,5000000,18400000,144,0,6500000,Rejected
5446,5,Graduate,1,3000000,8800000,168,0,4200000,Rejected
5447,2,Graduate,1,9400000,30000000,192,0,9000000,Rejected
5448,0,Graduate,0,7500000,27300000,240,0,6100000,Rejected
5449,3,Not Graduate,0,1600000,6200000,216,0,1400000,Rejected
5450,5,Graduate,1,300000,800000,216,0,400000,Rejected
5451,4,Graduate,1,6900000,19000000,168,0,8400000,Rejected
5452,2,Not Graduate,1,1200000,4500000,120,0,1400000,Rejected
5453,4,Not Graduate,0,6100000,22400000,216,0,4800000,Rejected
5454,1,Graduate,0,6500000,18500000,192,0,4000000,Rejected
5455,5,Graduate,1,7300000,18700000,192,0,5800000,Rejected
5456,1,Not Graduate,1,1300000,5000000,240,0,1600000,Rejected
5457,1,Graduate,0,4400000,10800000,144,0,5300000,Rejected
5458,1,Graduate,1,2600000,8600000,72,0,3100000,Rejected
5459,3,Not Graduate,0,3400000,8100000,144,0,4000000,Rejected
5460,3,Not Graduate,1,8800000,26700000,144,0,9600000,Rejected
5461,1,Graduate,0,9500000,23000000,120,0,9100000,Rejected
5462,5,Graduate,1,7300000,18700000,192,0,5800000,Rejected
5463,4,Graduate,0,9700000,26900000,120,0,9300000,Rejected
5464,3,Not Graduate,0,8100000,21600000,48,0,9900000,Rejected
5465,2,Not Graduate,0,9600000,25900000,216,0,11500000,Rejected
5466,4,Not Graduate,1,3100000,8600000,168,0,3700000,Rejected
5467,1,Not Graduate,1,2800000,5900000,240,0,1400000,Rejected
5468,3,Not Graduate,1,4100000,13900000,240,0,3800000,Rejected
5469,4,Graduate,1,8800000,27100000,24,0,5800000,Rejected
5470,1,Not Graduate,1,5200000,11200000,24,0,6400000,Approved
5471,1,Not Graduate,1,9000000,32200000,192,0,10900000,Rejected
5472,1,Not Graduate,0,5900000,13000000,72,0,6600000,Approved
5473,1,Graduate,0,2500000,6900000,240,0,3700000,Rejected
5474,5,Graduate,0,3200000,12200000,72,0,2100000,Rejected
5475,3,Not Graduate,0,2000000,4700000,168,0,1500000,Rejected
5476,4,Not Graduate,1,9700000,32300000,216,0,5400000,Rejected
5477,4,Not Graduate,0,7300000,19800000,96,0,10300000,Rejected
5478,4,Graduate,0,5500000,18600000,144,0,7300000,Rejected
5479,1,Graduate,0,8800000,20200000,72,0,11900000,Approved
5480,1,Not Graduate,0,9300000,28900000,72,0,11000000,Rejected
5481,5,Not Graduate,1,6900000,15700000,168,0,4500000,Rejected
5482,4,Not Graduate,1,2800000,10000000,144,0,3300000,Rejected
5483,3,Not Graduate,0,9000000,26500000,96,0,6000000,Rejected
5484,2,Graduate,0,300000,800000,216,0,400000,Rejected
5485,1,Not Graduate,0,9300000,27500000,72,0,10800000,Rejected
5486,4,Graduate,0,1000000,2300000,192,0,1000000,Rejected
5487,5,Not Graduate,1,1100000,2800000,120,0,1400000,Rejected
5488,1,Graduate,1,3700000,12400000,144,0,2800000,Rejected
5489,1,Graduate,1,9900000,34100000,168,0,6200000,Rejected
5490,0,Graduate,0,8800000,20200000,48,0,12400000,Approved
5491,5,Graduate,1,7300000,19600000,120,0,10600000,Rejected
5492,4,Graduate,0,1500000,4900000,192,0,2000000,Rejected
5493,4,Graduate,1,1100000,2700000,216,0,1500000,Approved
5494,1,Graduate,1,9000000,33500000,216,0,5300000,Rejected
5495,0,Graduate,0,6100000,23600000,240,0,6400000,Rejected
5496,0,Graduate,0,4400000,10600000,240,0,5400000,Approved
5497,3,Graduate,0,500000,1700000,120,0,300000,Rejected
5498,0,Graduate,0,500000,1600000,216,0,200000,Rejected
5499,1,Graduate,1,1000000,3200000,48,0,1300000,Rejected
5500,5,Graduate,1,6900000,19400000,72,0,5500000,Rejected
5501,2,Not Graduate,1,8900000,32200000,144,0,5400000,Rejected
5502,0,Graduate,0,4700000,17500000,24,0,7000000,Rejected
5503,3,Graduate,1,8700000,33600000,168,0,6200000,Rejected
5504,0,Not Graduate,0,1800000,6600000,120,0,1500000,Rejected
5505,5,Not Graduate,1,6000000,12100000,240,0,3600000,Rejected
5506,0,Not Graduate,0,1500000,4900000,144,0,800000,Rejected
5507,2,Graduate,0,9500000,31500000,144,0,11400000,Rejected
5508,1,Graduate,0,8100000,28400000,72,0,7700000,Rejected
5509,3,Not Graduate,1,8000000,28800000,120,0,11900000,Rejected
5510,1,Not Graduate,1,1500000,5900000,192,0,1500000,Rejected
5511,2,Graduate,0,5200000,13500000,24,0,6100000,Rejected
5512,1,Graduate,0,200000,300000,144,0,100000,Rejected
5513,4,Graduate,0,5800000,14000000,192,0,5400000,Rejected
5514,1,Graduate,0,7400000,16100000,48,0,4300000,Rejected
5515,4,Graduate,0,2000000,4300000,96,0,2200000,Approved
5516,0,Graduate,0,3000000,8400000,120,0,1800000,Rejected
5517,4,Not Graduate,1,600000,1800000,96,0,800000,Rejected
5518,4,Not Graduate,0,2300000,5500000,72,0,3200000,Approved
5519,5,Not Graduate,1,5600000,14500000,120,0,4600000,Rejected
5520,0,Graduate,0,4200000,10300000,120,0,6000000,Approved
5521,4,Graduate,0,5600000,15600000,144,0,7000000,Rejected
5522,5,Not Graduate,1,7000000,24000000,72,0,9700000,Rejected
5523,2,Graduate,1,6400000,24100000,72,0,6000000,Rejected
5524,2,Not Graduate,1,6400000,19300000,72,0,3900000,Rejected
5525,1,Not Graduate,0,6900000,22700000,192,0,8700000,Rejected
5526,4,Not Graduate,1,8600000,21400000,168,0,12800000,Approved
5527,4,Not Graduate,1,5900000,15000000,168,0,8200000,Rejected
5528,0,Not Graduate,0,1100000,4100000,216,0,1300000,Rejected
5529,5,Graduate,0,1800000,6000000,48,0,2600000,Rejected
5530,2,Not Graduate,0,4100000,11100000,96,0,3400000,Rejected
5531,4,Graduate,0,5100000,15500000,96,0,6700000,Rejected
5532,3,Graduate,1,8900000,18500000,120,0,10300000,Approved
5533,5,Graduate,0,3600000,7700000,192,0,2900000,Rejected
5534,1,Graduate,1,1000000,3000000,120,0,800000,Rejected
5535,5,Not Graduate,1,4400000,8900000,48,0,3000000,Rejected
5536,3,Graduate,0,8900000,19100000,72,0,10400000,Approved
5537,4,Graduate,0,4500000,15300000,120,0,2200000,Rejected
5538,3,Graduate,1,5300000,16900000,24,0,6800000,Rejected
5539,2,Graduate,1,6300000,24600000,96,0,6900000,Rejected
5540,0,Not Graduate,0,1200000,2900000,216,0,600000,Rejected
5541,3,Not Graduate,1,7700000,29300000,120,0,4200000,Rejected
5542,5,Not Graduate,0,1400000,5300000,144,0,700000,Rejected
5543,0,Not Graduate,0,2000000,4700000,24,0,1200000,Rejected
5544,0,Not Graduate,1,2600000,6000000,96,0,1600000,Rejected
5545,2,Graduate,0,5400000,17400000,120,0,4300000,Rejected
5546,1,Graduate,1,600000,1900000,96,0,300000,Rejected
5547,5,Graduate,1,7300000,21000000,168,0,10800000,Rejected
5548,3,Not Graduate,1,800000,2900000,120,0,400000,Rejected
5549,5,Graduate,1,3900000,12700000,96,0,5400000,Rejected
5550,1,Not Graduate,1,6800000,16800000,120,0,5600000,Rejected
5551,2,Not Graduate,0,1900000,4600000,144,0,1100000,Rejected
5552,1,Not Graduate,1,4000000,9400000,96,0,5500000,Approved
5553,1,Not Graduate,1,6000000,20300000,168,0,8700000,Rejected
5554,2,Not Graduate,1,6200000,21600000,240,0,9100000,Rejected
5555,3,Graduate,1,1500000,5800000,216,0,1400000,Rejected
5556,4,Not Graduate,0,200000,700000,120,0,300000,Rejected
5557,4,Graduate,1,4700000,13000000,72,0,2400000,Rejected
5558,2,Graduate,0,5600000,19500000,96,0,7200000,Rejected
5559,5,Graduate,0,6300000,18100000,48,0,8600000,Rejected
5560,4,Graduate,0,6300000,13400000,24,0,9400000,Approved
5561,4,Graduate,1,9300000,35500000,72,0,13900000,Rejected
5562,0,Graduate,1,2900000,10800000,240,0,2100000,Rejected
5563,1,Not Graduate,0,8900000,24000000,72,0,7500000,Rejected
5564,2,Not Graduate,1,8800000,31100000,144,0,9400000,Rejected
5565,0,Graduate,1,3500000,10800000,168,0,1700000,Rejected
5566,1,Not Graduate,1,300000,1200000,48,0,200000,Rejected
5567,2,Not Graduate,1,7900000,16100000,216,0,9300000,Approved
5568,3,Graduate,0,1300000,2900000,96,0,1800000,Approved
5569,2,Graduate,1,500000,1300000,48,0,600000,Rejected
5570,4,Graduate,1,3900000,10600000,24,0,2500000,Rejected
5571,0,Not Graduate,1,2500000,8800000,168,0,3600000,Rejected
5572,0,Not Graduate,0,300000,500000,216,0,300000,Approved
5573,1,Graduate,1,9600000,34500000,24,0,9300000,Rejected
5574,1,Not Graduate,0,7200000,24700000,72,0,5800000,Rejected
5575,5,Graduate,0,900000,3200000,120,0,800000,Rejected
5576,5,Graduate,1,3800000,12000000,24,0,4200000,Rejected
5577,0,Not Graduate,0,2400000,5000000,168,0,3200000,Approved
5578,5,Graduate,0,6500000,16000000,168,0,7900000,Rejected
5579,0,Graduate,1,2300000,7900000,120,0,1900000,Rejected
5580,1,Graduate,1,2100000,6300000,192,0,2200000,Rejected
5581,3,Graduate,1,8900000,19300000,144,0,7700000,Rejected
5582,1,Not Graduate,1,2300000,6400000,96,0,3000000,Rejected
5583,0,Graduate,0,2000000,6200000,168,0,1300000,Rejected
5584,3,Not Graduate,0,7200000,21200000,48,0,5700000,Rejected
5585,3,Not Graduate,0,1600000,3900000,240,0,800000,Rejected
5586,4,Not Graduate,1,5800000,23200000,216,0,7500000,Rejected
5587,3,Graduate,0,2400000,5900000,24,0,2500000,Rejected
5588,3,Not Graduate,1,3600000,13200000,192,0,2100000,Rejected
5589,4,Not Graduate,1,2200000,8200000,168,0,1400000,Rejected
5590,4,Not Graduate,1,3900000,8900000,120,0,5300000,Approved
5591,4,Not Graduate,1,7700000,23400000,72,0,10700000,Rejected
5592,0,Graduate,0,9700000,31600000,216,0,7500000,Rejected
5593,4,Graduate,0,8700000,25200000,216,0,8400000,Rejected
5594,1,Graduate,1,5900000,16700000,192,0,5300000,Rejected
5595,1,Graduate,0,7900000,24000000,144,0,9400000,Rejected
5596,5,Not Graduate,0,4600000,11500000,192,0,5500000,Rejected
5597,5,Not Graduate,0,8400000,19500000,72,0,7200000,Rejected
5598,0,Not Graduate,0,5700000,15900000,192,0,4500000,Rejected
5599,2,Not Graduate,1,5600000,20000000,120,0,6000000,Rejected
5600,1,Not Graduate,0,3400000,8600000,192,0,3000000,Rejected
5601,0,Not Graduate,1,4200000,8900000,168,0,4800000,Approved
5602,3,Not Graduate,1,8600000,23200000,144,0,4500000,Rejected
5603,5,Not Graduate,0,5000000,12400000,168,0,4000000,Rejected
5604,1,Graduate,1,2400000,8300000,72,0,2300000,Rejected
5605,5,Not Graduate,0,1900000,7500000,240,0,2800000,Rejected
5606,1,Not Graduate,0,300000,700000,120,0,100000,Rejected
5607,0,Graduate,1,5900000,15100000,120,0,5400000,Rejected
5608,5,Graduate,1,6100000,14400000,192,0,5600000,Rejected
5609,2,Not Graduate,0,6800000,21300000,240,0,9600000,Rejected
5610,4,Graduate,0,1500000,4900000,192,0,2000000,Rejected
5611,5,Not Graduate,1,1500000,4000000,144,0,1200000,Rejected
5612,3,Not Graduate,1,5400000,14700000,48,0,6100000,Rejected
5613,1,Graduate,1,4400000,14700000,96,0,2400000,Rejected
5614,3,Not Graduate,0,1200000,4500000,72,0,900000,Rejected
5615,0,Not Graduate,1,4100000,12200000,96,0,3300000,Rejected
5616,4,Graduate,0,7400000,19400000,192,0,6500000,Rejected
5617,4,Not Graduate,1,4300000,16100000,216,0,6400000,Rejected
5618,1,Not Graduate,0,6200000,21100000,120,0,5300000,Rejected
5619,1,Not Graduate,1,1500000,5900000,192,0,1500000,Rejected
5620,5,Not Graduate,0,7600000,17500000,72,0,9800000,Approved
5621,1,Not Graduate,1,1100000,3800000,96,0,1600000,Rejected
5622,2,Not Graduate,0,9800000,37600000,120,0,7600000,Rejected
5623,4,Graduate,0,6300000,15000000,216,0,7700000,Approved
5624,2,Graduate,0,4600000,14800000,72,0,5800000,Rejected
5625,0,Not Graduate,0,2200000,7500000,24,0,1500000,Rejected
5626,3,Not Graduate,0,8900000,35200000,120,0,9800000,Rejected
5627,3,Not Graduate,1,4200000,9700000,192,0,5100000,Approved
5628,5,Not Graduate,1,4400000,8900000,48,0,3000000,Rejected
5629,4,Graduate,1,1100000,3600000,168,0,600000,Rejected
5630,4,Not Graduate,0,6000000,18000000,216,0,7500000,Rejected
5631,2,Not Graduate,1,2400000,4900000,48,0,3400000,Approved
5632,1,Not Graduate,0,8400000,29900000,192,0,7500000,Rejected
5633,0,Graduate,0,7900000,28600000,216,0,6700000,Rejected
5634,2,Graduate,1,7600000,22300000,144,0,7100000,Rejected
5635,2,Not Graduate,1,8100000,24700000,72,0,6500000,Rejected
5636,3,Graduate,0,7200000,27900000,144,0,8700000,Rejected
5637,3,Not Graduate,0,3900000,10500000,240,0,3900000,Rejected
5638,5,Not Graduate,0,4600000,16200000,144,0,3700000,Rejected
5639,5,Not Graduate,0,3900000,14000000,48,0,5200000,Rejected
5640,5,Not Graduate,1,1700000,4600000,144,0,1200000,Rejected
5641,0,Not Graduate,0,3100000,10100000,168,0,4300000,Rejected
5642,1,Not Graduate,0,4300000,16400000,240,0,5700000,Rejected
5643,5,Graduate,1,4800000,10300000,96,0,4300000,Rejected
5644,0,Not Graduate,1,2100000,8300000,240,0,2100000,Rejected
5645,0,Not Graduate,1,4200000,16400000,240,0,3100000,Rejected
5646,3,Graduate,0,5600000,13400000,72,0,6000000,Rejected
5647,3,Not Graduate,1,8000000,25600000,72,0,9800000,Rejected
5648,0,Graduate,0,7400000,20900000,72,0,7200000,Rejected
5649,0,Graduate,0,7100000,15400000,216,0,5800000,Rejected
5650,4,Not Graduate,0,2800000,10800000,24,0,4100000,Rejected
5651,1,Graduate,1,4200000,11300000,48,0,4000000,Rejected
5652,4,Graduate,0,700000,2200000,72,0,300000,Rejected
5653,4,Graduate,0,5800000,14000000,192,0,5400000,Rejected
5654,5,Not Graduate,0,3000000,11800000,72,0,2300000,Rejected
5655,1,Graduate,0,5900000,16800000,48,0,7100000,Rejected
5656,4,Graduate,1,7900000,25900000,168,0,7600000,Rejected
5657,3,Graduate,0,3800000,12100000,240,0,3000000,Rejected
5658,2,Not Graduate,1,8500000,26900000,72,0,4600000,Rejected
5659,4,Not Graduate,0,7400000,17900000,72,0,4700000,Rejected
5660,3,Not Graduate,0,3600000,9800000,144,0,2200000,Rejected
5661,5,Not Graduate,1,2500000,9600000,72,0,2600000,Rejected
5662,4,Not Graduate,0,6800000,17000000,24,0,9400000,Rejected
5663,2,Graduate,0,4600000,14800000,72,0,5800000,Rejected
5664,3,Not Graduate,1,8500000,26100000,24,0,5700000,Rejected
5665,4,Not Graduate,0,5700000,19600000,96,0,3000000,Rejected
5666,0,Not Graduate,1,3500000,12600000,120,0,3600000,Rejected
5667,0,Not Graduate,1,5500000,15300000,48,0,2900000,Rejected
5668,5,Graduate,1,7400000,23300000,240,0,6800000,Rejected
5669,4,Graduate,0,2200000,7800000,240,0,1900000,Rejected
5670,0,Not Graduate,0,9800000,29400000,240,0,8300000,Rejected
5671,5,Not Graduate,1,2600000,9300000,192,0,3700000,Rejected
5672,5,Not Graduate,0,9000000,29300000,48,0,5800000,Rejected
5673,5,Graduate,1,6400000,20000000,144,0,5500000,Rejected
5674,0,Not Graduate,1,4900000,16500000,48,0,6500000,Rejected
5675,4,Not Graduate,1,1600000,4800000,240,0,1400000,Rejected
5676,4,Graduate,0,5900000,16800000,96,0,3300000,Rejected
5677,1,Not Graduate,0,400000,1400000,48,0,500000,Rejected
5678,1,Graduate,0,7500000,28300000,192,0,6700000,Rejected
5679,2,Not Graduate,0,6300000,18600000,168,0,7500000,Rejected
5680,1,Not Graduate,1,7600000,26000000,72,0,7900000,Rejected
5681,0,Not Graduate,1,6200000,14900000,96,0,8200000,Approved
5682,4,Not Graduate,0,3300000,9700000,168,0,2200000,Rejected
5683,5,Not Graduate,0,4800000,15500000,120,0,3500000,Rejected
5684,1,Not Graduate,0,9100000,23300000,216,0,12400000,Rejected
5685,5,Graduate,1,700000,1300000,240,0,600000,Rejected
5686,1,Not Graduate,0,2400000,7600000,144,0,1400000,Rejected
5687,0,Not Graduate,1,9100000,22000000,144,0,7000000,Rejected
5688,2,Graduate,1,5400000,14300000,168,0,5500000,Rejected
5689,4,Not Graduate,1,200000,700000,120,0,300000,Rejected
5690,4,Graduate,1,3900000,9200000,144,0,5200000,Approved
5691,5,Not Graduate,1,9400000,26600000,240,0,11700000,Rejected
5692,1,Graduate,1,600000,1900000,96,0,300000,Rejected
5693,1,Not Graduate,1,500000,1400000,120,0,300000,Rejected
5694,2,Not Graduate,1,3000000,7400000,120,0,3800000,Approved
5695,1,Graduate,0,8400000,25000000,144,0,7700000,Rejected
5696,1,Not Graduate,1,3200000,9300000,240,0,2300000,Rejected
5697,2,Graduate,0,7900000,17700000,48,0,8400000,Rejected
5698,3,Graduate,1,8700000,33600000,168,0,6200000,Rejected
5699,3,Not Graduate,1,5900000,19200000,120,0,4700000,Rejected
5700,1,Not Graduate,1,3400000,7200000,96,0,3900000,Approved
5701,0,Not Graduate,1,8000000,21100000,72,0,8700000,Rejected
5702,4,Not Graduate,0,200000,500000,192,0,100000,Rejected
5703,3,Not Graduate,0,7000000,21600000,144,0,8400000,Rejected
5704,3,Graduate,1,3500000,13000000,72,0,4300000,Rejected
5705,2,Graduate,0,2900000,10500000,240,0,4300000,Rejected
5706,2,Graduate,0,4600000,13500000,192,0,5000000,Rejected
5707,2,Not Graduate,1,8700000,28400000,144,0,4400000,Rejected
5708,5,Graduate,0,9400000,21800000,72,0,6800000,Rejected
5709,3,Not Graduate,1,9900000,36500000,192,0,9800000,Rejected
5710,3,Not Graduate,1,700000,2000000,216,0,400000,Rejected
5711,0,Not Graduate,1,4500000,12400000,216,0,3100000,Rejected
5712,1,Graduate,1,800000,2500000,48,0,900000,Rejected
5713,3,Not Graduate,1,4700000,12800000,192,0,6100000,Rejected
5714,0,Graduate,1,6900000,17000000,240,0,4300000,Rejected
5715,0,Not Graduate,1,4100000,12200000,96,0,3300000,Rejected
5716,2,Not Graduate,1,3600000,12800000,216,0,4100000,Rejected
5717,1,Graduate,0,6000000,21200000,144,0,6200000,Rejected
5718,0,Graduate,0,7900000,22700000,216,0,8900000,Rejected
5719,0,Graduate,1,200000,600000,96,0,200000,Rejected
5720,4,Not Graduate,0,8900000,34900000,168,0,9100000,Rejected
5721,5,Not Graduate,1,3400000,9400000,192,0,3200000,Rejected
5722,0,Not Graduate,0,5900000,20300000,48,0,4800000,Rejected
5723,2,Graduate,1,9100000,31500000,168,0,5000000,Rejected
5724,3,Not Graduate,1,5800000,13600000,144,0,3400000,Rejected
5725,3,Not Graduate,1,7700000,29300000,120,0,4200000,Rejected
5726,3,Graduate,0,400000,1200000,144,0,200000,Rejected
5727,1,Graduate,0,5600000,11700000,120,0,6500000,Approved
5728,5,Not Graduate,0,3900000,14900000,144,0,3600000,Rejected
5729,2,Not Graduate,0,5900000,19800000,240,0,8500000,Rejected
5730,2,Graduate,0,6400000,16500000,96,0,5400000,Rejected
5731,1,Not Graduate,1,5600000,21100000,120,0,8100000,Rejected
5732,4,Not Graduate,1,2400000,5600000,48,0,2500000,Rejected
5733,2,Not Graduate,1,8300000,20600000,144,0,8400000,Rejected
5734,5,Not Graduate,0,9500000,30700000,120,0,13100000,Rejected
5735,1,Graduate,0,9700000,33900000,120,0,6600000,Rejected
5736,0,Not Graduate,0,3800000,13300000,72,0,2600000,Rejected
5737,2,Graduate,0,7500000,19900000,120,0,5900000,Rejected
5738,1,Graduate,1,800000,2800000,120,0,400000,Rejected
5739,3,Not Graduate,1,8200000,28900000,120,0,6800000,Rejected
5740,0,Not Graduate,1,2600000,6000000,96,0,1600000,Rejected
5741,0,Graduate,0,9100000,22200000,72,0,9800000,Rejected
5742,5,Graduate,1,4200000,9400000,72,0,5700000,Approved
5743,3,Not Graduate,0,7600000,19100000,168,0,7300000,Rejected
5744,4,Not Graduate,1,9200000,28100000,144,0,12900000,Rejected
5745,1,Not Graduate,1,3600000,13700000,120,0,4100000,Rejected
5746,0,Not Graduate,0,4800000,15700000,120,0,6400000,Rejected
5747,1,Graduate,0,3100000,7400000,216,0,4500000,Approved
5748,5,Not Graduate,0,2200000,8100000,48,0,2400000,Rejected
5749,5,Graduate,1,1700000,5800000,48,0,2300000,Rejected
5750,5,Graduate,1,8000000,29800000,216,0,9200000,Rejected
5751,0,Graduate,1,5300000,13300000,144,0,7100000,Rejected
5752,5,Not Graduate,1,5800000,14000000,168,0,6800000,Rejected
5753,1,Not Graduate,1,8000000,27800000,96,0,11800000,Rejected
5754,4,Not Graduate,0,600000,1700000,144,0,700000,Rejected
5755,3,Graduate,1,3000000,8300000,48,0,3800000,Rejected
5756,1,Not Graduate,1,2900000,9900000,216,0,2600000,Rejected
5757,2,Not Graduate,0,6900000,23900000,144,0,6000000,Rejected
5758,5,Graduate,0,1800000,6800000,216,0,1400000,Rejected
5759,0,Graduate,0,7600000,19700000,144,0,7300000,Rejected
5760,3,Not Graduate,1,6100000,21300000,24,0,4100000,Rejected
5761,1,Graduate,1,3300000,11700000,48,0,1600000,Rejected
5762,0,Graduate,0,7900000,28600000,216,0,6700000,Rejected
5763,3,Graduate,0,8900000,25400000,96,0,4500000,Rejected
5764,1,Graduate,0,5000000,18800000,168,0,4300000,Rejected
5765,0,Not Graduate,1,9100000,22000000,144,0,7000000,Rejected
5766,5,Not Graduate,1,8500000,25800000,168,0,11300000,Rejected
5767,4,Graduate,0,8400000,28700000,168,0,8600000,Rejected
5768,2,Graduate,0,1400000,4700000,48,0,1400000,Rejected
5769,0,Graduate,0,8300000,21400000,24,0,10200000,Rejected
5770,0,Graduate,1,6100000,19900000,240,0,7100000,Rejected
5771,2,Graduate,0,5800000,13300000,48,0,4500000,Rejected
5772,1,Graduate,0,6900000,22500000,216,0,6300000,Rejected
5773,3,Graduate,0,8900000,19100000,72,0,10400000,Approved
5774,3,Not Graduate,1,3000000,11400000,120,0,1500000,Rejected
5775,1,Graduate,0,9800000,37900000,48,0,8500000,Rejected
5776,0,Not Graduate,1,2600000,7600000,216,0,2900000,Rejected
5777,0,Not Graduate,0,7900000,30800000,48,0,5500000,Rejected
5778,4,Graduate,1,1800000,5800000,168,0,2000000,Rejected
5779,2,Not Graduate,1,3800000,12500000,168,0,5300000,Rejected
5780,1,Not Graduate,0,7000000,23000000,120,0,3600000,Rejected
5781,2,Graduate,1,9400000,37300000,168,0,7700000,Rejected
5782,0,Not Graduate,1,4500000,16900000,96,0,6000000,Rejected
5783,3,Not Graduate,0,4200000,14500000,240,0,4600000,Rejected
5784,3,Graduate,0,200000,600000,192,0,100000,Rejected
5785,5,Graduate,0,1400000,3400000,72,0,1600000,Rejected
5786,5,Not Graduate,0,9600000,27100000,96,0,13300000,Rejected
5787,4,Not Graduate,1,4300000,11400000,24,0,3300000,Rejected
5788,2,Graduate,0,4200000,16800000,48,0,5800000,Rejected
5789,3,Graduate,0,6300000,18300000,216,0,3500000,Rejected
5790,1,Not Graduate,0,6700000,25000000,240,0,7000000,Rejected
5791,4,Graduate,1,5300000,12000000,120,0,6100000,Approved
5792,4,Graduate,0,8400000,23400000,144,0,6700000,Rejected
5793,3,Graduate,1,4800000,10100000,48,0,3500000,Rejected
5794,5,Not Graduate,1,3200000,11800000,192,0,1800000,Rejected
5795,1,Not Graduate,0,6400000,14100000,240,0,3600000,Rejected
5796,2,Not Graduate,1,700000,2600000,144,0,800000,Rejected
5797,3,Graduate,0,9800000,25600000,120,0,11500000,Rejected
5798,2,Not Graduate,1,9500000,36800000,72,0,6200000,Rejected
5799,4,Graduate,1,2400000,7100000,192,0,3500000,Rejected
5800,2,Not Graduate,0,1200000,4100000,96,0,1300000,Rejected
5801,1,Graduate,1,8300000,16800000,24,0,4500000,Rejected
5802,1,Not Graduate,0,6400000,21500000,72,0,8900000,Rejected
5803,1,Graduate,1,7500000,25000000,216,0,4700000,Rejected
5804,3,Not Graduate,0,2200000,8300000,216,0,2000000,Rejected
5805,4,Graduate,0,8700000,32100000,96,0,4800000,Rejected
5806,4,Not Graduate,1,4900000,15900000,120,0,2800000,Rejected
5807,4,Graduate,1,2000000,6700000,144,0,2000000,Rejected
5808,3,Not Graduate,0,1300000,3300000,96,0,1600000,Rejected
5809,5,Not Graduate,0,700000,2400000,240,0,500000,Rejected
5810,3,Not Graduate,1,6000000,16000000,144,0,7800000,Rejected
5811,4,Not Graduate,1,8000000,23200000,168,0,5400000,Rejected
5812,5,Not Graduate,0,1800000,6200000,216,0,1300000,Rejected
5813,5,Not Graduate,0,600000,2400000,216,0,900000,Rejected
5814,3,Not Graduate,1,4900000,17500000,240,0,4800000,Rejected
5815,5,Graduate,1,8700000,26400000,120,0,9200000,Rejected
5816,5,Not Graduate,1,8400000,31900000,120,0,9100000,Rejected
5817,1,Graduate,0,4100000,9100000,240,0,4800000,Approved
5818,4,Not Graduate,1,6700000,15800000,144,0,6600000,Rejected
5819,0,Graduate,0,8400000,17500000,216,0,10400000,Approved
5820,2,Graduate,0,6500000,14100000,168,0,3900000,Rejected
5821,0,Graduate,1,9000000,33100000,240,0,10300000,Rejected
5822,0,Not Graduate,1,2600000,7600000,216,0,2900000,Rejected
5823,4,Graduate,1,6100000,13600000,48,0,3900000,Rejected
5824,4,Graduate,1,2500000,5300000,120,0,1700000,Rejected
5825,5,Graduate,1,7800000,22000000,240,0,4900000,Rejected
5826,4,Graduate,1,9800000,22100000,48,0,7300000,Rejected
5827,2,Graduate,1,4600000,12600000,24,0,6500000,Rejected
5828,3,Graduate,1,2400000,9200000,168,0,2000000,Rejected
5829,3,Graduate,0,4500000,12500000,144,0,3400000,Rejected
5830,4,Graduate,0,400000,1000000,240,0,200000,Rejected
5831,5,Graduate,0,1800000,6000000,48,0,2600000,Rejected
5832,3,Not Graduate,1,2900000,7000000,48,0,3000000,Rejected
5833,2,Graduate,1,1800000,4200000,96,0,1600000,Rejected
5834,4,Graduate,1,300000,500000,24,0,400000,Approved
5835,3,Not Graduate,1,5800000,16600000,120,0,8500000,Rejected
5836,0,Graduate,1,2400000,5900000,120,0,2300000,Rejected
5837,0,Not Graduate,1,2000000,5900000,144,0,3000000,Rejected
5838,2,Graduate,0,1800000,4700000,96,0,2200000,Rejected
5839,1,Graduate,1,9500000,30500000,216,0,5500000,Rejected
5840,3,Graduate,1,6600000,16000000,120,0,6300000,Rejected
5841,2,Not Graduate,0,8400000,28300000,120,0,4400000,Rejected
5842,5,Not Graduate,1,4100000,11100000,216,0,3000000,Rejected
5843,0,Not Graduate,0,8200000,20900000,168,0,12100000,Rejected
5844,2,Graduate,1,5600000,21000000,216,0,6000000,Rejected
5845,1,Not Graduate,0,6900000,26200000,48,0,9400000,Rejected
5846,2,Not Graduate,0,8400000,20700000,72,0,7900000,Rejected
5847,5,Not Graduate,1,300000,1100000,240,0,200000,Rejected
5848,0,Graduate,0,6200000,20100000,240,0,4100000,Rejected
5849,0,Graduate,0,4700000,14400000,168,0,2400000,Rejected
5850,1,Not Graduate,1,2900000,9900000,216,0,2600000,Rejected
5851,2,Graduate,0,300000,900000,96,0,100000,Rejected
5852,4,Graduate,0,7500000,16200000,48,0,5800000,Rejected
5853,0,Not Graduate,1,1800000,6500000,144,0,1900000,Rejected
5854,4,Graduate,1,2400000,7400000,216,0,3200000,Rejected
5855,5,Not Graduate,1,6500000,13800000,120,0,8100000,Approved
5856,2,Graduate,0,7600000,24800000,144,0,6700000,Rejected
5857,2,Not Graduate,1,1900000,7000000,168,0,2100000,Rejected
5858,0,Graduate,0,6400000,14000000,96,0,3700000,Rejected
5859,3,Not Graduate,0,700000,1600000,240,0,700000,Rejected
5860,4,Graduate,1,7200000,26000000,72,0,4200000,Rejected
5861,2,Graduate,1,4800000,12900000,96,0,3700000,Rejected
5862,4,Graduate,0,3500000,8900000,240,0,3200000,Rejected
5863,2,Not Graduate,1,6700000,22700000,216,0,6400000,Rejected
5864,1,Graduate,1,5200000,16300000,72,0,4600000,Rejected
5865,3,Not Graduate,0,5500000,12400000,96,0,7300000,Approved
5866,1,Graduate,1,6800000,17600000,168,0,7700000,Rejected
5867,0,Graduate,0,8500000,21000000,72,0,11300000,Approved
5868,3,Graduate,0,1400000,3400000,72,0,800000,Rejected
5869,5,Graduate,0,1400000,2900000,48,0,1600000,Approved
5870,4,Graduate,1,4800000,9900000,168,0,2900000,Rejected
5871,5,Not Graduate,0,7400000,18000000,24,0,5300000,Rejected
5872,5,Not Graduate,0,3000000,8900000,240,0,2800000,Rejected
5873,3,Not Graduate,0,2800000,5900000,48,0,2800000,Rejected
5874,2,Graduate,0,5000000,19400000,144,0,6100000,Rejected
5875,5,Graduate,1,9200000,29400000,96,0,5400000,Rejected
5876,3,Graduate,0,9800000,25600000,120,0,11500000,Rejected
5877,5,Not Graduate,0,5700000,11600000,48,0,7400000,Approved
5878,5,Graduate,1,7100000,20100000,48,0,4500000,Rejected
5879,4,Not Graduate,0,9900000,22700000,144,0,5400000,Rejected
5880,2,Graduate,1,9700000,35100000,240,0,6500000,Rejected
5881,0,Not Graduate,1,3100000,8500000,96,0,3300000,Rejected
5882,2,Not Graduate,1,2500000,9400000,120,0,3300000,Rejected
5883,0,Graduate,0,5000000,14400000,48,0,3900000,Rejected
5884,0,Graduate,1,600000,2300000,48,0,700000,Rejected
5885,3,Not Graduate,1,5400000,16300000,48,0,6000000,Rejected
5886,3,Not Graduate,1,8400000,29500000,240,0,10900000,Rejected
5887,2,Not Graduate,1,8800000,31100000,144,0,9400000,Rejected
5888,3,Graduate,0,300000,700000,240,0,400000,Approved
5889,3,Not Graduate,1,4200000,9700000,192,0,5100000,Approved
5890,1,Not Graduate,0,7800000,24900000,72,0,4500000,Rejected
5891,3,Graduate,0,2600000,6300000,120,0,2600000,Rejected
5892,4,Not Graduate,1,9200000,30100000,72,0,6200000,Rejected
5893,0,Not Graduate,0,1000000,2200000,144,0,1400000,Approved
5894,5,Not Graduate,0,1800000,5400000,168,0,1700000,Rejected
5895,4,Not Graduate,0,5700000,13300000,24,0,8200000,Approved
5896,0,Not Graduate,0,2000000,4700000,24,0,1200000,Rejected
5897,0,Graduate,1,4500000,10500000,240,0,5800000,Approved
5898,0,Not Graduate,0,5700000,21300000,48,0,5500000,Rejected
5899,1,Not Graduate,1,300000,900000,240,0,300000,Rejected
5900,3,Not Graduate,0,9200000,35500000,24,0,11700000,Rejected
5901,1,Not Graduate,1,3600000,10300000,144,0,2700000,Rejected
5902,2,Graduate,1,1700000,3400000,96,0,900000,Rejected
5903,5,Not Graduate,0,9700000,28400000,48,0,10000000,Rejected
5904,0,Not Graduate,0,4300000,11000000,48,0,4700000,Rejected
5905,2,Not Graduate,1,3800000,14500000,192,0,3000000,Rejected
5906,1,Graduate,1,5000000,19400000,120,0,4500000,Rejected
5907,3,Not Graduate,1,2000000,4200000,192,0,1300000,Rejected
5908,1,Not Graduate,1,2400000,9300000,240,0,3400000,Rejected
5909,2,Not Graduate,0,5900000,19800000,240,0,8500000,Rejected
5910,5,Not Graduate,1,2700000,6800000,72,0,1700000,Rejected
5911,5,Not Graduate,0,400000,800000,216,0,400000,Rejected
5912,3,Graduate,1,8500000,30800000,240,0,7900000,Rejected
5913,1,Graduate,1,7100000,19300000,192,0,3600000,Rejected
5914,5,Not Graduate,0,1100000,4300000,120,0,1600000,Rejected
5915,0,Not Graduate,0,6000000,22900000,192,0,7100000,Rejected
5916,0,Graduate,0,3500000,8800000,144,0,3400000,Rejected
5917,5,Not Graduate,0,5700000,18400000,48,0,4900000,Rejected
5918,1,Not Graduate,0,6200000,19500000,240,0,8000000,Rejected
5919,3,Graduate,0,6200000,14900000,168,0,8800000,Approved
5920,0,Graduate,1,6100000,19900000,240,0,7100000,Rejected
5921,0,Graduate,0,3100000,6500000,24,0,2400000,Rejected
5922,4,Not Graduate,0,6700000,25300000,144,0,4900000,Rejected
5923,3,Graduate,1,4000000,8300000,96,0,5900000,Approved
5924,5,Not Graduate,0,600000,1500000,168,0,300000,Rejected
5925,1,Graduate,0,2400000,5800000,240,0,3100000,Approved
5926,4,Not Graduate,0,1600000,3200000,192,0,1200000,Rejected
5927,0,Not Graduate,0,9500000,35300000,72,0,7000000,Rejected
5928,4,Graduate,0,8300000,24900000,192,0,7000000,Rejected
5929,0,Not Graduate,0,5700000,21300000,48,0,5500000,Rejected
5930,5,Not Graduate,1,3600000,12400000,96,0,4000000,Rejected
5931,1,Not Graduate,1,9000000,29900000,24,0,4700000,Rejected
5932,4,Not Graduate,1,1600000,4800000,240,0,1400000,Rejected
5933,5,Graduate,1,1000000,3500000,216,0,600000,Rejected
5934,3,Not Graduate,0,4500000,11700000,216,0,4500000,Rejected
5935,3,Graduate,1,4100000,14600000,192,0,3000000,Rejected
5936,5,Graduate,0,9400000,25800000,168,0,11100000,Rejected
5937,0,Not Graduate,0,3500000,11900000,144,0,2500000,Rejected
5938,4,Graduate,1,5100000,14000000,144,0,6800000,Rejected
5939,0,Graduate,0,8300000,21400000,24,0,10200000,Rejected
5940,0,Not Graduate,0,5100000,19900000,144,0,5700000,Rejected
5941,2,Not Graduate,0,4000000,9400000,96,0,4800000,Approved
5942,3,Not Graduate,0,4700000,16700000,144,0,3500000,Rejected
5943,5,Not Graduate,0,1300000,4800000,48,0,1600000,Rejected
5944,1,Graduate,0,9100000,31200000,48,0,7800000,Rejected
5945,2,Not Graduate,0,8800000,22400000,168,0,10900000,Rejected
5946,2,Graduate,1,6200000,23800000,48,0,3300000,Rejected
5947,0,Graduate,0,8100000,21300000,24,0,11000000,Rejected
5948,1,Not Graduate,0,5300000,17800000,144,0,6800000,Rejected
5949,4,Not Graduate,1,1200000,2800000,72,0,1400000,Rejected
5950,0,Graduate,0,9200000,22500000,120,0,10700000,Rejected
5951,0,Not Graduate,1,1900000,6400000,240,0,1900000,Rejected
5952,5,Graduate,1,7100000,19700000,48,0,5800000,Rejected
5953,4,Not Graduate,0,7200000,27400000,96,0,9500000,Rejected
5954,0,Graduate,1,7000000,21700000,240,0,3900000,Rejected
5955,2,Graduate,1,8100000,25700000,96,0,9500000,Rejected
5956,1,Graduate,0,1000000,3000000,216,0,700000,Rejected
5957,5,Not Graduate,0,7000000,18300000,48,0,7600000,Rejected
5958,0,Not Graduate,0,500000,1800000,24,0,200000,Rejected
5959,1,Graduate,0,4900000,18100000,96,0,2400000,Rejected
5960,2,Not Graduate,1,5000000,14600000,120,0,3100000,Rejected
5961,3,Not Graduate,1,8800000,26700000,120,0,9700000,Rejected
5962,0,Not Graduate,1,4600000,14800000,72,0,6700000,Rejected
5963,4,Not Graduate,0,8600000,26700000,120,0,6900000,Rejected
5964,5,Graduate,1,1100000,3900000,24,0,1600000,Rejected
5965,2,Graduate,0,6400000,25000000,144,0,5400000,Rejected
5966,2,Not Graduate,1,8800000,31100000,144,0,9400000,Rejected
5967,4,Graduate,0,4800000,12000000,72,0,3200000,Rejected
5968,4,Not Graduate,1,2700000,6800000,120,0,2700000,Rejected
5969,1,Graduate,1,5300000,11500000,168,0,5700000,Rejected
5970,3,Graduate,0,8300000,30500000,120,0,11800000,Rejected
5971,3,Not Graduate,0,8300000,29100000,120,0,11900000,Rejected
5972,2,Not Graduate,1,3300000,9600000,216,0,4900000,Rejected
5973,0,Graduate,0,4200000,10300000,120,0,6000000,Approved
5974,1,Graduate,0,7700000,17100000,168,0,7100000,Rejected
5975,5,Graduate,0,8600000,21000000,96,0,9900000,Rejected
5976,3,Graduate,1,8300000,27700000,48,0,7400000,Rejected
5977,4,Graduate,0,8200000,25200000,216,0,10500000,Rejected
5978,2,Graduate,1,4700000,16200000,144,0,6700000,Rejected
5979,5,Graduate,1,2700000,10400000,24,0,1400000,Rejected
5980,2,Graduate,0,2900000,6600000,120,0,3400000,Approved
5981,5,Not Graduate,1,4100000,9600000,24,0,3100000,Rejected
5982,1,Graduate,1,2200000,8700000,240,0,2600000,Rejected
5983,3,Graduate,0,9800000,28300000,24,0,9200000,Rejected
5984,4,Not Graduate,1,1600000,4800000,240,0,1400000,Rejected
5985,4,Graduate,0,2300000,5400000,192,0,2100000,Rejected
5986,4,Graduate,1,900000,2800000,24,0,900000,Rejected
5987,4,Not Graduate,1,9800000,23800000,96,0,6100000,Rejected
5988,1,Not Graduate,0,3100000,11200000,216,0,2500000,Rejected
5989,2,Graduate,0,7500000,19900000,120,0,5900000,Rejected
5990,3,Not Graduate,0,1600000,3900000,240,0,800000,Rejected
5991,0,Graduate,0,7100000,15400000,216,0,5800000,Rejected
5992,0,Not Graduate,1,9300000,32000000,96,0,12400000,Rejected
5993,3,Graduate,0,2000000,4200000,72,0,1200000,Rejected
5994,5,Not Graduate,0,6500000,13800000,120,0,7300000,Approved
5995,1,Not Graduate,0,7900000,29300000,24,0,4000000,Rejected
5996,5,Graduate,0,9000000,24200000,48,0,11900000,Rejected
5997,5,Not Graduate,1,8400000,17600000,144,0,7900000,Rejected
5998,3,Graduate,0,6300000,17000000,192,0,3200000,Rejected
5999,4,Not Graduate,1,4900000,15900000,120,0,2800000,Rejected
6000,0,Not Graduate,1,3700000,13100000,168,0,4900000,Rejected
6001,4,Graduate,0,1600000,5500000,120,0,1400000,Rejected
6002,3,Graduate,1,900000,3500000,48,0,600000,Rejected
6003,1,Not Graduate,0,6200000,23100000,192,0,7000000,Rejected
6004,2,Graduate,0,6200000,16900000,144,0,7900000,Rejected
6005,3,Not Graduate,1,6800000,26900000,192,0,7300000,Rejected
6006,5,Not Graduate,0,6400000,22300000,144,0,5800000,Rejected
6007,1,Not Graduate,0,4700000,14000000,72,0,4600000,Rejected
6008,0,Not Graduate,1,4900000,11900000,192,0,3800000,Rejected
6009,4,Graduate,1,600000,1400000,48,0,300000,Rejected
6010,2,Not Graduate,0,7500000,29100000,240,0,9100000,Rejected
6011,5,Graduate,1,500000,1400000,48,0,300000,Rejected
6012,4,Not Graduate,0,2000000,6000000,144,0,2300000,Rejected
6013,4,Graduate,0,5600000,15600000,144,0,7000000,Rejected
6014,2,Graduate,0,6100000,23600000,24,0,3800000,Rejected
6015,0,Not Graduate,0,7700000,29300000,168,0,4700000,Rejected
6016,2,Graduate,1,4700000,12000000,72,0,2300000,Rejected
6017,3,Graduate,1,6300000,19900000,144,0,3100000,Rejected
6018,0,Not Graduate,1,2100000,4900000,120,0,1000000,Rejected
6019,3,Not Graduate,1,4900000,17500000,240,0,4800000,Rejected
6020,2,Not Graduate,0,6800000,23500000,144,0,8500000,Rejected
6021,4,Graduate,0,8200000,25200000,216,0,10500000,Rejected
6022,3,Not Graduate,1,3200000,11100000,72,0,1500000,Rejected
6023,3,Not Graduate,1,3700000,13800000,120,0,5300000,Rejected
6024,4,Graduate,1,700000,2400000,168,0,700000,Rejected
6025,4,Graduate,1,6000000,17000000,144,0,3900000,Rejected
6026,3,Graduate,1,7400000,19600000,24,0,4200000,Rejected
6027,1,Graduate,1,6000000,23300000,144,0,6400000,Rejected
6028,2,Not Graduate,1,1800000,5700000,48,0,2400000,Rejected
6029,2,Graduate,1,5600000,21000000,216,0,6000000,Rejected
6030,1,Not Graduate,1,8200000,32400000,216,0,7800000,Rejected
6031,1,Graduate,0,8200000,17500000,48,0,7700000,Rejected
6032,4,Graduate,0,8000000,25500000,48,0,4900000,Rejected
6033,3,Graduate,1,1300000,4800000,168,0,1500000,Rejected
6034,2,Not Graduate,1,7700000,21000000,144,0,10500000,Rejected
6035,4,Graduate,0,600000,1800000,72,0,800000,Rejected
6036,1,Graduate,0,6300000,22000000,240,0,5500000,Rejected
6037,5,Not Graduate,0,3000000,7600000,72,0,1700000,Rejected
6038,1,Not Graduate,1,8700000,33800000,216,0,5900000,Rejected
6039,3,Graduate,0,900000,2800000,120,0,1300000,Rejected
6040,4,Not Graduate,1,6800000,13900000,96,0,9600000,Approved
6041,1,Graduate,1,1700000,6000000,192,0,1800000,Rejected
6042,2,Not Graduate,0,4900000,13500000,96,0,3400000,Rejected
6043,5,Not Graduate,0,7000000,18300000,48,0,7600000,Rejected
6044,5,Graduate,1,3800000,10300000,192,0,2700000,Rejected
6045,1,Not Graduate,1,3600000,13200000,240,0,2900000,Rejected
6046,5,Graduate,1,7300000,19600000,120,0,10600000,Rejected
6047,4,Graduate,0,6300000,13400000,24,0,9400000,Approved
6048,0,Not Graduate,1,4500000,11500000,168,0,5900000,Rejected
6049,2,Graduate,0,1000000,2000000,120,0,1300000,Approved
6050,2,Graduate,0,4800000,18500000,240,0,5800000,Rejected
6051,3,Graduate,1,4100000,15500000,72,0,4000000,Rejected
6052,5,Graduate,1,3800000,12000000,24,0,4200000,Rejected
6053,0,Not Graduate,1,2400000,9100000,96,0,3300000,Rejected
6054,2,Graduate,1,4900000,12600000,24,0,3800000,Rejected
6055,3,Graduate,0,9800000,30300000,24,0,5600000,Rejected
6056,1,Not Graduate,1,400000,1400000,144,0,400000,Rejected
6057,2,Not Graduate,0,3100000,9000000,240,0,4000000,Rejected
6058,0,Graduate,0,5000000,14400000,48,0,3900000,Rejected
6059,2,Not Graduate,0,3700000,14100000,72,0,3400000,Rejected
6060,0,Not Graduate,0,2700000,8400000,168,0,2800000,Rejected
6061,5,Graduate,0,6900000,19700000,72,0,7300000,Rejected
6062,3,Not Graduate,0,4100000,14100000,96,0,5300000,Rejected
6063,0,Graduate,0,5200000,12200000,192,0,5100000,Rejected
6064,0,Not Graduate,0,3600000,7800000,168,0,3000000,Rejected
6065,1,Graduate,1,600000,1800000,96,0,800000,Rejected
6066,4,Not Graduate,1,6400000,15500000,24,0,4500000,Rejected
6067,4,Graduate,1,3900000,14300000,240,0,2900000,Rejected
6068,2,Graduate,1,9100000,20900000,240,0,13200000,Approved
6069,1,Graduate,0,8800000,20200000,72,0,11900000,Approved
6070,0,Graduate,0,4700000,18500000,48,0,6100000,Rejected
6071,2,Not Graduate,0,5200000,16800000,216,0,6800000,Rejected
6072,0,Not Graduate,0,1200000,2900000,216,0,600000,Rejected
6073,3,Graduate,1,7400000,15200000,120,0,4800000,Rejected
6074,1,Not Graduate,0,4600000,15200000,48,0,3900000,Rejected
6075,5,Not Graduate,1,2500000,9400000,192,0,1700000,Rejected
6076,1,Not Graduate,1,3900000,11500000,24,0,5100000,Rejected
6077,0,Graduate,1,200000,700000,120,0,100000,Rejected
6078,4,Graduate,1,5400000,21500000,168,0,7500000,Rejected
6079,5,Not Graduate,1,7600000,23000000,120,0,7300000,Rejected
6080,3,Graduate,1,8500000,30800000,240,0,7900000,Rejected
6081,3,Not Graduate,0,1800000,5600000,240,0,900000,Rejected
6082,5,Graduate,0,9900000,35700000,120,0,13000000,Rejected
6083,1,Not Graduate,1,1900000,4700000,24,0,2300000,Rejected
6084,4,Graduate,0,500000,1300000,96,0,700000,Rejected
6085,2,Not Graduate,0,7100000,21500000,192,0,9300000,Rejected
6086,4,Graduate,1,4100000,12500000,24,0,2000000,Rejected
6087,0,Graduate,1,3900000,12800000,216,0,5000000,Rejected
6088,1,Not Graduate,1,9500000,30500000,144,0,10500000,Rejected
6089,3,Not Graduate,0,1200000,2400000,144,0,1700000,Approved
6090,3,Graduate,1,9100000,18800000,240,0,4800000,Rejected
6091,5,Graduate,1,2300000,5600000,96,0,2500000,Rejected
6092,1,Graduate,1,5400000,19500000,216,0,3500000,Rejected
6093,5,Graduate,1,2300000,5600000,96,0,2500000,Rejected
6094,2,Not Graduate,1,1700000,3500000,240,0,1700000,Rejected
6095,4,Graduate,1,5600000,16500000,240,0,7400000,Rejected
6096,3,Graduate,1,1500000,4100000,168,0,2100000,Rejected
6097,0,Not Graduate,1,2300000,6000000,192,0,1200000,Rejected
6098,3,Not Graduate,1,8900000,20900000,72,0,11100000,Approved
6099,4,Graduate,0,3800000,8500000,120,0,4100000,Rejected
6100,4,Graduate,1,8800000,27100000,24,0,5800000,Rejected
6101,0,Not Graduate,1,2000000,5200000,216,0,1500000,Rejected
6102,1,Graduate,1,2100000,7300000,192,0,1400000,Rejected
6103,2,Not Graduate,1,600000,1100000,96,0,300000,Rejected
6104,0,Not Graduate,1,800000,3200000,96,0,800000,Rejected
6105,5,Not Graduate,0,2400000,5100000,72,0,3400000,Approved
6106,3,Not Graduate,0,7800000,17700000,72,0,10000000,Approved
6107,2,Graduate,1,8200000,23600000,72,0,6100000,Rejected
6108,0,Graduate,1,5400000,21400000,96,0,7400000,Rejected
6109,4,Graduate,0,9700000,19400000,240,0,12800000,Approved
6110,4,Graduate,0,700000,1800000,96,0,300000,Rejected
6111,3,Not Graduate,1,7000000,16200000,72,0,5500000,Rejected
6112,0,Not Graduate,1,6800000,15300000,168,0,8300000,Approved
6113,1,Graduate,0,9200000,29700000,120,0,12000000,Rejected
6114,4,Graduate,0,7200000,22900000,216,0,8800000,Rejected
6115,2,Not Graduate,1,2000000,5300000,120,0,2900000,Rejected
6116,3,Not Graduate,1,6100000,20900000,216,0,7500000,Rejected
6117,3,Not Graduate,0,6100000,14800000,120,0,6100000,Rejected
6118,5,Graduate,0,7100000,27000000,240,0,7600000,Rejected
6119,3,Not Graduate,1,4100000,10900000,96,0,4300000,Rejected
6120,2,Not Graduate,1,6700000,23100000,48,0,10000000,Rejected
6121,3,Graduate,1,9400000,20500000,72,0,10200000,Rejected
6122,1,Graduate,0,3400000,9900000,24,0,4500000,Rejected
6123,4,Graduate,0,600000,1800000,72,0,800000,Rejected
6124,5,Graduate,1,7400000,23300000,240,0,6800000,Rejected
6125,0,Graduate,0,7600000,28700000,72,0,3800000,Rejected
6126,4,Not Graduate,0,3800000,14100000,96,0,5400000,Rejected
6127,0,Graduate,1,7000000,21700000,240,0,3900000,Rejected
6128,5,Not Graduate,1,5800000,12400000,72,0,7600000,Approved
6129,3,Graduate,1,1400000,3500000,144,0,1400000,Rejected
6130,0,Graduate,1,6600000,21200000,216,0,9500000,Rejected
6131,2,Graduate,1,500000,1600000,48,0,700000,Rejected
6132,1,Graduate,0,7400000,16100000,48,0,4300000,Rejected
6133,3,Not Graduate,0,2900000,6300000,96,0,1400000,Rejected
6134,4,Graduate,1,6100000,15300000,168,0,8400000,Rejected
6135,0,Graduate,0,4700000,17500000,24,0,7000000,Rejected
6136,3,Graduate,0,9800000,21000000,144,0,7000000,Rejected
6137,1,Graduate,1,9800000,23300000,144,0,13900000,Approved
6138,3,Not Graduate,1,7000000,16200000,72,0,5500000,Rejected
6139,1,Not Graduate,0,3900000,12300000,120,0,2400000,Rejected
6140,1,Not Graduate,1,5200000,20500000,120,0,3800000,Rejected
6141,3,Graduate,1,1000000,2300000,120,0,1000000,Rejected
6142,4,Not Graduate,0,1200000,4300000,96,0,1300000,Rejected
6143,4,Not Graduate,0,9900000,22700000,144,0,5400000,Rejected
6144,3,Graduate,1,1200000,3300000,72,0,1400000,Rejected
6145,3,Graduate,1,7400000,25700000,24,0,5100000,Rejected
6146,1,Not Graduate,1,6800000,16800000,120,0,5600000,Rejected
6147,5,Not Graduate,0,1000000,2300000,192,0,1400000,Approved
6148,2,Not Graduate,0,8500000,29400000,144,0,9000000,Rejected
6149,3,Graduate,0,4900000,12800000,168,0,7200000,Rejected
6150,4,Graduate,0,7000000,18900000,72,0,5200000,Rejected
6151,1,Not Graduate,1,9500000,30500000,144,0,10500000,Rejected
6152,1,Not Graduate,1,1300000,4500000,168,0,1600000,Rejected
6153,3,Not Graduate,1,5800000,14100000,144,0,8400000,Approved
6154,4,Not Graduate,1,5700000,14400000,144,0,4700000,Rejected
6155,1,Not Graduate,0,400000,1600000,192,0,100000,Rejected
6156,1,Not Graduate,0,8000000,30900000,24,0,7300000,Rejected
6157,5,Graduate,0,700000,2400000,192,0,800000,Rejected
6158,4,Not Graduate,0,900000,3300000,120,0,1200000,Rejected
6159,1,Not Graduate,0,1200000,2700000,168,0,600000,Rejected
6160,3,Not Graduate,0,5000000,13000000,120,0,7200000,Rejected
6161,0,Graduate,0,2200000,6400000,48,0,1300000,Rejected
6162,3,Graduate,0,4000000,11100000,144,0,2400000,Rejected
6163,1,Not Graduate,0,3900000,12300000,120,0,2400000,Rejected
6164,0,Graduate,1,200000,700000,120,0,100000,Rejected
6165,3,Graduate,0,9400000,21900000,192,0,5000000,Rejected
6166,1,Not Graduate,0,9800000,21300000,24,0,14600000,Approved
6167,5,Not Graduate,1,5900000,16000000,72,0,3100000,Rejected
6168,1,Graduate,1,7100000,15200000,96,0,5900000,Rejected
6169,0,Graduate,1,6700000,14900000,192,0,8100000,Approved
6170,1,Not Graduate,1,800000,2800000,192,0,1200000,Rejected
6171,1,Not Graduate,0,9500000,20000000,192,0,6200000,Rejected
6172,2,Graduate,0,6900000,18200000,240,0,5400000,Rejected
6173,1,Not Graduate,0,1100000,3700000,24,0,1300000,Rejected
6174,4,Not Graduate,1,5500000,20000000,96,0,7900000,Rejected
6175,2,Not Graduate,1,2700000,9400000,168,0,1900000,Rejected
6176,0,Graduate,0,1400000,5400000,96,0,800000,Rejected
6177,5,Not Graduate,1,8400000,31900000,120,0,9100000,Rejected
6178,1,Graduate,1,7600000,29300000,168,0,9100000,Rejected
6179,4,Not Graduate,1,4900000,15900000,120,0,2800000,Rejected
6180,2,Not Graduate,1,5100000,16800000,24,0,4400000,Rejected
6181,0,Not Graduate,0,2900000,9500000,216,0,3500000,Rejected
6182,1,Not Graduate,1,3500000,13500000,144,0,4100000,Rejected
6183,4,Not Graduate,0,1100000,3300000,216,0,700000,Rejected
6184,0,Not Graduate,1,3700000,9300000,168,0,1900000,Rejected
6185,4,Not Graduate,0,5500000,12300000,72,0,4300000,Rejected
6186,4,Graduate,0,3300000,10800000,48,0,3300000,Rejected
6187,1,Graduate,0,1100000,3600000,240,0,500000,Rejected
6188,5,Graduate,0,6700000,17200000,216,0,7100000,Rejected
6189,2,Graduate,0,3200000,10400000,120,0,4500000,Rejected
6190,5,Graduate,0,1400000,4100000,168,0,2100000,Rejected
6191,4,Graduate,1,9500000,23500000,168,0,7300000,Rejected
6192,5,Not Graduate,0,7800000,27000000,72,0,7400000,Rejected
6193,3,Graduate,1,900000,2300000,240,0,500000,Rejected
6194,5,Not Graduate,1,2300000,4700000,216,0,2800000,Approved
6195,4,Not Graduate,0,2300000,5500000,72,0,3200000,Approved
6196,1,Graduate,1,1600000,4100000,72,0,700000,Rejected
6197,5,Not Graduate,0,1300000,4800000,48,0,1600000,Rejected
6198,4,Graduate,1,4700000,9500000,216,0,4100000,Rejected
6199,2,Not Graduate,0,1600000,5100000,72,0,1400000,Rejected
6200,1,Graduate,0,2500000,6900000,240,0,3700000,Rejected
6201,0,Graduate,0,7500000,15900000,24,0,4500000,Rejected
6202,3,Graduate,1,7000000,24200000,24,0,7900000,Rejected
6203,4,Graduate,0,5800000,14700000,120,0,3900000,Rejected
6204,1,Not Graduate,1,8700000,20500000,72,0,4800000,Rejected
6205,3,Not Graduate,0,8300000,24100000,168,0,7700000,Rejected
6206,1,Graduate,0,2100000,6300000,192,0,2900000,Rejected
6207,3,Not Graduate,0,1200000,4500000,72,0,900000,Rejected
6208,4,Graduate,1,5800000,15800000,168,0,8700000,Rejected
6209,1,Graduate,1,7800000,23300000,72,0,7600000,Rejected
6210,0,Not Graduate,0,3700000,10600000,240,0,3500000,Rejected
6211,2,Graduate,1,5300000,14900000,72,0,3200000,Rejected
6212,3,Graduate,1,7700000,22300000,240,0,9100000,Rejected
6213,5,Graduate,0,6500000,24800000,96,0,8800000,Rejected
6214,1,Not Graduate,0,8800000,30200000,216,0,11100000,Rejected
6215,4,Graduate,0,5800000,14700000,120,0,3900000,Rejected
6216,2,Not Graduate,0,6800000,14800000,168,0,6600000,Rejected
6217,1,Not Graduate,0,5300000,11500000,96,0,3000000,Rejected
6218,1,Graduate,0,6900000,19500000,24,0,9300000,Rejected
6219,4,Graduate,0,3700000,12300000,72,0,4400000,Rejected
6220,2,Not Graduate,1,5600000,20000000,120,0,6000000,Rejected
6221,5,Graduate,0,3600000,7700000,192,0,2900000,Rejected
6222,0,Not Graduate,0,3900000,14600000,24,0,5400000,Rejected
6223,0,Not Graduate,0,9700000,37300000,240,0,10500000,Rejected
6224,1,Not Graduate,0,3100000,6600000,240,0,4300000,Approved
6225,5,Not Graduate,1,2300000,4700000,216,0,2800000,Approved
6226,5,Graduate,1,4200000,8700000,72,0,2500000,Rejected
6227,2,Graduate,1,8200000,23600000,72,0,6100000,Rejected
6228,2,Not Graduate,0,3300000,6600000,72,0,2700000,Rejected
6229,5,Graduate,1,5400000,21200000,240,0,7500000,Rejected
6230,1,Not Graduate,1,3100000,6300000,240,0,4000000,Approved
6231,5,Graduate,1,700000,1300000,192,0,1000000,Approved
6232,4,Not Graduate,1,1600000,4800000,240,0,1400000,Rejected
6233,3,Not Graduate,0,6800000,17900000,72,0,5500000,Rejected
6234,4,Graduate,0,7800000,25400000,216,0,7200000,Rejected
6235,5,Not Graduate,0,9600000,27100000,96,0,13300000,Rejected
6236,2,Graduate,1,8300000,30100000,192,0,7200000,Rejected
6237,0,Graduate,1,2800000,7800000,120,0,3400000,Rejected
6238,3,Not Graduate,0,1200000,3100000,120,0,1000000,Rejected
6239,0,Not Graduate,0,2900000,6900000,120,0,1500000,Rejected
6240,2,Not Graduate,0,2300000,5000000,192,0,1500000,Rejected
6241,2,Graduate,0,6600000,21500000,216,0,4800000,Rejected
6242,1,Graduate,1,5400000,21400000,96,0,6800000,Rejected
6243,0,Not Graduate,0,1100000,4300000,216,0,900000,Rejected
6244,1,Graduate,0,2800000,6900000,168,0,4200000,Approved
6245,1,Graduate,0,2000000,5000000,72,0,1500000,Rejected
6246,1,Not Graduate,1,200000,600000,24,0,200000,Rejected
6247,2,Graduate,1,1400000,4600000,48,0,700000,Rejected
6248,4,Not Graduate,1,2900000,8900000,216,0,1600000,Rejected
6249,4,Graduate,1,7900000,25900000,168,0,7600000,Rejected
6250,4,Graduate,1,6300000,23900000,72,0,6700000,Rejected
6251,3,Not Graduate,1,6400000,23500000,144,0,7400000,Rejected
6252,5,Not Graduate,1,7600000,15400000,168,0,4700000,Rejected
6253,4,Graduate,1,6500000,25700000,216,0,8500000,Rejected
6254,5,Graduate,0,1100000,4000000,192,0,700000,Rejected
6255,2,Graduate,1,9400000,24800000,168,0,7500000,Rejected
6256,0,Not Graduate,0,1900000,6700000,144,0,1700000,Rejected
6257,0,Graduate,0,4400000,14100000,24,0,6200000,Rejected
6258,1,Not Graduate,1,7500000,22500000,168,0,4500000,Rejected
6259,2,Graduate,0,700000,2600000,240,0,900000,Rejected
6260,4,Graduate,1,7900000,25900000,168,0,7600000,Rejected
6261,4,Graduate,0,4700000,15700000,48,0,4800000,Rejected
6262,2,Graduate,0,5600000,19500000,96,0,7200000,Rejected
6263,0,Graduate,1,6700000,14900000,192,0,8100000,Approved
6264,5,Graduate,0,9300000,34000000,72,0,8200000,Rejected
6265,3,Not Graduate,1,8200000,28900000,120,0,6800000,Rejected
6266,1,Not Graduate,1,1300000,2900000,72,0,1400000,Rejected
6267,2,Graduate,0,3000000,7000000,48,0,3400000,Rejected
6268,1,Graduate,1,9200000,29200000,72,0,11700000,Rejected
6269,2,Not Graduate,1,6700000,20200000,72,0,8200000,Rejected
6270,0,Not Graduate,1,7000000,24600000,72,0,4700000,Rejected
6271,2,Not Graduate,0,1400000,2900000,144,0,1300000,Rejected
6272,1,Not Graduate,1,3400000,7200000,96,0,3900000,Approved
6273,2,Not Graduate,0,3200000,8600000,216,0,3500000,Rejected
6274,5,Not Graduate,1,4800000,17000000,120,0,2900000,Rejected
6275,4,Graduate,1,5600000,14100000,168,0,6800000,Rejected
6276,0,Not Graduate,1,9600000,19600000,144,0,10900000,Approved
6277,5,Not Graduate,1,8400000,17600000,144,0,7900000,Rejected
6278,3,Graduate,0,8000000,18600000,240,0,9400000,Approved
6279,3,Graduate,1,7800000,27700000,72,0,5300000,Rejected
6280,5,Graduate,1,9000000,31400000,24,0,8700000,Rejected
6281,5,Graduate,0,5300000,20500000,192,0,4100000,Rejected
6282,0,Graduate,0,7500000,15900000,24,0,4500000,Rejected
6283,2,Graduate,1,1600000,4700000,144,0,1000000,Rejected
6284,0,Graduate,1,1800000,5200000,192,0,1300000,Rejected
6285,2,Not Graduate,0,5500000,20400000,144,0,3300000,Rejected
6286,0,Graduate,1,6000000,23900000,48,0,4500000,Rejected
6287,5,Graduate,1,3200000,7600000,48,0,1900000,Rejected
6288,5,Graduate,0,6100000,23500000,192,0,4800000,Rejected
6289,2,Graduate,0,5800000,13300000,48,0,4500000,Rejected
6290,5,Graduate,0,6600000,20100000,216,0,7200000,Rejected
6291,1,Graduate,1,5100000,15300000,48,0,2700000,Rejected
6292,3,Not Graduate,1,5900000,20600000,120,0,6400000,Rejected
6293,3,Not Graduate,1,7200000,21600000,24,0,3700000,Rejected
6294,3,Graduate,0,5900000,14400000,120,0,3700000,Rejected
6295,3,Not Graduate,1,7500000,21600000,168,0,11200000,Rejected
6296,5,Not Graduate,0,7600000,16300000,216,0,5000000,Rejected
6297,4,Graduate,1,300000,500000,168,0,100000,Rejected
6298,1,Graduate,0,2100000,6300000,192,0,2900000,Rejected
6299,3,Graduate,1,2300000,8000000,96,0,1200000,Rejected
6300,1,Not Graduate,1,6000000,12200000,192,0,2900000,Rejected
6301,0,Graduate,1,7100000,19300000,72,0,5000000,Rejected
6302,1,Graduate,1,5400000,19500000,216,0,3500000,Rejected
6303,2,Graduate,1,2200000,8100000,96,0,1000000,Rejected
6304,1,Not Graduate,1,3400000,9700000,240,0,4800000,Rejected
6305,2,Graduate,0,5200000,16200000,144,0,3900000,Rejected
6306,2,Not Graduate,1,6600000,22800000,96,0,6400000,Rejected
6307,4,Graduate,1,5900000,17300000,240,0,4100000,Rejected
6308,4,Not Graduate,0,4500000,15100000,72,0,6000000,Rejected
6309,4,Graduate,0,600000,1800000,72,0,800000,Rejected
6310,4,Not Graduate,0,6400000,14800000,72,0,6500000,Rejected
6311,3,Not Graduate,0,7400000,23500000,24,0,9200000,Rejected
6312,1,Graduate,0,900000,2600000,48,0,900000,Rejected
6313,1,Not Graduate,0,9100000,23300000,216,0,12400000,Rejected
6314,4,Graduate,0,5800000,13500000,168,0,7900000,Approved
6315,5,Not Graduate,0,9100000,19900000,240,0,10500000,Approved
6316,2,Not Graduate,0,3500000,14000000,24,0,2900000,Rejected
6317,1,Not Graduate,1,4400000,14200000,192,0,4500000,Rejected
6318,5,Graduate,0,7500000,15800000,216,0,8400000,Approved
6319,3,Not Graduate,0,5100000,14500000,144,0,2900000,Rejected
6320,5,Not Graduate,1,7600000,15400000,168,0,4700000,Rejected
6321,1,Graduate,0,1100000,3500000,96,0,500000,Rejected
6322,2,Not Graduate,1,5100000,13700000,72,0,5100000,Rejected
6323,0,Graduate,0,2500000,7800000,96,0,3300000,Rejected
6324,1,Graduate,0,1400000,3100000,240,0,1800000,Approved
6325,0,Graduate,0,7300000,14500000,192,0,9600000,Approved
6326,3,Not Graduate,0,6300000,23800000,120,0,8800000,Rejected
6327,1,Graduate,1,9000000,33500000,216,0,5300000,Rejected
6328,0,Graduate,0,7000000,27800000,192,0,8200000,Rejected
6329,0,Not Graduate,0,2400000,7800000,168,0,2900000,Rejected
6330,0,Graduate,0,7000000,27800000,192,0,8200000,Rejected
6331,2,Not Graduate,0,2100000,5000000,48,0,3100000,Approved
6332,2,Not Graduate,1,3000000,7800000,168,0,1700000,Rejected
6333,5,Not Graduate,0,2500000,8800000,120,0,2700000,Rejected
6334,3,Graduate,1,7400000,18300000,48,0,9800000,Approved
6335,5,Graduate,1,6100000,14400000,192,0,5600000,Rejected
6336,3,Not Graduate,0,3200000,9200000,168,0,4500000,Rejected
6337,0,Graduate,1,1200000,2700000,24,0,1500000,Approved
6338,2,Not Graduate,1,3800000,10000000,144,0,5100000,Rejected
6339,2,Not Graduate,0,8400000,25900000,192,0,4200000,Rejected
6340,1,Not Graduate,1,6800000,13700000,120,0,6800000,Rejected
6341,4,Graduate,1,4900000,10200000,216,0,6600000,Approved
6342,5,Graduate,0,5900000,13800000,168,0,3000000,Rejected
6343,2,Not Graduate,0,2600000,8400000,72,0,2000000,Rejected
6344,4,Not Graduate,0,7600000,23900000,96,0,6700000,Rejected
6345,1,Graduate,1,600000,2000000,120,0,700000,Rejected
6346,1,Not Graduate,1,8400000,24700000,216,0,12200000,Rejected
6347,5,Not Graduate,1,2200000,6700000,72,0,1100000,Rejected
6348,5,Not Graduate,0,900000,2800000,192,0,800000,Rejected
6349,0,Not Graduate,1,1600000,5300000,48,0,1100000,Rejected
6350,2,Not Graduate,0,7100000,26600000,72,0,7900000,Rejected
6351,0,Graduate,0,8000000,29800000,144,0,8400000,Rejected
6352,4,Graduate,0,9100000,26600000,24,0,10400000,Rejected
6353,5,Not Graduate,1,4300000,14100000,144,0,4600000,Rejected
6354,1,Graduate,1,5800000,13000000,144,0,3900000,Rejected
6355,2,Not Graduate,0,8400000,20700000,72,0,7900000,Rejected
6356,5,Not Graduate,0,5800000,22200000,192,0,8500000,Rejected
6357,4,Not Graduate,1,6600000,22100000,72,0,4700000,Rejected
6358,0,Graduate,0,6600000,13700000,240,0,6000000,Rejected
6359,0,Not Graduate,0,8100000,26500000,240,0,5800000,Rejected
6360,4,Not Graduate,1,6700000,15800000,144,0,6600000,Rejected
6361,1,Not Graduate,0,9300000,27500000,72,0,10800000,Rejected
6362,2,Not Graduate,1,9900000,33200000,48,0,5000000,Rejected
6363,3,Graduate,0,1900000,4100000,144,0,2100000,Approved
6364,1,Not Graduate,1,3600000,13200000,240,0,2900000,Rejected
6365,3,Graduate,0,9700000,35300000,48,0,7200000,Rejected
6366,0,Not Graduate,0,1900000,6900000,48,0,2200000,Rejected
6367,0,Not Graduate,1,8400000,27200000,120,0,7200000,Rejected
6368,3,Not Graduate,1,5000000,16700000,240,0,6900000,Rejected
6369,3,Not Graduate,1,8300000,31400000,72,0,6100000,Rejected
6370,2,Not Graduate,0,6800000,14800000,168,0,6600000,Rejected
6371,1,Graduate,0,7300000,24200000,240,0,9000000,Rejected
6372,5,Not Graduate,0,1400000,3000000,72,0,1400000,Rejected
6373,1,Not Graduate,1,1700000,4500000,240,0,1900000,Rejected
6374,5,Graduate,0,6500000,24800000,96,0,8800000,Rejected
6375,4,Not Graduate,0,7600000,29900000,216,0,5700000,Rejected
6376,5,Not Graduate,0,400000,800000,216,0,400000,Rejected
6377,3,Not Graduate,0,9700000,20600000,192,0,6100000,Rejected
6378,3,Graduate,0,4600000,10000000,48,0,4500000,Rejected
6379,5,Not Graduate,1,8400000,31900000,120,0,9100000,Rejected
6380,5,Graduate,1,4200000,9400000,72,0,5700000,Approved
6381,2,Not Graduate,0,8900000,29200000,96,0,11700000,Rejected
6382,5,Not Graduate,0,9700000,37000000,168,0,5600000,Rejected
6383,4,Not Graduate,0,7600000,23900000,96,0,6700000,Rejected
6384,4,Graduate,1,300000,900000,48,0,400000,Rejected
6385,4,Graduate,1,8800000,34200000,192,0,10700000,Rejected
6386,2,Not Graduate,0,9600000,31200000,144,0,13500000,Rejected
6387,4,Not Graduate,1,9600000,30100000,144,0,5600000,Rejected
6388,1,Not Graduate,0,8800000,22200000,216,0,10500000,Rejected
6389,4,Graduate,1,3500000,8900000,48,0,3800000,Rejected
6390,1,Graduate,0,8400000,24700000,96,0,6000000,Rejected
6391,4,Graduate,0,600000,1400000,48,0,400000,Rejected
6392,4,Not Graduate,1,9000000,31100000,96,0,13100000,Rejected
6393,2,Graduate,0,5400000,12500000,48,0,5400000,Rejected
6394,1,Not Graduate,1,3900000,11500000,24,0,5100000,Rejected
6395,0,Graduate,0,7500000,25100000,168,0,10700000,Rejected
6396,5,Graduate,1,1300000,4000000,96,0,1100000,Rejected
6397,3,Graduate,0,800000,2500000,144,0,700000,Rejected
6398,4,Graduate,0,7200000,22900000,216,0,8800000,Rejected
6399,0,Graduate,0,5300000,19500000,144,0,3200000,Rejected
6400,2,Not Graduate,0,8400000,28300000,120,0,4400000,Rejected
6401,5,Graduate,0,1400000,2900000,48,0,1600000,Approved
6402,5,Not Graduate,0,5800000,22200000,192,0,8500000,Rejected
6403,3,Graduate,0,8800000,33700000,144,0,8800000,Rejected
6404,0,Graduate,1,3300000,9000000,216,0,4700000,Rejected
6405,2,Graduate,0,5200000,16200000,144,0,3900000,Rejected
6406,5,Graduate,0,8800000,29300000,120,0,9900000,Rejected
6407,2,Not Graduate,1,8300000,20600000,120,0,6700000,Rejected
6408,4,Not Graduate,1,8400000,19700000,168,0,12100000,Approved
6409,2,Not Graduate,1,600000,1700000,24,0,500000,Rejected
6410,3,Not Graduate,0,5500000,16200000,216,0,6100000,Rejected
6411,3,Graduate,1,3000000,8300000,48,0,3800000,Rejected
6412,4,Graduate,1,1200000,4800000,24,0,600000,Rejected
6413,4,Not Graduate,0,2100000,7700000,48,0,1300000,Rejected
6414,3,Graduate,0,6300000,17000000,192,0,3200000,Rejected
6415,4,Graduate,1,6100000,15300000,168,0,8400000,Rejected
6416,1,Graduate,0,5900000,16800000,48,0,7100000,Rejected
6417,5,Graduate,1,700000,1300000,192,0,1000000,Approved
6418,0,Not Graduate,1,9500000,26000000,24,0,9300000,Rejected
6419,4,Graduate,0,5500000,21700000,168,0,3100000,Rejected
6420,4,Graduate,0,1700000,4300000,216,0,1700000,Rejected
6421,2,Not Graduate,1,1300000,2700000,96,0,1300000,Rejected
6422,4,Graduate,1,300000,1100000,48,0,400000,Rejected
6423,5,Not Graduate,1,7100000,21800000,216,0,4700000,Rejected
6424,0,Graduate,1,9800000,23200000,120,0,14600000,Approved
6425,5,Graduate,0,5900000,13400000,72,0,6900000,Approved
6426,1,Not Graduate,1,1200000,4800000,72,0,1300000,Rejected
6427,0,Graduate,0,6500000,16200000,48,0,6200000,Rejected
6428,4,Not Graduate,1,6900000,22000000,120,0,3900000,Rejected
6429,2,Graduate,0,6600000,25800000,216,0,5900000,Rejected
6430,2,Not Graduate,1,6700000,20200000,72,0,8200000,Rejected
6431,2,Not Graduate,0,8700000,25000000,240,0,7300000,Rejected
6432,2,Graduate,1,4000000,13000000,120,0,3400000,Rejected
6433,2,Graduate,0,2000000,6200000,192,0,1300000,Rejected
6434,0,Not Graduate,1,8600000,20000000,120,0,10300000,Approved
6435,1,Graduate,1,3700000,12600000,120,0,4400000,Rejected
6436,3,Graduate,0,8100000,23900000,120,0,8900000,Rejected
6437,4,Graduate,0,3900000,11000000,24,0,2100000,Rejected
6438,2,Not Graduate,1,5100000,19700000,24,0,6200000,Rejected
6439,5,Not Graduate,0,900000,3100000,240,0,1300000,Rejected
6440,1,Not Graduate,0,7400000,29100000,96,0,7000000,Rejected
6441,3,Not Graduate,1,8800000,25100000,96,0,12400000,Rejected
6442,0,Not Graduate,1,3200000,11600000,48,0,3100000,Rejected
6443,4,Graduate,0,3500000,8900000,240,0,3200000,Rejected
6444,4,Not Graduate,1,600000,2100000,72,0,300000,Rejected
6445,4,Not Graduate,1,800000,2800000,192,0,600000,Rejected
6446,0,Not Graduate,1,9200000,34900000,48,0,9800000,Rejected
6447,4,Graduate,1,5400000,17100000,24,0,4700000,Rejected
6448,3,Not Graduate,1,9900000,20400000,48,0,12800000,Approved
6449,4,Graduate,1,2600000,6200000,168,0,3400000,Approved
6450,0,Not Graduate,0,5600000,19300000,216,0,6400000,Rejected
6451,5,Not Graduate,1,2900000,11100000,48,0,3300000,Rejected
6452,2,Not Graduate,1,8300000,20600000,144,0,8400000,Rejected
6453,4,Not Graduate,0,4200000,9400000,48,0,5500000,Approved
6454,1,Not Graduate,0,4100000,15800000,144,0,5700000,Rejected
6455,2,Graduate,1,4200000,16800000,24,0,3700000,Rejected
6456,0,Graduate,0,8100000,21300000,24,0,11000000,Rejected
6457,1,Not Graduate,0,1400000,3300000,96,0,800000,Rejected
6458,0,Not Graduate,1,4300000,15600000,216,0,4700000,Rejected
6459,5,Not Graduate,0,6000000,19700000,240,0,5500000,Rejected
6460,2,Not Graduate,0,8400000,23200000,192,0,8600000,Rejected
6461,5,Graduate,0,2700000,10600000,192,0,2400000,Rejected
6462,1,Graduate,1,5600000,16800000,192,0,3900000,Rejected
6463,2,Graduate,1,5700000,15000000,240,0,6000000,Rejected
6464,2,Graduate,0,1800000,5700000,168,0,1300000,Rejected
6465,0,Not Graduate,0,2400000,7800000,168,0,2900000,Rejected
6466,5,Not Graduate,1,4900000,15900000,96,0,6100000,Rejected
6467,3,Graduate,1,5400000,14400000,96,0,3100000,Rejected
6468,4,Graduate,1,8400000,19700000,96,0,7700000,Rejected
6469,5,Not Graduate,0,2600000,8200000,48,0,2700000,Rejected
6470,5,Graduate,1,1900000,6700000,24,0,1700000,Rejected
6471,4,Not Graduate,1,1400000,3700000,144,0,1800000,Rejected
6472,0,Graduate,0,4000000,11500000,96,0,5900000,Rejected
6473,0,Graduate,0,9800000,38800000,96,0,5400000,Rejected
6474,0,Graduate,1,2800000,7800000,120,0,3400000,Rejected
6475,3,Graduate,1,800000,1500000,24,0,400000,Rejected
6476,4,Not Graduate,0,6600000,25400000,144,0,7500000,Rejected
6477,3,Not Graduate,1,9400000,30900000,240,0,9000000,Rejected
6478,4,Not Graduate,0,6100000,20900000,48,0,4100000,Rejected
6479,3,Not Graduate,1,8400000,20500000,144,0,11200000,Approved
6480,5,Graduate,0,7200000,17500000,48,0,6200000,Rejected
6481,1,Not Graduate,1,8700000,30700000,72,0,9300000,Rejected
6482,0,Graduate,1,5800000,21800000,24,0,4200000,Rejected
6483,5,Graduate,0,7200000,17500000,48,0,6200000,Rejected
6484,5,Not Graduate,1,6700000,17600000,168,0,5600000,Rejected
6485,4,Not Graduate,0,2400000,7000000,48,0,2900000,Rejected
6486,4,Graduate,1,4100000,11600000,168,0,5700000,Rejected
6487,2,Graduate,0,7400000,16000000,240,0,4300000,Rejected
6488,0,Not Graduate,1,2400000,5200000,192,0,2900000,Approved
6489,4,Not Graduate,1,7300000,22900000,144,0,4100000,Rejected
6490,0,Graduate,0,8400000,17500000,216,0,10400000,Approved
6491,1,Graduate,0,1800000,5900000,192,0,1000000,Rejected
6492,5,Graduate,0,700000,1700000,216,0,600000,Rejected
6493,1,Graduate,0,6000000,20100000,72,0,5500000,Rejected
6494,3,Not Graduate,0,3200000,9200000,168,0,4500000,Rejected
6495,2,Not Graduate,0,3600000,8000000,144,0,2700000,Rejected
6496,4,Not Graduate,0,7200000,27400000,96,0,9500000,Rejected
6497,3,Graduate,1,9000000,33600000,24,0,11900000,Rejected
6498,3,Graduate,1,8800000,30200000,96,0,5900000,Rejected
6499,2,Not Graduate,0,8000000,29300000,48,0,6500000,Rejected
6500,2,Graduate,1,5600000,19100000,96,0,4200000,Rejected
6501,5,Not Graduate,1,2500000,9600000,72,0,2600000,Rejected
6502,4,Not Graduate,0,8300000,23300000,240,0,9900000,Rejected
6503,3,Graduate,0,8200000,28300000,24,0,12100000,Rejected
6504,5,Not Graduate,1,1100000,3900000,48,0,900000,Rejected
6505,5,Not Graduate,1,8500000,25800000,168,0,11300000,Rejected
6506,5,Graduate,1,8700000,18400000,144,0,12000000,Approved
6507,3,Not Graduate,1,5900000,20600000,120,0,6400000,Rejected
6508,0,Graduate,1,5300000,17600000,48,0,7700000,Rejected
6509,5,Graduate,1,3800000,14400000,24,0,4700000,Rejected
6510,4,Graduate,0,4700000,13100000,168,0,6400000,Rejected
6511,4,Not Graduate,0,7100000,28200000,168,0,4600000,Rejected
6512,4,Not Graduate,0,4900000,11400000,96,0,4800000,Rejected
6513,1,Not Graduate,0,3100000,6600000,240,0,4300000,Approved
6514,1,Graduate,0,500000,1300000,72,0,700000,Rejected
6515,3,Graduate,1,9200000,33500000,96,0,11400000,Rejected
6516,3,Graduate,1,6600000,16000000,120,0,6300000,Rejected
6517,0,Graduate,0,600000,2300000,96,0,300000,Rejected
6518,5,Graduate,0,1100000,3800000,216,0,900000,Rejected
6519,4,Graduate,1,1500000,3300000,192,0,1100000,Rejected
6520,1,Not Graduate,1,4300000,14100000,144,0,5500000,Rejected
6521,3,Graduate,1,2100000,7400000,168,0,2800000,Rejected
6522,4,Graduate,0,1400000,2700000,216,0,900000,Rejected
6523,3,Graduate,0,1400000,3500000,192,0,1600000,Rejected
6524,5,Graduate,1,7100000,19700000,48,0,5800000,Rejected
6525,1,Not Graduate,0,7400000,19800000,216,0,4000000,Rejected
6526,3,Graduate,0,3200000,6900000,240,0,3100000,Rejected
6527,2,Graduate,0,4800000,18900000,48,0,5900000,Rejected
6528,4,Not Graduate,1,4700000,13700000,168,0,5000000,Rejected
6529,2,Graduate,1,4800000,15300000,144,0,4300000,Rejected
6530,4,Graduate,1,7100000,18200000,48,0,9600000,Rejected
6531,3,Graduate,1,5300000,16900000,24,0,6800000,Rejected
6532,5,Graduate,1,8000000,21500000,144,0,10400000,Rejected
6533,3,Graduate,1,1000000,2500000,72,0,500000,Rejected
6534,0,Graduate,0,9400000,27900000,72,0,7800000,Rejected
6535,1,Not Graduate,0,9800000,21300000,24,0,14600000,Approved
6536,3,Graduate,1,5000000,13900000,96,0,4800000,Rejected
6537,2,Not Graduate,1,5500000,18400000,120,0,4100000,Rejected
6538,5,Not Graduate,1,600000,1500000,24,0,600000,Rejected
6539,1,Graduate,1,9600000,34100000,240,0,12400000,Rejected
6540,3,Graduate,0,5100000,11000000,72,0,7500000,Approved
6541,3,Not Graduate,0,1200000,4500000,72,0,900000,Rejected
6542,3,Graduate,1,6400000,21000000,24,0,4400000,Rejected
6543,5,Not Graduate,0,5000000,11200000,96,0,4600000,Rejected
6544,2,Not Graduate,1,2800000,10100000,192,0,4100000,Rejected
6545,4,Graduate,0,4200000,14600000,72,0,3000000,Rejected
6546,4,Graduate,1,7200000,26000000,72,0,4200000,Rejected
6547,4,Graduate,1,5600000,16500000,240,0,7400000,Rejected
6548,0,Graduate,1,4300000,12800000,240,0,6100000,Rejected
6549,3,Graduate,1,1700000,3400000,72,0,1600000,Rejected
6550,5,Not Graduate,1,2000000,7400000,168,0,1100000,Rejected
6551,4,Not Graduate,0,6000000,18700000,24,0,5700000,Rejected
6552,4,Graduate,1,9700000,25000000,48,0,13400000,Rejected
6553,5,Graduate,1,9600000,32400000,24,0,6200000,Rejected
6554,4,Graduate,0,5500000,21200000,240,0,6400000,Rejected
6555,0,Graduate,1,2800000,6800000,144,0,1400000,Rejected
6556,2,Not Graduate,0,8100000,18500000,72,0,7900000,Rejected
6557,0,Graduate,1,9300000,24500000,120,0,5400000,Rejected
6558,2,Graduate,0,3200000,12500000,120,0,4300000,Rejected
6559,3,Not Graduate,0,2900000,6300000,96,0,1400000,Rejected
6560,5,Not Graduate,1,4700000,11800000,48,0,5500000,Rejected
6561,2,Not Graduate,1,5700000,18100000,240,0,3900000,Rejected
6562,4,Graduate,1,7900000,26900000,168,0,8200000,Rejected
6563,4,Graduate,0,2800000,6100000,216,0,2000000,Rejected
6564,5,Graduate,0,9200000,34800000,144,0,12500000,Rejected
6565,4,Graduate,1,1200000,3100000,192,0,1700000,Rejected
6566,0,Not Graduate,0,4300000,17000000,96,0,3900000,Rejected
6567,3,Graduate,1,5600000,12700000,144,0,6400000,Approved
6568,4,Not Graduate,0,9200000,21700000,72,0,8600000,Rejected
6569,4,Not Graduate,0,2600000,7200000,192,0,1400000,Rejected
6570,4,Not Graduate,0,3600000,7500000,72,0,2800000,Rejected
6571,0,Not Graduate,1,8400000,27200000,120,0,7200000,Rejected
6572,2,Not Graduate,1,2000000,6700000,168,0,2300000,Rejected
6573,4,Not Graduate,0,4800000,10100000,144,0,6900000,Approved
6574,1,Graduate,1,6500000,14800000,144,0,7300000,Rejected
6575,4,Graduate,1,2700000,5400000,72,0,2700000,Rejected
6576,0,Graduate,1,1800000,6000000,144,0,2400000,Rejected
6577,1,Graduate,1,900000,3600000,168,0,1200000,Rejected
6578,4,Graduate,1,3900000,11900000,120,0,2800000,Rejected
6579,4,Graduate,0,1100000,4000000,168,0,1600000,Rejected
6580,2,Graduate,0,4300000,9800000,24,0,5100000,Approved
6581,3,Not Graduate,1,6000000,18700000,216,0,8800000,Rejected
6582,4,Graduate,1,2100000,8200000,240,0,1000000,Rejected
6583,1,Not Graduate,1,3600000,13400000,192,0,3300000,Rejected
6584,5,Graduate,1,3800000,12000000,24,0,4200000,Rejected
6585,5,Not Graduate,0,5800000,22200000,192,0,8500000,Rejected
6586,3,Graduate,0,7900000,27000000,72,0,11500000,Rejected
6587,3,Not Graduate,0,5400000,15800000,216,0,7200000,Rejected
6588,2,Graduate,0,9000000,35700000,144,0,9000000,Rejected
6589,0,Graduate,0,7000000,27800000,192,0,8200000,Rejected
6590,4,Graduate,1,2000000,4700000,24,0,3000000,Approved
6591,1,Not Graduate,0,3100000,6600000,240,0,4300000,Approved
6592,1,Graduate,1,200000,400000,96,0,300000,Approved
6593,2,Not Graduate,1,6200000,21600000,240,0,9100000,Rejected
6594,1,Graduate,0,4100000,10000000,72,0,3600000,Rejected
6595,3,Graduate,1,7700000,18100000,240,0,10000000,Approved
6596,5,Not Graduate,1,1300000,3100000,192,0,1400000,Rejected
6597,1,Not Graduate,0,4700000,14000000,72,0,4600000,Rejected
6598,5,Graduate,1,3800000,14400000,24,0,4700000,Rejected
6599,3,Graduate,1,8900000,35400000,168,0,5900000,Rejected
6600,5,Not Graduate,1,8200000,20900000,168,0,8400000,Rejected
6601,5,Not Graduate,0,3300000,8400000,216,0,4000000,Rejected
6602,4,Graduate,1,2600000,6200000,168,0,3400000,Approved
6603,2,Graduate,0,1400000,4700000,48,0,1400000,Rejected
6604,5,Not Graduate,0,9200000,18900000,120,0,6900000,Rejected
6605,1,Graduate,0,7800000,18100000,24,0,9000000,Rejected
6606,0,Not Graduate,1,2700000,10100000,240,0,1400000,Rejected
6607,5,Graduate,0,9400000,25800000,168,0,11100000,Rejected
6608,1,Not Graduate,0,5300000,17800000,144,0,6800000,Rejected
6609,3,Not Graduate,0,5200000,17200000,216,0,3800000,Rejected
6610,1,Graduate,1,7000000,25600000,72,0,8700000,Rejected
6611,5,Not Graduate,1,9600000,29600000,48,0,13200000,Rejected
6612,2,Graduate,0,2700000,9300000,192,0,3600000,Rejected
6613,1,Not Graduate,0,2200000,5200000,168,0,1800000,Rejected
6614,0,Not Graduate,0,2000000,4800000,240,0,1700000,Rejected
6615,1,Graduate,1,2400000,8300000,72,0,2300000,Rejected
6616,3,Graduate,0,8300000,30500000,120,0,11800000,Rejected
6617,1,Not Graduate,0,5700000,17200000,48,0,3000000,Rejected
6618,3,Not Graduate,0,1600000,5600000,72,0,1600000,Rejected
6619,0,Graduate,1,9400000,20000000,48,0,4700000,Rejected
6620,4,Not Graduate,0,7600000,30300000,144,0,5800000,Rejected
6621,4,Graduate,0,9300000,26100000,192,0,10700000,Rejected
6622,3,Not Graduate,1,300000,500000,72,0,300000,Approved
6623,4,Graduate,0,3800000,8500000,120,0,4100000,Rejected
6624,1,Graduate,1,6900000,22300000,192,0,9000000,Rejected
6625,3,Not Graduate,1,3000000,11400000,120,0,1500000,Rejected
6626,4,Not Graduate,0,8200000,20700000,120,0,10600000,Rejected
6627,3,Not Graduate,1,2200000,8800000,24,0,3100000,Rejected
6628,5,Not Graduate,1,1700000,5200000,192,0,1000000,Rejected
6629,3,Graduate,0,7400000,17500000,240,0,9500000,Approved
6630,4,Graduate,0,8000000,30100000,48,0,11500000,Rejected
6631,1,Graduate,1,9000000,22800000,120,0,4700000,Rejected
6632,5,Graduate,0,7300000,26200000,120,0,10400000,Rejected
6633,4,Not Graduate,1,2500000,5100000,240,0,3500000,Approved
6634,0,Not Graduate,0,2400000,5000000,168,0,3200000,Approved
6635,5,Not Graduate,1,4200000,11200000,24,0,3800000,Rejected
6636,0,Not Graduate,0,8400000,19600000,216,0,12300000,Approved
6637,2,Not Graduate,1,1800000,5700000,48,0,2400000,Rejected
6638,2,Not Graduate,1,2700000,9400000,168,0,1900000,Rejected
6639,2,Not Graduate,1,2500000,7200000,192,0,2800000,Rejected
6640,4,Graduate,1,400000,1400000,24,0,400000,Rejected
6641,0,Not Graduate,0,8500000,17200000,144,0,5100000,Rejected
6642,0,Graduate,1,7000000,26400000,168,0,5300000,Rejected
6643,0,Not Graduate,1,8000000,30400000,24,0,7800000,Rejected
6644,2,Not Graduate,0,8700000,22700000,48,0,7200000,Rejected
6645,5,Graduate,0,6800000,20500000,120,0,3400000,Rejected
6646,0,Not Graduate,1,4000000,10300000,48,0,2600000,Rejected
6647,2,Graduate,0,4800000,13200000,24,0,5200000,Rejected
6648,5,Graduate,0,7900000,28600000,144,0,11700000,Rejected
6649,5,Graduate,0,7400000,21000000,48,0,3900000,Rejected
6650,2,Not Graduate,1,4700000,13700000,72,0,3500000,Rejected
6651,5,Not Graduate,0,8300000,17700000,144,0,9800000,Approved
6652,0,Not Graduate,1,800000,2400000,192,0,1100000,Rejected
6653,5,Graduate,1,8100000,32100000,72,0,6500000,Rejected
6654,0,Graduate,0,7900000,22700000,216,0,8900000,Rejected
6655,1,Not Graduate,1,5300000,14600000,240,0,4600000,Rejected
6656,2,Graduate,1,4700000,15100000,96,0,4700000,Rejected
6657,2,Not Graduate,0,8300000,20800000,72,0,6800000,Rejected
6658,4,Not Graduate,0,1000000,3800000,24,0,600000,Rejected
6659,0,Graduate,0,7100000,15900000,168,0,8000000,Approved
6660,0,Not Graduate,0,7400000,25500000,72,0,8400000,Rejected
6661,2,Not Graduate,0,4800000,15800000,240,0,5100000,Rejected
6662,2,Not Graduate,1,2900000,10200000,120,0,1600000,Rejected
6663,1,Graduate,0,5200000,15000000,144,0,5100000,Rejected
6664,4,Not Graduate,0,3600000,7500000,72,0,2800000,Rejected
6665,4,Graduate,0,4700000,10400000,72,0,5400000,Approved
6666,0,Not Graduate,0,8100000,26500000,240,0,5800000,Rejected
6667,5,Not Graduate,1,7300000,22500000,24,0,5700000,Rejected
6668,3,Not Graduate,0,2400000,9300000,24,0,1500000,Rejected
6669,2,Not Graduate,0,7700000,27300000,192,0,9100000,Rejected
6670,2,Not Graduate,0,6800000,23500000,144,0,8500000,Rejected
6671,0,Not Graduate,1,2600000,7600000,216,0,2900000,Rejected
6672,2,Not Graduate,0,1700000,5300000,240,0,1200000,Rejected
6673,4,Not Graduate,1,6700000,15800000,144,0,6600000,Rejected
6674,3,Graduate,0,9600000,37800000,120,0,11300000,Rejected
6675,2,Graduate,0,9300000,21200000,24,0,6600000,Rejected
6676,4,Graduate,0,7000000,18900000,72,0,5200000,Rejected
6677,5,Not Graduate,0,9000000,35200000,24,0,10400000,Rejected
6678,3,Not Graduate,1,1000000,3700000,96,0,1300000,Rejected
6679,2,Not Graduate,0,7600000,19300000,144,0,9600000,Rejected
6680,0,Not Graduate,0,2800000,9900000,96,0,1700000,Rejected
6681,0,Not Graduate,1,5200000,15400000,48,0,2900000,Rejected
6682,5,Graduate,0,5900000,13400000,72,0,6900000,Approved
6683,3,Graduate,0,7200000,17700000,48,0,5300000,Rejected
6684,5,Graduate,1,6400000,23900000,72,0,4300000,Rejected
6685,2,Graduate,0,5400000,20600000,216,0,5500000,Rejected
6686,2,Graduate,1,8600000,32500000,48,0,6900000,Rejected
6687,4,Not Graduate,0,5500000,20200000,168,0,7200000,Rejected
6688,3,Not Graduate,1,4100000,13900000,240,0,3800000,Rejected
6689,5,Graduate,1,2400000,6900000,240,0,2400000,Rejected
6690,2,Graduate,0,2700000,10300000,120,0,3300000,Rejected
6691,5,Graduate,1,4800000,16300000,48,0,2800000,Rejected
6692,0,Graduate,1,5300000,20200000,24,0,6200000,Rejected
6693,2,Not Graduate,0,3500000,14000000,24,0,2900000,Rejected
6694,5,Graduate,1,1900000,6700000,24,0,1700000,Rejected
6695,0,Not Graduate,1,4100000,12800000,96,0,2700000,Rejected
6696,4,Graduate,1,7000000,27100000,144,0,9500000,Rejected
6697,5,Graduate,0,9400000,25800000,168,0,11100000,Rejected
6698,3,Not Graduate,0,2600000,8100000,144,0,2200000,Rejected
6699,2,Not Graduate,1,7400000,28200000,96,0,5200000,Rejected
6700,5,Not Graduate,1,6900000,15700000,168,0,4500000,Rejected
6701,0,Graduate,1,200000,600000,96,0,200000,Rejected
6702,1,Not Graduate,0,4100000,12200000,72,0,3500000,Rejected
6703,1,Not Graduate,0,1600000,5600000,72,0,1200000,Rejected
6704,1,Not Graduate,1,2300000,6400000,96,0,3000000,Rejected
6705,1,Graduate,0,4100000,9100000,240,0,4800000,Approved
6706,5,Not Graduate,0,4400000,14900000,48,0,3500000,Rejected
6707,4,Not Graduate,1,9200000,29100000,120,0,5000000,Rejected
6708,4,Not Graduate,1,6400000,21300000,240,0,8000000,Rejected
6709,2,Not Graduate,1,1700000,3500000,240,0,1700000,Rejected
6710,4,Graduate,0,600000,1800000,72,0,800000,Rejected
6711,3,Graduate,1,1800000,5100000,96,0,2000000,Rejected
6712,2,Not Graduate,1,3700000,13900000,24,0,5500000,Rejected
6713,3,Not Graduate,0,1200000,4500000,72,0,900000,Rejected
6714,5,Graduate,0,9200000,34800000,144,0,12500000,Rejected
6715,3,Not Graduate,1,8200000,20600000,120,0,6100000,Rejected
6716,1,Graduate,1,7000000,16000000,48,0,7900000,Rejected
6717,5,Not Graduate,1,9700000,29100000,216,0,12400000,Rejected
6718,5,Not Graduate,0,5100000,13500000,240,0,4500000,Rejected
6719,5,Not Graduate,0,9600000,27100000,96,0,13300000,Rejected
6720,0,Graduate,1,6600000,21200000,216,0,9500000,Rejected
6721,2,Not Graduate,1,3800000,8900000,192,0,2200000,Rejected
6722,2,Not Graduate,0,1700000,4200000,168,0,1600000,Rejected
6723,0,Not Graduate,0,2100000,5900000,168,0,1000000,Rejected
6724,5,Not Graduate,1,200000,300000,96,0,100000,Rejected
6725,3,Not Graduate,0,8100000,21600000,48,0,9900000,Rejected
6726,3,Not Graduate,0,3200000,10000000,216,0,2100000,Rejected
6727,1,Not Graduate,0,1400000,4400000,168,0,800000,Rejected
6728,3,Graduate,0,4000000,12800000,216,0,4200000,Rejected
6729,3,Not Graduate,1,7700000,29300000,120,0,4200000,Rejected
6730,4,Graduate,1,7200000,26000000,72,0,4200000,Rejected
6731,0,Not Graduate,1,8600000,32600000,96,0,11000000,Rejected
6732,2,Graduate,1,3900000,9700000,96,0,5100000,Approved
6733,5,Not Graduate,0,4200000,13400000,192,0,3500000,Rejected
6734,5,Not Graduate,1,9400000,35300000,192,0,12900000,Rejected
6735,5,Graduate,1,4400000,14100000,120,0,2600000,Rejected
6736,1,Not Graduate,0,5300000,17800000,144,0,6800000,Rejected
6737,5,Graduate,0,7100000,18200000,96,0,5300000,Rejected
6738,3,Graduate,1,4100000,14600000,192,0,3000000,Rejected
6739,0,Graduate,1,7500000,16600000,168,0,10300000,Approved
6740,4,Not Graduate,0,3200000,10600000,192,0,1800000,Rejected
6741,4,Graduate,1,9200000,29400000,168,0,10100000,Rejected
6742,0,Graduate,0,300000,500000,216,0,100000,Rejected
6743,3,Graduate,0,6900000,22800000,192,0,4400000,Rejected
6744,2,Graduate,0,5200000,17200000,144,0,6300000,Rejected
6745,5,Not Graduate,0,1400000,3000000,72,0,1400000,Rejected
6746,3,Graduate,1,7600000,30000000,120,0,11100000,Rejected
6747,0,Not Graduate,1,3200000,11600000,48,0,3100000,Rejected
6748,1,Not Graduate,0,300000,1200000,48,0,200000,Rejected
6749,3,Graduate,0,4300000,8600000,96,0,5500000,Approved
6750,1,Not Graduate,1,8300000,28400000,192,0,11400000,Rejected
6751,2,Not Graduate,1,3600000,12800000,216,0,4100000,Rejected
6752,3,Not Graduate,1,3200000,7200000,72,0,4600000,Approved
6753,4,Not Graduate,1,1300000,3400000,24,0,1400000,Rejected
6754,1,Not Graduate,0,5700000,19100000,144,0,4500000,Rejected
6755,2,Not Graduate,1,2800000,7000000,24,0,1300000,Rejected
6756,4,Not Graduate,0,6400000,14800000,72,0,6500000,Rejected
6757,0,Graduate,1,7600000,18100000,192,0,10600000,Approved
6758,5,Graduate,1,6900000,18600000,216,0,4200000,Rejected
6759,2,Graduate,1,6300000,24600000,96,0,6900000,Rejected
6760,4,Not Graduate,0,1300000,4100000,216,0,600000,Rejected
6761,1,Graduate,1,6600000,20700000,48,0,8900000,Rejected
6762,1,Not Graduate,0,8800000,30200000,216,0,11100000,Rejected
6763,3,Not Graduate,0,1800000,5700000,24,0,2300000,Rejected
6764,5,Graduate,0,8900000,35500000,192,0,4900000,Rejected
6765,0,Not Graduate,0,2900000,9500000,216,0,3500000,Rejected
6766,4,Not Graduate,1,3700000,11900000,216,0,4700000,Rejected
6767,0,Graduate,0,2900000,9800000,192,0,2400000,Rejected
6768,0,Not Graduate,0,5100000,13400000,192,0,3900000,Rejected
6769,0,Graduate,0,7500000,25100000,168,0,10700000,Rejected
6770,5,Not Graduate,Farmer,221958,21500000,48,557,11427148,Rejected
6771,5,Graduate,Farmer,771155,3000000,48,896,5876872,Approved
6772,2,Graduate,Farmer,231932,19300000,96,735,18498600,Rejected
6773,3,Not Graduate,Farmer,465838,20600000,240,434,16099203,Rejected
6774,4,Not Graduate,Farmer,359178,3200000,120,858,9908385,Approved
6775,2,Graduate,Farmer,744167,15000000,216,470,17320131,Rejected
6776,0,Graduate,Farmer,210268,5400000,72,463,16165029,Approved
6777,4,Not Graduate,Farmer,832180,3400000,168,835,3887698,Rejected
6778,4,Not Graduate,Farmer,154886,4300000,192,447,14565381,Approved
6779,3,Graduate,Farmer,237337,18200000,168,302,13619233,Rejected
6780,2,Graduate,Farmer,621430,15800000,72,710,13417420,Rejected
6781,1,Not Graduate,Farmer,187498,16900000,144,779,5031464,Rejected
6782,4,Graduate,Farmer,999159,8400000,96,717,8357804,Rejected
6783,4,Not Graduate,Farmer,275203,2100000,72,353,3887296,Approved
6784,3,Graduate,Farmer,291335,13300000,48,589,13977495,Rejected
6785,4,Graduate,Farmer,378167,16600000,192,805,3736582,Rejected
6786,4,Not Graduate,Farmer,141090,19400000,72,346,2100500,Rejected
6787,3,Not Graduate,Farmer,429365,5100000,72,352,19353806,Approved
6788,2,Graduate,Farmer,164820,19300000,96,735,2961977,Rejected
6789,2,Not Graduate,Farmer,887201,27300000,192,758,5032654,Rejected
6790,5,Graduate,Farmer,421879,4000000,216,529,1664468,Rejected
6791,1,Graduate,Farmer,818315,26000000,192,727,7978140,Rejected
6792,0,Graduate,Farmer,427069,10300000,120,506,15521816,Approved
6793,4,Graduate,Farmer,876997,14500000,120,349,12748768,Rejected
6794,3,Not Graduate,Farmer,299041,2400000,144,480,14611312,Approved
6795,2,Not Graduate,Farmer,891743,30200000,168,769,4037099,Rejected
6796,4,Graduate,Farmer,203355,7800000,240,633,13384217,Approved
6797,5,Graduate,Farmer,335796,20700000,240,482,5828426,Rejected
6798,5,Not Graduate,Farmer,314176,2800000,120,647,9100706,Approved
6799,1,Not Graduate,Farmer,284779,11200000,24,370,19820039,Approved
6800,4,Graduate,Farmer,447449,31200000,72,482,18825389,Rejected
6801,2,Graduate,Farmer,521909,19700000,168,885,9379341,Rejected
6802,0,Not Graduate,Farmer,358795,10800000,192,399,10890633,Rejected
6803,4,Graduate,Farmer,586232,4100000,96,777,7579137,Approved
6804,1,Graduate,Farmer,600186,23300000,144,672,11980269,Rejected
6805,1,Graduate,Farmer,256730,5400000,144,707,2912584,Rejected
6806,0,Graduate,Farmer,970910,19200000,240,708,15178388,Rejected
6807,2,Not Graduate,Farmer,484681,33300000,192,375,18002265,Rejected
6808,5,Not Graduate,Farmer,249503,27100000,48,643,15846767,Rejected
6809,1,Not Graduate,Farmer,754811,3500000,216,395,15677441,Approved
6810,4,Graduate,Farmer,627035,14500000,120,349,12250117,Rejected
6811,5,Not Graduate,Farmer,748143,11500000,192,668,1747419,Rejected
6812,5,Graduate,Farmer,552366,3200000,240,592,10468532,Approved
6813,5,Not Graduate,Farmer,165725,6500000,240,513,6438684,Rejected
6814,4,Not Graduate,Farmer,229981,23400000,72,400,3380932,Rejected
6815,0,Not Graduate,Farmer,184654,19800000,144,658,2654753,Rejected
6816,3,Graduate,Farmer,691723,2400000,120,489,14685039,Approved
6817,1,Not Graduate,Farmer,419030,11500000,240,431,9793380,Rejected
6818,3,Not Graduate,Farmer,428947,18000000,72,510,17673742,Rejected
6819,4,Graduate,Farmer,655839,10800000,240,495,11104107,Rejected
6820,3,Not Graduate,Farmer,373538,12400000,24,730,1571107,Rejected
6821,5,Not Graduate,Farmer,431236,22200000,240,819,17064554,Rejected
6822,0,Not Graduate,Farmer,628178,6900000,48,404,11905942,Approved
6823,5,Graduate,Farmer,665894,4900000,72,618,3086213,Rejected
6824,5,Not Graduate,Farmer,589492,2700000,48,889,11302330,Approved
6825,2,Not Graduate,Farmer,356840,31600000,192,892,12199468,Rejected
6826,1,Not Graduate,Farmer,573254,6800000,120,541,9937492,Rejected
6827,2,Graduate,Farmer,449457,30100000,192,636,2999254,Rejected
6828,2,Graduate,Farmer,765987,25800000,216,598,6044842,Rejected
6829,5,Graduate,Farmer,370936,18300000,48,402,5156532,Rejected
6830,4,Graduate,Farmer,339931,30100000,48,431,7592910,Rejected
6831,0,Not Graduate,Farmer,339629,6500000,24,691,6561112,Rejected
6832,5,Not Graduate,Farmer,305041,23600000,168,854,8909699,Rejected
6833,1,Graduate,Farmer,798361,8100000,120,626,12255948,Approved
6834,2,Not Graduate,Farmer,831912,4500000,216,591,1258517,Rejected
6835,3,Not Graduate,Farmer,517113,20300000,48,872,10745741,Rejected
6836,3,Graduate,Farmer,168148,31100000,192,760,7428540,Rejected
6837,3,Graduate,Farmer,877089,4100000,144,830,1705475,Rejected
6838,5,Graduate,Farmer,748531,15800000,48,701,16560243,Rejected
6839,1,Graduate,Farmer,351995,29300000,168,690,12177498,Rejected
6840,3,Graduate,Farmer,778843,34300000,216,523,5338843,Rejected
6841,0,Graduate,Farmer,672843,5000000,96,686,1424226,Rejected
6842,4,Not Graduate,Farmer,356508,7000000,48,351,13056199,Approved
6843,1,Not Graduate,Farmer,903591,5400000,192,641,16843433,Approved
6844,4,Not Graduate,Farmer,996942,1500000,72,461,5117923,Approved
6845,5,Not Graduate,Farmer,206530,18500000,48,891,7303745,Rejected
6846,1,Graduate,Farmer,704365,4700000,24,667,1698956,Rejected
6847,3,Not Graduate,Farmer,922352,2500000,96,321,13290137,Approved
6848,0,Not Graduate,Farmer,560337,3000000,48,827,7278602,Approved
6849,2,Not Graduate,Farmer,824839,7300000,24,776,7143326,Rejected
6850,5,Not Graduate,Farmer,905889,16400000,72,360,1175211,Rejected
6851,3,Not Graduate,Farmer,559773,14500000,144,306,8519817,Rejected
6852,0,Graduate,Farmer,308261,6800000,144,349,13481574,Approved
6853,1,Graduate,Farmer,864469,26000000,192,727,8412620,Rejected
6854,1,Not Graduate,Farmer,441097,3800000,96,779,19660592,Approved
6855,3,Not Graduate,Farmer,415139,1600000,240,705,16848375,Approved
6856,3,Not Graduate,Farmer,271829,29500000,240,661,9544291,Rejected
6857,5,Graduate,Farmer,371836,14400000,192,884,12392083,Rejected
6858,4,Graduate,Farmer,538974,8400000,216,802,5730741,Rejected
6859,2,Graduate,Farmer,302283,18500000,240,605,6605126,Rejected
6860,3,Not Graduate,Farmer,296769,29300000,96,843,14952821,Rejected
6861,5,Graduate,Farmer,661353,27900000,48,870,15394752,Rejected
6862,5,Graduate,Farmer,323165,800000,216,774,19683255,Approved
6863,2,Graduate,Farmer,723587,15800000,72,710,14149868,Rejected
6864,0,Graduate,Farmer,635822,24500000,120,600,2455465,Rejected
6865,2,Graduate,Farmer,587879,15100000,216,330,13581422,Rejected
6866,3,Not Graduate,Farmer,664685,29300000,24,508,12098252,Rejected
6867,4,Graduate,Farmer,882038,16500000,96,426,1211830,Rejected
6868,5,Graduate,Farmer,453531,18800000,48,639,6987029,Rejected
6869,1,Graduate,Farmer,363160,2000000,120,326,7516616,Approved
6870,0,Not Graduate,Farmer,679879,20100000,192,606,5755976,Rejected
6871,5,Not Graduate,Farmer,320884,10100000,72,828,7897673,Rejected
6872,4,Graduate,Farmer,123247,14700000,24,496,13448727,Rejected
6873,4,Not Graduate,Farmer,124300,23500000,24,485,7002296,Rejected
6874,2,Not Graduate,Farmer,567281,6800000,144,795,17852604,Approved
6875,3,Not Graduate,Farmer,707086,21600000,48,740,7810183,Rejected
6876,3,Not Graduate,Farmer,633556,24200000,96,879,19552983,Rejected
6877,5,Graduate,Farmer,448951,5600000,96,642,8983823,Approved
6878,4,Not Graduate,Farmer,374329,15900000,120,668,9373296,Rejected
6879,0,Graduate,Farmer,819064,20900000,216,568,11718361,Rejected
6880,2,Graduate,Farmer,842139,3300000,48,763,6877809,Approved
6881,1,Graduate,Farmer,532315,31200000,48,508,10886226,Rejected
6882,2,Graduate,Farmer,616588,17200000,72,832,9002619,Rejected
6883,0,Graduate,Farmer,336584,7800000,96,437,15978249,Approved
6884,3,Graduate,Farmer,662332,14300000,168,439,8667857,Rejected
6885,4,Graduate,Farmer,937646,15300000,168,573,5428690,Rejected
6886,0,Graduate,Farmer,476896,27800000,192,640,6439433,Rejected
6887,0,Not Graduate,Farmer,148984,29800000,96,343,9889782,Rejected
6888,2,Graduate,Farmer,402918,22300000,144,555,3881777,Rejected
6889,2,Graduate,Farmer,364712,16200000,144,890,17972462,Rejected
6890,0,Not Graduate,Farmer,220151,2400000,24,716,4696176,Approved
6891,1,Graduate,Farmer,555808,21400000,96,350,11732002,Rejected
6892,3,Graduate,Farmer,233767,33700000,144,397,9899691,Rejected
6893,3,Graduate,Farmer,748663,17400000,120,393,15697697,Rejected
6894,0,Graduate,Farmer,803550,10000000,168,709,18789600,Approved
6895,5,Graduate,Farmer,236330,9100000,216,697,18644180,Approved
6896,2,Not Graduate,Farmer,580754,21800000,48,407,9437712,Rejected
6897,0,Graduate,Farmer,401648,3200000,120,854,1863663,Rejected
6898,4,Graduate,Farmer,788519,2300000,192,543,6783182,Approved
6899,1,Not Graduate,Farmer,113986,27800000,72,447,16821218,Rejected
6900,3,Graduate,Farmer,686146,12700000,120,465,14147590,Rejected
6901,0,Graduate,Farmer,229312,15000000,24,900,2206861,Rejected
6902,0,Graduate,Farmer,112666,19300000,72,783,4119612,Rejected
6903,4,Not Graduate,Farmer,400804,9400000,168,780,17179640,Approved
6904,1,Not Graduate,Farmer,234633,33800000,216,558,5936600,Rejected
6905,1,Not Graduate,Farmer,388998,4800000,72,344,15648065,Approved
6906,1,Graduate,Farmer,950937,13000000,144,862,5736319,Rejected
6907,5,Not Graduate,Farmer,728776,17300000,192,493,16578914,Rejected
6908,5,Graduate,Farmer,807611,12300000,24,686,15160134,Rejected
6909,0,Not Graduate,Farmer,384806,24300000,120,599,18034897,Rejected
6910,2,Not Graduate,Farmer,894824,17900000,240,734,3054780,Rejected
6911,0,Graduate,Farmer,130535,8400000,120,361,1842186,Rejected
6912,2,Not Graduate,Farmer,475713,8800000,72,512,15578363,Approved
6913,5,Graduate,Farmer,938688,10600000,192,496,11939922,Rejected
6914,4,Not Graduate,Farmer,451279,3400000,168,835,8116355,Approved
6915,3,Graduate,Farmer,921654,9000000,72,483,6538917,Rejected
6916,2,Graduate,Farmer,701661,16900000,192,472,2124905,Rejected
6917,5,Not Graduate,Farmer,747972,29900000,72,568,4105958,Rejected
6918,2,Not Graduate,Farmer,589570,15800000,240,860,6559277,Rejected
6919,4,Graduate,Farmer,556551,15600000,144,470,16315296,Rejected
6920,3,Not Graduate,Farmer,373109,17900000,144,897,9593059,Rejected
6921,1,Not Graduate,Farmer,124538,9700000,240,830,19757506,Approved
6922,4,Not Graduate,Farmer,994498,3300000,120,649,12812936,Approved
6923,1,Graduate,Farmer,301664,22500000,216,403,14138567,Rejected
6924,1,Not Graduate,Farmer,591234,1400000,72,464,1403322,Rejected
6925,5,Graduate,Farmer,999684,32400000,24,897,15748072,Rejected
6926,2,Not Graduate,Farmer,239182,23100000,48,519,15752304,Rejected
6927,5,Graduate,Farmer,572525,13200000,192,321,17055099,Rejected
6928,3,Graduate,Farmer,258338,12800000,192,346,15952964,Rejected
6929,2,Not Graduate,Farmer,284064,19900000,120,829,5077716,Rejected
6930,3,Graduate,Farmer,314020,8900000,72,896,11479153,Rejected
6931,4,Graduate,Farmer,723094,21200000,240,359,2908802,Rejected
6932,4,Graduate,Farmer,997421,18900000,72,475,8334901,Rejected
6933,5,Graduate,Farmer,715270,17500000,48,380,19325291,Rejected
6934,5,Not Graduate,Farmer,745914,8100000,48,409,18271164,Approved
6935,2,Not Graduate,Farmer,219176,10700000,24,753,17035897,Approved
6936,1,Graduate,Farmer,318126,19100000,72,341,13132693,Rejected
6937,1,Not Graduate,Farmer,318969,10500000,240,454,9383190,Rejected
6938,0,Not Graduate,Farmer,222409,2300000,192,739,15931115,Approved
6939,5,Graduate,Farmer,647707,11800000,240,634,16329893,Rejected
6940,4,Graduate,Farmer,353618,11400000,240,867,14296848,Rejected
6941,2,Not Graduate,Farmer,869598,1100000,96,885,15143266,Approved
6942,3,Graduate,Farmer,150015,10900000,144,856,18557857,Approved
6943,2,Not Graduate,Farmer,872838,5300000,240,761,5466134,Rejected
6944,2,Graduate,Farmer,222096,12900000,168,857,19331421,Rejected
6945,3,Not Graduate,Farmer,731347,24400000,240,490,11093205,Rejected
6946,1,Graduate,Farmer,285340,18800000,72,798,13154297,Rejected
6947,5,Not Graduate,Farmer,210687,18300000,96,697,4127748,Rejected
6948,4,Graduate,Farmer,974371,11400000,240,867,15722892,Rejected
6949,0,Graduate,Farmer,511357,5500000,72,393,10223644,Approved
6950,0,Not Graduate,Farmer,835716,12600000,192,574,11758430,Rejected
6951,4,Not Graduate,Farmer,205878,2800000,144,453,14863529,Approved
6952,5,Not Graduate,Farmer,827270,600000,48,418,13569021,Approved
6953,4,Not Graduate,Farmer,298286,20000000,96,666,4496605,Rejected
6954,2,Graduate,Farmer,873290,4700000,96,792,7416438,Approved
6955,5,Graduate,Farmer,874684,17700000,72,482,6311499,Rejected
6956,5,Not Graduate,Farmer,264899,8700000,168,772,17413328,Approved
6957,0,Graduate,Farmer,424767,9700000,240,551,18085839,Approved
6958,2,Graduate,Farmer,961882,25300000,48,827,4647371,Rejected
6959,5,Graduate,Farmer,979858,4100000,168,880,2147116,Rejected
6960,3,Not Graduate,Farmer,479989,20300000,48,872,12345174,Rejected
6961,5,Not Graduate,Farmer,515515,30000000,168,549,4772763,Rejected
6962,5,Graduate,Farmer,143585,9800000,96,559,18087591,Approved
6963,2,Graduate,Farmer,471369,16000000,168,623,19903669,Rejected
6964,4,Graduate,Farmer,164044,7400000,240,596,2271300,Rejected
6965,2,Not Graduate,Farmer,542296,14000000,24,355,13048339,Rejected
6966,4,Graduate,Farmer,209556,28900000,72,637,13776695,Rejected
6967,3,Graduate,Farmer,626981,3500000,192,365,4842411,Rejected
6968,4,Graduate,Farmer,981691,9900000,192,356,7310208,Rejected
6969,4,Graduate,Farmer,867595,11100000,192,857,14687761,Rejected
6970,0,Not Graduate,Farmer,300235,23600000,24,361,12654304,Rejected
6971,5,Not Graduate,Farmer,125939,14700000,216,462,4341861,Rejected
6972,1,Graduate,Farmer,252906,15000000,144,794,14116915,Rejected
6973,5,Graduate,Farmer,642335,16000000,168,444,3615804,Rejected
6974,2,Graduate,Farmer,388249,17200000,144,565,2982243,Rejected
6975,0,Not Graduate,Farmer,175766,9900000,144,641,4413654,Rejected
6976,5,Not Graduate,Farmer,508923,3100000,192,826,4270209,Rejected
6977,5,Not Graduate,Farmer,515192,7400000,168,799,8323988,Rejected
6978,2,Not Graduate,Farmer,668550,33000000,168,874,12045633,Rejected
6979,3,Not Graduate,Farmer,487261,600000,72,896,9210880,Approved
6980,0,Not Graduate,Farmer,910208,19000000,144,333,4594058,Rejected
6981,5,Not Graduate,Farmer,785440,23900000,24,507,9117654,Rejected
6982,0,Not Graduate,Farmer,752664,10900000,216,707,1233782,Rejected
6983,3,Graduate,Farmer,554589,9900000,120,316,19360462,Approved
6984,3,Graduate,Farmer,237848,30200000,96,607,18503547,Rejected
6985,4,Not Graduate,Farmer,717075,30100000,24,747,2794291,Rejected
6986,5,Not Graduate,Farmer,227948,2800000,24,561,5952075,Approved
6987,4,Graduate,Farmer,679304,1800000,96,874,4898606,Approved
6988,0,Not Graduate,Farmer,502690,10600000,240,512,3878117,Rejected
6989,0,Not Graduate,Farmer,599046,6300000,192,811,13670380,Approved
6990,0,Not Graduate,Farmer,551269,8200000,48,554,11431645,Rejected
6991,5,Graduate,Farmer,121959,6100000,96,663,13774615,Approved
6992,2,Graduate,Farmer,760890,8200000,120,429,6287913,Rejected
6993,3,Not Graduate,Farmer,850216,29300000,120,359,4733149,Rejected
6994,2,Not Graduate,Farmer,890180,10600000,240,488,12476429,Rejected
6995,5,Not Graduate,Farmer,328576,2200000,168,574,6316741,Approved
6996,1,Not Graduate,Farmer,637833,4400000,48,364,3804802,Rejected
6997,0,Not Graduate,Farmer,265838,7600000,96,320,5157263,Rejected
6998,3,Graduate,Farmer,435674,6300000,120,783,5488198,Rejected
6999,4,Not Graduate,Farmer,979989,13900000,96,479,13001352,Rejected
7000,0,Not Graduate,Farmer,161087,19900000,144,867,10515406,Rejected
7001,4,Not Graduate,Farmer,693128,17900000,240,846,8084609,Rejected
7002,1,Graduate,Farmer,218451,18500000,96,712,11091985,Rejected
7003,5,Graduate,Farmer,547600,400000,72,722,19029773,Approved
7004,3,Not Graduate,Farmer,937437,20900000,216,470,12720657,Rejected
7005,4,Graduate,Farmer,539792,13600000,48,401,2490687,Rejected
7006,4,Graduate,Farmer,139353,19400000,240,798,14070601,Rejected
7007,4,Graduate,Farmer,293075,12500000,96,678,10311768,Rejected
7008,2,Graduate,Farmer,314283,11100000,240,823,12991292,Rejected
7009,1,Graduate,Farmer,414877,29200000,24,663,12336501,Rejected
7010,2,Graduate,Farmer,165318,2400000,72,454,6272864,Approved
7011,5,Not Graduate,Farmer,865313,13700000,24,468,4788963,Rejected
7012,1,Not Graduate,Farmer,582690,7400000,72,469,12540237,Approved
7013,3,Not Graduate,Farmer,516880,500000,24,477,6185773,Approved
7014,4,Graduate,Farmer,691460,7000000,168,743,13728700,Approved
7015,4,Graduate,Farmer,840976,24900000,168,455,12021186,Rejected
7016,0,Graduate,Farmer,881239,14100000,24,349,1968616,Rejected
7017,4,Not Graduate,Farmer,193264,19200000,216,682,10639564,Rejected
7018,3,Graduate,Farmer,870746,27900000,144,473,2490036,Rejected
7019,0,Not Graduate,Farmer,913168,17300000,96,583,8179156,Rejected
7020,1,Graduate,Farmer,325281,18500000,96,712,11197985,Rejected
7021,3,Graduate,Farmer,737147,28700000,48,447,11109464,Rejected
7022,4,Graduate,Farmer,998613,26100000,192,623,10352771,Rejected
7023,2,Not Graduate,Farmer,494070,10000000,144,516,8904428,Rejected
7024,1,Graduate,Farmer,452228,34000000,192,663,12401147,Rejected
7025,1,Graduate,Farmer,531839,1800000,96,799,15113803,Approved
7026,0,Not Graduate,Farmer,369536,16900000,96,773,13070495,Rejected
7027,3,Graduate,Farmer,417824,26700000,120,895,3322523,Rejected
7028,2,Not Graduate,Farmer,357426,30200000,168,769,5746771,Rejected
7029,3,Not Graduate,Farmer,277789,20500000,144,796,9640145,Rejected
7030,1,Graduate,Farmer,613153,16700000,144,721,19533340,Rejected
7031,3,Not Graduate,Farmer,842452,19000000,48,575,18618747,Rejected
7032,5,Graduate,Farmer,937291,19400000,72,510,1864645,Rejected
7033,0,Graduate,Farmer,225657,8100000,72,683,2428127,Rejected
7034,2,Graduate,Farmer,335167,13500000,48,846,9859690,Rejected
7035,2,Not Graduate,Farmer,781669,27200000,120,839,11309885,Rejected
7036,0,Graduate,Farmer,580671,7100000,120,498,5254849,Rejected
7037,5,Not Graduate,Farmer,819094,23400000,192,604,8574587,Rejected
7038,1,Not Graduate,Farmer,170467,1900000,144,868,16407570,Approved
7039,0,Not Graduate,Farmer,283734,24700000,168,438,16669534,Rejected
7040,3,Graduate,Farmer,722794,23900000,144,565,9336900,Rejected
7041,0,Not Graduate,Farmer,209751,22900000,192,302,19392993,Rejected
7042,2,Not Graduate,Farmer,481050,25900000,216,647,4512664,Rejected
7043,0,Graduate,Farmer,911774,8400000,72,744,15930561,Approved
7044,1,Not Graduate,Farmer,792517,6300000,240,867,1973181,Rejected
7045,2,Graduate,Farmer,561079,12200000,216,353,12505418,Rejected
7046,5,Not Graduate,Farmer,468452,14000000,168,418,19268849,Rejected
7047,0,Graduate,Farmer,206081,12300000,192,831,14284604,Rejected
7048,0,Not Graduate,Farmer,713333,24600000,72,542,10922462,Rejected
7049,5,Graduate,Farmer,658986,18600000,24,538,3061774,Rejected
7050,0,Not Graduate,Farmer,210078,27700000,72,372,3790358,Rejected
7051,1,Graduate,Farmer,967055,25500000,216,741,7976610,Rejected
7052,1,Graduate,Farmer,122671,1300000,168,619,19542740,Approved
7053,0,Not Graduate,Farmer,518400,14500000,144,441,19027848,Rejected
7054,0,Graduate,Farmer,455528,15200000,144,600,7210715,Rejected
7055,0,Not Graduate,Farmer,710490,6300000,144,647,18686927,Approved
7056,0,Not Graduate,Farmer,151663,14800000,120,390,4711584,Rejected
7057,5,Not Graduate,Farmer,115708,600000,48,418,7913283,Approved
7058,2,Graduate,Farmer,978338,1600000,48,663,2619715,Approved
7059,1,Not Graduate,Farmer,411955,26200000,96,811,11016295,Rejected
7060,1,Graduate,Farmer,233883,30600000,120,720,7314768,Rejected
7061,2,Not Graduate,Farmer,418394,16800000,24,504,9815995,Rejected
7062,0,Not Graduate,Farmer,212547,6500000,24,612,7726451,Rejected
7063,2,Not Graduate,Farmer,659042,21300000,240,658,9064220,Rejected
7064,2,Not Graduate,Farmer,851102,38200000,120,743,16478907,Rejected
7065,4,Graduate,Farmer,862002,25200000,24,308,19321829,Rejected
7066,5,Not Graduate,Farmer,242483,22100000,216,879,19074854,Rejected
7067,0,Graduate,Farmer,758271,10600000,48,389,14018596,Rejected
7068,2,Not Graduate,Farmer,314835,37600000,120,641,17285299,Rejected
7069,2,Graduate,Farmer,501896,17700000,48,402,12483618,Rejected
7070,0,Graduate,Farmer,184896,11300000,192,478,3456070,Rejected
7071,4,Not Graduate,Farmer,577095,20600000,192,449,9878234,Rejected
7072,0,Graduate,Farmer,171295,2800000,144,616,1288859,Rejected
7073,0,Not Graduate,Farmer,843974,28100000,120,673,19323452,Rejected
7074,0,Graduate,Farmer,987121,4900000,144,409,16805013,Approved
7075,1,Graduate,Farmer,373255,22500000,216,403,13390020,Rejected
7076,1,Not Graduate,Farmer,399648,30700000,72,708,14824509,Rejected
7077,5,Not Graduate,Farmer,757162,13700000,216,708,9982913,Rejected
7078,3,Graduate,Farmer,108155,15400000,96,362,5257341,Rejected
7079,3,Graduate,Farmer,566872,21300000,144,655,16321333,Rejected
7080,2,Not Graduate,Farmer,925816,9400000,96,874,6477093,Rejected
7081,2,Graduate,Farmer,474705,5700000,120,602,9592974,Approved
7082,2,Graduate,Farmer,671542,26700000,192,696,18279636,Rejected
7083,3,Graduate,Farmer,908350,20400000,72,754,11640009,Rejected
7084,4,Not Graduate,Farmer,710269,4100000,216,886,6529046,Approved
7085,5,Not Graduate,Farmer,654594,14100000,216,653,19456377,Rejected
7086,2,Graduate,Farmer,247718,32400000,24,543,10426807,Rejected
7087,3,Not Graduate,Farmer,408987,9800000,192,424,18438118,Approved
7088,4,Graduate,Farmer,745263,28500000,24,378,8562116,Rejected
7089,3,Graduate,Farmer,458745,8300000,96,531,19315328,Approved
7090,4,Not Graduate,Farmer,207512,30100000,24,747,14691916,Rejected
7091,2,Not Graduate,Farmer,247443,5000000,48,542,19503892,Approved
7092,4,Graduate,Farmer,570587,1200000,48,627,19463212,Approved
7093,2,Not Graduate,Farmer,473616,23100000,48,304,16220404,Rejected
7094,2,Not Graduate,Farmer,757409,16800000,72,796,10091044,Rejected
7095,4,Graduate,Farmer,786976,7600000,168,794,16336095,Approved
7096,1,Graduate,Farmer,465871,29200000,72,669,15942371,Rejected
7097,0,Not Graduate,Farmer,475037,30400000,24,776,19129360,Rejected
7098,5,Not Graduate,Farmer,907364,500000,96,396,2551330,Approved
7099,1,Graduate,Farmer,217796,400000,240,882,1971248,Approved
7100,0,Not Graduate,Farmer,391999,17000000,216,802,5657851,Rejected
7101,5,Graduate,Farmer,292506,20000000,144,594,6378750,Rejected
7102,2,Graduate,Farmer,798376,10600000,72,614,3607411,Rejected
7103,1,Not Graduate,Farmer,369544,20300000,168,845,2693439,Rejected
7104,1,Not Graduate,Farmer,480002,1000000,120,431,19608310,Approved
7105,0,Graduate,Farmer,798002,27100000,144,787,4437172,Rejected
7106,2,Not Graduate,Farmer,639439,8500000,72,323,17604953,Approved
7107,5,Graduate,Farmer,690978,23900000,72,406,10447933,Rejected
7108,1,Graduate,Farmer,628787,33900000,120,833,7919875,Rejected
7109,4,Not Graduate,Farmer,630583,23400000,72,400,19740787,Rejected
7110,2,Graduate,Farmer,488215,25400000,24,655,6542511,Rejected
7111,0,Not Graduate,Farmer,421184,25700000,120,666,13807931,Rejected
7112,3,Not Graduate,Farmer,898615,17900000,72,787,15058065,Rejected
7113,0,Not Graduate,Farmer,522515,27600000,24,437,4815144,Rejected
7114,2,Not Graduate,Farmer,768234,11000000,24,835,17541107,Approved
7115,0,Graduate,Farmer,478480,5200000,192,317,1817052,Rejected
7116,0,Graduate,Farmer,132711,12900000,192,355,8596585,Rejected
7117,0,Graduate,Farmer,891971,500000,24,885,17177172,Approved
7118,2,Not Graduate,Farmer,601157,13300000,168,313,14302313,Rejected
7119,1,Not Graduate,Farmer,284423,1600000,120,436,7269324,Approved
7120,1,Not Graduate,Farmer,616349,16900000,144,517,2428080,Rejected
7121,2,Graduate,Farmer,803714,11200000,72,442,10490536,Rejected
7122,3,Graduate,Farmer,757917,18100000,72,699,3521279,Rejected
7123,4,Not Graduate,Farmer,924792,12800000,96,638,11488951,Rejected
7124,5,Not Graduate,Farmer,837378,13700000,192,531,13485000,Rejected
7125,5,Not Graduate,Farmer,233272,17400000,24,523,3726016,Rejected
7126,2,Not Graduate,Farmer,867836,3200000,48,810,19021505,Approved
7127,1,Not Graduate,Farmer,802335,12100000,48,884,1442939,Rejected
7128,4,Not Graduate,Farmer,907789,23200000,168,738,3711793,Rejected
7129,4,Graduate,Farmer,743409,25200000,216,790,14135871,Rejected
7130,4,Graduate,Farmer,177505,10400000,144,727,15278587,Rejected
7131,3,Graduate,Farmer,102869,7100000,72,415,3319124,Rejected
7132,2,Graduate,Farmer,881474,7300000,168,504,19850506,Approved
7133,0,Not Graduate,Farmer,554351,24600000,72,542,15021366,Rejected
7134,2,Graduate,Farmer,412252,16700000,72,555,14331233,Rejected
7135,4,Not Graduate,Farmer,736584,24600000,192,419,16188743,Rejected
7136,4,Not Graduate,Farmer,718467,800000,120,859,17566471,Approved
7137,4,Not Graduate,Farmer,190272,8600000,24,461,2727408,Rejected
7138,3,Graduate,Farmer,138467,14400000,120,408,18832891,Rejected
7139,3,Not Graduate,Farmer,909760,35500000,24,715,12952983,Rejected
7140,0,Graduate,Farmer,977844,10600000,240,653,8436754,Rejected
7141,2,Not Graduate,Farmer,580047,7100000,48,819,18742404,Approved
7142,1,Graduate,Farmer,759347,6400000,120,452,14137311,Approved
7143,0,Graduate,Farmer,158871,6900000,120,853,17751531,Approved
7144,5,Graduate,Farmer,228391,20700000,24,538,19938304,Rejected
7145,3,Not Graduate,Farmer,539430,17100000,48,694,3320484,Rejected
7146,0,Not Graduate,Farmer,710704,6500000,24,612,5105223,Rejected
7147,1,Graduate,Farmer,956703,8400000,240,608,12211596,Rejected
7148,1,Not Graduate,Farmer,930496,16600000,216,385,18264726,Rejected
7149,0,Graduate,Farmer,356687,7800000,96,367,12963776,Approved
7150,3,Graduate,Farmer,825451,4100000,144,830,8609964,Approved
7151,5,Not Graduate,Farmer,207450,18600000,240,703,5055447,Rejected
7152,3,Graduate,Farmer,271890,20500000,72,645,17342498,Rejected
7153,0,Not Graduate,Farmer,538741,32000000,24,500,19451095,Rejected
7154,0,Not Graduate,Farmer,381974,16800000,120,599,19557968,Rejected
7155,2,Graduate,Farmer,500109,12500000,48,622,15501508,Rejected
7156,5,Not Graduate,Farmer,216381,26300000,120,843,4293331,Rejected
7157,0,Not Graduate,Farmer,573125,12400000,24,608,14457684,Rejected
7158,1,Graduate,Farmer,671621,11700000,72,308,8253817,Rejected
7159,0,Graduate,Farmer,234508,17100000,96,353,5335518,Rejected
7160,0,Not Graduate,Farmer,829650,23600000,24,361,9589747,Rejected
7161,4,Not Graduate,Farmer,962645,1600000,72,784,6222798,Approved
7162,1,Not Graduate,Farmer,499111,22500000,168,469,12135474,Rejected
7163,1,Not Graduate,Farmer,250810,16600000,216,385,15082610,Rejected
7164,3,Not Graduate,Farmer,392890,17900000,72,787,10596394,Rejected
7165,4,Graduate,Farmer,673665,35900000,216,461,12772676,Rejected
7166,1,Graduate,Farmer,940477,14700000,96,894,18406301,Rejected
7167,0,Not Graduate,Farmer,460032,23600000,168,663,11348533,Rejected
7168,0,Not Graduate,Farmer,469599,2400000,192,825,11401929,Approved
7169,3,Graduate,Farmer,760960,10100000,240,704,18380319,Approved
7170,4,Not Graduate,Farmer,850020,4300000,96,598,2989968,Rejected
7171,1,Not Graduate,Farmer,979611,24000000,72,380,6303943,Rejected
7172,2,Not Graduate,Farmer,271836,18900000,216,478,16453951,Rejected
7173,0,Graduate,Farmer,829903,9900000,48,696,6497191,Rejected
7174,2,Not Graduate,Farmer,145714,1100000,96,885,15121422,Approved
7175,0,Not Graduate,Farmer,727234,18800000,192,551,12004849,Rejected
7176,3,Graduate,Farmer,996048,10800000,96,527,12232194,Rejected
7177,5,Graduate,Farmer,730271,27100000,48,320,19034224,Rejected
7178,3,Not Graduate,Farmer,566960,26000000,24,342,13458819,Rejected
7179,4,Graduate,Farmer,811851,15500000,96,392,6137997,Rejected
7180,4,Graduate,Farmer,224123,25000000,48,542,15084264,Rejected
7181,2,Not Graduate,Farmer,405628,17800000,240,549,8270518,Rejected
7182,0,Graduate,Farmer,182989,23300000,144,478,13406973,Rejected
7183,3,Not Graduate,Farmer,398356,31400000,72,674,9173321,Rejected
7184,2,Graduate,Farmer,929957,31200000,96,553,8899284,Rejected
7185,5,Graduate,Farmer,278274,32800000,48,773,2003171,Rejected
7186,4,Not Graduate,Farmer,787995,1000000,120,819,17147083,Approved
7187,5,Not Graduate,Farmer,425352,16200000,24,778,15636519,Rejected
7188,5,Graduate,Farmer,920260,14500000,168,664,2370485,Rejected
7189,3,Not Graduate,Farmer,511927,10500000,240,821,8045900,Rejected
7190,4,Not Graduate,Farmer,889852,26200000,48,518,19458292,Rejected
7191,0,Graduate,Farmer,983184,3200000,96,304,1981883,Rejected
7192,3,Graduate,Farmer,231373,3800000,96,840,2668321,Rejected
7193,1,Not Graduate,Farmer,538452,22200000,216,794,14296138,Rejected
7194,5,Not Graduate,Farmer,215294,13800000,120,636,11007310,Rejected
7195,2,Not Graduate,Farmer,559451,10700000,96,806,7154512,Rejected
7196,0,Not Graduate,Farmer,748307,14800000,240,510,6418952,Rejected
7197,1,Not Graduate,Farmer,165726,21100000,120,459,5264423,Rejected
7198,0,Not Graduate,Farmer,241564,14200000,24,512,11262330,Rejected
7199,4,Not Graduate,Farmer,477812,23400000,72,400,14816653,Rejected
7200,2,Graduate,Farmer,368246,16900000,144,754,9181883,Rejected
7201,1,Not Graduate,Farmer,805696,3500000,216,395,16309784,Approved
7202,2,Not Graduate,Farmer,218015,12400000,96,340,2519603,Rejected
7203,5,Not Graduate,Farmer,840674,13900000,72,530,19527956,Rejected
7204,1,Not Graduate,Farmer,354079,27800000,72,667,18640619,Rejected
7205,0,Not Graduate,Farmer,650929,5900000,144,900,10268511,Approved
7206,4,Graduate,Farmer,789944,2700000,216,703,17580018,Approved
7207,3,Graduate,Farmer,788105,11900000,96,612,18662637,Approved
7208,2,Graduate,Farmer,613758,8300000,72,596,1978836,Rejected
7209,0,Not Graduate,Farmer,465890,19100000,24,764,15804511,Rejected
7210,1,Not Graduate,Farmer,545101,3500000,216,395,19994397,Approved
7211,3,Not Graduate,Farmer,136631,800000,240,730,9568438,Approved
7212,4,Not Graduate,Farmer,866577,600000,120,404,19333734,Approved
7213,4,Not Graduate,Farmer,172991,15000000,144,459,12872752,Rejected
7214,4,Graduate,Farmer,104014,31400000,96,698,3659083,Rejected
7215,3,Graduate,Farmer,373237,20700000,48,816,10625105,Rejected
7216,5,Not Graduate,Farmer,118070,14500000,120,457,14994132,Rejected
7217,5,Not Graduate,Farmer,922209,15700000,168,887,10935869,Rejected
7218,4,Not Graduate,Farmer,156958,13400000,120,436,8880317,Rejected
7219,0,Graduate,Farmer,182074,22400000,216,873,9281447,Rejected
7220,3,Not Graduate,Farmer,635017,7700000,120,768,14424877,Approved
7221,2,Not Graduate,Farmer,855073,14500000,216,498,13927622,Rejected
7222,3,Graduate,Farmer,276089,22400000,72,488,4895958,Rejected
7223,4,Graduate,Farmer,297392,15800000,168,439,14689493,Rejected
7224,0,Not Graduate,Farmer,258823,12600000,120,448,2265898,Rejected
7225,1,Not Graduate,Farmer,730152,2600000,24,439,16918424,Approved
7226,2,Graduate,Farmer,493002,19300000,192,368,3120539,Rejected
7227,5,Graduate,Farmer,833429,3200000,120,803,18657628,Approved
7228,2,Not Graduate,Farmer,598863,10600000,96,588,6947148,Rejected
7229,4,Not Graduate,Farmer,467654,15800000,144,466,4231185,Rejected
7230,1,Graduate,Farmer,679036,8700000,240,539,19005553,Approved
7231,2,Graduate,Farmer,630089,14800000,72,410,12054686,Rejected
7232,4,Graduate,Farmer,250262,23400000,144,350,18262030,Rejected
7233,4,Graduate,Farmer,542905,19200000,48,655,10614742,Rejected
7234,0,Not Graduate,Farmer,335362,24800000,24,564,14635242,Rejected
7235,4,Graduate,Farmer,544209,12500000,96,678,2599908,Rejected
7236,0,Not Graduate,Farmer,653880,22600000,144,851,19941628,Rejected
7237,0,Not Graduate,Farmer,897079,4200000,72,836,6309792,Approved
7238,3,Not Graduate,Farmer,764076,16700000,240,420,3353847,Rejected
7239,4,Not Graduate,Farmer,319963,8200000,48,309,12018754,Rejected
7240,1,Graduate,Farmer,580761,23100000,240,741,3892478,Rejected
7241,2,Not Graduate,Farmer,348710,21200000,192,363,19761333,Rejected
7242,1,Graduate,Farmer,320984,30600000,120,720,11831890,Rejected
7243,3,Not Graduate,Farmer,997059,17600000,96,882,14451286,Rejected
7244,4,Graduate,Farmer,956748,8300000,120,318,6949852,Rejected
7245,5,Graduate,Farmer,882355,30100000,144,434,1029725,Rejected
7246,0,Graduate,Farmer,364512,5900000,120,650,15941550,Approved
7247,0,Not Graduate,Farmer,701863,6000000,168,393,10184536,Approved
7248,4,Not Graduate,Farmer,368799,9200000,216,442,15212223,Approved
7249,2,Not Graduate,Farmer,337549,10900000,72,647,18665252,Approved
7250,4,Not Graduate,Farmer,694319,10200000,144,333,17413806,Approved
7251,5,Graduate,Farmer,584299,21000000,96,465,3662761,Rejected
7252,3,Graduate,Farmer,712210,20500000,72,645,15408889,Rejected
7253,0,Not Graduate,Farmer,548982,6800000,240,796,7524559,Rejected
7254,0,Graduate,Farmer,224046,23000000,168,725,14128927,Rejected
7255,2,Graduate,Farmer,506619,6200000,192,696,14726569,Approved
7256,3,Not Graduate,Farmer,132097,3700000,96,725,6627745,Approved
7257,5,Not Graduate,Farmer,766326,8800000,120,769,4911146,Rejected
7258,5,Graduate,Farmer,749150,8700000,192,558,2707017,Rejected
7259,3,Graduate,Farmer,330229,8900000,72,896,1689556,Rejected
7260,3,Graduate,Farmer,218834,5800000,120,524,12245869,Approved
7261,5,Graduate,Farmer,193848,4300000,24,517,3253722,Rejected
7262,4,Graduate,Farmer,152921,34700000,48,771,2649729,Rejected
7263,0,Not Graduate,Farmer,805086,9600000,120,783,17415656,Approved
7264,3,Graduate,Farmer,750429,22100000,48,455,2116271,Rejected
7265,0,Graduate,Farmer,805660,29800000,144,736,11916876,Rejected
7266,2,Graduate,Farmer,384821,30800000,240,820,4099555,Rejected
7267,5,Graduate,Farmer,155609,30300000,72,867,19458857,Rejected
7268,5,Not Graduate,Farmer,327897,10000000,144,489,14650521,Rejected
7269,5,Graduate,Farmer,131024,21400000,144,399,18293625,Rejected
7270,4,Not Graduate,Farmer,170313,27500000,216,338,18443381,Rejected
7271,4,Not Graduate,Farmer,489957,4600000,72,524,16231184,Approved
7272,3,Not Graduate,Farmer,284078,27000000,96,746,14825997,Rejected
7273,5,Graduate,Farmer,457429,11800000,192,845,4710388,Rejected
7274,4,Not Graduate,Farmer,561243,4300000,192,447,4235192,Rejected
7275,3,Graduate,Farmer,213632,25600000,72,523,2935090,Rejected
7276,1,Not Graduate,Farmer,351451,18700000,240,586,4937270,Rejected
7277,0,Not Graduate,Farmer,103051,20700000,120,733,7739013,Rejected
7278,0,Graduate,Farmer,804107,23000000,168,725,8089975,Rejected
7279,3,Graduate,Farmer,476836,16400000,120,318,9805586,Rejected
7280,0,Graduate,Farmer,711523,4900000,144,409,18810532,Approved
7281,0,Not Graduate,Farmer,821772,17100000,96,303,5819075,Rejected
7282,3,Not Graduate,Farmer,289407,26900000,192,818,12009646,Rejected
7283,3,Graduate,Farmer,549395,17900000,24,580,15165372,Rejected
7284,1,Graduate,Farmer,562894,16800000,48,806,12768963,Rejected
7285,4,Graduate,Farmer,311810,8400000,216,802,15263315,Approved
7286,5,Not Graduate,Farmer,827975,17000000,96,300,15531095,Rejected
7287,3,Graduate,Farmer,173523,12800000,168,653,4868452,Rejected
7288,3,Not Graduate,Farmer,860463,18900000,48,742,9074037,Rejected
7289,1,Not Graduate,Farmer,194476,23700000,192,852,2312743,Rejected
7290,2,Graduate,Farmer,333841,34200000,24,456,14822356,Rejected
7291,4,Graduate,Farmer,903451,30400000,240,532,11315813,Rejected
7292,2,Not Graduate,Farmer,970045,11800000,240,701,13123053,Rejected
7293,4,Graduate,Farmer,322866,12500000,216,859,17881411,Rejected
7294,3,Graduate,Farmer,186672,26300000,144,481,8008443,Rejected
7295,1,Not Graduate,Farmer,698135,4400000,48,364,17705808,Approved
7296,4,Graduate,Farmer,444894,25700000,216,311,10727094,Rejected
7297,4,Not Graduate,Farmer,834994,29400000,96,592,19942467,Rejected
7298,1,Not Graduate,Farmer,128251,4700000,24,870,10866460,Approved
7299,4,Graduate,Farmer,727769,7200000,120,838,8303693,Rejected
7300,4,Graduate,Farmer,474710,25700000,216,311,11108631,Rejected
7301,0,Graduate,Farmer,650233,4900000,144,409,12058916,Approved
7302,4,Not Graduate,Farmer,977284,1100000,48,315,8983439,Approved
7303,5,Graduate,Farmer,132217,18600000,48,386,9268541,Rejected
7304,3,Graduate,Farmer,108308,11500000,144,535,10546263,Rejected
7305,0,Not Graduate,Farmer,368093,25500000,72,463,2294929,Rejected
7306,3,Graduate,Farmer,283062,14300000,168,439,3504594,Rejected
7307,3,Graduate,Farmer,494366,30700000,96,467,19020510,Rejected
7308,3,Graduate,Farmer,844840,17200000,96,870,8711634,Rejected
7309,4,Graduate,Farmer,200235,9900000,192,356,16797566,Approved
7310,3,Not Graduate,Farmer,174740,24900000,216,749,3414802,Rejected
7311,5,Not Graduate,Farmer,478496,22500000,240,784,17593301,Rejected
7312,1,Graduate,Farmer,953049,9900000,24,736,1443031,Rejected
7313,4,Not Graduate,Farmer,850201,1500000,240,340,17053323,Approved
7314,2,Graduate,Farmer,903328,7600000,192,429,16663645,Approved
7315,5,Not Graduate,Farmer,277247,3000000,72,754,8061183,Approved
7316,0,Not Graduate,Farmer,763165,24600000,72,542,12592111,Rejected
7317,3,Graduate,Farmer,629525,26100000,168,636,1290998,Rejected
7318,2,Graduate,Farmer,120056,28800000,96,890,5855920,Rejected
7319,5,Graduate,Farmer,276615,400000,72,722,19605238,Approved
7320,3,Not Graduate,Farmer,287628,21600000,168,678,7367712,Rejected
7321,2,Graduate,Farmer,738836,17700000,168,675,12437201,Rejected
7322,5,Graduate,Farmer,473632,2500000,168,885,19187070,Approved
7323,1,Graduate,Farmer,234415,11500000,168,848,8997043,Rejected
7324,2,Not Graduate,Farmer,506716,16800000,120,480,1181360,Rejected
7325,5,Graduate,Farmer,546438,3400000,72,697,6532410,Approved
7326,4,Graduate,Farmer,653663,21900000,72,437,5138286,Rejected
7327,4,Not Graduate,Farmer,765022,9400000,168,780,15713851,Approved
7328,2,Not Graduate,Farmer,641252,30200000,168,769,12031669,Rejected
7329,5,Not Graduate,Farmer,737717,31300000,144,378,9333100,Rejected
7330,2,Graduate,Farmer,352764,800000,120,752,7893728,Approved
7331,2,Graduate,Farmer,814998,9100000,216,593,15451971,Approved
7332,2,Graduate,Farmer,566882,20800000,216,778,18089171,Rejected
7333,5,Not Graduate,Farmer,840427,23000000,120,829,19904815,Rejected
7334,3,Graduate,Farmer,612153,20400000,96,483,5933594,Rejected
7335,2,Not Graduate,Farmer,167215,23900000,216,457,16697605,Rejected
7336,2,Not Graduate,Farmer,955474,14600000,240,597,17599117,Rejected
7337,0,Not Graduate,Farmer,244356,2300000,192,739,5382794,Approved
7338,3,Not Graduate,Farmer,303861,17500000,240,823,7699144,Rejected
7339,4,Graduate,Farmer,455612,12000000,48,719,8867791,Rejected
7340,5,Graduate,Farmer,554605,26200000,120,751,14099507,Rejected
7341,3,Not Graduate,Farmer,109435,11100000,72,312,13285500,Rejected
7342,1,Graduate,Farmer,547556,1200000,168,443,14246601,Approved
7343,3,Not Graduate,Farmer,799438,8500000,168,834,6289730,Rejected
7344,3,Graduate,Farmer,965264,4400000,24,861,12850700,Approved
7345,4,Graduate,Farmer,675581,17000000,144,607,4239536,Rejected
7346,0,Graduate,Farmer,178781,17700000,192,887,16341821,Rejected
7347,5,Not Graduate,Farmer,291475,15800000,192,301,3326133,Rejected
7348,3,Not Graduate,Farmer,260196,21000000,168,815,11128069,Rejected
7349,3,Graduate,Farmer,326507,16300000,120,366,11538832,Rejected
7350,1,Graduate,Farmer,406063,16900000,72,621,8948140,Rejected
7351,1,Not Graduate,Farmer,864121,2800000,192,726,6720626,Approved
7352,4,Not Graduate,Farmer,876665,24100000,120,677,14654772,Rejected
7353,0,Not Graduate,Farmer,790607,33600000,168,751,7221714,Rejected
7354,4,Graduate,Farmer,221172,1400000,48,507,7374825,Approved
7355,4,Not Graduate,Farmer,456902,18600000,240,312,6005858,Rejected
7356,4,Graduate,Farmer,584963,5500000,120,577,9221252,Approved
7357,4,Graduate,Farmer,555968,4300000,216,580,4415871,Rejected
7358,1,Not Graduate,Farmer,418717,18900000,192,361,19655187,Rejected
7359,1,Not Graduate,Farmer,159101,7600000,144,372,13429667,Approved
7360,0,Not Graduate,Farmer,595972,14800000,120,390,3866757,Rejected
7361,3,Graduate,Farmer,388790,8300000,192,351,11636547,Rejected
7362,3,Not Graduate,Farmer,990617,20100000,216,791,13743293,Rejected
7363,0,Graduate,Farmer,647337,6000000,144,658,6913318,Rejected
7364,2,Graduate,Farmer,834965,21700000,144,549,19355185,Rejected
7365,5,Graduate,Farmer,460260,21300000,168,852,14487010,Rejected
7366,3,Not Graduate,Farmer,983811,26300000,216,580,13651832,Rejected
7367,3,Graduate,Farmer,692673,12800000,192,346,12135784,Rejected
7368,0,Not Graduate,Farmer,750419,25000000,48,400,12416757,Rejected
7369,5,Graduate,Farmer,533374,6500000,168,587,4651387,Rejected
7370,0,Not Graduate,Farmer,820777,2300000,192,739,11916027,Approved
7371,5,Graduate,Farmer,647577,13800000,168,397,2711672,Rejected
7372,5,Graduate,Farmer,472370,28200000,24,440,6905950,Rejected
7373,0,Graduate,Farmer,987225,9800000,192,395,4212883,Rejected
7374,1,Graduate,Farmer,371967,6900000,240,495,4028631,Rejected
7375,4,Not Graduate,Farmer,291232,4300000,96,598,15218200,Approved
7376,3,Not Graduate,Farmer,404119,5800000,96,799,15987811,Approved
7377,3,Not Graduate,Farmer,109540,4600000,96,543,7423959,Approved
7378,0,Graduate,Farmer,640652,4200000,48,768,11167147,Approved
7379,2,Graduate,Farmer,497827,25700000,96,455,5024733,Rejected
7380,0,Not Graduate,Farmer,651951,11500000,216,559,17721115,Approved
7381,3,Not Graduate,Farmer,151991,700000,216,526,10802630,Approved
7382,5,Graduate,Farmer,288751,11100000,144,441,10340854,Rejected
7383,3,Graduate,Farmer,466326,9300000,48,810,1019675,Rejected
7384,3,Graduate,Farmer,786337,24200000,24,354,18264015,Rejected
7385,1,Not Graduate,Farmer,718992,12300000,120,683,7810805,Rejected
7386,0,Not Graduate,Farmer,149115,15500000,192,311,5464344,Rejected
7387,0,Graduate,Farmer,453151,20000000,48,350,15057676,Rejected
7388,4,Not Graduate,Farmer,843583,5600000,48,662,11797637,Approved
7389,0,Graduate,Farmer,291962,15200000,120,786,13310059,Rejected
7390,2,Graduate,Farmer,821747,12000000,24,567,1566088,Rejected
7391,4,Not Graduate,Farmer,249143,30700000,72,381,14727532,Rejected
7392,3,Graduate,Farmer,814635,26300000,144,476,7558947,Rejected
7393,4,Not Graduate,Farmer,636226,21400000,168,476,11151607,Rejected
7394,0,Graduate,Farmer,453824,6500000,24,391,1658003,Rejected
7395,4,Not Graduate,Farmer,104000,20700000,120,825,11788689,Rejected
7396,5,Graduate,Farmer,825948,18800000,144,603,1805113,Rejected
7397,5,Not Graduate,Farmer,987474,9300000,72,656,10322004,Rejected
7398,0,Graduate,Farmer,455754,24500000,120,600,6028035,Rejected
7399,0,Not Graduate,Farmer,351492,1400000,24,551,12551409,Approved
7400,1,Not Graduate,Farmer,990123,2600000,72,858,16433222,Approved
7401,2,Graduate,Farmer,599522,23100000,48,488,3092101,Rejected
7402,4,Graduate,Farmer,591072,16500000,96,426,6995134,Rejected
7403,5,Not Graduate,Farmer,138304,23200000,216,672,11347918,Rejected
7404,0,Graduate,Farmer,604999,6200000,168,613,7208714,Rejected
7405,2,Not Graduate,Farmer,431593,17500000,48,674,11552467,Rejected
7406,2,Not Graduate,Farmer,707274,15200000,240,776,13834263,Rejected
7407,1,Not Graduate,Farmer,251836,5600000,24,882,13124052,Approved
7408,5,Not Graduate,Farmer,208940,28100000,120,448,11072959,Rejected
7409,2,Not Graduate,Farmer,924926,16900000,72,751,19289976,Rejected
7410,1,Not Graduate,Farmer,365517,8500000,24,491,10851044,Rejected
7411,1,Graduate,Farmer,767521,7200000,96,453,13834836,Approved
7412,1,Not Graduate,Farmer,721820,29100000,96,597,19640452,Rejected
7413,1,Graduate,Farmer,979090,26700000,120,735,12962073,Rejected
7414,1,Graduate,Farmer,485777,19500000,240,431,16851428,Rejected
7415,4,Graduate,Farmer,724674,23500000,168,380,13155863,Rejected
7416,2,Not Graduate,Farmer,651638,26600000,72,727,10988400,Rejected
7417,1,Graduate,Farmer,717296,1300000,72,670,13863378,Approved
7418,0,Graduate,Farmer,980729,3200000,96,304,18228146,Approved
7419,3,Graduate,Farmer,649639,25400000,96,588,14981528,Rejected
7420,4,Graduate,Farmer,712956,31400000,96,698,8402324,Rejected
7421,4,Graduate,Farmer,738873,30100000,48,431,15293436,Rejected
7422,2,Graduate,Farmer,437497,17700000,168,706,13065969,Rejected
7423,2,Graduate,Farmer,307869,12600000,24,767,6403252,Rejected
7424,1,Graduate,Farmer,165953,21400000,96,350,17868222,Rejected
7425,4,Not Graduate,Farmer,943890,20900000,48,662,5151785,Rejected
7426,5,Not Graduate,Farmer,600328,31900000,120,605,13467192,Rejected
7427,5,Graduate,Farmer,906790,6400000,192,590,18465941,Approved
7428,3,Graduate,Farmer,103267,30500000,120,473,17983703,Rejected
7429,4,Not Graduate,Farmer,182745,24900000,24,405,4637820,Rejected
7430,0,Graduate,Farmer,976020,30100000,24,743,4284321,Rejected
7431,2,Graduate,Farmer,924945,1600000,48,663,18456057,Approved
7432,2,Graduate,Farmer,257164,12900000,168,857,15960682,Rejected
7433,5,Not Graduate,Farmer,635626,26600000,192,545,12327910,Rejected
7434,4,Graduate,Farmer,231484,8600000,72,601,9433840,Rejected
7435,3,Not Graduate,Farmer,631831,26700000,144,708,16140449,Rejected
7436,0,Graduate,Farmer,992323,24900000,240,648,16463365,Rejected
7437,3,Not Graduate,Farmer,160692,20000000,216,720,14609569,Rejected
7438,3,Graduate,Farmer,320156,4800000,168,808,2379904,Rejected
7439,3,Not Graduate,Farmer,323992,16700000,240,420,8353172,Rejected
7440,2,Not Graduate,Farmer,616771,17800000,240,549,2437188,Rejected
7441,2,Graduate,Farmer,930857,32100000,72,802,2656321,Rejected
7442,2,Graduate,Farmer,663044,11500000,96,590,1538645,Rejected
7443,0,Not Graduate,Farmer,643176,23300000,192,581,17374601,Rejected
7444,2,Graduate,Farmer,791095,13600000,120,373,6832801,Rejected
7445,1,Graduate,Farmer,933727,11200000,72,698,12218063,Rejected
7446,2,Not Graduate,Farmer,214352,18400000,120,515,11891900,Rejected
7447,1,Not Graduate,Farmer,969474,6700000,144,322,7550091,Rejected
7448,3,Graduate,Farmer,185999,17500000,240,317,11999077,Rejected
7449,5,Graduate,Farmer,117955,1400000,120,877,8370683,Approved
7450,3,Not Graduate,Farmer,924273,1900000,144,547,19944570,Approved
7451,5,Graduate,Farmer,170640,26700000,240,794,7439522,Rejected
7452,5,Not Graduate,Farmer,296582,5300000,144,778,17492575,Approved
7453,5,Graduate,Farmer,844086,20600000,72,456,4471750,Rejected
7454,0,Graduate,Farmer,500573,10800000,168,463,3765331,Rejected
7455,2,Graduate,Farmer,525695,21700000,24,309,9976766,Rejected
7456,1,Graduate,Farmer,161476,16300000,72,524,3630723,Rejected
7457,1,Not Graduate,Farmer,406955,11600000,192,696,18642355,Approved
7458,2,Graduate,Farmer,267280,3700000,24,806,17152789,Approved
7459,5,Graduate,Farmer,775510,13700000,72,496,10967246,Rejected
7460,4,Graduate,Farmer,695468,21100000,216,489,8543159,Rejected
7461,2,Graduate,Farmer,798646,14500000,96,349,6384935,Rejected
7462,1,Graduate,Farmer,737144,5900000,192,804,13155092,Approved
7463,2,Graduate,Farmer,954882,32100000,240,328,15514254,Rejected
7464,4,Graduate,Farmer,514568,20900000,216,766,15563931,Rejected
7465,4,Graduate,Farmer,286141,18500000,192,436,19988954,Rejected
7466,5,Graduate,Farmer,998320,800000,216,774,6692796,Approved
7467,1,Graduate,Farmer,734736,19300000,240,835,3639929,Rejected
7468,5,Graduate,Farmer,638685,2200000,72,493,4133211,Approved
7469,2,Graduate,Farmer,278031,15600000,144,838,15144368,Rejected
7470,5,Graduate,Farmer,219180,10200000,192,874,17019902,Approved
7471,0,Graduate,Farmer,166234,5600000,216,604,12616152,Approved
7472,4,Not Graduate,Farmer,664242,18600000,240,312,2726199,Rejected
7473,2,Not Graduate,Farmer,278352,4600000,192,631,13858621,Approved
7474,1,Not Graduate,Farmer,179459,6800000,120,541,13756935,Approved
7475,0,Graduate,Farmer,509995,1600000,216,865,6071915,Approved
7476,0,Not Graduate,Farmer,295004,24000000,240,728,1443945,Rejected
7477,1,Not Graduate,Farmer,566152,26000000,72,384,7310114,Rejected
7478,0,Not Graduate,Farmer,825256,12500000,216,778,17798469,Rejected
7479,3,Graduate,Farmer,159163,22200000,96,741,3276787,Rejected
7480,4,Not Graduate,Farmer,575853,1700000,144,436,8690840,Approved
7481,4,Not Graduate,Farmer,151934,7400000,144,363,10338770,Rejected
7482,3,Not Graduate,Farmer,820255,2500000,96,321,16342276,Approved
7483,5,Graduate,Farmer,525523,12300000,120,615,16200562,Rejected
7484,3,Not Graduate,Farmer,940530,2000000,216,544,2274634,Rejected
7485,2,Graduate,Farmer,554137,10000000,240,516,3755063,Rejected
7486,0,Graduate,Farmer,105486,14800000,240,755,2228807,Rejected
7487,2,Not Graduate,Farmer,239407,600000,96,552,17286171,Approved
7488,0,Graduate,Farmer,973332,4700000,192,530,13902884,Approved
7489,0,Graduate,Farmer,750308,1600000,120,588,8601748,Approved
7490,0,Not Graduate,Farmer,727083,4900000,120,359,5463158,Rejected
7491,1,Graduate,Farmer,320184,30600000,120,720,9803208,Rejected
7492,0,Graduate,Farmer,766490,700000,120,587,3269070,Approved
7493,5,Not Graduate,Farmer,449652,15700000,168,887,5413359,Rejected
7494,3,Not Graduate,Farmer,861315,17900000,96,396,8640167,Rejected
7495,2,Graduate,Farmer,742612,8100000,48,592,8322153,Rejected
7496,2,Not Graduate,Farmer,422710,25100000,240,848,10837371,Rejected
7497,3,Graduate,Farmer,297775,30800000,240,448,3519507,Rejected
7498,1,Graduate,Farmer,389336,10800000,168,632,14454789,Rejected
7499,0,Not Graduate,Farmer,887494,6700000,192,569,19033931,Approved
7500,0,Graduate,Farmer,708364,5000000,96,686,9468865,Approved
7501,2,Graduate,Farmer,189780,17500000,240,381,19303750,Rejected
7502,2,Graduate,Farmer,252617,6800000,168,317,18601359,Approved
7503,3,Graduate,Farmer,645977,14600000,192,760,17001900,Rejected
7504,1,Not Graduate,Farmer,897606,11500000,240,431,15890609,Rejected
7505,4,Not Graduate,Farmer,450605,4300000,192,447,1371616,Rejected
7506,5,Graduate,Farmer,989465,13400000,72,455,19737371,Rejected
7507,2,Graduate,Farmer,633636,13000000,192,300,10163766,Rejected
7508,1,Not Graduate,Farmer,138102,9400000,96,509,19546183,Approved
7509,2,Graduate,Farmer,174460,19100000,168,552,15451300,Rejected
7510,4,Not Graduate,Farmer,464778,7200000,24,680,1279215,Rejected
7511,5,Not Graduate,Farmer,189930,5200000,192,820,16748714,Approved
7512,2,Not Graduate,Farmer,631089,18100000,240,491,3843236,Rejected
7513,0,Not Graduate,Farmer,727438,8200000,48,554,13126467,Approved
7514,2,Not Graduate,Farmer,827627,21300000,240,658,8379933,Rejected
7515,4,Graduate,Farmer,279208,9500000,216,876,2960584,Rejected
7516,0,Not Graduate,Farmer,254697,12500000,216,778,18355904,Rejected
7517,4,Not Graduate,Farmer,313945,33000000,96,543,16884862,Rejected
7518,0,Graduate,Farmer,331915,6800000,144,349,5226156,Rejected
7519,0,Not Graduate,Farmer,827952,38200000,72,573,17567828,Rejected
7520,0,Graduate,Farmer,308124,4300000,144,801,8983372,Approved
7521,0,Graduate,Farmer,537477,8400000,72,744,12590817,Rejected
7522,1,Not Graduate,Farmer,625830,6700000,144,322,9127747,Rejected
7523,1,Not Graduate,Farmer,383821,10600000,48,360,14829625,Rejected
7524,2,Not Graduate,Farmer,277804,15000000,168,730,18017184,Rejected
7525,1,Graduate,Farmer,805703,16200000,24,335,3592536,Rejected
7526,0,Not Graduate,Farmer,139081,15300000,168,699,12364243,Rejected
7527,5,Not Graduate,Farmer,818216,2700000,48,889,6504381,Approved
7528,1,Graduate,Farmer,455249,22000000,240,646,18296381,Rejected
7529,5,Graduate,Farmer,319930,21400000,144,399,4878363,Rejected
7530,2,Graduate,Farmer,905497,16900000,192,472,18804773,Rejected
7531,4,Graduate,Farmer,617313,14700000,120,692,8435697,Rejected
7532,4,Graduate,Farmer,314532,2300000,72,495,6898885,Approved
7533,0,Graduate,Farmer,712380,16800000,168,795,8601723,Rejected
7534,5,Graduate,Farmer,619332,12700000,192,718,8946155,Rejected
7535,0,Graduate,Farmer,416837,12900000,240,826,16850872,Rejected
7536,3,Not Graduate,Farmer,389106,14100000,144,738,11384778,Rejected
7537,3,Graduate,Farmer,128295,19100000,72,807,13277185,Rejected
7538,5,Graduate,Farmer,113807,1800000,96,881,6688238,Approved
7539,1,Graduate,Farmer,535564,16800000,144,647,14874539,Rejected
7540,4,Graduate,Farmer,257504,2500000,48,583,7703560,Approved
7541,3,Not Graduate,Farmer,338067,13600000,144,321,19562775,Rejected
7542,2,Graduate,Farmer,585008,17700000,48,402,9697057,Rejected
7543,3,Graduate,Farmer,792440,18300000,48,348,1533634,Rejected
7544,1,Graduate,Farmer,494540,16000000,120,541,9578845,Rejected
7545,3,Graduate,Farmer,977699,17000000,120,477,9102873,Rejected
7546,0,Graduate,Farmer,617923,3500000,72,331,10244655,Approved
7547,2,Not Graduate,Farmer,266981,28400000,144,880,5623636,Rejected
7548,4,Not Graduate,Farmer,844699,1500000,72,461,16325339,Approved
7549,2,Not Graduate,Farmer,119870,10500000,144,502,6334233,Rejected
7550,4,Graduate,Farmer,303196,21500000,168,555,2406368,Rejected
7551,2,Not Graduate,Farmer,348683,11800000,240,701,6785267,Rejected
7552,4,Not Graduate,Farmer,334677,20000000,216,691,19001960,Rejected
7553,2,Not Graduate,Farmer,126790,7100000,48,819,17150865,Approved
7554,3,Not Graduate,Farmer,743162,13000000,120,459,19908234,Approved
7555,1,Not Graduate,Farmer,911721,19100000,144,649,12639736,Rejected
7556,4,Graduate,Farmer,548345,14600000,72,324,17067759,Rejected
7557,1,Graduate,Farmer,849074,15500000,24,693,4489429,Rejected
7558,4,Not Graduate,Farmer,587462,9400000,48,726,16866128,Approved
7559,5,Graduate,Farmer,639773,12300000,120,615,7478443,Rejected
7560,1,Graduate,Farmer,930914,1400000,72,759,11897034,Approved
7561,2,Not Graduate,Farmer,186188,10600000,240,488,11919694,Rejected
7562,5,Not Graduate,Farmer,629036,14100000,24,802,18071962,Rejected
7563,2,Not Graduate,Farmer,842129,8900000,192,389,6710754,Rejected
7564,5,Not Graduate,Farmer,764795,9600000,72,345,6432019,Rejected
7565,2,Graduate,Farmer,890141,12100000,168,408,19479375,Approved
7566,2,Graduate,Farmer,748249,12600000,24,355,11392034,Rejected
7567,3,Not Graduate,Farmer,130355,17700000,72,403,17394487,Rejected
7568,2,Not Graduate,Farmer,811131,28700000,168,316,9512558,Rejected
7569,2,Graduate,Farmer,551015,24700000,120,435,13912550,Rejected
7570,5,Graduate,Farmer,506332,14600000,216,509,14183429,Rejected
7571,1,Not Graduate,Farmer,256542,1400000,48,302,18930440,Approved
7572,4,Not Graduate,Farmer,273416,19900000,168,852,3650235,Rejected
7573,5,Graduate,Farmer,405062,800000,24,759,5740039,Approved
7574,0,Not Graduate,Farmer,938656,31500000,96,403,11129142,Rejected
7575,2,Graduate,Farmer,663586,18200000,240,396,10693374,Rejected
7576,2,Not Graduate,Farmer,601708,31200000,144,578,3676517,Rejected
7577,4,Not Graduate,Farmer,966651,34900000,168,694,5307086,Rejected
7578,5,Not Graduate,Farmer,161629,28000000,96,527,8331006,Rejected
7579,5,Graduate,Farmer,428184,18800000,48,639,9329442,Rejected
7580,1,Graduate,Farmer,592734,21000000,144,443,9831924,Rejected
7581,5,Graduate,Farmer,855195,17500000,48,380,7168563,Rejected
7582,0,Graduate,Farmer,390160,25300000,240,557,4456653,Rejected
7583,2,Not Graduate,Farmer,648248,19000000,168,637,18252811,Rejected
7584,2,Graduate,Farmer,920023,18800000,144,838,2888806,Rejected
7585,1,Graduate,Farmer,313920,6600000,72,506,12633032,Approved
7586,2,Not Graduate,Farmer,989765,33300000,192,375,19925307,Rejected
7587,3,Not Graduate,Farmer,342804,500000,72,386,4961676,Approved
7588,4,Graduate,Farmer,476965,18200000,48,790,2760462,Rejected
7589,5,Graduate,Farmer,560857,10200000,144,726,11627281,Rejected
7590,4,Not Graduate,Farmer,922827,4000000,120,388,11011762,Approved
7591,4,Not Graduate,Farmer,604492,12800000,96,638,5058848,Rejected
7592,3,Graduate,Farmer,753983,25300000,216,662,1809178,Rejected
7593,0,Graduate,Farmer,515916,7500000,72,832,7934106,Rejected
7594,1,Not Graduate,Farmer,921052,5000000,24,755,8486327,Approved
7595,2,Graduate,Farmer,858574,2100000,192,425,1721037,Rejected
7596,4,Graduate,Farmer,228148,14000000,72,711,17530109,Rejected
7597,3,Not Graduate,Farmer,906991,9800000,144,654,2021469,Rejected
7598,2,Not Graduate,Farmer,586261,16700000,168,856,6779277,Rejected
7599,2,Not Graduate,Farmer,455540,2700000,96,627,11769914,Approved
7600,5,Not Graduate,Farmer,292714,2400000,216,613,3892371,Approved
7601,5,Graduate,Farmer,831899,29800000,216,867,11200944,Rejected
7602,1,Graduate,Farmer,383876,8800000,144,670,13722456,Approved
7603,5,Graduate,Farmer,359747,8700000,216,877,17052493,Approved
7604,3,Not Graduate,Farmer,715650,25900000,96,696,18240217,Rejected
7605,5,Graduate,Farmer,523570,12800000,24,539,11539669,Rejected
7606,2,Graduate,Farmer,375987,3700000,240,558,14553746,Approved
7607,4,Not Graduate,Farmer,738353,1000000,240,655,18292909,Approved
7608,3,Not Graduate,Farmer,958158,24900000,216,749,18016233,Rejected
7609,1,Not Graduate,Farmer,117640,20000000,48,506,18192210,Rejected
7610,0,Not Graduate,Farmer,152528,7000000,144,409,1941768,Rejected
7611,5,Graduate,Farmer,924845,19600000,120,373,16132955,Rejected
7612,2,Not Graduate,Farmer,359214,21600000,240,679,11228691,Rejected
7613,0,Graduate,Farmer,939070,28600000,216,541,9043846,Rejected
7614,3,Graduate,Farmer,601108,29700000,240,506,18854157,Rejected
7615,1,Graduate,Farmer,734421,23400000,24,672,1465982,Rejected
7616,5,Graduate,Farmer,468501,18400000,144,520,1273146,Rejected
7617,0,Not Graduate,Farmer,824226,8900000,168,796,14907579,Approved
7618,5,Not Graduate,Farmer,250159,18000000,144,690,6453174,Rejected
7619,1,Not Graduate,Farmer,272502,29800000,120,377,7124152,Rejected
7620,4,Graduate,Farmer,255576,25200000,216,691,2164795,Rejected
7621,3,Not Graduate,Farmer,965291,8500000,144,557,10777938,Rejected
7622,0,Not Graduate,Farmer,986089,9500000,216,885,14767053,Approved
7623,5,Graduate,Farmer,111023,7600000,96,746,3409381,Rejected
7624,0,Graduate,Farmer,645735,23500000,240,750,14141428,Rejected
7625,0,Not Graduate,Farmer,488043,22300000,240,613,8026492,Rejected
7626,3,Not Graduate,Farmer,386103,20900000,48,615,12959207,Rejected
7627,4,Not Graduate,Farmer,166203,14800000,72,537,1077175,Rejected
7628,0,Graduate,Farmer,260775,38700000,24,611,12074355,Rejected
7629,5,Not Graduate,Farmer,109337,500000,96,396,19856024,Approved
7630,4,Not Graduate,Farmer,670715,12300000,72,742,19134669,Approved
7631,3,Not Graduate,Farmer,614723,20900000,48,615,17872244,Rejected
7632,2,Graduate,Farmer,423673,9400000,192,383,2558242,Rejected
7633,4,Graduate,Farmer,464167,15000000,216,750,14074362,Rejected
7634,1,Not Graduate,Farmer,446809,20300000,168,837,16821133,Rejected
7635,3,Not Graduate,Farmer,730075,26000000,24,342,5319453,Rejected
7636,5,Not Graduate,Farmer,787281,26900000,48,889,6445315,Rejected
7637,1,Graduate,Farmer,395451,26000000,192,727,9552442,Rejected
7638,1,Graduate,Farmer,520571,11100000,240,478,10618395,Rejected
7639,0,Graduate,Farmer,227016,3500000,72,331,4012359,Rejected
7640,5,Not Graduate,Farmer,891267,18800000,240,326,10714177,Rejected
7641,2,Not Graduate,Farmer,644447,23600000,72,358,17072552,Rejected
7642,0,Not Graduate,Farmer,597562,5700000,144,422,10805436,Approved
7643,5,Graduate,Farmer,802965,30500000,216,841,8204776,Rejected
7644,3,Graduate,Farmer,483934,8600000,240,613,6051646,Rejected
7645,3,Graduate,Farmer,992048,24400000,120,774,4625654,Rejected
7646,5,Graduate,Farmer,965184,31400000,24,677,1285711,Rejected
7647,4,Not Graduate,Farmer,417428,11500000,72,551,10511997,Rejected
7648,1,Not Graduate,Farmer,419187,12300000,120,683,18353135,Rejected
7649,3,Graduate,Farmer,790907,7500000,72,881,15689949,Approved
7650,5,Graduate,Farmer,983439,13100000,240,527,10241354,Rejected
7651,3,Not Graduate,Farmer,182844,6500000,216,827,14958719,Approved
7652,5,Graduate,Farmer,651820,10100000,48,792,1422381,Rejected
7653,2,Not Graduate,Farmer,265421,16800000,24,504,18753649,Rejected
7654,3,Graduate,Farmer,222402,11500000,144,535,14043156,Rejected
7655,5,Graduate,Farmer,218012,6700000,192,612,12059860,Approved
7656,3,Graduate,Farmer,538661,4900000,192,591,5900164,Rejected
7657,0,Not Graduate,Farmer,498929,14800000,240,510,10909551,Rejected
7658,2,Graduate,Farmer,680466,22500000,216,851,14952275,Rejected
7659,3,Not Graduate,Farmer,673695,1900000,144,547,7336356,Approved
7660,0,Graduate,Farmer,563556,21200000,168,300,18178283,Rejected
7661,4,Not Graduate,Farmer,675278,5600000,48,662,14704180,Approved
7662,1,Not Graduate,Farmer,229473,15000000,120,677,1460796,Rejected
7663,4,Graduate,Farmer,578007,29700000,48,373,8740616,Rejected
7664,0,Not Graduate,Farmer,944573,8200000,48,554,15503356,Approved
7665,5,Graduate,Farmer,517009,13100000,240,527,6994376,Rejected
7666,4,Not Graduate,Farmer,418714,17200000,72,561,6858338,Rejected
7667,3,Not Graduate,Farmer,326156,16600000,120,444,5989904,Rejected
7668,2,Graduate,Farmer,268964,10500000,240,708,10392609,Rejected
7669,0,Not Graduate,Farmer,625303,24000000,216,651,18089239,Rejected
7670,2,Not Graduate,Farmer,161813,8100000,24,504,12594207,Approved
7671,0,Graduate,Farmer,127712,23300000,120,587,7270016,Rejected
7672,5,Not Graduate,Farmer,724785,23600000,168,854,8320583,Rejected
7673,2,Not Graduate,Farmer,867214,23100000,48,519,8822636,Rejected
7674,4,Not Graduate,Farmer,212816,21900000,24,585,4177902,Rejected
7675,0,Graduate,Farmer,228778,11100000,96,504,18532327,Approved
7676,0,Graduate,Farmer,686580,600000,96,852,16014061,Approved
7677,0,Not Graduate,Farmer,385977,5000000,168,580,2899054,Rejected
7678,5,Not Graduate,Farmer,235230,16400000,144,891,2550184,Rejected
7679,2,Not Graduate,Farmer,818040,13900000,24,405,9153113,Rejected
7680,5,Not Graduate,Farmer,906741,12800000,168,769,4273523,Rejected
7681,1,Not Graduate,Farmer,369114,16600000,216,385,13007956,Rejected
7682,0,Not Graduate,Farmer,434618,20300000,72,549,14136003,Rejected
7683,0,Not Graduate,Farmer,932972,19300000,216,544,12434523,Rejected
7684,0,Graduate,Farmer,251456,2200000,240,782,8296405,Approved
7685,0,Graduate,Farmer,904449,3200000,96,304,15139308,Approved
7686,4,Graduate,Farmer,962312,15700000,48,868,9659522,Rejected
7687,4,Graduate,Farmer,205570,11500000,240,864,17264021,Approved
7688,3,Graduate,Farmer,370846,19000000,168,348,18811802,Rejected
7689,2,Graduate,Farmer,100404,23900000,216,628,7040502,Rejected
7690,3,Not Graduate,Farmer,803286,1600000,240,705,15319175,Approved
7691,2,Graduate,Farmer,374907,3700000,24,806,6547094,Approved
7692,2,Not Graduate,Farmer,773744,14600000,120,808,4100581,Rejected
7693,4,Graduate,Farmer,815460,8000000,72,837,3661637,Rejected
7694,0,Graduate,Farmer,984574,6900000,48,581,4672277,Rejected
7695,4,Graduate,Farmer,765220,21500000,168,555,19861720,Rejected
7696,2,Graduate,Farmer,335365,16200000,144,890,13545745,Rejected
7697,2,Not Graduate,Farmer,442786,8700000,216,729,11643344,Rejected
7698,5,Graduate,Farmer,150612,16800000,240,584,4021372,Rejected
7699,2,Not Graduate,Farmer,910006,21200000,192,363,17077579,Rejected
7700,5,Graduate,Farmer,909956,14500000,168,664,11776837,Rejected
7701,4,Not Graduate,Farmer,300244,15500000,24,324,5854042,Rejected
7702,3,Graduate,Farmer,897348,17000000,192,388,15503291,Rejected
7703,3,Graduate,Farmer,104809,4100000,168,611,4830121,Rejected
7704,0,Not Graduate,Farmer,263273,9300000,168,531,12951552,Rejected
7705,4,Graduate,Farmer,808690,2900000,72,560,14838428,Approved
7706,0,Graduate,Farmer,244528,14500000,24,713,19130540,Rejected
7707,2,Not Graduate,Farmer,606964,29400000,144,576,4372455,Rejected
7708,4,Graduate,Farmer,549613,11000000,24,491,5268173,Rejected
7709,4,Graduate,Farmer,138765,7700000,96,493,7034722,Rejected
7710,2,Graduate,Farmer,931538,5300000,72,826,10258415,Approved
7711,0,Graduate,Farmer,416076,15200000,120,786,17611127,Rejected
7712,2,Not Graduate,Farmer,943523,7300000,24,776,5070028,Rejected
7713,2,Not Graduate,Farmer,646237,12900000,216,644,12053104,Rejected
7714,4,Not Graduate,Farmer,301152,19100000,72,586,12260784,Rejected
7715,1,Not Graduate,Farmer,399888,22200000,120,763,2369277,Rejected
7716,0,Graduate,Farmer,800903,19900000,72,748,1749971,Rejected
7717,3,Graduate,Farmer,994751,5500000,144,425,16711072,Approved
7718,1,Graduate,Farmer,192193,22500000,216,403,13554841,Rejected
7719,5,Graduate,Farmer,136187,12500000,216,723,9222502,Rejected
7720,3,Not Graduate,Farmer,605950,19600000,24,433,5460276,Rejected
7721,0,Graduate,Farmer,238311,5400000,192,555,8456688,Approved
7722,0,Graduate,Farmer,900921,1200000,168,889,9874365,Approved
7723,0,Graduate,Farmer,608153,21000000,72,665,19831592,Rejected
7724,1,Graduate,Farmer,289089,18100000,96,382,18962327,Rejected
7725,0,Not Graduate,Farmer,686165,11500000,168,509,5961828,Rejected
7726,5,Not Graduate,Farmer,536341,17400000,24,523,15226224,Rejected
7727,4,Not Graduate,Farmer,412066,18100000,144,764,2500948,Rejected
7728,2,Graduate,Farmer,718362,16200000,144,890,7327090,Rejected
7729,2,Not Graduate,Farmer,787409,8000000,144,866,6837196,Rejected
7730,2,Not Graduate,Farmer,661419,28500000,120,799,16226559,Rejected
7731,2,Graduate,Farmer,740053,15600000,144,838,3702994,Rejected
7732,1,Not Graduate,Farmer,960395,7600000,144,372,6557805,Rejected
7733,3,Not Graduate,Farmer,731172,15400000,240,315,5902444,Rejected
7734,3,Not Graduate,Farmer,225917,28900000,96,538,17969728,Rejected
7735,0,Not Graduate,Farmer,910717,8600000,48,563,15163986,Approved
7736,0,Not Graduate,Farmer,399770,20300000,48,806,6845447,Rejected
7737,1,Not Graduate,Farmer,798168,7400000,192,867,14293556,Approved
7738,2,Not Graduate,Farmer,581680,11400000,192,666,2549420,Rejected
7739,1,Not Graduate,Farmer,381342,17200000,96,899,12737532,Rejected
7740,5,Graduate,Farmer,639542,18400000,96,386,15937388,Rejected
7741,5,Not Graduate,Farmer,144238,24500000,144,818,9312934,Rejected
7742,0,Not Graduate,Farmer,101252,10900000,240,366,4900379,Rejected
7743,0,Not Graduate,Farmer,926196,7800000,168,376,4804409,Rejected
7744,1,Graduate,Farmer,964141,21000000,168,421,12353540,Rejected
7745,0,Graduate,Farmer,585450,500000,216,702,7722055,Approved
7746,0,Not Graduate,Farmer,415826,300000,72,472,16056024,Approved
7747,2,Not Graduate,Farmer,421638,9400000,120,727,16414106,Approved
7748,4,Graduate,Farmer,705605,3300000,192,382,10035949,Approved
7749,0,Graduate,Farmer,427359,27000000,48,429,19298198,Rejected
7750,1,Graduate,Farmer,702875,4200000,48,620,7281646,Approved
7751,5,Not Graduate,Farmer,106949,24000000,240,639,7426288,Rejected
7752,3,Not Graduate,Farmer,863185,16200000,72,378,10590446,Rejected
7753,3,Graduate,Farmer,417537,26300000,144,481,19941779,Rejected
7754,5,Graduate,Farmer,828913,11800000,120,672,6281091,Rejected
7755,4,Graduate,Farmer,762301,1800000,240,626,5408285,Approved
7756,0,Graduate,Farmer,650222,2100000,72,760,15945952,Approved
7757,5,Not Graduate,Farmer,880722,18900000,144,427,14363838,Rejected
7758,5,Graduate,Farmer,555102,22600000,192,346,9012369,Rejected
7759,1,Graduate,Farmer,437889,18500000,120,704,17481938,Rejected
7760,3,Not Graduate,Farmer,576467,24100000,168,823,12044590,Rejected
7761,4,Graduate,Farmer,456600,4600000,168,453,12633575,Approved
7762,2,Graduate,Farmer,415557,12500000,120,457,6059667,Rejected
7763,0,Not Graduate,Farmer,983671,32600000,96,778,9090736,Rejected
7764,2,Graduate,Farmer,404462,19500000,216,428,3985696,Rejected
7765,4,Not Graduate,Farmer,350875,12400000,216,494,9826233,Rejected
7766,5,Not Graduate,Farmer,563389,21800000,216,891,4301106,Rejected
7767,1,Graduate,Farmer,170390,23400000,24,672,14781646,Rejected
7768,2,Graduate,Farmer,807689,15900000,192,699,19149286,Rejected
7769,5,Not Graduate,Farmer,353490,12400000,72,847,11930625,Rejected
7770,3,Not Graduate,Farmer,667376,23400000,192,700,10958665,Rejected
7771,5,Graduate,Farmer,347940,27200000,72,348,10249677,Rejected
7772,0,Not Graduate,Farmer,465340,27600000,24,437,15102737,Rejected
7773,3,Not Graduate,Farmer,533027,6500000,216,827,14737336,Approved
7774,4,Graduate,Farmer,608041,10700000,144,547,15477978,Rejected
7775,2,Graduate,Farmer,417623,1300000,48,427,18247745,Approved
7776,1,Graduate,Farmer,316464,9100000,240,550,17938661,Approved
7777,2,Graduate,Farmer,842729,2400000,72,454,4834242,Approved
7778,5,Graduate,Farmer,610736,15800000,48,701,12671439,Rejected
7779,5,Not Graduate,Farmer,906395,18800000,240,326,7494503,Rejected
7780,5,Graduate,Farmer,417267,20500000,192,802,17725072,Rejected
7781,3,Not Graduate,Farmer,750199,17700000,72,876,1684029,Rejected
7782,2,Graduate,Farmer,988900,25300000,48,827,6337355,Rejected
7783,2,Graduate,Farmer,323777,14800000,72,410,16206634,Rejected
7784,0,Not Graduate,Farmer,959909,28700000,24,895,7981440,Rejected
7785,1,Not Graduate,Farmer,900820,25400000,192,655,4999694,Rejected
7786,3,Not Graduate,Farmer,105569,28300000,144,367,17684388,Rejected
7787,1,Not Graduate,Farmer,694124,20700000,96,753,15324285,Rejected
7788,3,Graduate,Farmer,728861,11100000,24,660,17986160,Approved
7789,1,Graduate,Farmer,529802,16800000,144,647,12214102,Rejected
7790,1,Graduate,Farmer,358090,3400000,240,717,19138519,Approved
7791,1,Not Graduate,Farmer,767375,6600000,192,534,17553464,Approved
7792,3,Graduate,Farmer,145002,31200000,240,392,8964443,Rejected
7793,0,Graduate,Farmer,871954,31000000,48,783,2197162,Rejected
7794,2,Graduate,Farmer,761614,20900000,240,632,2046161,Rejected
7795,1,Graduate,Farmer,779574,10000000,72,891,5688482,Rejected
7796,0,Not Graduate,Farmer,598870,28800000,48,619,9348022,Rejected
7797,0,Graduate,Farmer,311791,7800000,120,405,15911560,Approved
7798,4,Not Graduate,Farmer,302846,11300000,192,874,7983604,Rejected
7799,5,Graduate,Farmer,761450,6700000,24,622,11168293,Approved
7800,4,Not Graduate,Farmer,766997,21500000,168,508,19674717,Rejected
7801,3,Not Graduate,Farmer,777775,9800000,144,820,5754619,Rejected
7802,2,Not Graduate,Farmer,124071,20400000,144,887,7465377,Rejected
7803,3,Graduate,Farmer,682531,30300000,24,612,7129439,Rejected
7804,1,Graduate,Farmer,994647,16800000,24,366,10061826,Rejected
7805,1,Not Graduate,Farmer,272312,20000000,48,506,5902059,Rejected
7806,3,Not Graduate,Farmer,357218,15900000,144,538,12049806,Rejected
7807,3,Not Graduate,Farmer,314879,3600000,192,624,7607912,Approved
7808,0,Not Graduate,Farmer,463714,24600000,72,542,6573694,Rejected
7809,1,Graduate,Farmer,526650,17800000,240,706,18496623,Rejected
7810,5,Graduate,Farmer,431868,2100000,168,863,18115129,Approved
7811,4,Not Graduate,Farmer,962129,23500000,24,485,13304378,Rejected
7812,5,Graduate,Farmer,653020,20100000,48,700,18106037,Rejected
7813,1,Not Graduate,Farmer,745753,28400000,192,704,11569315,Rejected
7814,0,Graduate,Farmer,517170,7500000,72,832,11089851,Rejected
7815,5,Graduate,Farmer,157108,19700000,48,727,4887008,Rejected
7816,0,Not Graduate,Farmer,580721,20900000,168,766,11200983,Rejected
7817,5,Not Graduate,Farmer,211195,5000000,120,431,17616737,Approved
7818,1,Graduate,Farmer,989513,34100000,168,371,13016055,Rejected
7819,3,Graduate,Farmer,136668,31100000,192,760,7725275,Rejected
7820,5,Graduate,Farmer,385205,3800000,216,508,4615652,Rejected
7821,3,Not Graduate,Farmer,441396,9500000,192,748,9457411,Rejected
7822,3,Graduate,Farmer,664037,21700000,168,781,18584960,Rejected
7823,5,Graduate,Farmer,230560,12500000,144,795,10137344,Rejected
7824,5,Not Graduate,Farmer,466824,9400000,192,535,6720622,Rejected
7825,5,Graduate,Farmer,247979,1700000,216,757,17455442,Approved
7826,4,Not Graduate,Farmer,249849,11100000,96,526,9634012,Rejected
7827,0,Not Graduate,Farmer,848589,16200000,72,508,7933705,Rejected
7828,2,Graduate,Farmer,151745,16200000,120,809,17794513,Rejected
7829,1,Not Graduate,Farmer,470608,5000000,48,610,18565659,Approved
7830,1,Graduate,Farmer,191865,21000000,168,421,14151214,Rejected
7831,5,Graduate,Farmer,998860,27100000,144,535,7010334,Rejected
7832,1,Graduate,Farmer,312890,17200000,144,714,12415002,Rejected
7833,3,Not Graduate,Farmer,123624,5100000,168,837,15512253,Approved
7834,3,Graduate,Farmer,123321,4400000,24,861,10615754,Approved
7835,1,Not Graduate,Farmer,503704,24700000,168,600,15557759,Rejected
7836,5,Not Graduate,Farmer,909006,22800000,168,382,19110788,Rejected
7837,1,Graduate,Farmer,274293,31700000,120,755,10004471,Rejected
7838,0,Graduate,Farmer,883415,8500000,96,424,16723723,Approved
7839,4,Not Graduate,Farmer,286717,5100000,96,705,4765056,Rejected
7840,4,Graduate,Farmer,480975,19200000,48,655,16877150,Rejected
7841,5,Not Graduate,Farmer,283868,17600000,168,843,4325315,Rejected
7842,5,Not Graduate,Farmer,759792,20000000,48,459,15161520,Rejected
7843,2,Not Graduate,Farmer,195257,8700000,216,729,15067121,Approved
7844,0,Graduate,Farmer,688579,23300000,144,478,6217092,Rejected
7845,2,Graduate,Farmer,310176,26700000,192,696,9264605,Rejected
7846,2,Not Graduate,Farmer,290471,26600000,72,727,18606007,Rejected
7847,0,Not Graduate,Farmer,572930,20800000,240,590,4820887,Rejected
7848,0,Not Graduate,Farmer,936860,1900000,24,857,3846274,Approved
7849,3,Not Graduate,Farmer,843091,11000000,192,826,14228106,Rejected
7850,5,Graduate,Farmer,618862,19100000,240,329,13784172,Rejected
7851,1,Not Graduate,Farmer,575774,19100000,24,593,6988099,Rejected
7852,1,Graduate,Farmer,735605,10900000,168,598,17159082,Approved
7853,3,Graduate,Farmer,239789,19600000,48,767,1376794,Rejected
7854,1,Graduate,Farmer,489593,10000000,192,873,17213225,Approved
7855,5,Graduate,Farmer,915131,3000000,240,540,4033349,Rejected
7856,5,Graduate,Farmer,173686,23500000,144,402,15930164,Rejected
7857,2,Not Graduate,Farmer,167661,30900000,72,664,1782877,Rejected
7858,0,Graduate,Farmer,668535,18100000,192,439,8068132,Rejected
7859,3,Graduate,Farmer,345121,32900000,72,657,14784612,Rejected
7860,2,Graduate,Farmer,772108,22300000,96,694,12999401,Rejected
7861,5,Not Graduate,Farmer,467257,5000000,120,431,7299492,Rejected
7862,1,Graduate,Farmer,366765,4100000,72,391,6928643,Approved
7863,0,Graduate,Farmer,246106,12000000,168,645,12469585,Rejected
7864,0,Not Graduate,Farmer,358930,21300000,216,845,10724700,Rejected
7865,0,Graduate,Farmer,760482,20200000,24,861,1850350,Rejected
7866,3,Not Graduate,Farmer,904462,11600000,72,539,14515389,Rejected
7867,5,Not Graduate,Farmer,969270,2400000,240,330,12593836,Approved
7868,1,Graduate,Farmer,971149,30000000,144,543,9556255,Rejected
7869,0,Not Graduate,Farmer,548874,17000000,96,619,1435477,Rejected
7870,5,Graduate,Farmer,662926,3500000,216,882,11072131,Approved
7871,1,Not Graduate,Farmer,953499,12500000,24,636,16232068,Rejected
7872,1,Graduate,Farmer,218033,11500000,48,871,6651944,Rejected
7873,5,Not Graduate,Farmer,730265,1500000,168,543,5327308,Approved
7874,1,Not Graduate,Farmer,713157,18300000,120,722,12348641,Rejected
7875,0,Graduate,Farmer,729474,2700000,24,685,19358636,Approved
7876,0,Graduate,Farmer,921106,300000,216,520,18563477,Approved
7877,5,Graduate,Farmer,266926,10600000,240,806,12217238,Rejected
7878,0,Not Graduate,Farmer,670559,18400000,168,600,13633010,Rejected
7879,1,Not Graduate,Farmer,960120,6400000,96,578,7538655,Rejected
7880,5,Not Graduate,Farmer,531734,24800000,216,842,13713456,Rejected
7881,5,Not Graduate,Farmer,473220,9000000,72,581,3844180,Rejected
7882,2,Graduate,Farmer,765627,14300000,168,477,12010186,Rejected
7883,0,Not Graduate,Farmer,321897,25500000,72,463,13976486,Rejected
7884,3,Not Graduate,Farmer,101062,27700000,240,688,16148530,Rejected
7885,3,Graduate,Farmer,347736,35300000,48,462,6066112,Rejected
7886,0,Graduate,Farmer,674736,9800000,192,395,11061403,Rejected
7887,5,Not Graduate,Farmer,195462,20300000,192,348,9950668,Rejected
7888,0,Graduate,Farmer,499445,15200000,120,786,6301358,Rejected
7889,5,Not Graduate,Farmer,550009,16700000,24,354,19283361,Rejected
7890,1,Not Graduate,Farmer,870173,23100000,192,838,18970147,Rejected
7891,0,Graduate,Farmer,672203,4800000,48,835,15350770,Approved
7892,2,Graduate,Farmer,366776,3400000,120,426,5889084,Approved
7893,0,Graduate,Farmer,728880,31400000,216,558,8133456,Rejected
7894,5,Graduate,Farmer,758956,1300000,240,704,1871522,Rejected
7895,3,Not Graduate,Farmer,471923,3100000,120,438,16523665,Approved
7896,3,Not Graduate,Farmer,499384,14500000,240,840,15855831,Rejected
7897,3,Not Graduate,Farmer,732387,36500000,192,562,15916345,Rejected
7898,3,Not Graduate,Farmer,631849,25900000,96,696,3181906,Rejected
7899,4,Not Graduate,Farmer,567010,6800000,192,675,19277350,Approved
7900,5,Not Graduate,Farmer,706440,24000000,192,854,2705243,Rejected
7901,5,Graduate,Farmer,749324,28100000,120,660,5274692,Rejected
7902,2,Not Graduate,Farmer,486193,13900000,24,405,18016995,Rejected
7903,1,Not Graduate,Farmer,126734,10900000,48,524,3975605,Rejected
7904,3,Graduate,Farmer,126069,30200000,96,607,6099154,Rejected
7905,0,Graduate,Farmer,835265,20900000,216,568,14277247,Rejected
7906,0,Graduate,Farmer,637198,14500000,144,755,14763700,Rejected
7907,0,Not Graduate,Farmer,435623,5700000,240,392,15573834,Approved
7908,1,Not Graduate,Farmer,570951,2700000,240,669,9152885,Approved
7909,0,Graduate,Farmer,181264,38800000,96,652,10176748,Rejected
7910,4,Not Graduate,Farmer,123275,17400000,240,506,12947147,Rejected
7911,2,Not Graduate,Farmer,696562,20600000,144,729,16773429,Rejected
7912,4,Not Graduate,Farmer,574665,22600000,168,729,7216074,Rejected
7913,2,Not Graduate,Farmer,462920,4900000,48,888,11511846,Approved
7914,1,Graduate,Farmer,291076,34100000,240,828,14114884,Rejected
7915,5,Graduate,Farmer,294053,34000000,72,742,5588727,Rejected
7916,5,Not Graduate,Farmer,809913,14500000,120,457,11007571,Rejected
7917,2,Not Graduate,Farmer,672735,21400000,144,541,9978989,Rejected
7918,4,Not Graduate,Farmer,699991,17900000,72,384,14792249,Rejected
7919,3,Not Graduate,Farmer,962522,16800000,192,550,4683909,Rejected
7920,4,Graduate,Farmer,903692,12800000,216,664,2539600,Rejected
7921,0,Graduate,Farmer,212581,3200000,120,854,17319346,Approved
7922,3,Not Graduate,Farmer,365956,34600000,96,386,8465106,Rejected
7923,4,Graduate,Farmer,521240,24900000,192,506,18920863,Rejected
7924,4,Not Graduate,Farmer,814016,23500000,216,336,13000254,Rejected
7925,0,Graduate,Farmer,216421,500000,216,702,2416953,Approved
7926,3,Not Graduate,Farmer,625893,21600000,24,626,1421280,Rejected
7927,3,Not Graduate,Farmer,564374,1800000,48,843,1909245,Rejected
7928,1,Not Graduate,Farmer,172303,4600000,240,323,18118423,Approved
7929,0,Graduate,Farmer,258211,34000000,48,549,16993238,Rejected
7930,0,Graduate,Farmer,287210,27500000,216,343,17011662,Rejected
7931,0,Not Graduate,Farmer,886237,6000000,192,756,19007962,Approved
7932,2,Graduate,Farmer,962557,37300000,96,385,15873290,Rejected
7933,0,Not Graduate,Farmer,244990,2300000,192,739,1592632,Rejected
7934,1,Graduate,Farmer,258518,16200000,24,335,13425714,Rejected
7935,5,Not Graduate,Farmer,224040,19700000,240,376,17439220,Rejected
7936,1,Graduate,Farmer,768406,15500000,24,693,18939405,Rejected
7937,5,Not Graduate,Farmer,623138,27800000,24,753,13259034,Rejected
7938,4,Not Graduate,Farmer,518034,15100000,96,800,6730385,Rejected
7939,5,Graduate,Farmer,856254,36800000,120,509,3381486,Rejected
7940,1,Graduate,Farmer,890756,1800000,96,877,14814531,Approved
7941,4,Graduate,Farmer,962755,21500000,168,555,9168326,Rejected
7942,3,Graduate,Farmer,895543,5700000,48,707,13550508,Approved
7943,3,Not Graduate,Farmer,640677,13700000,48,439,17902654,Rejected
7944,5,Not Graduate,Farmer,746465,7600000,72,413,11305651,Rejected
7945,2,Not Graduate,Farmer,403571,27000000,120,430,14605804,Rejected
7946,1,Not Graduate,Farmer,784106,1400000,120,883,8085904,Approved
7947,4,Graduate,Farmer,222883,16900000,48,656,14824880,Rejected
7948,3,Graduate,Farmer,843246,21800000,240,641,7699744,Rejected
7949,5,Graduate,Farmer,862501,11900000,24,629,11587999,Rejected
7950,5,Graduate,Farmer,487952,15000000,240,819,3801445,Rejected
7951,5,Graduate,Farmer,212221,19400000,72,801,13913082,Rejected
7952,0,Graduate,Farmer,899666,3300000,120,482,12252748,Approved
7953,4,Graduate,Farmer,360669,16800000,72,381,12953070,Rejected
7954,3,Not Graduate,Farmer,859224,16900000,216,628,7839789,Rejected
7955,5,Graduate,Farmer,939873,18700000,192,813,9570556,Rejected
7956,2,Graduate,Farmer,625134,14900000,240,495,15994127,Rejected
7957,4,Graduate,Farmer,635242,29000000,96,739,2206751,Rejected
7958,5,Not Graduate,Farmer,441383,21200000,48,582,1953692,Rejected
7959,5,Not Graduate,Farmer,344761,600000,48,418,17994986,Approved
7960,0,Not Graduate,Farmer,932946,20000000,72,881,17272265,Rejected
7961,2,Not Graduate,Farmer,974668,6900000,24,566,7969129,Rejected
7962,4,Not Graduate,Farmer,984011,7400000,144,363,11825853,Approved
7963,2,Graduate,Farmer,237541,9600000,192,404,17515348,Approved
7964,0,Not Graduate,Farmer,928533,34900000,48,702,19567224,Rejected
7965,4,Graduate,Farmer,164323,4600000,72,757,19603741,Approved
7966,0,Not Graduate,Farmer,716210,4900000,144,555,5513070,Rejected
7967,3,Not Graduate,Farmer,289139,20100000,24,506,11570521,Rejected
7968,2,Not Graduate,Farmer,280448,21800000,48,407,2478768,Rejected
7969,5,Not Graduate,Farmer,800947,8900000,48,761,17641511,Approved
7970,0,Not Graduate,Farmer,335659,22300000,168,371,10953821,Rejected
7971,1,Graduate,Farmer,489678,7600000,48,592,16008832,Approved
7972,3,Graduate,Farmer,954016,27700000,48,439,1402980,Rejected
7973,4,Not Graduate,Farmer,204537,3500000,144,512,10557540,Approved
7974,2,Not Graduate,Farmer,964909,28100000,240,763,15722791,Rejected
7975,0,Graduate,Farmer,341983,16800000,192,492,15163844,Rejected
7976,3,Graduate,Farmer,666821,10300000,192,324,7932667,Rejected
7977,5,Not Graduate,Farmer,888260,14000000,168,418,10837695,Rejected
7978,3,Graduate,Farmer,101917,19600000,48,767,3108542,Rejected
7979,4,Not Graduate,Farmer,382762,10600000,192,693,7922496,Rejected
7980,3,Graduate,Farmer,656542,30700000,96,467,10326243,Rejected
7981,3,Not Graduate,Farmer,886275,13200000,168,707,19163905,Rejected
7982,5,Not Graduate,Farmer,467436,12800000,168,769,13204734,Rejected
7983,3,Not Graduate,Farmer,609930,2500000,240,529,12455591,Approved
7984,1,Graduate,Farmer,671650,21400000,240,655,3846230,Rejected
7985,0,Graduate,Farmer,382272,14500000,96,545,14970696,Rejected
7986,2,Not Graduate,Farmer,485925,18100000,72,671,19895649,Rejected
7987,3,Graduate,Farmer,866641,6900000,240,735,6553535,Rejected
7988,3,Not Graduate,Farmer,814743,32000000,48,497,4678621,Rejected
7989,0,Graduate,Farmer,689833,17600000,192,384,5556766,Rejected
7990,0,Not Graduate,Farmer,182180,24000000,240,728,16074661,Rejected
7991,0,Graduate,Farmer,712246,20100000,192,427,7227018,Rejected
7992,1,Not Graduate,Farmer,503081,17200000,48,512,10686599,Rejected
7993,0,Graduate,Farmer,401953,11500000,96,434,7971138,Rejected
7994,4,Graduate,Farmer,478892,32200000,72,898,16237307,Rejected
7995,2,Not Graduate,Farmer,105287,11600000,96,808,11202796,Rejected
7996,4,Not Graduate,Farmer,357665,2900000,48,554,11495967,Approved
7997,3,Not Graduate,Farmer,108512,3000000,168,576,9607009,Approved
7998,3,Not Graduate,Farmer,756702,12300000,72,364,9547900,Rejected
7999,4,Graduate,Farmer,556292,2700000,216,301,8545189,Approved
8000,1,Graduate,Farmer,208872,23300000,144,672,12556367,Rejected
8001,2,Not Graduate,Farmer,872042,16200000,72,546,9852545,Rejected
8002,2,Not Graduate,Farmer,193070,19900000,120,829,16275664,Rejected
8003,4,Not Graduate,Farmer,704055,9400000,48,726,3681206,Rejected
8004,1,Graduate,Farmer,722117,5900000,192,804,1187771,Rejected
8005,4,Not Graduate,Farmer,529474,33000000,96,543,18014415,Rejected
8006,4,Not Graduate,Farmer,142078,10700000,144,700,8290213,Rejected
8007,4,Graduate,Farmer,468432,6700000,144,633,15392507,Approved
8008,1,Not Graduate,Farmer,707812,14800000,144,895,12121089,Rejected
8009,5,Not Graduate,Farmer,327645,14100000,144,532,12991223,Rejected
8010,2,Graduate,Farmer,636507,3200000,96,317,1751518,Rejected
8011,5,Not Graduate,Farmer,886667,14700000,216,462,18290529,Rejected
8012,4,Graduate,Farmer,405073,29100000,48,421,13320194,Rejected
8013,1,Not Graduate,Farmer,227309,12000000,120,852,15828758,Rejected
8014,1,Not Graduate,Farmer,429588,4900000,240,647,17716407,Approved
8015,2,Graduate,Farmer,763927,16500000,168,857,3332214,Rejected
8016,5,Graduate,Farmer,988266,27000000,240,592,6081820,Rejected
8017,5,Not Graduate,Farmer,564008,8200000,168,615,10042832,Rejected
8018,4,Graduate,Farmer,820801,8600000,72,601,3250397,Rejected
8019,4,Not Graduate,Farmer,446699,24500000,240,582,11387892,Rejected
8020,0,Graduate,Farmer,435842,4200000,48,768,11390284,Approved
8021,2,Not Graduate,Farmer,486594,21900000,144,640,9291860,Rejected
8022,5,Graduate,Farmer,872608,1300000,240,704,16850898,Approved
8023,4,Graduate,Farmer,760775,5300000,120,540,9843026,Approved
8024,4,Graduate,Farmer,791519,5900000,72,471,8726360,Rejected
8025,2,Graduate,Farmer,143925,32600000,120,384,2472542,Rejected
8026,1,Graduate,Farmer,237023,34000000,144,672,5473014,Rejected
8027,2,Graduate,Farmer,187388,18500000,240,605,14245462,Rejected
8028,3,Not Graduate,Farmer,632295,20800000,192,560,18339837,Rejected
8029,1,Not Graduate,Farmer,357802,20500000,72,523,4529801,Rejected
8030,1,Graduate,Farmer,535048,10900000,168,598,5808163,Rejected
8031,1,Graduate,Farmer,158596,33500000,24,748,7284851,Rejected
8032,2,Graduate,Farmer,451005,14300000,168,477,19375315,Rejected
8033,0,Graduate,Farmer,879554,8400000,120,361,13583071,Approved
8034,0,Graduate,Farmer,973172,7200000,240,514,13201841,Approved
8035,2,Graduate,Farmer,639812,22500000,216,857,10600177,Rejected
8036,5,Not Graduate,Farmer,622244,26600000,192,545,13949915,Rejected
8037,4,Not Graduate,Farmer,512498,23200000,168,738,2195885,Rejected
8038,1,Not Graduate,Farmer,779290,12200000,192,743,10544691,Rejected
8039,2,Not Graduate,Farmer,599097,17900000,240,734,4898190,Rejected
8040,1,Not Graduate,Farmer,749789,5300000,240,461,4388445,Rejected
8041,3,Graduate,Farmer,907043,26200000,192,890,12880707,Rejected
8042,2,Not Graduate,Farmer,248056,20500000,240,581,10667788,Rejected
8043,0,Graduate,Farmer,114060,25300000,240,557,12721786,Rejected
8044,3,Not Graduate,Farmer,838345,16300000,240,561,9197590,Rejected
8045,0,Not Graduate,Farmer,577272,20000000,72,881,9182535,Rejected
8046,3,Not Graduate,Farmer,618545,25500000,144,881,13919819,Rejected
8047,1,Not Graduate,Farmer,929735,20100000,168,442,11196894,Rejected
8048,1,Not Graduate,Farmer,290279,28300000,96,402,13988365,Rejected
8049,5,Graduate,Farmer,830406,16500000,120,806,5363089,Rejected
8050,4,Not Graduate,Farmer,784647,18800000,24,749,15884599,Rejected
8051,4,Graduate,Farmer,139711,19800000,168,715,13762750,Rejected
8052,0,Not Graduate,Farmer,243026,12900000,120,695,18219120,Rejected
8053,4,Not Graduate,Farmer,435484,7000000,48,539,6092792,Rejected
8054,5,Not Graduate,Farmer,565317,1200000,96,343,1578526,Rejected
8055,5,Not Graduate,Farmer,318134,29100000,48,658,7612208,Rejected
8056,1,Graduate,Farmer,202974,8900000,144,866,15244857,Approved
8057,4,Graduate,Farmer,249646,1200000,48,627,8587676,Approved
8058,5,Graduate,Farmer,502400,20400000,72,451,18614609,Rejected
8059,3,Graduate,Farmer,250168,11900000,96,612,12734111,Rejected
8060,5,Graduate,Farmer,692016,14500000,168,664,17541989,Rejected
8061,2,Graduate,Farmer,789376,3500000,72,763,1814422,Rejected
8062,0,Graduate,Farmer,635534,18200000,48,332,15607153,Rejected
8063,0,Not Graduate,Farmer,538774,34900000,48,702,17406440,Rejected
8064,0,Graduate,Farmer,611937,25800000,216,531,13663723,Rejected
8065,1,Graduate,Farmer,511597,17200000,144,714,17192668,Rejected
8066,2,Graduate,Farmer,192263,7500000,48,851,6153435,Rejected
8067,5,Graduate,Farmer,635590,22500000,216,629,2416842,Rejected
8068,0,Graduate,Farmer,953938,17200000,96,386,4689024,Rejected
8069,0,Not Graduate,Farmer,665445,25600000,96,718,11670216,Rejected
8070,0,Not Graduate,Farmer,679205,11000000,48,374,4641771,Rejected
8071,2,Not Graduate,Farmer,323810,19400000,192,549,7428099,Rejected
8072,2,Not Graduate,Farmer,196646,7000000,168,818,5079441,Rejected
8073,0,Graduate,Farmer,445266,22500000,120,317,6356430,Rejected
8074,4,Not Graduate,Farmer,910951,7000000,240,504,18737868,Approved
8075,3,Not Graduate,Farmer,590025,500000,24,477,3188370,Approved
8076,4,Not Graduate,Farmer,580703,30000000,48,370,16861936,Rejected
8077,1,Not Graduate,Farmer,443054,4600000,240,323,10937093,Approved
8078,3,Graduate,Farmer,957756,4300000,216,412,10955951,Approved
8079,5,Not Graduate,Farmer,367552,14000000,168,418,14490123,Rejected
8080,0,Not Graduate,Farmer,159379,22300000,168,371,15023346,Rejected
8081,0,Graduate,Farmer,125053,27100000,144,787,15396836,Rejected
8082,2,Graduate,Farmer,502662,2500000,192,458,14869526,Approved
8083,2,Not Graduate,Farmer,756282,19800000,240,327,7985945,Rejected
8084,2,Not Graduate,Farmer,198723,23900000,216,745,10144220,Rejected
8085,0,Not Graduate,Farmer,675644,4900000,144,651,3076475,Rejected
8086,3,Not Graduate,Farmer,372933,13700000,48,439,3141912,Rejected
8087,4,Graduate,Farmer,984152,1100000,48,457,4144311,Approved
8088,3,Not Graduate,Farmer,953088,18700000,24,769,18062838,Rejected
8089,0,Graduate,Farmer,930460,14500000,96,545,19740105,Rejected
8090,1,Not Graduate,Farmer,950916,20100000,168,442,13414998,Rejected
8091,0,Graduate,Farmer,132154,8400000,72,744,19173652,Approved
8092,3,Graduate,Farmer,313942,16900000,216,748,10056148,Rejected
8093,0,Graduate,Farmer,364480,15000000,24,900,3195690,Rejected
8094,3,Graduate,Farmer,465821,12500000,240,375,10976844,Rejected
8095,4,Graduate,Farmer,954211,8300000,24,567,14399140,Approved
8096,4,Graduate,Farmer,381173,25400000,216,425,14852523,Rejected
8097,3,Not Graduate,Farmer,945633,20400000,48,865,19181571,Rejected
8098,4,Not Graduate,Farmer,132265,11500000,72,551,6056093,Rejected
8099,4,Not Graduate,Farmer,465060,4100000,216,886,15358216,Approved
8100,1,Graduate,Farmer,343322,18800000,168,325,17331284,Rejected
8101,3,Graduate,Farmer,274944,25300000,144,767,3464722,Rejected
8102,5,Not Graduate,Farmer,670485,16400000,72,360,7559442,Rejected
8103,3,Not Graduate,Farmer,548396,20600000,240,434,16136395,Rejected
8104,5,Not Graduate,Farmer,254782,600000,48,418,6630761,Approved
8105,2,Graduate,Farmer,784846,5100000,240,859,14939600,Approved
8106,0,Graduate,Farmer,171907,22100000,168,467,3901092,Rejected
8107,2,Graduate,Farmer,302967,11800000,48,393,16783215,Rejected
8108,1,Not Graduate,Farmer,950867,6600000,48,797,10911142,Approved
8109,5,Graduate,Farmer,402775,20800000,72,442,2722907,Rejected
8110,4,Not Graduate,Farmer,491182,4900000,216,843,14063720,Approved
8111,5,Graduate,Farmer,856892,12700000,96,886,7882799,Rejected
8112,4,Not Graduate,Farmer,382247,18700000,120,755,7921983,Rejected
8113,3,Graduate,Farmer,164772,19800000,168,853,7526925,Rejected
8114,4,Not Graduate,Farmer,226108,36700000,240,808,12277547,Rejected
8115,1,Graduate,Farmer,114382,4500000,168,673,13374888,Approved
8116,0,Not Graduate,Farmer,184291,23300000,192,581,9343528,Rejected
8117,2,Graduate,Farmer,463339,19700000,240,590,11488017,Rejected
8118,4,Graduate,Farmer,759116,23900000,72,899,9020364,Rejected
8119,1,Not Graduate,Farmer,382753,19200000,168,599,8451747,Rejected
8120,2,Graduate,Farmer,247550,23400000,96,605,4881857,Rejected
8121,0,Graduate,Farmer,332050,7500000,72,832,5537871,Rejected
8122,3,Not Graduate,Farmer,532882,25200000,96,316,18068680,Rejected
8123,4,Graduate,Farmer,437827,15800000,168,439,5739400,Rejected
8124,1,Graduate,Farmer,592313,8300000,72,684,12062437,Rejected
8125,3,Not Graduate,Farmer,486858,9700000,24,396,16168970,Approved
8126,0,Graduate,Farmer,754618,700000,120,587,17895797,Approved
8127,5,Not Graduate,Farmer,695603,27600000,120,788,18278806,Rejected
8128,3,Not Graduate,Farmer,964266,17900000,72,783,18649544,Rejected
8129,0,Not Graduate,Farmer,488349,2000000,216,650,17271063,Approved
8130,3,Not Graduate,Farmer,114153,13700000,192,662,5809479,Rejected
8131,5,Not Graduate,Farmer,700613,31300000,144,378,14753606,Rejected
8132,3,Graduate,Farmer,340773,19900000,144,770,4110691,Rejected
8133,4,Graduate,Farmer,155318,12000000,144,811,19135313,Approved
8134,1,Graduate,Farmer,494030,6300000,192,899,12688962,Approved
8135,4,Not Graduate,Farmer,477177,8100000,48,325,14431835,Approved
8136,4,Not Graduate,Farmer,176077,21900000,24,585,19071531,Rejected
8137,3,Not Graduate,Farmer,976906,20600000,120,441,11764827,Rejected
8138,0,Not Graduate,Farmer,233515,6500000,24,612,10746919,Approved
8139,1,Graduate,Farmer,306988,26000000,192,727,17762293,Rejected
8140,3,Not Graduate,Farmer,959751,24900000,192,668,5510784,Rejected
8141,4,Graduate,Farmer,225885,23400000,216,781,17941290,Rejected
8142,2,Graduate,Farmer,996209,22200000,120,735,3570466,Rejected
8143,1,Not Graduate,Farmer,641656,5500000,120,426,13043788,Approved
8144,5,Not Graduate,Farmer,770688,9000000,72,581,15622008,Approved
8145,1,Graduate,Farmer,288014,8400000,240,608,13871728,Approved
8146,5,Not Graduate,Farmer,191751,25800000,216,578,10179253,Rejected
8147,2,Graduate,Farmer,330203,25600000,72,740,4287093,Rejected
8148,3,Not Graduate,Farmer,913738,23200000,24,307,2017481,Rejected
8149,1,Not Graduate,Farmer,795275,5500000,72,861,9451115,Approved
8150,3,Not Graduate,Farmer,923651,25600000,72,337,3338377,Rejected
8151,1,Not Graduate,Farmer,311951,20700000,144,612,18583780,Rejected
8152,0,Not Graduate,Farmer,605155,14200000,24,512,7047511,Rejected
8153,0,Graduate,Farmer,295716,7800000,120,405,10998081,Rejected
8154,1,Not Graduate,Farmer,684567,29900000,192,476,16902677,Rejected
8155,0,Graduate,Farmer,415172,2300000,48,319,16176077,Approved
8156,5,Not Graduate,Farmer,990695,19900000,240,519,1737954,Rejected
8157,1,Graduate,Farmer,100126,5400000,48,415,3908056,Rejected
8158,0,Graduate,Farmer,938761,14000000,48,702,8840130,Rejected
8159,5,Not Graduate,Farmer,127632,10100000,72,828,10095781,Rejected
8160,4,Graduate,Farmer,600315,4700000,24,615,6934261,Rejected
8161,2,Not Graduate,Farmer,820670,7000000,168,818,5510579,Rejected
8162,2,Not Graduate,Farmer,209945,7300000,24,776,10068055,Rejected
8163,1,Not Graduate,Farmer,417320,15000000,240,835,14562026,Rejected
8164,2,Graduate,Farmer,350869,12900000,96,740,12368856,Rejected
8165,1,Not Graduate,Farmer,841426,20000000,192,856,12002595,Rejected
8166,4,Graduate,Farmer,598716,5500000,120,577,12142521,Approved
8167,5,Not Graduate,Farmer,275399,2400000,240,330,15634171,Approved
8168,2,Graduate,Farmer,562120,18800000,144,838,8704694,Rejected
8169,4,Graduate,Farmer,234869,16900000,48,656,3378907,Rejected
8170,3,Not Graduate,Farmer,278954,17700000,72,403,7990607,Rejected
8171,1,Graduate,Farmer,769078,27100000,72,591,5532688,Rejected
8172,0,Graduate,Farmer,134560,22500000,120,317,3363162,Rejected
8173,4,Not Graduate,Farmer,963021,9400000,48,726,6680820,Rejected
8174,4,Not Graduate,Farmer,384260,21400000,168,476,11600157,Rejected
8175,2,Not Graduate,Farmer,232717,10700000,96,806,3345704,Rejected
8176,5,Graduate,Farmer,278595,3400000,72,697,13969633,Approved
8177,0,Graduate,Farmer,748373,5000000,144,312,9811940,Approved
8178,2,Graduate,Farmer,479862,19500000,96,429,9277983,Rejected
8179,3,Not Graduate,Farmer,905688,31500000,120,850,18069791,Rejected
8180,5,Graduate,Farmer,594592,9000000,96,340,19236916,Approved
8181,5,Not Graduate,Farmer,200158,29300000,48,531,11031033,Rejected
8182,5,Graduate,Farmer,808533,12800000,120,760,19664179,Approved
8183,1,Graduate,Farmer,268502,400000,96,569,6304120,Approved
8184,5,Graduate,Farmer,532498,21500000,144,779,2447947,Rejected
8185,5,Not Graduate,Farmer,430388,2500000,48,827,6813775,Approved
8186,3,Not Graduate,Farmer,767054,35000000,192,548,13565034,Rejected
8187,1,Not Graduate,Farmer,418408,9700000,240,830,7472652,Rejected
8188,0,Graduate,Farmer,568276,21100000,240,578,19275555,Rejected
8189,3,Not Graduate,Farmer,157545,20900000,48,615,15219886,Rejected
8190,2,Graduate,Farmer,611411,14100000,168,577,16913266,Rejected
8191,3,Graduate,Farmer,925656,15300000,192,865,1676296,Rejected
8192,0,Graduate,Farmer,984377,2700000,24,638,1379039,Rejected
8193,2,Not Graduate,Farmer,113224,4000000,168,502,1528714,Rejected
8194,2,Not Graduate,Farmer,140738,22500000,192,834,8035655,Rejected
8195,3,Not Graduate,Farmer,950163,25200000,240,598,9368352,Rejected
8196,4,Graduate,Farmer,280760,11600000,72,635,9941047,Rejected
8197,1,Graduate,Farmer,863978,19100000,168,677,18050668,Rejected
8198,4,Graduate,Farmer,566725,8900000,48,478,17708666,Approved
8199,3,Not Graduate,Farmer,763937,2500000,168,819,5371047,Approved
8200,4,Graduate,Farmer,632358,15800000,24,527,14721794,Rejected
8201,3,Graduate,Farmer,226161,21000000,144,342,8184872,Rejected
8202,2,Graduate,Farmer,632954,20900000,168,327,19967137,Rejected
8203,2,Graduate,Farmer,944193,12800000,192,344,8427297,Rejected
8204,3,Not Graduate,Farmer,398512,15400000,192,424,14559001,Rejected
8205,0,Not Graduate,Farmer,762143,16400000,240,539,18539587,Rejected
8206,4,Graduate,Farmer,666202,16600000,192,805,17920196,Rejected
8207,3,Not Graduate,Farmer,301579,28000000,48,394,11822611,Rejected
8208,3,Graduate,Farmer,752026,16000000,120,510,18034570,Rejected
8209,5,Not Graduate,Farmer,871253,19700000,240,376,8863438,Rejected
8210,0,Graduate,Farmer,604471,10800000,168,463,15991637,Rejected
8211,5,Graduate,Farmer,429670,11800000,192,845,8972368,Rejected
8212,2,Not Graduate,Farmer,906388,13900000,24,405,3235883,Rejected
8213,4,Graduate,Farmer,318967,11600000,144,474,11939590,Rejected
8214,1,Graduate,Farmer,932672,400000,216,859,1764265,Approved
8215,0,Not Graduate,Farmer,483152,9900000,96,742,15793752,Approved
8216,5,Graduate,Farmer,194270,26500000,192,322,1308617,Rejected
8217,4,Graduate,Farmer,891189,12300000,216,784,12368954,Rejected
8218,1,Not Graduate,Farmer,643385,12100000,48,884,1744748,Rejected
8219,1,Not Graduate,Farmer,765755,10700000,72,466,13025170,Rejected
8220,1,Graduate,Farmer,247313,34300000,240,756,17439751,Rejected
8221,4,Not Graduate,Farmer,990324,18300000,216,715,14495655,Rejected
8222,4,Graduate,Farmer,258768,21700000,168,867,1734275,Rejected
8223,4,Graduate,Farmer,346726,30400000,240,532,10686427,Rejected
8224,3,Not Graduate,Farmer,956912,12600000,216,482,10422794,Rejected
8225,1,Not Graduate,Farmer,670451,6600000,216,513,9987114,Approved
8226,4,Graduate,Farmer,119816,14800000,192,697,7194224,Rejected
8227,2,Graduate,Farmer,857907,800000,216,819,9945326,Approved
8228,3,Not Graduate,Farmer,414997,14100000,120,300,15703155,Rejected
8229,4,Graduate,Farmer,255989,19700000,120,431,7024293,Rejected
8230,5,Graduate,Farmer,721019,900000,72,492,7193367,Approved
8231,0,Graduate,Farmer,776926,2200000,192,566,6318331,Approved
8232,2,Not Graduate,Farmer,306524,10100000,192,531,11736301,Rejected
8233,0,Graduate,Farmer,687111,3100000,48,355,12152153,Approved
8234,5,Graduate,Farmer,251878,24400000,96,453,4948401,Rejected
8235,2,Graduate,Farmer,830880,3600000,48,584,1124932,Rejected
8236,0,Graduate,Farmer,626047,20100000,192,397,16841640,Rejected
8237,0,Not Graduate,Farmer,881452,11900000,144,686,11140106,Rejected
8238,4,Not Graduate,Farmer,535165,15800000,216,593,7280757,Rejected
8239,0,Not Graduate,Farmer,978806,4500000,216,463,7784672,Approved
8240,3,Graduate,Farmer,233554,10300000,192,324,15069473,Rejected
8241,4,Not Graduate,Farmer,910874,13100000,168,772,12619039,Rejected
8242,1,Not Graduate,Farmer,551282,18000000,240,477,3592316,Rejected
8243,1,Graduate,Farmer,193501,16200000,48,888,17143481,Rejected
8244,0,Not Graduate,Farmer,364223,7000000,144,409,6895725,Rejected
8245,0,Not Graduate,Farmer,159676,7500000,120,497,16981957,Approved
8246,1,Not Graduate,Farmer,841804,17200000,96,899,6438757,Rejected
8247,5,Graduate,Farmer,273532,7700000,192,830,10783893,Rejected
8248,2,Not Graduate,Farmer,714685,24500000,216,848,14064637,Rejected
8249,2,Not Graduate,Farmer,697135,18600000,216,532,3664749,Rejected
8250,1,Graduate,Farmer,717895,18500000,192,815,14436812,Rejected
8251,4,Graduate,Farmer,320178,25000000,48,542,8246813,Rejected
8252,1,Not Graduate,Farmer,249521,20900000,48,574,1984156,Rejected
8253,1,Not Graduate,Farmer,526752,26900000,72,522,14331690,Rejected
8254,4,Graduate,Farmer,688365,19700000,120,431,11625643,Rejected
8255,0,Graduate,Farmer,924690,400000,48,594,18981136,Approved
8256,2,Not Graduate,Farmer,803662,12400000,96,709,12999562,Rejected
8257,3,Graduate,Farmer,357009,2900000,96,733,18525068,Approved
8258,0,Not Graduate,Farmer,237717,12600000,120,448,17300081,Rejected
8259,0,Not Graduate,Farmer,481915,17100000,96,303,10545226,Rejected
8260,3,Graduate,Farmer,662288,25100000,216,554,6296990,Rejected
8261,1,Not Graduate,Farmer,651025,16600000,216,385,13299755,Rejected
8262,1,Graduate,Farmer,897917,11500000,168,848,7928655,Rejected
8263,5,Not Graduate,Farmer,400709,9800000,48,563,17003651,Approved
8264,0,Graduate,Farmer,951587,24800000,120,642,12303471,Rejected
8265,3,Not Graduate,Farmer,286240,9700000,24,396,2821367,Rejected
8266,3,Graduate,Farmer,676775,2800000,120,560,4372863,Approved
8267,3,Not Graduate,Farmer,374486,13500000,120,348,2578315,Rejected
8268,5,Graduate,Farmer,402950,2500000,168,885,8427210,Approved
8269,3,Not Graduate,Farmer,410914,23400000,192,700,19126806,Rejected
8270,5,Not Graduate,Farmer,178623,22100000,216,879,12893046,Rejected
8271,0,Not Graduate,Farmer,465321,18600000,240,770,13968805,Rejected
8272,1,Not Graduate,Farmer,962061,30200000,216,897,12199747,Rejected
8273,1,Not Graduate,Farmer,283675,14600000,240,508,6440107,Rejected
8274,0,Graduate,Farmer,837334,12300000,192,479,16172466,Rejected
8275,0,Not Graduate,Farmer,730235,31900000,24,331,8081530,Rejected
8276,3,Not Graduate,Farmer,912831,4200000,192,571,15940284,Approved
8277,4,Graduate,Farmer,752465,11600000,72,635,13879120,Rejected
8278,5,Not Graduate,Farmer,316454,10100000,72,828,4201473,Rejected
8279,0,Not Graduate,Farmer,209575,4800000,240,337,10314823,Approved
8280,0,Graduate,Farmer,997336,30900000,144,729,12422057,Rejected
8281,5,Graduate,Farmer,307606,17800000,72,849,2449991,Rejected
8282,4,Graduate,Farmer,605815,11100000,192,857,11900518,Rejected
8283,1,Graduate,Farmer,392822,11500000,48,747,1424528,Rejected
8284,0,Not Graduate,Farmer,176218,1400000,24,551,12103831,Approved
8285,0,Graduate,Farmer,687518,8100000,216,768,16652956,Approved
8286,3,Graduate,Farmer,870044,10900000,144,856,7450219,Rejected
8287,4,Graduate,Farmer,436199,18900000,72,379,19428040,Rejected
8288,5,Graduate,Farmer,549589,19700000,240,423,6265481,Rejected
8289,3,Graduate,Farmer,786840,12700000,144,395,14618723,Rejected
8290,3,Graduate,Farmer,578446,15300000,72,440,9527835,Rejected
8291,2,Not Graduate,Farmer,562052,9100000,240,610,19550271,Approved
8292,4,Not Graduate,Farmer,434402,11000000,96,791,10080745,Rejected
8293,3,Not Graduate,Farmer,139986,20600000,240,434,1281854,Rejected
8294,0,Graduate,Farmer,779520,700000,192,779,7662314,Approved
8295,4,Graduate,Farmer,447739,26900000,168,446,15284503,Rejected
8296,2,Graduate,Farmer,725646,21000000,216,883,15567593,Rejected
8297,5,Not Graduate,Farmer,572327,36300000,24,655,6830395,Rejected
8298,2,Not Graduate,Farmer,427073,15500000,144,338,19434369,Rejected
8299,0,Graduate,Farmer,697794,20900000,72,635,10873863,Rejected
8300,1,Graduate,Farmer,134911,3000000,216,614,16410095,Approved
8301,2,Graduate,Farmer,973559,3800000,120,837,8083610,Approved
8302,1,Not Graduate,Farmer,525037,12500000,24,636,17411413,Rejected
8303,5,Not Graduate,Farmer,830399,15500000,96,407,16547546,Rejected
8304,5,Not Graduate,Farmer,999885,11800000,192,565,19583900,Approved
8305,2,Graduate,Farmer,708746,9400000,192,383,19587074,Approved
8306,0,Graduate,Farmer,112175,8100000,240,831,18256299,Approved
8307,5,Graduate,Farmer,416915,11600000,168,546,2901740,Rejected
8308,3,Not Graduate,Farmer,599876,18200000,192,835,6648393,Rejected
8309,4,Graduate,Farmer,745588,19900000,168,469,13651235,Rejected
8310,2,Graduate,Farmer,711213,10000000,240,516,8395873,Rejected
8311,5,Not Graduate,Farmer,868734,7600000,72,413,5584946,Rejected
8312,1,Not Graduate,Farmer,166358,30900000,240,559,11684544,Rejected
8313,1,Graduate,Farmer,510543,19700000,216,820,14724252,Rejected
8314,3,Graduate,Farmer,147057,13000000,72,391,12300674,Rejected
8315,2,Graduate,Farmer,368294,11400000,72,706,8873491,Rejected
8316,1,Not Graduate,Farmer,890857,19100000,192,662,19317940,Rejected
8317,2,Not Graduate,Farmer,354726,12400000,96,709,6875293,Rejected
8318,3,Graduate,Farmer,378176,33700000,144,397,19742946,Rejected
8319,2,Not Graduate,Farmer,626486,17000000,120,856,13951138,Rejected
8320,3,Graduate,Farmer,808754,11500000,192,843,10064281,Rejected
8321,3,Not Graduate,Farmer,267292,27700000,48,457,2094316,Rejected
8322,5,Not Graduate,Farmer,244931,14000000,48,708,5300915,Rejected
8323,3,Graduate,Farmer,543676,14100000,192,496,16078236,Rejected
8324,0,Not Graduate,Farmer,262491,11300000,144,305,7760403,Rejected
8325,3,Not Graduate,Farmer,481009,26200000,240,865,16155892,Rejected
8326,4,Not Graduate,Farmer,501921,12300000,72,742,7620241,Rejected
8327,0,Graduate,Farmer,360910,21600000,120,552,2636675,Rejected
8328,5,Not Graduate,Farmer,123236,20900000,168,726,16125440,Rejected
8329,4,Graduate,Farmer,187955,21500000,168,555,17316160,Rejected
8330,3,Not Graduate,Farmer,840874,16900000,216,628,18579065,Rejected
8331,3,Graduate,Farmer,727433,16900000,24,350,11117273,Rejected
8332,0,Not Graduate,Farmer,770718,17500000,240,643,18938284,Rejected
8333,4,Graduate,Farmer,330785,24900000,168,455,2035891,Rejected
8334,3,Graduate,Farmer,194914,14100000,192,496,18530710,Rejected
8335,1,Graduate,Farmer,989302,19100000,168,677,17658746,Rejected
8336,0,Graduate,Farmer,307990,14100000,24,349,10031370,Rejected
8337,0,Not Graduate,Farmer,478387,11600000,48,393,8611432,Rejected
8338,3,Not Graduate,Farmer,638884,17900000,96,396,10156484,Rejected
8339,0,Graduate,Farmer,756639,18100000,168,442,14722816,Rejected
8340,4,Not Graduate,Farmer,294269,16900000,192,582,15374288,Rejected
8341,5,Not Graduate,Farmer,997928,6600000,192,462,6277420,Rejected
8342,2,Graduate,Farmer,492417,7900000,240,829,8272003,Rejected
8343,4,Not Graduate,Farmer,238155,16600000,168,889,16020740,Rejected
8344,5,Graduate,Farmer,220674,20000000,120,522,2760511,Rejected
8345,2,Graduate,Farmer,881817,15000000,240,382,4541815,Rejected
8346,5,Graduate,Farmer,864757,3200000,120,803,9434610,Approved
8347,1,Graduate,Farmer,356713,29800000,216,770,5610146,Rejected
8348,2,Graduate,Farmer,541501,23200000,144,556,5139289,Rejected
8349,5,Not Graduate,Farmer,643351,17500000,72,510,16986546,Rejected
8350,4,Not Graduate,Farmer,167642,25300000,144,555,6351826,Rejected
8351,4,Not Graduate,Farmer,190093,30300000,144,339,14698156,Rejected
8352,5,Graduate,Farmer,607606,8800000,168,402,7390459,Rejected
8353,1,Not Graduate,Farmer,317215,5500000,72,861,2784006,Rejected
8354,4,Not Graduate,Farmer,807280,29000000,24,463,15900526,Rejected
8355,0,Graduate,Farmer,783889,24100000,240,488,5913478,Rejected
8356,1,Not Graduate,Farmer,135954,26000000,72,384,10017497,Rejected
8357,5,Graduate,Farmer,127856,11900000,24,629,9303143,Rejected
8358,0,Not Graduate,Farmer,626861,24700000,72,554,11755716,Rejected
8359,0,Graduate,Farmer,659655,9600000,72,644,13233494,Rejected
8360,5,Graduate,Farmer,595553,800000,24,759,7679155,Approved
8361,1,Not Graduate,Farmer,862092,36000000,144,629,6737580,Rejected
8362,0,Graduate,Farmer,986040,7300000,72,676,15773394,Approved
8363,2,Not Graduate,Farmer,422918,13700000,24,558,1225391,Rejected
8364,3,Graduate,Farmer,123752,30800000,240,448,15893670,Rejected
8365,0,Not Graduate,Farmer,941461,17500000,24,371,7698541,Rejected
8366,0,Graduate,Farmer,248757,19700000,144,545,17968603,Rejected
8367,2,Not Graduate,Farmer,413837,23100000,48,824,14872621,Rejected
8368,1,Not Graduate,Farmer,216739,30900000,144,464,4632632,Rejected
8369,3,Graduate,Farmer,942393,32900000,72,657,15106894,Rejected
8370,4,Graduate,Farmer,338009,12500000,216,859,14580994,Rejected
8371,1,Graduate,Farmer,880316,23300000,72,620,6596526,Rejected
8372,2,Not Graduate,Farmer,307980,21200000,192,363,4291070,Rejected
8373,3,Graduate,Farmer,356609,33700000,144,397,18463484,Rejected
8374,3,Not Graduate,Farmer,488822,30900000,240,873,1801955,Rejected
8375,5,Graduate,Farmer,436676,14600000,216,509,3013148,Rejected
8376,4,Not Graduate,Farmer,444138,19700000,168,889,5467223,Rejected
8377,2,Not Graduate,Farmer,418277,14500000,120,594,14561666,Rejected
8378,3,Graduate,Farmer,618271,30000000,120,344,1147745,Rejected
8379,3,Not Graduate,Farmer,423412,6400000,240,436,4792824,Rejected
8380,2,Not Graduate,Farmer,585417,14500000,120,594,11119600,Rejected
8381,1,Not Graduate,Farmer,531459,5000000,240,423,1137686,Rejected
8382,2,Graduate,Farmer,288456,21700000,24,309,6250295,Rejected
8383,3,Not Graduate,Farmer,655941,13000000,120,459,5151923,Rejected
8384,4,Not Graduate,Farmer,257729,4900000,216,843,15401814,Approved
8385,3,Not Graduate,Farmer,328504,4700000,168,673,6679980,Rejected
8386,0,Not Graduate,Farmer,746117,9900000,240,368,6149534,Rejected
8387,5,Graduate,Farmer,752665,16300000,48,523,13312829,Rejected
8388,2,Graduate,Farmer,625910,17500000,240,381,4314344,Rejected
8389,2,Not Graduate,Farmer,673044,32700000,24,304,1049976,Rejected
8390,1,Not Graduate,Farmer,140809,1400000,144,468,11751736,Approved
8391,1,Graduate,Farmer,641013,27100000,120,803,13031301,Rejected
8392,3,Graduate,Farmer,816756,18500000,120,367,19804536,Rejected
8393,2,Not Graduate,Farmer,151226,24900000,192,822,19589321,Rejected
8394,2,Not Graduate,Farmer,599512,7000000,24,834,2947238,Rejected
8395,1,Graduate,Farmer,705470,16700000,192,308,10784404,Rejected
8396,2,Graduate,Farmer,575781,13100000,240,885,17553474,Rejected
8397,4,Graduate,Farmer,129402,15700000,216,452,7330034,Rejected
8398,3,Not Graduate,Farmer,104263,20400000,48,865,12949870,Rejected
8399,5,Not Graduate,Farmer,851883,3100000,192,826,16542211,Approved
8400,2,Not Graduate,Farmer,277900,5700000,96,850,1045475,Rejected
8401,4,Graduate,Farmer,672212,17000000,144,607,9080552,Rejected
8402,5,Not Graduate,Farmer,436326,27400000,24,328,6396364,Rejected
8403,1,Not Graduate,Farmer,324137,31500000,192,678,4239254,Rejected
8404,5,Not Graduate,Farmer,552268,7800000,192,632,2099577,Rejected
8405,0,Not Graduate,Farmer,397881,12500000,216,778,8232024,Rejected
8406,2,Graduate,Farmer,463476,28900000,168,646,13084335,Rejected
8407,2,Not Graduate,Farmer,451707,18600000,240,403,19380186,Rejected
8408,4,Not Graduate,Farmer,784733,1400000,120,665,9274125,Approved
8409,5,Not Graduate,Farmer,610585,31300000,144,378,2531064,Rejected
8410,3,Not Graduate,Farmer,791757,4600000,96,543,17121213,Approved
8411,3,Graduate,Farmer,490719,9900000,120,316,5411887,Rejected
8412,5,Graduate,Farmer,579361,15800000,216,458,16043962,Rejected
8413,5,Not Graduate,Farmer,201371,7600000,48,689,9615797,Rejected
8414,5,Graduate,Farmer,662997,19400000,72,801,3076198,Rejected
8415,3,Graduate,Farmer,292192,23600000,48,324,8466511,Rejected
8416,0,Not Graduate,Farmer,250322,13400000,72,589,19246135,Rejected
8417,1,Not Graduate,Farmer,121172,19500000,240,448,12038932,Rejected
8418,0,Graduate,Farmer,635843,1800000,216,796,15639413,Approved
8419,5,Graduate,Farmer,677564,18000000,144,452,5999111,Rejected
8420,0,Graduate,Farmer,681780,3500000,72,331,2420858,Rejected
8421,3,Not Graduate,Farmer,808362,16100000,192,379,2748982,Rejected
8422,3,Not Graduate,Farmer,613319,13100000,24,554,17448425,Rejected
8423,0,Not Graduate,Farmer,880298,6700000,144,595,14996474,Approved
8424,4,Not Graduate,Farmer,976031,3300000,144,876,15579873,Approved
8425,5,Not Graduate,Farmer,322320,11800000,72,776,9466685,Rejected
8426,5,Not Graduate,Farmer,517978,35800000,240,470,14837264,Rejected
8427,0,Not Graduate,Farmer,111046,3400000,96,867,15749151,Approved
8428,5,Graduate,Farmer,328071,28800000,72,772,15430217,Rejected
8429,5,Graduate,Farmer,478165,20000000,144,594,11029840,Rejected
8430,5,Graduate,Farmer,808662,26500000,192,322,17733743,Rejected
8431,4,Graduate,Farmer,516366,15100000,216,673,15975128,Rejected
8432,1,Graduate,Farmer,366997,3400000,240,717,6122964,Approved
8433,0,Not Graduate,Farmer,745188,18000000,192,791,5095077,Rejected
8434,5,Not Graduate,Farmer,582615,27800000,192,547,5630232,Rejected
8435,5,Graduate,Farmer,515008,5500000,240,705,1920114,Rejected
8436,3,Not Graduate,Farmer,683417,30800000,168,745,9990499,Rejected
8437,5,Not Graduate,Farmer,861379,12400000,72,847,16762512,Rejected
8438,3,Not Graduate,Farmer,305550,15400000,240,315,14904360,Rejected
8439,0,Graduate,Farmer,344883,3200000,168,384,16037310,Approved
8440,5,Graduate,Farmer,738418,2200000,72,493,12918529,Approved
8441,2,Not Graduate,Farmer,560514,18100000,72,671,9147047,Rejected
8442,3,Graduate,Farmer,771210,10700000,192,312,3182926,Rejected
8443,2,Not Graduate,Farmer,221789,37000000,96,887,15556255,Rejected
8444,3,Not Graduate,Farmer,779418,18000000,72,510,4344250,Rejected
8445,2,Not Graduate,Farmer,800780,19400000,192,549,1537977,Rejected
8446,5,Graduate,Farmer,663178,2300000,192,545,11387622,Approved
8447,5,Graduate,Farmer,166017,2800000,168,473,10946749,Approved
8448,2,Graduate,Farmer,278376,25300000,48,763,4668280,Rejected
8449,1,Graduate,Farmer,788281,8700000,240,539,3723408,Rejected
8450,0,Not Graduate,Farmer,599137,20800000,168,565,11236666,Rejected
8451,2,Graduate,Farmer,756884,19100000,96,350,7637640,Rejected
8452,2,Graduate,Farmer,724712,13500000,192,587,7837388,Rejected
8453,2,Graduate,Farmer,901480,9100000,216,593,11547781,Rejected
8454,2,Not Graduate,Farmer,793264,5300000,240,761,5654419,Rejected
8455,2,Graduate,Farmer,941344,13500000,192,587,9430899,Rejected
8456,4,Graduate,Farmer,658296,25200000,216,790,5622580,Rejected
8457,3,Graduate,Farmer,493276,12800000,168,653,8245136,Rejected
8458,2,Not Graduate,Farmer,830026,1700000,24,495,3122827,Approved
8459,5,Graduate,Farmer,707847,31800000,192,858,8637174,Rejected
8460,0,Graduate,Farmer,155337,3600000,168,747,11457279,Approved
8461,2,Graduate,Farmer,997048,25600000,72,740,18485888,Rejected
8462,1,Graduate,Farmer,375494,4600000,144,415,1296063,Rejected
8463,4,Not Graduate,Farmer,124354,8300000,24,897,2383875,Rejected
8464,4,Graduate,Farmer,145186,9000000,120,394,7625169,Rejected
8465,3,Graduate,Farmer,652433,11200000,72,556,2876336,Rejected
8466,1,Not Graduate,Farmer,527236,600000,24,511,8541586,Approved
8467,0,Not Graduate,Farmer,710411,4700000,24,820,4956778,Rejected
8468,1,Graduate,Farmer,599883,8700000,240,539,14141875,Approved
8469,3,Not Graduate,Farmer,830546,16300000,48,512,16485415,Rejected
8470,0,Not Graduate,Farmer,840829,30400000,24,776,3887757,Rejected
8471,1,Graduate,Farmer,644869,33500000,216,727,3468665,Rejected
8472,1,Graduate,Farmer,713217,19500000,24,809,7472973,Rejected
8473,3,Graduate,Farmer,385195,22700000,24,650,1692924,Rejected
8474,2,Graduate,Farmer,675762,28400000,120,607,17167670,Rejected
8475,4,Graduate,Farmer,716036,12000000,24,416,3570115,Rejected
8476,1,Not Graduate,Farmer,225995,5300000,240,461,19438871,Approved
8477,2,Not Graduate,Farmer,345690,14100000,72,633,8499066,Rejected
8478,3,Not Graduate,Farmer,431770,14400000,120,546,5672412,Rejected
8479,3,Not Graduate,Farmer,893392,19900000,192,551,14177733,Rejected
8480,3,Not Graduate,Farmer,528988,16300000,240,561,14059040,Rejected
8481,5,Not Graduate,Farmer,280553,8900000,48,761,8181479,Rejected
8482,4,Not Graduate,Farmer,660696,9000000,24,674,18810884,Approved
8483,1,Not Graduate,Farmer,980438,27800000,96,804,15025093,Rejected
8484,5,Not Graduate,Farmer,359568,8200000,24,848,6604327,Rejected
8485,4,Not Graduate,Farmer,419278,17900000,72,384,3473199,Rejected
8486,0,Graduate,Farmer,251563,28400000,216,577,14436735,Rejected
8487,3,Not Graduate,Farmer,756701,28900000,120,447,15917565,Rejected
8488,1,Graduate,Farmer,799983,21800000,24,492,1708175,Rejected
8489,2,Not Graduate,Farmer,714615,17800000,240,549,19644522,Rejected
8490,2,Graduate,Farmer,493554,27300000,216,561,18620056,Rejected
8491,2,Not Graduate,Farmer,302503,31600000,192,892,5394643,Rejected
8492,4,Graduate,Farmer,243326,6200000,168,421,1125355,Rejected
8493,1,Not Graduate,Farmer,807220,20500000,72,523,5222102,Rejected
8494,0,Not Graduate,Farmer,111344,17600000,192,645,18393153,Rejected
8495,1,Not Graduate,Farmer,494966,14100000,168,510,19152823,Rejected
8496,2,Not Graduate,Farmer,692245,16400000,144,708,17796693,Rejected
8497,5,Not Graduate,Farmer,205423,24000000,192,854,4556210,Rejected
8498,1,Not Graduate,Farmer,420197,7900000,144,306,7508856,Rejected
8499,1,Not Graduate,Farmer,564071,17200000,96,899,3487111,Rejected
8500,0,Not Graduate,Farmer,771256,13600000,216,351,3009606,Rejected
8501,2,Graduate,Farmer,286833,21600000,192,804,2559757,Rejected
8502,2,Not Graduate,Farmer,817912,1300000,24,885,7156738,Approved
8503,1,Not Graduate,Farmer,875435,23000000,144,657,13856498,Rejected
8504,0,Graduate,Farmer,177454,23700000,120,305,19658513,Rejected
8505,2,Not Graduate,Farmer,357594,12400000,96,340,10212367,Rejected
8506,2,Graduate,Farmer,611897,31500000,168,679,9519792,Rejected
8507,1,Not Graduate,Farmer,452744,1400000,144,468,18912843,Approved
8508,1,Not Graduate,Farmer,616142,30200000,216,897,1245300,Rejected
8509,0,Graduate,Farmer,137641,9700000,24,820,9972618,Rejected
8510,5,Graduate,Farmer,653999,2800000,168,473,17869252,Approved
8511,4,Not Graduate,Farmer,956774,4700000,216,733,6995802,Rejected
8512,5,Not Graduate,Farmer,469040,3600000,144,315,18630608,Approved
8513,4,Not Graduate,Farmer,767542,19400000,96,755,4662340,Rejected
8514,0,Graduate,Farmer,712121,3100000,48,355,13818331,Approved
8515,1,Graduate,Farmer,418420,7500000,144,648,17931908,Approved
8516,5,Graduate,Farmer,381685,28000000,120,449,11779706,Rejected
8517,0,Graduate,Farmer,980889,300000,216,520,19435104,Approved
8518,1,Graduate,Farmer,575526,18500000,192,815,14225839,Rejected
8519,5,Not Graduate,Farmer,144813,2400000,216,631,19602180,Approved
8520,5,Graduate,Farmer,792558,7300000,216,339,8724922,Rejected
8521,3,Not Graduate,Farmer,764180,5600000,72,710,9152513,Approved
8522,4,Graduate,Farmer,386214,28100000,144,696,10777117,Rejected
8523,5,Not Graduate,Farmer,442703,16200000,24,778,5764812,Rejected
8524,4,Graduate,Farmer,304615,16500000,96,426,16512659,Rejected
8525,5,Graduate,Farmer,576657,7300000,216,339,16803917,Approved
8526,2,Graduate,Farmer,666074,13000000,120,552,19345362,Rejected
8527,0,Graduate,Farmer,850294,3200000,96,304,18260671,Approved
8528,4,Not Graduate,Farmer,855164,20900000,48,662,5036405,Rejected
8529,2,Not Graduate,Farmer,499953,1700000,24,495,19963484,Approved
8530,3,Not Graduate,Farmer,922494,21300000,48,802,13376401,Rejected
8531,4,Not Graduate,Farmer,938003,1900000,240,417,17202558,Approved
8532,3,Not Graduate,Farmer,387654,15800000,48,445,11013385,Rejected
8533,5,Graduate,Farmer,381570,18100000,120,360,3871656,Rejected
8534,2,Graduate,Farmer,137265,24100000,72,592,17347704,Rejected
8535,1,Graduate,Farmer,349321,34100000,240,828,16754631,Rejected
8536,4,Not Graduate,Farmer,166150,13900000,96,479,14211292,Rejected
8537,0,Graduate,Farmer,711600,15700000,72,692,3326729,Rejected
8538,3,Graduate,Farmer,189613,1700000,48,576,7695233,Approved
8539,1,Graduate,Farmer,437054,16200000,24,335,9274437,Rejected
8540,1,Not Graduate,Farmer,938807,7400000,120,874,4907129,Rejected
8541,3,Not Graduate,Farmer,221826,13600000,144,321,17872772,Rejected
8542,2,Not Graduate,Farmer,659723,16000000,48,720,11286491,Rejected
8543,1,Not Graduate,Farmer,982875,3800000,96,779,4469992,Rejected
8544,3,Not Graduate,Farmer,550348,15600000,240,310,16075268,Rejected
8545,0,Not Graduate,Farmer,310017,2400000,24,716,10944145,Approved
8546,5,Not Graduate,Farmer,234055,26600000,144,664,7139353,Rejected
8547,3,Graduate,Farmer,590457,3100000,120,369,18429971,Approved
8548,2,Graduate,Farmer,776022,7400000,216,666,4666344,Rejected
8549,1,Not Graduate,Farmer,909942,1400000,120,883,6650352,Approved
8550,4,Not Graduate,Farmer,833547,9500000,240,613,12914970,Rejected
8551,5,Graduate,Farmer,796358,20400000,72,451,18520304,Rejected
8552,1,Not Graduate,Farmer,550062,4500000,168,679,17019014,Approved
8553,5,Not Graduate,Farmer,194071,6500000,240,513,17836994,Approved
8554,0,Graduate,Farmer,893072,18600000,120,330,10483017,Rejected
8555,5,Graduate,Farmer,406691,27100000,48,320,6003361,Rejected
8556,0,Not Graduate,Farmer,941052,10600000,240,484,13493007,Rejected
8557,4,Not Graduate,Farmer,246389,9400000,48,726,12730711,Rejected
8558,0,Graduate,Farmer,739896,22500000,120,317,3173513,Rejected
8559,0,Not Graduate,Farmer,369708,25600000,96,718,10787557,Rejected
8560,2,Graduate,Farmer,782705,19100000,96,350,15246041,Rejected
8561,1,Graduate,Farmer,738112,5400000,144,707,9910762,Approved
8562,5,Not Graduate,Farmer,354444,2100000,144,363,7913462,Approved
8563,0,Graduate,Farmer,703561,1400000,120,618,2011930,Rejected
8564,1,Not Graduate,Farmer,961291,14700000,24,356,16664622,Rejected
8565,5,Graduate,Farmer,311837,18700000,192,813,2785818,Rejected
8566,0,Not Graduate,Farmer,210017,32000000,96,438,3951720,Rejected
8567,2,Graduate,Farmer,223618,21400000,96,370,3082963,Rejected
8568,1,Graduate,Farmer,559297,18100000,24,712,1289134,Rejected
8569,3,Graduate,Farmer,225341,33100000,192,456,8632285,Rejected
8570,1,Not Graduate,Farmer,915862,10800000,24,550,5324660,Rejected
8571,4,Graduate,Farmer,830892,16800000,96,481,3866069,Rejected
8572,2,Graduate,Farmer,652076,5300000,24,679,18514306,Approved
8573,0,Graduate,Farmer,850865,16800000,192,492,4835598,Rejected
8574,2,Graduate,Farmer,541759,32600000,120,384,5982042,Rejected
8575,0,Graduate,Farmer,955778,31600000,216,607,18829641,Rejected
8576,4,Graduate,Farmer,982554,500000,168,448,16053280,Approved
8577,5,Graduate,Farmer,664262,8500000,48,386,1777567,Rejected
8578,3,Graduate,Farmer,993741,15200000,192,650,3716207,Rejected
8579,1,Graduate,Farmer,640659,18700000,96,583,2749736,Rejected
8580,5,Graduate,Farmer,931516,23100000,240,461,10958842,Rejected
8581,0,Not Graduate,Farmer,522845,12600000,192,574,17828923,Rejected
8582,2,Not Graduate,Farmer,806544,7200000,192,454,9669441,Rejected
8583,2,Graduate,Farmer,424060,5300000,72,826,10477571,Approved
8584,3,Graduate,Farmer,698260,18800000,240,308,7104128,Rejected
8585,5,Graduate,Farmer,293259,11000000,168,379,19654361,Approved
8586,2,Not Graduate,Farmer,375128,5000000,96,884,17201688,Approved
8587,2,Graduate,Farmer,919471,19700000,168,885,13383028,Rejected
8588,1,Graduate,Farmer,709719,30500000,216,500,10223482,Rejected
8589,0,Not Graduate,Farmer,970123,23800000,144,389,10278101,Rejected
8590,0,Not Graduate,Farmer,945038,35100000,72,898,7687666,Rejected
8591,1,Not Graduate,Farmer,503832,3600000,48,546,1778799,Rejected
8592,4,Graduate,Farmer,989097,2400000,168,705,8079701,Approved
8593,0,Not Graduate,Farmer,729661,3600000,120,683,1879459,Rejected
8594,4,Graduate,Farmer,281144,8300000,120,318,2822744,Rejected
8595,4,Not Graduate,Farmer,911006,8300000,168,352,16521772,Approved
8596,0,Not Graduate,Farmer,350195,12500000,216,868,9167707,Rejected
8597,3,Graduate,Farmer,243748,3800000,240,814,11679744,Approved
8598,1,Graduate,Farmer,504032,17900000,72,575,13030252,Rejected
8599,1,Not Graduate,Farmer,132733,16000000,168,406,14321008,Rejected
8600,5,Not Graduate,Farmer,841040,12400000,96,333,13573832,Rejected
8601,0,Graduate,Farmer,626338,500000,24,885,10240658,Approved
8602,3,Graduate,Farmer,209996,11100000,24,660,8446153,Rejected
8603,4,Graduate,Farmer,658221,1800000,216,728,3567587,Approved
8604,0,Graduate,Farmer,649239,500000,216,702,17596204,Approved
8605,1,Graduate,Farmer,656701,3000000,120,813,1264237,Rejected
8606,0,Not Graduate,Farmer,265873,1100000,96,789,5469353,Approved
8607,0,Graduate,Farmer,810979,10600000,72,591,3514719,Rejected
8608,5,Not Graduate,Farmer,999005,7400000,168,799,17021765,Approved
8609,1,Not Graduate,Farmer,533816,2800000,192,726,2908911,Rejected
8610,5,Not Graduate,Farmer,813135,33300000,72,364,5002981,Rejected
8611,0,Graduate,Farmer,321888,17600000,48,790,2419920,Rejected
8612,2,Not Graduate,Farmer,885332,19500000,168,775,3179441,Rejected
8613,5,Graduate,Farmer,845453,20100000,48,700,3737946,Rejected
8614,2,Not Graduate,Farmer,867950,16800000,120,480,17730165,Rejected
8615,4,Graduate,Farmer,266472,800000,192,685,3088062,Approved
8616,0,Not Graduate,Farmer,497710,5900000,72,572,11745240,Approved
8617,5,Not Graduate,Farmer,311760,23200000,120,416,19612123,Rejected
8618,1,Graduate,Farmer,222744,11700000,120,774,9352110,Rejected
8619,0,Graduate,Farmer,975863,2700000,24,638,4861774,Approved
8620,4,Not Graduate,Farmer,830051,17400000,240,506,4800986,Rejected
8621,4,Graduate,Farmer,601946,12400000,240,547,6332889,Rejected
8622,4,Not Graduate,Farmer,143001,29000000,192,590,18501074,Rejected
8623,0,Not Graduate,Farmer,691652,9400000,216,879,16103223,Approved
8624,1,Not Graduate,Farmer,931460,19100000,24,593,12207515,Rejected
8625,0,Not Graduate,Farmer,338506,20000000,72,881,17822032,Rejected
8626,4,Not Graduate,Farmer,853019,9600000,240,863,1004138,Rejected
8627,5,Not Graduate,Farmer,530789,8700000,168,772,14379795,Approved
8628,4,Not Graduate,Farmer,756166,10800000,24,841,4864044,Rejected
8629,0,Graduate,Farmer,811998,21000000,72,665,17998768,Rejected
8630,3,Graduate,Farmer,752589,21600000,240,557,11608790,Rejected
8631,0,Graduate,Farmer,599722,34000000,48,549,14501550,Rejected
8632,5,Not Graduate,Farmer,785117,26600000,240,771,19675167,Rejected
8633,4,Graduate,Farmer,658924,8300000,120,318,19934496,Approved
8634,5,Graduate,Farmer,835457,4300000,24,517,15899192,Approved
8635,1,Graduate,Farmer,279352,11500000,48,871,1808301,Rejected
8636,2,Not Graduate,Farmer,910694,4200000,192,771,1112935,Rejected
8637,5,Not Graduate,Farmer,966867,22800000,144,600,15166218,Rejected
8638,5,Graduate,Farmer,293283,20300000,48,772,13440497,Rejected
8639,3,Not Graduate,Farmer,550195,10500000,144,886,19927421,Approved
8640,4,Not Graduate,Farmer,869884,9000000,24,674,15369952,Approved
8641,2,Graduate,Farmer,531413,14300000,168,477,5280650,Rejected
8642,0,Not Graduate,Farmer,403988,4100000,144,789,5523535,Rejected
8643,4,Not Graduate,Farmer,426898,11900000,216,635,13988753,Rejected
8644,3,Graduate,Farmer,963561,37800000,120,418,11970761,Rejected
8645,0,Not Graduate,Farmer,402186,6900000,48,749,10241937,Rejected
8646,2,Graduate,Farmer,161665,29900000,144,778,2730085,Rejected
8647,3,Graduate,Farmer,346584,8500000,144,493,3026110,Rejected
8648,0,Not Graduate,Farmer,216953,6600000,120,737,12473170,Approved
8649,5,Not Graduate,Farmer,576072,17500000,72,510,6641379,Rejected
8650,2,Graduate,Farmer,782736,19000000,72,523,13983738,Rejected
8651,1,Graduate,Farmer,286626,14000000,24,411,9825150,Rejected
8652,2,Graduate,Farmer,245271,15100000,216,330,3980672,Rejected
8653,0,Not Graduate,Farmer,218533,12700000,168,797,15418934,Rejected
8654,4,Graduate,Farmer,698069,17600000,72,612,16214455,Rejected
8655,1,Not Graduate,Farmer,565966,32400000,216,831,15107226,Rejected
8656,0,Graduate,Farmer,166262,38700000,24,611,11450695,Rejected
8657,4,Not Graduate,Farmer,933032,8400000,120,521,17859625,Approved
8658,4,Not Graduate,Farmer,176898,14300000,96,371,14281788,Rejected
8659,3,Graduate,Farmer,555699,19600000,48,767,13213866,Rejected
8660,1,Not Graduate,Farmer,249369,12100000,48,884,14866352,Rejected
8661,2,Graduate,Farmer,654736,7400000,216,666,6417755,Rejected
8662,3,Not Graduate,Farmer,388316,2400000,144,480,6131104,Approved
8663,1,Graduate,Farmer,107657,17900000,168,727,2927716,Rejected
8664,2,Graduate,Farmer,577602,3400000,120,426,11310280,Approved
8665,3,Not Graduate,Farmer,880977,3600000,192,624,17140113,Approved
8666,5,Graduate,Farmer,474999,9200000,144,870,6241684,Rejected
8667,0,Graduate,Farmer,784191,29700000,72,405,11032315,Rejected
8668,2,Not Graduate,Farmer,107906,10600000,216,431,17215665,Approved
8669,2,Not Graduate,Farmer,423557,22400000,168,695,4800315,Rejected
8670,0,Not Graduate,Farmer,678316,7800000,168,376,17160362,Approved
8671,0,Not Graduate,Farmer,893719,24000000,240,728,12756878,Rejected
8672,2,Graduate,Farmer,395804,4200000,96,648,7469723,Approved
8673,3,Graduate,Farmer,568974,16200000,72,380,1344126,Rejected
8674,1,Not Graduate,Farmer,946936,20500000,72,523,15261909,Rejected
8675,2,Graduate,Farmer,815080,6800000,168,317,17525823,Approved
8676,3,Graduate,Farmer,727267,14600000,120,841,18914627,Rejected
8677,2,Not Graduate,Farmer,134701,10600000,216,431,19447573,Approved
8678,2,Graduate,Farmer,183300,12000000,24,567,12301119,Rejected
8679,4,Not Graduate,Farmer,865537,3800000,24,896,6939334,Approved
8680,1,Graduate,Farmer,773034,14800000,144,360,7393404,Rejected
8681,0,Not Graduate,Farmer,183560,17300000,96,583,4330922,Rejected
8682,4,Graduate,Farmer,342615,19200000,48,868,17452814,Rejected
8683,2,Not Graduate,Farmer,143642,8600000,96,835,9686594,Rejected
8684,4,Graduate,Farmer,617083,24500000,216,318,15693325,Rejected
8685,3,Not Graduate,Farmer,591036,15200000,168,467,16805349,Rejected
8686,1,Not Graduate,Farmer,427304,32900000,120,570,11854520,Rejected
8687,5,Graduate,Farmer,904034,22000000,240,528,11411392,Rejected
8688,0,Graduate,Farmer,465464,14000000,48,702,10242213,Rejected
8689,0,Not Graduate,Farmer,713089,12500000,216,868,14925413,Rejected
8690,0,Not Graduate,Farmer,388075,12900000,120,695,11761556,Rejected
8691,4,Graduate,Farmer,194377,26100000,24,481,19093039,Rejected
8692,1,Graduate,Farmer,915624,29200000,24,663,4433372,Rejected
8693,1,Not Graduate,Farmer,932974,25400000,72,477,1770692,Rejected
8694,3,Not Graduate,Farmer,928952,7700000,192,485,1673812,Rejected
8695,4,Not Graduate,Farmer,426916,9500000,240,613,8797698,Rejected
8696,2,Not Graduate,Farmer,551978,12500000,96,849,7982252,Rejected
8697,4,Graduate,Farmer,412250,25700000,240,597,4817042,Rejected
8698,1,Graduate,Farmer,705409,15200000,96,389,5539170,Rejected
8699,2,Not Graduate,Farmer,125559,8900000,192,389,5969411,Rejected
8700,4,Not Graduate,Farmer,992027,21400000,168,476,1536644,Rejected
8701,5,Graduate,Farmer,658030,20000000,144,594,1652416,Rejected
8702,1,Not Graduate,Farmer,956101,20500000,120,407,12536523,Rejected
8703,5,Graduate,Farmer,777114,800000,24,759,19484758,Approved
8704,0,Graduate,Farmer,235044,2700000,24,638,2474620,Rejected
8705,0,Not Graduate,Farmer,957263,12200000,96,417,10563454,Rejected
8706,2,Graduate,Farmer,212217,11200000,72,442,2849395,Rejected
8707,0,Graduate,Farmer,666161,700000,96,501,1989336,Approved
8708,3,Graduate,Farmer,992964,28800000,96,391,14350198,Rejected
8709,1,Not Graduate,Farmer,503119,900000,240,419,13294121,Approved
8710,3,Graduate,Farmer,758380,30500000,120,473,16551270,Rejected
8711,4,Graduate,Farmer,928187,19100000,48,774,6666912,Rejected
8712,4,Not Graduate,Farmer,972388,7200000,192,612,5318420,Rejected
8713,3,Graduate,Farmer,186988,10900000,24,710,10044104,Rejected
8714,5,Not Graduate,Farmer,669936,8200000,24,848,4205228,Rejected
8715,4,Not Graduate,Farmer,225991,20800000,144,775,14453858,Rejected
8716,0,Not Graduate,Farmer,502732,28800000,48,619,7717526,Rejected
8717,3,Not Graduate,Farmer,606079,16900000,216,628,9464848,Rejected
8718,2,Not Graduate,Farmer,626684,14100000,24,709,5429899,Rejected
8719,4,Not Graduate,Farmer,184082,8600000,24,461,4891151,Rejected
8720,4,Graduate,Farmer,228322,12000000,48,719,2948061,Rejected
8721,0,Not Graduate,Farmer,756951,26000000,24,732,8347000,Rejected
8722,0,Graduate,Farmer,111303,11700000,168,649,6032661,Rejected
8723,3,Graduate,Farmer,261633,7700000,72,703,18675548,Approved
8724,2,Graduate,Farmer,433863,19000000,72,523,8603876,Rejected
8725,5,Graduate,Farmer,349690,25300000,96,796,14654687,Rejected
8726,5,Graduate,Farmer,884108,2700000,72,607,9551795,Approved
8727,3,Not Graduate,Farmer,199616,18200000,240,405,14038062,Rejected
8728,4,Not Graduate,Farmer,186231,16600000,168,889,2562518,Rejected
8729,1,Not Graduate,Farmer,369458,13100000,96,543,6248400,Rejected
8730,5,Graduate,Farmer,119623,16000000,168,444,9556135,Rejected
8731,2,Not Graduate,Farmer,823035,15200000,120,689,16450708,Rejected
8732,1,Not Graduate,Farmer,590042,14100000,144,525,3744804,Rejected
8733,5,Not Graduate,Farmer,558298,3900000,240,858,2587819,Rejected
8734,3,Graduate,Farmer,576840,15300000,72,440,10908981,Rejected
8735,0,Graduate,Farmer,205228,7500000,216,692,7356381,Rejected
8736,1,Graduate,Farmer,526346,33700000,168,561,16049424,Rejected
8737,5,Not Graduate,Farmer,807116,2000000,48,524,1594557,Rejected
8738,3,Not Graduate,Farmer,984056,13900000,240,383,8239914,Rejected
8739,3,Not Graduate,Farmer,781652,2500000,168,819,1990121,Rejected
8740,0,Not Graduate,Farmer,998217,8600000,24,667,19502265,Approved
8741,5,Graduate,Farmer,620547,31800000,192,858,12634313,Rejected
8742,0,Graduate,Farmer,972638,10400000,216,622,8845870,Rejected
8743,4,Not Graduate,Farmer,169274,19300000,168,821,17247803,Rejected
8744,4,Not Graduate,Farmer,233541,29100000,216,772,18260658,Rejected
8745,5,Graduate,Farmer,153947,7700000,192,830,16510435,Approved
8746,0,Graduate,Farmer,777894,14900000,192,638,6272225,Rejected
8747,1,Not Graduate,Farmer,294692,6000000,192,518,16460040,Approved
8748,5,Graduate,Farmer,148874,13800000,168,397,5109545,Rejected
8749,1,Graduate,Farmer,673996,35900000,24,719,14592781,Rejected
8750,5,Not Graduate,Farmer,174553,22800000,168,382,13320422,Rejected
8751,0,Not Graduate,Farmer,692632,6500000,24,691,14076726,Approved
8752,2,Not Graduate,Farmer,935570,16500000,192,785,7622766,Rejected
8753,0,Graduate,Farmer,809662,11600000,144,466,2751797,Rejected
8754,2,Not Graduate,Farmer,671926,16700000,24,786,9486014,Rejected
8755,3,Graduate,Farmer,178249,33700000,144,397,4452814,Rejected
8756,4,Not Graduate,Farmer,992297,5200000,192,724,7870679,Approved
8757,0,Not Graduate,Farmer,627007,10600000,240,512,9038762,Rejected
8758,4,Not Graduate,Farmer,778250,1500000,24,669,10410044,Approved
8759,0,Graduate,Farmer,570452,6000000,96,690,3891912,Rejected
8760,4,Graduate,Farmer,529725,6300000,48,370,8355566,Rejected
8761,2,Not Graduate,Farmer,142534,4500000,120,555,17600352,Approved
8762,1,Graduate,Farmer,595518,2500000,48,409,19386400,Approved
8763,4,Graduate,Farmer,716529,8900000,48,478,8913490,Rejected
8764,2,Not Graduate,Farmer,512003,19300000,144,463,5798793,Rejected
8765,5,Graduate,Farmer,226209,36700000,192,348,16438825,Rejected
8766,4,Graduate,Farmer,542061,8900000,240,809,3328476,Rejected
8767,5,Graduate,Farmer,289004,2900000,48,829,1484273,Rejected
8768,3,Not Graduate,Farmer,716412,5700000,168,670,15342901,Approved
8769,1,Not Graduate,Farmer,715947,18500000,48,612,6386159,Rejected
8770,1,Graduate,Farmer,264134,19900000,120,669,6646895,Rejected
8771,1,Graduate,Farmer,175713,19400000,120,410,18503664,Rejected
8772,3,Not Graduate,Farmer,842623,11400000,192,562,16102196,Rejected
8773,2,Graduate,Farmer,588972,12400000,168,842,1070463,Rejected
8774,0,Graduate,Farmer,175418,32600000,120,704,15773564,Rejected
8775,1,Graduate,Farmer,228232,20500000,120,414,6450652,Rejected
8776,0,Graduate,Farmer,620551,28400000,216,577,7852902,Rejected
8777,3,Not Graduate,Farmer,263038,25500000,144,881,10521791,Rejected
8778,3,Graduate,Farmer,268383,14400000,96,677,17634711,Rejected
8779,5,Not Graduate,Farmer,918007,20000000,48,459,14430854,Rejected
8780,2,Graduate,Farmer,425996,6800000,168,317,6301572,Rejected
8781,3,Graduate,Farmer,358722,8300000,48,685,6116934,Rejected
8782,4,Graduate,Farmer,232079,10700000,48,450,14107392,Rejected
8783,3,Not Graduate,Farmer,302053,11400000,120,424,11733296,Rejected
8784,4,Not Graduate,Farmer,700530,21200000,240,355,9425021,Rejected
8785,2,Not Graduate,Farmer,278589,17600000,24,355,16872528,Rejected
8786,5,Graduate,Farmer,603238,38000000,120,359,6890298,Rejected
8787,2,Graduate,Farmer,129257,12900000,168,857,9027522,Rejected
8788,4,Not Graduate,Farmer,580488,25500000,120,900,13057116,Rejected
8789,3,Not Graduate,Farmer,535423,25200000,96,316,15716532,Rejected
8790,3,Not Graduate,Farmer,244353,25400000,120,725,14531114,Rejected
8791,3,Not Graduate,Farmer,423390,20800000,72,487,5860319,Rejected
8792,2,Not Graduate,Farmer,363579,3100000,48,881,16907609,Approved
8793,4,Not Graduate,Farmer,329947,11400000,96,470,15054779,Rejected
8794,4,Not Graduate,Farmer,331758,17900000,72,384,10304088,Rejected
8795,3,Graduate,Farmer,715645,20000000,168,727,9430664,Rejected
8796,0,Not Graduate,Farmer,257732,17100000,96,303,19926199,Rejected
8797,1,Graduate,Farmer,827955,11800000,192,848,12331383,Rejected
8798,1,Not Graduate,Farmer,708095,1400000,120,523,1773952,Rejected
8799,2,Graduate,Farmer,538755,23100000,48,488,18685596,Rejected
8800,5,Not Graduate,Farmer,238563,25800000,168,786,5620792,Rejected
8801,4,Graduate,Farmer,883066,23900000,72,899,2337768,Rejected
8802,4,Graduate,Farmer,606047,28700000,240,520,4090930,Rejected
8803,0,Not Graduate,Farmer,805552,12500000,216,778,11249579,Rejected
8804,0,Graduate,Farmer,426032,9600000,168,471,19291317,Approved
8805,2,Not Graduate,Farmer,697897,17000000,120,856,11718952,Rejected
8806,4,Not Graduate,Farmer,895509,17300000,144,588,2406150,Rejected
8807,5,Not Graduate,Farmer,872800,20000000,48,459,12808156,Rejected
8808,4,Not Graduate,Farmer,353973,14200000,240,535,17126290,Rejected
8809,1,Not Graduate,Farmer,383097,4900000,240,647,2229458,Rejected
8810,2,Graduate,Farmer,476826,5700000,168,502,15652353,Approved
8811,1,Graduate,Farmer,614257,19500000,144,778,15986157,Rejected
8812,3,Graduate,Farmer,954321,15100000,240,540,15330290,Rejected
8813,4,Not Graduate,Farmer,779181,4000000,216,706,2493551,Rejected
8814,4,Not Graduate,Farmer,530783,8900000,120,665,13553863,Approved
8815,0,Not Graduate,Farmer,215374,10100000,168,376,11095125,Rejected
8816,2,Graduate,Farmer,649148,21500000,216,471,12586053,Rejected
8817,0,Graduate,Farmer,776555,21600000,120,552,9743662,Rejected
8818,4,Graduate,Farmer,701763,17000000,48,364,12589816,Rejected
8819,1,Not Graduate,Farmer,584090,28100000,168,767,4839847,Rejected
8820,5,Not Graduate,Farmer,973698,20700000,24,537,18943886,Rejected
8821,3,Graduate,Farmer,776787,1900000,216,618,18457883,Approved
8822,2,Graduate,Farmer,987164,16500000,144,845,17290476,Rejected
8823,1,Graduate,Farmer,389227,4700000,24,667,3014017,Rejected
8824,3,Not Graduate,Farmer,842406,26600000,48,689,17255310,Rejected
8825,3,Graduate,Farmer,943804,11100000,144,572,19776698,Approved
8826,0,Not Graduate,Farmer,748074,3900000,192,690,17213737,Approved
8827,3,Graduate,Farmer,632101,33600000,24,426,4649244,Rejected
8828,0,Not Graduate,Farmer,131598,1600000,72,647,5614466,Approved
8829,2,Not Graduate,Farmer,605934,6200000,144,860,6846866,Rejected
8830,4,Graduate,Farmer,882239,25200000,24,308,12477197,Rejected
8831,0,Graduate,Farmer,717394,19000000,168,687,16072182,Rejected
8832,2,Not Graduate,Farmer,389226,23600000,72,358,11250813,Rejected
8833,3,Graduate,Farmer,915673,19600000,48,767,15177786,Rejected
8834,2,Graduate,Farmer,327286,15100000,96,488,10854523,Rejected
8835,2,Not Graduate,Farmer,537785,14100000,24,471,18127283,Rejected
8836,2,Graduate,Farmer,111745,7800000,48,819,3059385,Rejected
8837,1,Graduate,Farmer,912461,10800000,168,632,3367322,Rejected
8838,5,Graduate,Farmer,244097,16500000,72,447,19152861,Rejected
8839,2,Not Graduate,Farmer,332732,15400000,96,332,14927297,Rejected
8840,1,Not Graduate,Farmer,769648,1300000,216,801,7964705,Approved
8841,1,Graduate,Farmer,713474,16400000,240,555,10088503,Rejected
8842,4,Not Graduate,Farmer,984200,31100000,96,896,7632142,Rejected
8843,4,Graduate,Farmer,313030,19000000,168,330,8656495,Rejected
8844,0,Graduate,Farmer,824238,10600000,240,653,18022360,Approved
8845,0,Not Graduate,Farmer,666134,8800000,216,300,13412835,Approved
8846,1,Not Graduate,Farmer,438076,20900000,48,574,4822727,Rejected
8847,2,Not Graduate,Farmer,248554,15200000,240,776,19021576,Rejected
8848,3,Graduate,Farmer,385555,22800000,192,582,5970809,Rejected
8849,2,Not Graduate,Farmer,544191,20600000,120,504,4049316,Rejected
8850,0,Graduate,Farmer,553761,33000000,48,616,8503276,Rejected
8851,5,Graduate,Farmer,605518,1500000,144,509,11235193,Approved
8852,1,Graduate,Farmer,440941,23900000,48,313,3960883,Rejected
8853,4,Not Graduate,Farmer,414451,6100000,240,478,18683666,Approved
8854,0,Not Graduate,Farmer,384186,20800000,240,590,15114495,Rejected
8855,2,Graduate,Farmer,677218,28800000,96,890,10871403,Rejected
8856,3,Not Graduate,Farmer,872944,20800000,72,487,1282140,Rejected
8857,2,Graduate,Farmer,537629,9600000,192,404,17353850,Approved
8858,0,Graduate,Farmer,868747,8200000,96,722,14798270,Approved
8859,3,Not Graduate,Farmer,324695,1600000,216,303,1558981,Rejected
8860,4,Graduate,Farmer,984315,1400000,48,507,11431929,Approved
8861,3,Not Graduate,Farmer,395900,11900000,72,607,9497552,Rejected
8862,3,Graduate,Farmer,153268,12700000,120,465,2797519,Rejected
8863,5,Graduate,Farmer,532430,10200000,192,874,4877590,Rejected
8864,4,Graduate,Farmer,312943,15600000,144,470,17532446,Rejected
8865,2,Not Graduate,Farmer,883204,19400000,192,549,15625666,Rejected
8866,2,Not Graduate,Farmer,521818,2300000,144,335,15927636,Approved
8867,0,Graduate,Farmer,808691,6700000,96,461,4715929,Rejected
8868,1,Not Graduate,Farmer,673189,23500000,48,666,5391401,Rejected
8869,1,Not Graduate,Farmer,462130,32200000,192,468,3928100,Rejected
8870,1,Graduate,Farmer,294488,16700000,192,308,12097844,Rejected
8871,5,Not Graduate,Farmer,787556,13500000,240,840,2953341,Rejected
8872,3,Not Graduate,Farmer,490530,13000000,120,459,1973737,Rejected
8873,0,Not Graduate,Farmer,892058,16900000,168,473,10521995,Rejected
8874,3,Not Graduate,Farmer,762784,18200000,120,395,4902908,Rejected
8875,2,Not Graduate,Farmer,899289,14800000,72,724,8903498,Rejected
8876,0,Not Graduate,Farmer,341531,800000,48,603,15600719,Approved
8877,2,Not Graduate,Farmer,346693,4000000,168,502,12027047,Approved
8878,0,Not Graduate,Farmer,803650,11500000,168,509,6698618,Rejected
8879,0,Graduate,Farmer,650719,14900000,192,638,18073082,Rejected
8880,4,Not Graduate,Farmer,971408,1500000,240,340,10185665,Approved
8881,1,Graduate,Farmer,338360,8700000,240,885,13781149,Approved
8882,1,Graduate,Farmer,444855,16900000,24,396,7236893,Rejected
8883,5,Graduate,Farmer,607403,18100000,120,360,7822603,Rejected
8884,0,Graduate,Farmer,126385,700000,192,779,16315338,Approved
8885,1,Not Graduate,Farmer,531374,7200000,96,741,2805518,Rejected
8886,2,Not Graduate,Farmer,516235,8800000,72,512,14915471,Approved
8887,4,Graduate,Farmer,380783,16500000,240,692,4623425,Rejected
8888,2,Not Graduate,Farmer,185530,5900000,72,895,4599537,Rejected
8889,5,Graduate,Farmer,855271,28900000,48,485,7521689,Rejected
8890,4,Not Graduate,Farmer,383707,30100000,72,632,15004881,Rejected
8891,1,Not Graduate,Farmer,477816,20700000,96,753,7010224,Rejected
8892,3,Graduate,Farmer,529660,5300000,144,436,11598461,Approved
8893,1,Graduate,Farmer,501927,13800000,168,350,9595960,Rejected
8894,2,Graduate,Farmer,829678,7000000,48,588,17961730,Approved
8895,2,Not Graduate,Farmer,445114,9400000,120,727,7736549,Rejected
8896,5,Not Graduate,Farmer,343373,23400000,192,604,16297757,Rejected
8897,2,Graduate,Farmer,447697,12500000,168,375,19035840,Approved
8898,3,Not Graduate,Farmer,261779,1000000,144,469,17693932,Approved
8899,4,Not Graduate,Farmer,270182,15000000,96,383,15717083,Rejected
8900,1,Not Graduate,Farmer,817148,11500000,96,753,10351060,Rejected
8901,2,Graduate,Farmer,707167,15800000,192,748,7671203,Rejected
8902,5,Not Graduate,Farmer,338260,23200000,216,713,15838662,Rejected
8903,2,Not Graduate,Farmer,931291,33200000,48,465,3750025,Rejected
8904,3,Graduate,Farmer,938530,8500000,216,609,15400948,Approved
8905,0,Not Graduate,Farmer,770611,16900000,168,473,11478542,Rejected
8906,5,Not Graduate,Farmer,746701,12200000,240,513,6735630,Rejected
8907,0,Not Graduate,Farmer,886958,32000000,24,500,3514399,Rejected
8908,3,Graduate,Farmer,430904,17700000,48,662,14051670,Rejected
8909,0,Not Graduate,Farmer,147837,20900000,168,766,1955205,Rejected
8910,4,Graduate,Farmer,618349,21100000,216,489,11511699,Rejected
8911,1,Not Graduate,Farmer,884838,2200000,48,852,1966649,Rejected
8912,4,Graduate,Farmer,897968,14000000,72,711,16617892,Rejected
8913,3,Graduate,Farmer,652829,28700000,216,781,5980939,Rejected
8914,5,Not Graduate,Farmer,179083,23600000,168,854,10322656,Rejected
8915,0,Not Graduate,Farmer,658819,7000000,72,666,12419163,Approved
8916,1,Graduate,Farmer,370856,10600000,168,742,14110948,Rejected
8917,4,Not Graduate,Farmer,466245,28000000,96,663,8576126,Rejected
8918,3,Not Graduate,Farmer,951887,8500000,144,557,11421317,Rejected
8919,1,Graduate,Farmer,699032,15000000,144,794,6061500,Rejected
8920,3,Graduate,Farmer,877147,18300000,48,348,18977748,Rejected
8921,2,Not Graduate,Farmer,754037,20400000,144,887,6193378,Rejected
8922,3,Graduate,Farmer,891541,11000000,24,543,18241678,Approved
8923,3,Graduate,Farmer,935700,7400000,168,656,12380228,Approved
8924,4,Not Graduate,Farmer,856097,21900000,120,538,12961009,Rejected
8925,0,Not Graduate,Farmer,941047,22100000,240,303,11833583,Rejected
8926,3,Graduate,Farmer,706791,5600000,216,420,12660165,Approved
8927,1,Not Graduate,Farmer,354346,12000000,120,852,8962366,Rejected
8928,2,Graduate,Farmer,709996,7000000,48,588,11837916,Approved
8929,0,Graduate,Farmer,815472,33100000,240,734,18051751,Rejected
8930,1,Graduate,Farmer,726759,500000,240,713,12636812,Approved
8931,3,Graduate,Farmer,878513,16900000,24,350,3480017,Rejected
8932,3,Not Graduate,Farmer,257661,22200000,96,571,5816129,Rejected
8933,1,Graduate,Farmer,785375,3500000,96,562,1917472,Rejected
8934,1,Not Graduate,Farmer,260081,10900000,144,463,16946620,Approved
8935,3,Graduate,Farmer,969741,33600000,24,426,6016239,Rejected
8936,1,Not Graduate,Farmer,488590,9800000,96,335,17679868,Approved
8937,4,Not Graduate,Farmer,817406,7500000,72,894,9493535,Rejected
8938,0,Graduate,Farmer,993093,1200000,48,766,11238524,Approved
8939,0,Graduate,Farmer,781503,2100000,144,813,4649886,Approved
8940,3,Not Graduate,Farmer,106154,14100000,96,367,6533326,Rejected
8941,5,Not Graduate,Farmer,777164,17000000,96,300,1953122,Rejected
8942,4,Not Graduate,Farmer,164288,2800000,144,453,5663754,Approved
8943,3,Not Graduate,Farmer,151195,21600000,168,678,5517562,Rejected
8944,4,Not Graduate,Farmer,382725,8700000,168,302,11686962,Rejected
8945,4,Graduate,Farmer,545864,25500000,48,722,16808458,Rejected
8946,2,Graduate,Farmer,392231,14900000,144,571,2193982,Rejected
8947,1,Graduate,Farmer,805290,11700000,72,308,10007611,Rejected
8948,5,Not Graduate,Farmer,264053,28900000,96,516,1506453,Rejected
8949,0,Not Graduate,Farmer,693586,14500000,144,441,7548894,Rejected
8950,2,Not Graduate,Farmer,932599,600000,24,383,11912663,Approved
8951,3,Graduate,Farmer,830664,900000,144,538,14028784,Approved
8952,5,Not Graduate,Farmer,536624,18700000,168,509,19333027,Rejected
8953,0,Not Graduate,Farmer,139499,7700000,144,775,6077198,Rejected
8954,1,Not Graduate,Farmer,487960,3800000,96,779,17420607,Approved
8955,4,Not Graduate,Farmer,545485,1300000,216,762,11044650,Approved
8956,5,Graduate,Farmer,793919,11800000,192,845,4845474,Rejected
8957,1,Graduate,Farmer,345198,8600000,72,730,4924482,Rejected
8958,4,Graduate,Farmer,567535,31400000,96,698,4232452,Rejected
8959,1,Not Graduate,Farmer,867285,1100000,144,443,17739452,Approved
8960,4,Graduate,Farmer,720635,2900000,72,723,5290697,Approved
8961,2,Not Graduate,Farmer,410931,18900000,216,478,13134936,Rejected
8962,4,Not Graduate,Farmer,397632,18500000,96,470,19255297,Rejected
8963,1,Graduate,Farmer,436585,23900000,144,692,19348105,Rejected
8964,0,Not Graduate,Farmer,830023,22000000,144,387,4071640,Rejected
8965,1,Graduate,Farmer,122431,3000000,216,614,10934099,Approved
8966,3,Not Graduate,Farmer,423825,2500000,96,321,14322450,Approved
8967,3,Not Graduate,Farmer,294555,26700000,120,550,6253974,Rejected
8968,0,Not Graduate,Farmer,747008,23600000,24,361,18728138,Rejected
8969,0,Graduate,Farmer,673441,13600000,48,834,19461665,Rejected
8970,0,Graduate,Farmer,368512,10700000,96,855,6753371,Rejected
8971,1,Not Graduate,Farmer,998792,10900000,48,524,19210500,Approved
8972,4,Not Graduate,Farmer,276076,23900000,72,300,2117374,Rejected
8973,2,Graduate,Farmer,319724,26700000,192,696,3999610,Rejected
8974,1,Not Graduate,Farmer,999187,11600000,192,696,3298756,Rejected
8975,2,Not Graduate,Farmer,681273,29300000,48,600,15790194,Rejected
8976,4,Not Graduate,Farmer,936501,22400000,216,351,9418865,Rejected
8977,5,Not Graduate,Farmer,414470,23200000,216,672,5601731,Rejected
8978,5,Graduate,Farmer,733025,15600000,24,730,8173877,Rejected
8979,1,Graduate,Farmer,836421,16000000,120,541,1985257,Rejected
8980,4,Not Graduate,Farmer,778758,6600000,24,722,18878483,Approved
8981,2,Graduate,Farmer,853753,2500000,192,458,11444453,Approved
8982,1,Not Graduate,Farmer,150861,29900000,192,476,18196045,Rejected
8983,2,Graduate,Farmer,438041,7800000,48,819,17699679,Approved
8984,2,Not Graduate,Farmer,312977,3500000,240,693,8040906,Approved
8985,0,Not Graduate,Farmer,751406,13100000,168,385,13503953,Rejected
8986,3,Graduate,Farmer,955009,19900000,168,452,14126810,Rejected
8987,5,Not Graduate,Farmer,821001,300000,96,412,19324149,Approved
8988,4,Graduate,Farmer,109078,14000000,24,695,3956151,Rejected
8989,0,Not Graduate,Farmer,424912,6000000,96,382,19004438,Approved
8990,2,Not Graduate,Farmer,675335,800000,72,338,14624394,Approved
8991,2,Graduate,Farmer,958058,8800000,216,336,15149908,Approved
8992,4,Graduate,Farmer,944092,20400000,240,761,2543812,Rejected
8993,4,Not Graduate,Farmer,859746,17900000,72,384,15534056,Rejected
8994,3,Graduate,Farmer,495141,8500000,144,586,16598138,Approved
8995,3,Graduate,Farmer,315048,7100000,72,415,8831038,Rejected
8996,0,Not Graduate,Farmer,860581,8200000,48,554,1865256,Rejected
8997,1,Graduate,Farmer,742120,7200000,96,453,8948745,Rejected
8998,5,Not Graduate,Farmer,749438,7400000,24,838,1000917,Rejected
8999,2,Not Graduate,Farmer,257087,23900000,144,814,14433919,Rejected
9000,3,Graduate,Farmer,133320,11100000,24,660,5473447,Rejected
9001,0,Graduate,Farmer,427025,19000000,168,687,9650699,Rejected
9002,2,Not Graduate,Farmer,715115,16600000,48,679,15086549,Rejected
9003,0,Graduate,Farmer,613287,5100000,168,678,9791765,Approved
9004,2,Not Graduate,Farmer,464359,8300000,120,693,7876913,Rejected
9005,3,Not Graduate,Farmer,359931,20900000,168,649,16883182,Rejected
9006,2,Graduate,Farmer,506845,7500000,48,851,7139996,Rejected
9007,3,Graduate,Farmer,947982,1000000,240,501,15739885,Approved
9008,2,Not Graduate,Farmer,649114,7300000,24,776,16117715,Approved
9009,3,Not Graduate,Farmer,200734,9500000,192,748,7565792,Rejected
9010,0,Not Graduate,Farmer,257702,20300000,48,666,2384822,Rejected
9011,1,Graduate,Farmer,854122,10100000,24,797,19584618,Approved
9012,0,Graduate,Farmer,277235,21600000,120,552,2949902,Rejected
9013,1,Not Graduate,Farmer,198511,5900000,192,400,10523979,Approved
9014,5,Graduate,Farmer,373797,21800000,72,850,8505191,Rejected
9015,0,Not Graduate,Farmer,783321,15400000,48,675,18021093,Rejected
9016,1,Not Graduate,Farmer,706229,12400000,72,504,18697975,Approved
9017,5,Not Graduate,Farmer,829497,29300000,48,531,2761369,Rejected
9018,3,Not Graduate,Farmer,920094,3800000,192,451,15816349,Approved
9019,0,Graduate,Farmer,198818,14500000,192,811,10855780,Rejected
9020,4,Graduate,Farmer,252360,15300000,168,573,16354597,Rejected
9021,5,Not Graduate,Farmer,877915,8700000,168,772,9386369,Rejected
9022,5,Not Graduate,Farmer,719369,33600000,240,580,2858997,Rejected
9023,1,Not Graduate,Farmer,661165,9100000,144,436,5975467,Rejected
9024,4,Graduate,Farmer,473706,20700000,216,540,15440359,Rejected
9025,1,Not Graduate,Farmer,311957,6200000,144,337,2429290,Rejected
9026,4,Not Graduate,Farmer,172715,500000,192,765,3120711,Approved
9027,2,Not Graduate,Farmer,241398,28100000,240,763,18298460,Rejected
9028,3,Not Graduate,Farmer,734379,16200000,216,778,7271271,Rejected
9029,5,Graduate,Farmer,619052,11000000,168,379,19176985,Approved
9030,2,Not Graduate,Farmer,232632,23100000,48,519,7913744,Rejected
9031,2,Graduate,Farmer,965580,35000000,24,888,18602998,Rejected
9032,1,Graduate,Farmer,183186,12400000,144,330,1439439,Rejected
9033,1,Not Graduate,Farmer,787250,27600000,192,438,14657005,Rejected
9034,0,Not Graduate,Farmer,251094,17000000,72,624,13006205,Rejected
9035,2,Graduate,Farmer,694604,20900000,144,768,13998378,Rejected
9036,5,Not Graduate,Farmer,128380,21500000,48,557,2264134,Rejected
9037,5,Not Graduate,Farmer,734486,1400000,48,483,7767567,Approved
9038,4,Not Graduate,Farmer,364500,6100000,240,478,16555628,Approved
9039,0,Graduate,Farmer,170326,14500000,24,713,15091502,Rejected
9040,3,Not Graduate,Farmer,978879,36600000,72,431,17176055,Rejected
9041,2,Not Graduate,Farmer,739282,31600000,192,892,6759919,Rejected
9042,2,Not Graduate,Farmer,320971,14900000,240,627,2894554,Rejected
9043,0,Graduate,Farmer,906481,13700000,240,747,14104308,Rejected
9044,1,Not Graduate,Farmer,568933,28400000,72,709,14737174,Rejected
9045,1,Graduate,Farmer,991793,35900000,24,719,8605503,Rejected
9046,1,Graduate,Farmer,902514,15100000,96,379,1947272,Rejected
9047,3,Graduate,Farmer,887093,10800000,96,527,16942096,Approved
9048,1,Not Graduate,Farmer,268484,32000000,192,711,7343902,Rejected
9049,1,Not Graduate,Farmer,889352,28600000,96,631,8748408,Rejected
9050,2,Not Graduate,Farmer,584410,21300000,120,323,18489159,Rejected
9051,1,Graduate,Farmer,869666,15500000,24,693,15058702,Rejected
9052,4,Graduate,Farmer,441705,19400000,192,835,16624798,Rejected
9053,0,Graduate,Farmer,895378,16900000,192,759,11625908,Rejected
9054,1,Graduate,Farmer,325314,21800000,24,492,13613997,Rejected
9055,0,Graduate,Farmer,538716,3400000,168,832,17136571,Approved
9056,0,Graduate,Farmer,859900,8300000,120,585,5230207,Rejected
9057,5,Not Graduate,Farmer,902741,18300000,96,697,6446441,Rejected
9058,3,Not Graduate,Farmer,679518,29300000,96,843,2998173,Rejected
9059,3,Graduate,Farmer,998254,18100000,240,736,6858204,Rejected
9060,3,Not Graduate,Farmer,591872,9500000,192,748,12961866,Rejected
9061,5,Graduate,Farmer,616998,28200000,24,440,2490017,Rejected
9062,4,Graduate,Farmer,619984,28700000,168,878,4102641,Rejected
9063,3,Not Graduate,Farmer,565757,17200000,216,768,10258054,Rejected
9064,3,Not Graduate,Farmer,474484,4100000,96,455,18418809,Approved
9065,1,Graduate,Farmer,608062,3300000,24,513,13039969,Approved
9066,5,Not Graduate,Farmer,683609,2000000,240,811,2534227,Rejected
9067,1,Not Graduate,Farmer,232028,2700000,240,669,3297905,Rejected
9068,2,Graduate,Farmer,331447,5300000,72,826,13615013,Approved
9069,4,Graduate,Farmer,960563,25200000,216,691,15725683,Rejected
9070,0,Graduate,Farmer,541124,14300000,168,601,5109070,Rejected
9071,0,Not Graduate,Farmer,912395,14200000,24,512,19583426,Rejected
9072,2,Not Graduate,Farmer,726045,18600000,168,872,4989284,Rejected
9073,1,Not Graduate,Farmer,532659,8600000,192,312,7356605,Rejected
9074,4,Graduate,Farmer,985691,13400000,24,504,9415224,Rejected
9075,1,Graduate,Farmer,401207,7600000,48,592,10622823,Rejected
9076,4,Graduate,Farmer,476369,4800000,72,411,4838187,Rejected
9077,2,Graduate,Farmer,478544,27900000,216,840,7091111,Rejected
9078,0,Graduate,Farmer,442962,5800000,216,348,18815434,Approved
9079,4,Graduate,Farmer,366847,4800000,24,752,11773383,Approved
9080,4,Not Graduate,Farmer,820488,1900000,240,417,5109404,Approved
9081,0,Graduate,Farmer,696387,6700000,96,461,17137264,Approved
9082,1,Graduate,Farmer,519065,18500000,96,712,10166243,Rejected
9083,3,Not Graduate,Farmer,787220,27200000,216,454,10101948,Rejected
9084,1,Graduate,Farmer,131585,34500000,24,795,1278495,Rejected
9085,4,Graduate,Farmer,515231,16200000,240,734,19623573,Rejected
9086,0,Not Graduate,Farmer,667873,14800000,72,433,15456145,Rejected
9087,2,Graduate,Farmer,389102,30800000,240,820,11110807,Rejected
9088,5,Graduate,Farmer,388161,9100000,192,644,1700033,Rejected
9089,3,Not Graduate,Farmer,486821,11100000,72,312,6107742,Rejected
9090,5,Not Graduate,Farmer,915858,3000000,72,754,16249418,Approved
9091,4,Not Graduate,Farmer,379922,11400000,72,336,4901403,Rejected
9092,0,Not Graduate,Farmer,800601,24700000,168,438,1134445,Rejected
9093,1,Not Graduate,Farmer,142229,4400000,48,364,19622916,Approved
9094,2,Not Graduate,Farmer,186652,13900000,72,810,9304831,Rejected
9095,3,Graduate,Farmer,349474,3200000,48,767,12055589,Approved
9096,1,Not Graduate,Farmer,803724,11600000,120,898,15833901,Rejected
9097,2,Graduate,Farmer,360116,12600000,24,355,14490091,Rejected
9098,1,Graduate,Farmer,971310,21200000,144,549,1871535,Rejected
9099,3,Not Graduate,Farmer,943488,3900000,240,804,11172219,Approved
9100,4,Graduate,Farmer,620985,15000000,216,750,15857661,Rejected
9101,1,Graduate,Farmer,119975,6300000,192,882,2742166,Rejected
9102,0,Graduate,Farmer,257795,14500000,192,811,18812624,Rejected
9103,0,Graduate,Farmer,516495,21800000,24,561,19238528,Rejected
9104,1,Not Graduate,Farmer,309373,27600000,192,438,8627742,Rejected
9105,1,Not Graduate,Farmer,297133,16300000,168,792,9885048,Rejected
9106,3,Graduate,Farmer,974829,5800000,216,420,19249142,Approved
9107,1,Graduate,Farmer,804513,21400000,96,350,10840745,Rejected
9108,2,Graduate,Farmer,395286,14900000,240,495,3873524,Rejected
9109,3,Not Graduate,Farmer,913348,8100000,144,385,14855509,Approved
9110,1,Not Graduate,Farmer,688612,6400000,96,578,15226520,Approved
9111,5,Graduate,Farmer,276037,32100000,72,823,18072815,Rejected
9112,3,Not Graduate,Farmer,488076,21200000,48,711,2557009,Rejected
9113,3,Not Graduate,Farmer,760008,26100000,216,689,14528434,Rejected
9114,0,Not Graduate,Farmer,790493,23300000,144,338,16512487,Rejected
9115,1,Not Graduate,Farmer,720347,7100000,24,834,1597904,Rejected
9116,2,Graduate,Farmer,722605,21400000,144,699,13146062,Rejected
9117,0,Graduate,Farmer,825495,5400000,192,555,17894057,Approved
9118,3,Graduate,Farmer,397190,3300000,72,772,6907726,Approved
9119,4,Graduate,Farmer,540280,17200000,216,831,6826038,Rejected
9120,4,Graduate,Farmer,201459,11500000,240,337,18912486,Approved
9121,5,Graduate,Farmer,861985,9900000,48,319,1237068,Rejected
9122,4,Graduate,Farmer,300422,3900000,120,701,13537895,Approved
9123,0,Not Graduate,Farmer,932325,2100000,72,521,19381459,Approved
9124,0,Graduate,Farmer,201520,12200000,240,311,1851161,Rejected
9125,2,Not Graduate,Farmer,685560,9000000,240,892,10093964,Rejected
9126,0,Graduate,Farmer,847512,31000000,48,783,2638846,Rejected
9127,1,Graduate,Farmer,616123,22600000,216,617,10848018,Rejected
9128,0,Graduate,Farmer,429793,6800000,48,782,8870907,Rejected
9129,4,Graduate,Farmer,426818,3600000,120,657,9713542,Approved
9130,5,Graduate,Farmer,244832,10200000,144,431,2802466,Rejected
9131,2,Not Graduate,Farmer,252999,18700000,96,781,13210223,Rejected
9132,4,Not Graduate,Farmer,448619,18800000,192,880,3382865,Rejected
9133,2,Not Graduate,Farmer,161367,14600000,240,597,1464310,Rejected
9134,3,Not Graduate,Farmer,853315,20000000,216,720,14821734,Rejected
9135,3,Not Graduate,Farmer,505804,23200000,144,894,4714755,Rejected
9136,4,Not Graduate,Farmer,857038,24900000,24,640,9945850,Rejected
9137,5,Graduate,Farmer,335806,5000000,24,465,5303677,Rejected
9138,1,Not Graduate,Farmer,807593,8800000,216,414,5753292,Rejected
9139,3,Not Graduate,Farmer,144738,13200000,96,783,16533284,Rejected
9140,4,Graduate,Farmer,657685,26000000,72,571,11032517,Rejected
9141,5,Graduate,Farmer,444333,11900000,168,459,9009292,Rejected
9142,0,Graduate,Farmer,438511,18600000,72,618,6108728,Rejected
9143,3,Graduate,Farmer,302332,19900000,168,452,11387725,Rejected
9144,0,Not Graduate,Farmer,482729,18700000,216,865,18696350,Rejected
9145,3,Not Graduate,Farmer,963051,12900000,216,877,19633013,Approved
9146,4,Not Graduate,Farmer,211453,15900000,120,668,15019715,Rejected
9147,5,Graduate,Farmer,119816,31800000,192,858,7379515,Rejected
9148,5,Not Graduate,Farmer,869299,3600000,144,315,12318343,Approved
9149,5,Graduate,Farmer,965962,10300000,96,781,3570725,Rejected
9150,4,Graduate,Farmer,516715,25200000,216,691,3426277,Rejected
9151,3,Graduate,Farmer,471000,23600000,216,557,14490295,Rejected
9152,1,Not Graduate,Farmer,313567,24000000,72,380,6324852,Rejected
9153,3,Not Graduate,Farmer,614933,1600000,240,705,12589058,Approved
9154,1,Not Graduate,Farmer,695923,6600000,240,765,14530348,Approved
9155,0,Not Graduate,Farmer,994235,16400000,240,539,2317621,Rejected
9156,5,Not Graduate,Farmer,316184,20100000,144,774,10828959,Rejected
9157,4,Graduate,Farmer,398090,8400000,144,761,6053127,Rejected
9158,5,Graduate,Farmer,417348,9900000,48,319,18516790,Approved
9159,2,Graduate,Farmer,282958,23600000,24,476,5071495,Rejected
9160,2,Not Graduate,Farmer,377707,6700000,192,893,18102653,Approved
9161,5,Not Graduate,Farmer,192324,17300000,192,874,11205368,Rejected
9162,1,Not Graduate,Farmer,323536,14000000,72,468,19868229,Rejected
9163,2,Not Graduate,Farmer,857232,28300000,120,822,13019231,Rejected
9164,2,Graduate,Farmer,371991,15200000,144,552,4681890,Rejected
9165,5,Graduate,Farmer,126155,1800000,120,650,6991305,Approved
9166,0,Not Graduate,Farmer,441815,6900000,48,404,1872834,Rejected
9167,1,Not Graduate,Farmer,741179,4700000,24,870,15431999,Approved
9168,0,Graduate,Farmer,969742,23600000,96,712,5637370,Rejected
9169,4,Graduate,Farmer,560494,22100000,48,364,7626379,Rejected
9170,4,Graduate,Farmer,249381,29700000,240,614,10008304,Rejected
9171,5,Graduate,Farmer,231691,9900000,48,319,13460858,Rejected
9172,0,Graduate,Farmer,576410,21200000,216,377,6887774,Rejected
9173,4,Not Graduate,Farmer,543324,24900000,24,405,13501340,Rejected
9174,5,Not Graduate,Farmer,134707,28000000,96,527,8352132,Rejected
9175,0,Graduate,Farmer,618477,24800000,120,642,14950653,Rejected
9176,3,Graduate,Farmer,967969,23900000,120,449,18809715,Rejected
9177,4,Graduate,Farmer,821864,26000000,72,571,4820888,Rejected
9178,5,Not Graduate,Farmer,802974,13700000,24,468,8730302,Rejected
9179,2,Not Graduate,Farmer,846788,1300000,24,885,8534504,Approved
9180,1,Graduate,Farmer,453299,18300000,240,430,12364638,Rejected
9181,2,Not Graduate,Farmer,886713,10700000,96,806,13865918,Rejected
9182,4,Graduate,Farmer,258492,3400000,120,778,8199107,Approved
9183,4,Not Graduate,Farmer,574112,9800000,192,895,3806284,Rejected
9184,2,Graduate,Farmer,270102,8200000,120,429,15953086,Approved
9185,5,Graduate,Farmer,494274,10600000,24,432,16171185,Approved
9186,5,Graduate,Farmer,317285,5800000,48,583,11002707,Approved
9187,3,Graduate,Farmer,438404,35400000,72,869,7572531,Rejected
9188,4,Graduate,Farmer,259476,1100000,48,457,2141452,Approved
9189,5,Graduate,Farmer,858842,700000,120,586,16509429,Approved
9190,0,Graduate,Farmer,260928,9900000,48,696,19008012,Approved
9191,5,Graduate,Farmer,764560,700000,216,707,1113936,Approved
9192,0,Graduate,Farmer,950610,18200000,48,332,8539769,Rejected
9193,0,Graduate,Farmer,396141,14000000,96,486,12638087,Rejected
9194,2,Graduate,Farmer,743561,15600000,144,838,14702874,Rejected
9195,2,Not Graduate,Farmer,796595,17600000,240,465,5280428,Rejected
9196,5,Not Graduate,Farmer,348500,24100000,216,721,11301101,Rejected
9197,3,Not Graduate,Farmer,790417,21300000,48,802,3433351,Rejected
9198,5,Not Graduate,Farmer,232311,15400000,168,576,19966279,Rejected
9199,4,Graduate,Farmer,859034,8300000,24,567,12370810,Rejected
9200,5,Not Graduate,Farmer,345546,21500000,48,557,17199129,Rejected
9201,1,Not Graduate,Farmer,296733,10100000,48,618,10382586,Rejected
9202,1,Graduate,Farmer,751233,8800000,48,405,18224460,Approved
9203,4,Not Graduate,Farmer,669560,18900000,192,371,12867608,Rejected
9204,0,Graduate,Farmer,975825,15200000,216,497,13413953,Rejected
9205,0,Not Graduate,Farmer,947644,30800000,48,726,12217653,Rejected
9206,2,Not Graduate,Farmer,246470,6900000,144,325,2278673,Rejected
9207,3,Not Graduate,Farmer,744318,8600000,48,667,14575056,Approved
9208,3,Graduate,Farmer,418647,25300000,144,767,5115741,Rejected
9209,5,Not Graduate,Farmer,106570,4600000,144,503,17423519,Approved
9210,5,Not Graduate,Farmer,430929,19200000,144,408,4457521,Rejected
9211,3,Graduate,Farmer,633398,1000000,240,501,11843306,Approved
9212,1,Graduate,Farmer,599115,13900000,96,369,6683860,Rejected
9213,0,Not Graduate,Farmer,179141,20000000,240,606,12889575,Rejected
9214,1,Not Graduate,Farmer,112115,19100000,144,649,1767442,Rejected
9215,0,Graduate,Farmer,139062,14300000,168,601,19707656,Rejected
9216,0,Graduate,Farmer,909343,10500000,240,417,9768201,Rejected
9217,2,Not Graduate,Farmer,728349,13500000,96,328,1494955,Rejected
9218,0,Not Graduate,Farmer,394700,24000000,240,728,6478878,Rejected
9219,5,Graduate,Farmer,490479,6200000,216,402,15465494,Approved
9220,4,Not Graduate,Farmer,626257,5600000,24,832,6679487,Rejected
9221,0,Graduate,Farmer,930185,6000000,96,690,16726259,Approved
9222,0,Graduate,Farmer,497686,28300000,240,761,19403744,Rejected
9223,3,Graduate,Farmer,221863,13900000,96,555,7096696,Rejected
9224,3,Not Graduate,Farmer,896657,1700000,24,811,3914611,Approved
9225,1,Graduate,Farmer,601076,10600000,168,742,14928117,Rejected
9226,4,Graduate,Farmer,747296,10800000,48,552,19085230,Approved
9227,2,Not Graduate,Farmer,600726,23800000,120,689,7589154,Rejected
9228,3,Not Graduate,Farmer,778556,27700000,240,688,17037706,Rejected
9229,5,Not Graduate,Farmer,730111,36400000,192,544,17004193,Rejected
9230,3,Not Graduate,Farmer,900101,8100000,72,630,14329672,Approved
9231,2,Graduate,Farmer,734965,12800000,192,344,1298783,Rejected
9232,3,Not Graduate,Farmer,871246,26200000,240,865,12765518,Rejected
9233,4,Not Graduate,Farmer,148320,8200000,168,737,10526221,Rejected
9234,4,Graduate,Farmer,596758,16800000,96,481,4879928,Rejected
9235,2,Graduate,Farmer,246649,2000000,96,806,8039879,Approved
9236,2,Graduate,Farmer,225354,1700000,120,324,3115226,Approved
9237,1,Graduate,Farmer,712297,19200000,240,415,7962365,Rejected
9238,0,Not Graduate,Farmer,881725,6800000,240,796,2340683,Rejected
9239,0,Graduate,Farmer,548625,13900000,192,301,6994602,Rejected
9240,1,Not Graduate,Farmer,128625,21800000,216,657,7307517,Rejected
9241,3,Not Graduate,Farmer,836400,18700000,24,769,4597170,Rejected
9242,5,Graduate,Farmer,386233,26700000,120,803,4305610,Rejected
9243,2,Not Graduate,Farmer,136487,19300000,144,463,3088618,Rejected
9244,2,Not Graduate,Farmer,559054,22800000,96,490,14220702,Rejected
9245,5,Graduate,Farmer,328071,21400000,120,447,11987935,Rejected
9246,0,Graduate,Farmer,996880,29900000,144,302,8596537,Rejected
9247,2,Graduate,Farmer,588011,22500000,216,857,15094164,Rejected
9248,1,Not Graduate,Farmer,412282,11500000,240,431,16741873,Rejected
9249,1,Graduate,Farmer,273895,29600000,48,672,16163300,Rejected
9250,0,Not Graduate,Farmer,530424,23000000,144,741,7119922,Rejected
9251,4,Graduate,Farmer,416205,16300000,96,606,6575477,Rejected
9252,5,Graduate,Farmer,201376,5800000,48,583,7919879,Rejected
9253,1,Not Graduate,Farmer,525106,6800000,216,596,8759080,Rejected
9254,0,Graduate,Farmer,965566,20200000,192,842,7662064,Rejected
9255,5,Not Graduate,Farmer,933487,26600000,144,664,1217314,Rejected
9256,5,Graduate,Farmer,867629,11700000,240,590,6728394,Rejected
9257,2,Not Graduate,Farmer,381652,8600000,216,638,15834519,Approved
9258,2,Not Graduate,Farmer,572132,2300000,144,335,18525908,Approved
9259,4,Graduate,Farmer,258056,29100000,48,421,3382962,Rejected
9260,0,Graduate,Farmer,734457,5100000,72,890,17344126,Approved
9261,4,Graduate,Farmer,894557,4800000,72,411,11465383,Approved
9262,5,Graduate,Farmer,660347,10600000,240,806,16107922,Approved
9263,5,Graduate,Farmer,562785,6200000,216,402,19391910,Approved
9264,4,Not Graduate,Farmer,727697,24500000,240,582,16214586,Rejected
9265,1,Graduate,Farmer,599653,7000000,48,534,9970512,Rejected
9266,3,Not Graduate,Farmer,629992,16500000,216,371,19722753,Rejected
9267,2,Graduate,Farmer,828744,4600000,48,804,11429989,Approved
9268,2,Not Graduate,Farmer,842488,14200000,216,799,8941238,Rejected
9269,2,Graduate,Farmer,735567,8700000,216,544,9772978,Rejected
