loan_id,no_of_dependents,education,employment_type,income_annum,loan_amount,loan_term,cibil_score,bank_asset_value,loan_status
1,2,Graduate,0,9600000,29900000,144,778,8000000,Approved
2,0,Not Graduate,1,4100000,12200000,96,417,3300000,Rejected
3,3,Graduate,0,9100000,29700000,240,506,12800000,Rejected
4,3,Graduate,0,8200000,30700000,96,467,7900000,Rejected
5,5,Not Graduate,1,9800000,24200000,240,382,5000000,Rejected
6,0,Graduate,1,4800000,13500000,120,319,5100000,Rejected
7,5,Graduate,0,8700000,33000000,48,678,4300000,Approved
8,2,Graduate,1,5700000,15000000,240,382,6000000,Rejected
9,0,Graduate,1,800000,2200000,240,782,600000,Approved
10,5,Not Graduate,0,1100000,4300000,120,388,1600000,Rejected
11,4,Graduate,1,2900000,11200000,24,547,3100000,Approved
12,2,Not Graduate,1,6700000,22700000,216,538,6400000,Rejected
13,3,Not Graduate,1,5000000,11600000,192,311,4300000,Rejected
14,2,Graduate,1,9100000,31500000,168,679,5000000,Approved
15,1,Not Graduate,0,1900000,7400000,72,469,1900000,Rejected
16,5,Not Graduate,0,4700000,10700000,120,794,4400000,Approved
17,2,Graduate,1,500000,1600000,48,663,700000,Approved
18,4,Not Graduate,1,2900000,9400000,168,780,4300000,Approved
19,2,Graduate,0,2700000,10300000,120,736,3300000,Approved
20,5,Graduate,0,6300000,14600000,144,652,5900000,Approved
21,2,Graduate,0,5000000,19400000,144,315,6100000,Rejected
22,4,Graduate,0,5800000,14000000,192,530,5400000,Rejected
23,4,Graduate,1,6500000,25700000,216,311,8500000,Rejected
24,0,Not Graduate,1,500000,1400000,24,551,300000,Approved
25,0,Not Graduate,0,4900000,9800000,192,324,3300000,Rejected
26,5,Not Graduate,0,3100000,9500000,240,514,2600000,Rejected
27,4,Graduate,0,8200000,28100000,144,696,7200000,Approved
28,4,Not Graduate,1,2400000,5600000,48,662,2500000,Approved
29,5,Not Graduate,1,7000000,24000000,72,336,9700000,Rejected
30,3,Not Graduate,1,9000000,31500000,120,850,8000000,Approved
31,2,Not Graduate,0,9800000,25300000,144,313,9300000,Rejected
32,2,Graduate,0,5700000,12000000,72,363,4300000,Rejected
33,1,Not Graduate,1,800000,1600000,120,436,1000000,Rejected
34,5,Not Graduate,1,8400000,22000000,24,830,5400000,Approved
35,3,Graduate,0,4900000,11900000,96,612,5800000,Approved
36,2,Graduate,1,1700000,3400000,96,691,900000,Approved
37,3,Not Graduate,0,1600000,6200000,216,636,1400000,Approved
38,5,Graduate,1,8000000,27200000,72,348,7100000,Rejected
39,5,Graduate,0,3600000,7700000,192,830,2900000,Approved
40,3,Not Graduate,1,1500000,5100000,72,352,900000,Rejected
41,1,Graduate,0,7800000,18100000,24,712,9000000,Approved
42,2,Not Graduate,0,9100000,24900000,192,822,5200000,Approved
43,3,Graduate,0,1400000,3400000,72,540,800000,Rejected
44,2,Graduate,1,800000,2300000,144,342,800000,Rejected
45,5,Graduate,0,6500000,13400000,216,787,5400000,Approved
46,4,Graduate,0,8000000,27800000,192,331,10900000,Rejected
47,3,Not Graduate,1,4200000,14600000,72,679,4900000,Approved
48,1,Graduate,1,4900000,19100000,168,677,6500000,Approved
49,3,Not Graduate,0,5500000,20500000,144,634,8200000,Approved
50,1,Not Graduate,1,9500000,19100000,192,662,11700000,Approved
51,4,Graduate,0,7300000,25400000,192,502,10500000,Rejected
52,2,Graduate,0,8700000,24700000,120,435,11300000,Rejected
53,5,Not Graduate,0,3800000,7600000,48,689,3400000,Approved
54,1,Not Graduate,1,8400000,23000000,144,657,8200000,Approved
55,2,Graduate,1,5100000,19700000,240,590,3400000,Approved
56,5,Not Graduate,0,6700000,24500000,144,818,6200000,Approved
57,2,Not Graduate,0,4300000,10600000,216,431,5200000,Rejected
58,5,Graduate,1,9300000,30500000,216,841,8700000,Approved
59,1,Graduate,0,7400000,18400000,240,421,4100000,Rejected
60,4,Not Graduate,1,5500000,18200000,192,797,4800000,Approved
61,2,Not Graduate,0,8500000,18900000,216,478,11400000,Rejected
62,3,Not Graduate,1,9600000,30500000,216,669,9300000,Approved
63,5,Not Graduate,1,8800000,28900000,72,365,4700000,Rejected
64,3,Not Graduate,1,3300000,7500000,240,586,2900000,Approved
65,4,Graduate,1,3900000,12300000,216,784,2800000,Approved
66,1,Graduate,0,4100000,10300000,144,364,2800000,Rejected
67,3,Not Graduate,0,8300000,29100000,120,715,11900000,Approved
68,0,Not Graduate,1,2700000,10100000,240,693,1400000,Rejected
69,4,Graduate,0,5600000,12400000,48,777,5500000,Approved
70,0,Graduate,0,1900000,5000000,144,312,2400000,Rejected
71,4,Not Graduate,1,500000,1500000,240,340,600000,Rejected
72,5,Graduate,1,5300000,18600000,48,386,4200000,Approved
73,5,Not Graduate,0,7000000,18300000,48,418,7600000,Rejected
74,3,Not Graduate,1,5800000,16700000,192,735,5600000,Approved
75,2,Not Graduate,0,2600000,8400000,72,494,2000000,Rejected
76,2,Not Graduate,0,1900000,6500000,216,671,1100000,Approved
77,4,Graduate,0,5700000,14800000,192,697,6300000,Approved
78,0,Graduate,0,9000000,33500000,96,801,11100000,Approved
79,2,Not Graduate,0,8500000,29400000,144,576,9000000,Approved
80,0,Not Graduate,0,700000,1400000,168,639,900000,Approved
81,4,Graduate,0,3500000,8900000,48,470,2000000,Rejected
82,0,Not Graduate,0,8800000,31200000,48,826,8600000,Approved
83,2,Not Graduate,1,9900000,21200000,192,363,6800000,Rejected
84,3,Graduate,0,3600000,8600000,240,613,3300000,Approved
85,3,Not Graduate,1,3000000,8200000,192,713,3400000,Approved
86,2,Graduate,0,6800000,21200000,192,439,3600000,Rejected
87,5,Not Graduate,1,1100000,3800000,216,387,1600000,Rejected
88,1,Not Graduate,1,8700000,28300000,96,402,10200000,Rejected
89,4,Graduate,1,2000000,8000000,72,837,2900000,Approved
90,2,Not Graduate,0,9800000,37600000,120,641,7600000,Approved
91,4,Graduate,0,5700000,21100000,216,489,6000000,Rejected
92,4,Graduate,0,8800000,20700000,216,540,12700000,Rejected
93,4,Graduate,0,3800000,8900000,48,844,4700000,Approved
94,1,Graduate,0,1700000,6400000,120,452,2100000,Rejected
95,2,Graduate,0,1000000,2000000,120,366,1300000,Rejected
96,5,Graduate,0,300000,1100000,24,300,400000,Approved
97,2,Graduate,1,6600000,15000000,216,470,7000000,Rejected
98,2,Not Graduate,0,8700000,25000000,240,861,7300000,Approved
99,4,Graduate,0,9400000,29400000,144,562,7100000,Approved
100,0,Graduate,0,4400000,10800000,168,463,4700000,Rejected
101,4,Not Graduate,0,400000,900000,144,478,100000,Rejected
102,2,Not Graduate,1,300000,1100000,24,702,200000,Approved
103,2,Not Graduate,1,4300000,12900000,240,618,2400000,Approved
104,4,Graduate,0,1600000,4500000,144,633,1900000,Approved
105,5,Not Graduate,1,6200000,23600000,120,331,8700000,Rejected
106,3,Not Graduate,1,4200000,9700000,192,841,5100000,Approved
107,4,Not Graduate,1,9000000,18100000,144,764,11600000,Approved
108,0,Graduate,0,2700000,10600000,72,591,1800000,Approved
109,1,Graduate,1,9700000,35900000,24,719,10900000,Approved
110,2,Graduate,0,3300000,6800000,168,317,3600000,Rejected
111,0,Not Graduate,0,300000,1100000,96,778,100000,Approved
112,3,Graduate,1,7400000,18200000,168,302,5000000,Rejected
113,5,Not Graduate,0,7100000,19700000,96,502,9800000,Rejected
114,5,Not Graduate,1,7300000,22100000,216,879,9800000,Approved
115,1,Not Graduate,0,8400000,23400000,168,437,8100000,Rejected
116,0,Not Graduate,1,3300000,10800000,144,797,3300000,Approved
117,4,Not Graduate,1,5800000,23200000,216,456,7500000,Rejected
118,0,Not Graduate,0,600000,1600000,72,647,700000,Approved
119,0,Not Graduate,0,7200000,15800000,144,379,3600000,Rejected
120,1,Not Graduate,1,9100000,32900000,24,717,5900000,Approved
121,5,Graduate,0,900000,2300000,192,545,800000,Rejected
122,2,Graduate,0,800000,3200000,96,317,900000,Rejected
123,1,Not Graduate,0,8500000,32900000,120,570,5500000,Approved
124,0,Not Graduate,1,9000000,18700000,216,865,11300000,Approved
125,3,Graduate,0,7000000,19500000,168,719,10200000,Approved
126,3,Graduate,0,200000,600000,192,821,100000,Approved
127,4,Not Graduate,1,400000,800000,120,859,200000,Approved
128,3,Not Graduate,0,5100000,18200000,120,395,6300000,Rejected
129,2,Not Graduate,1,700000,2600000,144,429,800000,Rejected
130,3,Graduate,0,400000,1200000,144,861,200000,Approved
131,0,Not Graduate,1,9500000,20800000,168,565,13400000,Approved
132,5,Graduate,0,8800000,22600000,120,357,4900000,Rejected
133,3,Not Graduate,1,1800000,3600000,216,465,2600000,Rejected
134,4,Not Graduate,1,6800000,13900000,96,479,9600000,Rejected
135,3,Not Graduate,0,1500000,5500000,192,717,1300000,Approved
136,3,Graduate,0,1600000,5500000,144,425,900000,Rejected
137,2,Not Graduate,0,4600000,16700000,24,786,6100000,Approved
138,5,Not Graduate,1,2200000,6700000,72,382,1100000,Rejected
139,3,Not Graduate,1,2900000,8500000,144,564,1800000,Approved
140,0,Graduate,0,200000,700000,96,501,100000,Rejected
141,2,Not Graduate,1,2500000,9400000,120,727,3300000,Approved
142,4,Not Graduate,0,3600000,7500000,72,894,2800000,Approved
143,0,Graduate,1,5500000,16700000,216,829,5900000,Approved
144,4,Not Graduate,0,6600000,17400000,240,506,7200000,Rejected
145,2,Graduate,1,8600000,32100000,72,802,9800000,Approved
146,5,Not Graduate,0,600000,1500000,168,543,300000,Rejected
147,3,Graduate,1,1400000,3200000,240,772,1600000,Approved
148,3,Graduate,0,4000000,11100000,144,572,2400000,Approved
149,0,Not Graduate,1,4900000,11900000,192,709,3800000,Approved
150,5,Graduate,0,2000000,6200000,216,402,1100000,Rejected
151,1,Not Graduate,1,5200000,19300000,96,481,4200000,Rejected
152,5,Graduate,1,8900000,28800000,72,772,8400000,Approved
153,1,Graduate,1,6500000,20600000,24,306,3200000,Approved
154,2,Not Graduate,0,1300000,4500000,72,415,1200000,Rejected
155,3,Not Graduate,0,9400000,35000000,192,548,4800000,Rejected
156,5,Not Graduate,0,5000000,11200000,96,701,4600000,Approved
157,2,Graduate,0,3000000,7700000,144,890,2100000,Approved
158,5,Not Graduate,1,9900000,33300000,72,364,8300000,Rejected
159,5,Graduate,1,700000,1300000,240,704,600000,Approved
160,3,Graduate,1,4000000,10600000,120,318,4900000,Rejected
161,5,Not Graduate,0,3100000,9600000,24,761,4200000,Approved
162,4,Not Graduate,0,4500000,15100000,72,693,6000000,Approved
163,3,Not Graduate,0,9700000,20600000,192,524,6100000,Rejected
164,2,Not Graduate,1,2000000,5300000,120,681,2900000,Approved
165,2,Graduate,1,8100000,22300000,216,737,7300000,Approved
166,0,Not Graduate,0,5700000,15900000,192,638,4500000,Approved
167,4,Not Graduate,0,5800000,12800000,24,656,2800000,Approved
168,1,Graduate,0,1800000,6500000,72,540,1100000,Rejected
169,4,Not Graduate,1,9100000,35200000,72,341,8200000,Rejected
170,0,Not Graduate,1,4800000,17500000,24,371,3500000,Approved
171,3,Not Graduate,1,3800000,10500000,144,886,2300000,Approved
172,0,Not Graduate,0,1900000,4100000,216,801,1200000,Approved
173,3,Not Graduate,1,3600000,9500000,192,748,2600000,Approved
174,2,Not Graduate,1,7400000,28200000,96,376,5200000,Rejected
175,4,Not Graduate,1,6600000,14300000,96,371,7400000,Rejected
176,2,Graduate,0,1800000,5300000,72,826,1300000,Approved
177,4,Not Graduate,0,9200000,27200000,144,873,11400000,Approved
178,5,Not Graduate,1,2400000,8600000,96,309,2800000,Rejected
179,4,Not Graduate,0,5600000,13300000,240,869,6500000,Approved
180,5,Graduate,0,3800000,13900000,144,534,2800000,Rejected
181,3,Not Graduate,1,4500000,17900000,72,787,4200000,Approved
182,0,Graduate,1,900000,2200000,192,566,600000,Approved
183,0,Not Graduate,0,2800000,9900000,96,742,1700000,Approved
184,2,Not Graduate,0,7500000,23100000,48,824,9500000,Approved
185,4,Graduate,0,1400000,3100000,168,575,1400000,Approved
186,2,Graduate,1,3800000,10900000,120,766,3000000,Approved
187,1,Not Graduate,1,1700000,5000000,120,888,2200000,Approved
188,3,Graduate,1,9000000,30400000,72,638,9200000,Approved
189,5,Not Graduate,1,7300000,23300000,72,622,10500000,Approved
190,1,Not Graduate,0,7400000,19800000,216,458,4000000,Rejected
191,1,Not Graduate,0,9000000,28200000,192,327,11200000,Rejected
192,0,Not Graduate,0,3000000,6500000,24,612,1700000,Approved
193,1,Graduate,0,800000,2900000,96,682,700000,Approved
194,2,Graduate,0,4800000,13200000,24,583,5200000,Approved
195,5,Not Graduate,0,6400000,18300000,96,697,3600000,Approved
196,3,Graduate,0,9200000,27100000,144,306,9600000,Rejected
197,4,Not Graduate,1,400000,1500000,24,669,500000,Approved
198,2,Not Graduate,0,2800000,6000000,216,816,3400000,Approved
199,4,Not Graduate,1,8500000,28900000,240,455,9400000,Rejected
200,3,Graduate,1,4700000,16400000,120,318,4300000,Rejected
201,4,Not Graduate,1,9800000,21200000,240,355,14400000,Rejected
202,2,Not Graduate,1,3800000,8900000,192,389,2200000,Rejected
203,2,Graduate,0,500000,1500000,24,888,600000,Approved
204,2,Graduate,1,6900000,15600000,72,352,10000000,Rejected
205,4,Not Graduate,1,9600000,30100000,144,870,5600000,Approved
206,3,Not Graduate,0,2900000,6500000,216,827,3200000,Approved
207,2,Graduate,0,9800000,20900000,144,768,13400000,Approved
208,0,Graduate,0,7100000,15400000,216,707,5800000,Approved
209,1,Not Graduate,1,7700000,19100000,120,355,6600000,Rejected
210,3,Graduate,0,1400000,3300000,24,652,1900000,Approved
211,3,Graduate,0,7800000,15900000,24,665,5400000,Approved
212,5,Not Graduate,1,1700000,6000000,216,420,2300000,Rejected
213,2,Not Graduate,0,8500000,32700000,216,471,12500000,Rejected
214,5,Not Graduate,0,1900000,7500000,240,715,2800000,Approved
215,2,Not Graduate,1,6700000,15200000,120,689,6800000,Approved
216,3,Graduate,1,6900000,16400000,48,787,3800000,Approved
217,2,Graduate,0,2600000,7800000,48,819,1500000,Approved
218,4,Graduate,1,9600000,21100000,72,809,8700000,Approved
219,1,Not Graduate,1,6800000,17000000,24,744,3500000,Approved
220,0,Not Graduate,0,3200000,11300000,72,484,2100000,Rejected
221,4,Not Graduate,0,2900000,10400000,72,673,1700000,Approved
222,3,Graduate,1,7900000,21200000,216,695,4900000,Approved
223,4,Not Graduate,1,3900000,12400000,144,473,3800000,Rejected
224,4,Graduate,1,4600000,11000000,24,491,3500000,Rejected
225,3,Not Graduate,1,700000,1700000,96,733,500000,Approved
226,0,Not Graduate,0,5200000,15600000,240,434,5500000,Rejected
227,3,Not Graduate,1,5900000,20600000,120,777,6400000,Approved
228,4,Graduate,0,7200000,19100000,48,774,3600000,Approved
229,1,Not Graduate,1,8700000,27000000,120,717,9100000,Approved
230,3,Not Graduate,1,1100000,3500000,144,503,1200000,Rejected
231,1,Graduate,1,4000000,10900000,168,598,4400000,Approved
232,2,Graduate,0,9800000,32400000,24,543,7700000,Approved
233,0,Not Graduate,1,2700000,6800000,240,796,1900000,Approved
234,3,Not Graduate,1,8800000,34600000,96,386,6000000,Rejected
235,5,Not Graduate,1,3300000,7800000,192,632,4900000,Approved
236,1,Graduate,1,6900000,23400000,48,481,10200000,Approved
237,3,Graduate,1,900000,3500000,48,770,600000,Rejected
238,3,Graduate,1,4100000,15500000,72,667,4000000,Approved
239,3,Not Graduate,1,4700000,17500000,96,585,4900000,Approved
240,5,Graduate,1,3400000,11600000,192,479,2400000,Rejected
241,2,Graduate,0,9600000,22500000,216,851,12700000,Approved
242,3,Not Graduate,1,7000000,16200000,72,378,5500000,Rejected
243,5,Graduate,0,5700000,12900000,216,807,5500000,Approved
244,1,Not Graduate,1,8200000,32400000,216,831,7800000,Approved
245,2,Not Graduate,0,2100000,5100000,144,674,2400000,Approved
246,1,Not Graduate,1,8000000,28100000,216,725,7500000,Approved
247,2,Not Graduate,0,8000000,29300000,48,600,6500000,Approved
248,0,Not Graduate,1,9400000,27000000,120,536,4800000,Rejected
249,0,Graduate,0,8400000,20600000,120,477,11900000,Rejected
250,1,Not Graduate,1,1900000,5000000,72,560,1400000,Approved
251,0,Not Graduate,1,4200000,16400000,240,539,3100000,Rejected
252,5,Graduate,0,2600000,9100000,96,852,3300000,Approved
253,3,Not Graduate,0,3700000,8500000,240,853,4900000,Approved
254,0,Graduate,0,8800000,30900000,144,729,11400000,Approved
255,2,Not Graduate,0,2100000,4700000,24,546,1500000,Rejected
256,3,Graduate,1,900000,2400000,120,489,500000,Rejected
257,3,Graduate,1,9800000,35400000,72,869,10300000,Approved
258,2,Not Graduate,0,8000000,20000000,24,502,9900000,Rejected
259,0,Graduate,0,9800000,38800000,96,652,5400000,Approved
260,0,Not Graduate,1,300000,1100000,96,789,400000,Approved
261,4,Not Graduate,0,2700000,8100000,48,325,3400000,Approved
262,3,Graduate,1,7400000,19600000,24,716,4200000,Approved
263,3,Graduate,0,9200000,34300000,216,523,8800000,Rejected
264,5,Not Graduate,0,9500000,22200000,240,352,7000000,Rejected
265,5,Graduate,1,3800000,14400000,24,345,4700000,Approved
266,0,Graduate,0,8300000,19400000,216,649,11300000,Approved
267,2,Graduate,1,2800000,7400000,216,666,3400000,Approved
268,0,Graduate,0,8600000,20900000,120,813,4800000,Approved
269,0,Not Graduate,0,5400000,16800000,120,599,7600000,Approved
270,5,Graduate,1,4200000,9400000,72,678,5700000,Approved
271,5,Not Graduate,0,5200000,12200000,240,513,5400000,Rejected
272,5,Graduate,0,9400000,27900000,48,870,10400000,Approved
273,3,Graduate,0,8800000,20400000,96,483,11800000,Rejected
274,1,Graduate,1,5900000,16700000,192,308,5300000,Rejected
275,3,Graduate,1,1700000,4900000,192,591,1400000,Approved
276,1,Not Graduate,0,7000000,23000000,120,886,3600000,Approved
277,4,Not Graduate,0,1700000,4000000,72,829,1700000,Approved
278,0,Not Graduate,0,1500000,4900000,144,651,800000,Approved
279,4,Not Graduate,0,2000000,4700000,216,733,2800000,Approved
280,5,Graduate,1,3900000,15500000,144,433,4600000,Rejected
281,1,Graduate,1,900000,3600000,168,713,1200000,Approved
282,1,Graduate,0,6900000,22500000,216,403,6300000,Rejected
283,0,Graduate,1,2800000,7800000,120,405,3400000,Rejected
284,3,Graduate,1,6800000,19900000,120,516,8500000,Rejected
285,4,Not Graduate,1,600000,1800000,96,417,800000,Rejected
286,1,Not Graduate,0,4700000,14000000,72,468,4600000,Rejected
287,5,Graduate,1,3000000,11800000,120,672,4100000,Approved
288,5,Not Graduate,0,4000000,13900000,72,530,6000000,Rejected
289,1,Not Graduate,1,3100000,11300000,168,824,4400000,Approved
290,1,Not Graduate,1,7700000,25500000,144,549,7000000,Rejected
291,5,Not Graduate,1,4300000,9300000,120,450,4100000,Rejected
292,1,Graduate,1,5800000,19500000,240,431,3300000,Rejected
293,3,Graduate,1,3600000,10700000,192,312,5200000,Rejected
294,0,Not Graduate,1,2900000,7600000,96,320,3100000,Rejected
295,0,Graduate,0,8800000,20200000,48,433,12400000,Rejected
296,1,Not Graduate,1,300000,1000000,120,431,100000,Rejected
297,5,Not Graduate,1,8600000,28900000,96,516,6800000,Rejected
298,2,Not Graduate,1,3500000,12000000,168,476,2900000,Rejected
299,5,Graduate,0,800000,2600000,72,560,1000000,Approved
300,2,Graduate,0,8000000,27100000,144,674,6400000,Approved
301,0,Not Graduate,1,9900000,38200000,72,573,5900000,Approved
302,2,Not Graduate,0,3300000,6600000,72,331,2700000,Rejected
303,4,Graduate,1,2000000,6700000,144,633,2000000,Approved
304,3,Not Graduate,0,4900000,12900000,216,877,3300000,Approved
305,5,Not Graduate,1,9200000,23600000,144,656,4900000,Approved
306,0,Not Graduate,0,7500000,18200000,72,782,4100000,Approved
307,5,Not Graduate,0,9000000,29300000,48,531,5800000,Approved
308,3,Not Graduate,0,1400000,4100000,96,455,2100000,Rejected
309,3,Graduate,0,9600000,19900000,168,452,6600000,Rejected
310,2,Graduate,0,8400000,33200000,168,474,11500000,Rejected
311,3,Not Graduate,0,6400000,24400000,48,483,4500000,Approved
312,4,Graduate,0,5900000,16800000,96,481,3300000,Rejected
313,2,Graduate,1,2200000,5100000,240,859,3100000,Approved
314,4,Graduate,1,5600000,14100000,168,696,6800000,Approved
315,4,Not Graduate,0,9800000,28700000,72,778,11100000,Approved
316,4,Graduate,0,4400000,14600000,48,499,5700000,Approved
317,2,Not Graduate,1,2400000,4900000,48,888,3400000,Approved
318,1,Graduate,0,4400000,10800000,144,674,5300000,Approved
319,4,Graduate,0,3700000,13200000,48,802,4300000,Approved
320,4,Not Graduate,1,2300000,7800000,96,540,2800000,Rejected
321,4,Graduate,1,5900000,19600000,96,726,8000000,Approved
322,4,Not Graduate,1,6400000,23500000,24,485,3900000,Approved
323,4,Graduate,1,4900000,17100000,72,612,5000000,Approved
324,3,Not Graduate,1,9500000,24200000,96,879,12700000,Approved
325,2,Not Graduate,0,5700000,16400000,144,708,4400000,Approved
326,2,Not Graduate,1,2700000,5700000,96,850,3900000,Approved
327,2,Not Graduate,1,3900000,11300000,144,516,4600000,Rejected
328,0,Not Graduate,0,7800000,28800000,144,465,7400000,Rejected
329,0,Graduate,0,1100000,3200000,240,716,1500000,Approved
330,4,Not Graduate,0,200000,600000,120,404,0,Rejected
331,0,Not Graduate,1,4700000,10600000,240,512,7000000,Rejected
332,3,Not Graduate,1,8200000,20600000,120,441,6100000,Rejected
333,2,Not Graduate,1,4600000,18400000,24,555,4200000,Approved
334,5,Not Graduate,0,1800000,7000000,216,466,1900000,Rejected
335,3,Graduate,1,3200000,8600000,24,427,4700000,Rejected
336,4,Not Graduate,1,5500000,20000000,168,593,4900000,Approved
337,3,Graduate,0,7900000,18300000,120,731,8400000,Approved
338,1,Graduate,1,4000000,10100000,192,451,3900000,Rejected
339,3,Not Graduate,1,6800000,16900000,216,628,4900000,Approved
340,1,Not Graduate,0,2700000,9400000,216,704,2400000,Approved
341,2,Not Graduate,0,6800000,23500000,144,341,8500000,Rejected
342,5,Graduate,0,8600000,21000000,96,465,9900000,Rejected
343,4,Graduate,0,8000000,30100000,48,431,11500000,Approved
344,1,Graduate,1,3700000,12600000,120,424,4400000,Rejected
345,0,Graduate,0,2600000,5100000,168,678,3100000,Approved
346,4,Graduate,0,4200000,16800000,72,381,5900000,Rejected
347,5,Graduate,1,8000000,28000000,120,449,3900000,Rejected
348,1,Not Graduate,0,7100000,23500000,144,768,7300000,Approved
349,0,Not Graduate,0,2000000,7000000,72,666,1400000,Rejected
350,4,Not Graduate,1,5800000,13300000,168,742,7000000,Approved
351,3,Not Graduate,1,6700000,15800000,48,445,9100000,Rejected
352,2,Graduate,0,7300000,28700000,168,634,10800000,Approved
353,4,Not Graduate,0,3300000,9700000,168,782,2200000,Approved
354,0,Graduate,0,3000000,7000000,120,781,2700000,Approved
355,4,Not Graduate,0,7900000,17200000,168,318,9000000,Rejected
356,5,Not Graduate,0,7600000,24100000,216,721,7200000,Approved
357,5,Not Graduate,0,3700000,9800000,48,563,3000000,Approved
358,2,Not Graduate,0,8400000,26300000,48,419,6200000,Approved
359,0,Graduate,1,8200000,20800000,168,372,5200000,Rejected
360,0,Not Graduate,0,2900000,9500000,216,885,3500000,Approved
361,1,Not Graduate,1,9900000,38400000,144,596,6800000,Approved
362,0,Graduate,0,4400000,14100000,24,349,6200000,Approved
363,1,Not Graduate,1,9000000,32200000,192,468,10900000,Rejected
364,3,Not Graduate,1,6800000,26900000,192,818,7300000,Approved
365,2,Not Graduate,0,8700000,28000000,144,543,6700000,Rejected
366,3,Graduate,0,9400000,21900000,192,685,5000000,Approved
367,3,Not Graduate,1,6000000,12500000,216,851,5000000,Approved
368,1,Not Graduate,1,9400000,29800000,120,377,11700000,Rejected
369,0,Not Graduate,1,1000000,4000000,120,620,1100000,Approved
370,3,Graduate,1,900000,2300000,240,611,500000,Approved
371,4,Not Graduate,0,2100000,7700000,48,767,1300000,Approved
372,5,Graduate,1,1100000,3200000,240,592,500000,Approved
373,0,Graduate,1,600000,2300000,48,319,700000,Approved
374,4,Not Graduate,1,9200000,25500000,120,900,12800000,Approved
375,2,Not Graduate,1,3600000,12800000,216,814,4100000,Approved
376,5,Not Graduate,1,1300000,5000000,120,755,1900000,Approved
377,5,Graduate,1,7700000,16800000,240,584,8000000,Approved
378,4,Graduate,1,9500000,23500000,168,380,7300000,Rejected
379,2,Not Graduate,1,5000000,17600000,240,465,5200000,Rejected
380,0,Not Graduate,0,500000,1800000,24,531,700000,Approved
381,1,Graduate,1,8300000,32100000,192,814,7500000,Approved
382,0,Graduate,0,5300000,17900000,72,678,3600000,Approved
383,2,Not Graduate,1,9300000,29000000,144,655,4900000,Approved
384,3,Not Graduate,0,2300000,7400000,24,682,2100000,Approved
385,1,Not Graduate,0,400000,1300000,72,695,100000,Approved
386,3,Not Graduate,0,3200000,10800000,48,833,2600000,Approved
387,5,Not Graduate,1,9400000,35300000,192,302,12900000,Rejected
388,1,Graduate,0,2300000,6600000,24,357,2200000,Rejected
389,5,Not Graduate,0,4300000,14500000,144,302,5100000,Rejected
390,0,Graduate,1,6200000,22400000,216,873,8200000,Approved
391,0,Not Graduate,1,7200000,19800000,144,658,7300000,Approved
392,5,Graduate,1,2400000,8700000,216,877,1100000,Approved
393,3,Not Graduate,0,2900000,6300000,96,648,1400000,Approved
394,1,Graduate,0,1400000,5200000,144,730,700000,Approved
395,4,Not Graduate,1,2200000,8200000,168,737,1400000,Approved
396,2,Graduate,1,800000,3200000,120,584,700000,Rejected
397,0,Graduate,0,600000,1700000,24,621,200000,Approved
398,4,Graduate,1,700000,2700000,192,583,300000,Approved
399,2,Not Graduate,0,8400000,25900000,192,621,4200000,Approved
400,2,Not Graduate,0,7100000,21500000,192,610,9300000,Approved
401,4,Graduate,0,5400000,15700000,216,452,6600000,Rejected
402,5,Graduate,0,3700000,7300000,216,339,5300000,Rejected
403,3,Graduate,1,5200000,15200000,192,650,4100000,Approved
404,4,Not Graduate,1,200000,700000,120,672,300000,Approved
405,3,Graduate,0,500000,1000000,240,501,200000,Rejected
406,2,Not Graduate,1,1800000,5700000,48,809,2400000,Approved
407,5,Graduate,1,9200000,29400000,96,318,5400000,Rejected
408,4,Not Graduate,0,900000,3300000,120,649,1200000,Approved
409,3,Not Graduate,0,7500000,28300000,144,367,7000000,Rejected
410,5,Not Graduate,0,3000000,11800000,72,847,2300000,Approved
411,5,Graduate,0,7100000,18900000,144,360,8500000,Rejected
412,1,Graduate,1,3500000,7200000,24,865,4200000,Approved
413,4,Not Graduate,0,4900000,18800000,192,880,2600000,Approved
414,1,Graduate,0,4100000,8400000,240,608,4400000,Approved
415,0,Graduate,1,800000,2100000,72,760,600000,Approved
416,3,Graduate,1,1700000,4600000,144,385,1700000,Rejected
417,0,Graduate,1,6100000,23300000,144,478,4900000,Rejected
418,1,Graduate,1,2100000,7700000,192,327,2300000,Rejected
419,0,Graduate,0,3100000,9300000,72,663,3800000,Approved
420,2,Not Graduate,1,1700000,3500000,240,693,1700000,Approved
421,3,Graduate,0,1700000,5400000,72,710,1700000,Approved
422,4,Not Graduate,1,4000000,14500000,72,711,4100000,Approved
423,5,Graduate,0,5600000,18400000,96,386,5600000,Rejected
424,4,Graduate,1,3900000,11900000,120,855,2800000,Approved
425,4,Graduate,1,6100000,15300000,168,573,8400000,Approved
426,0,Graduate,1,1100000,2800000,216,431,1400000,Rejected
427,2,Graduate,0,5500000,14800000,96,364,4500000,Rejected
428,4,Graduate,1,1100000,3600000,168,711,600000,Approved
429,4,Not Graduate,1,400000,900000,240,771,500000,Approved
430,3,Graduate,0,9200000,36400000,216,669,12300000,Approved
431,4,Not Graduate,1,9300000,27500000,216,338,6600000,Rejected
432,1,Graduate,0,1100000,3500000,96,562,500000,Approved
433,3,Not Graduate,0,5600000,18700000,24,769,4800000,Approved
434,0,Graduate,1,6300000,21500000,96,629,5200000,Approved
435,3,Graduate,0,8800000,18100000,72,699,9400000,Approved
436,0,Not Graduate,0,8400000,20800000,240,590,10800000,Approved
437,3,Graduate,1,1600000,5700000,48,707,2300000,Approved
438,3,Not Graduate,1,4500000,11400000,96,391,4500000,Rejected
439,5,Not Graduate,0,6500000,18500000,48,891,7100000,Approved
440,3,Graduate,1,9500000,20600000,24,731,9200000,Approved
441,3,Not Graduate,0,4700000,16700000,144,775,3500000,Approved
442,5,Graduate,1,9600000,32400000,24,897,6200000,Approved
443,5,Graduate,0,8000000,26700000,240,794,7800000,Approved
444,2,Graduate,0,7700000,16700000,72,555,8500000,Approved
445,1,Not Graduate,1,3600000,10300000,144,536,2700000,Rejected
446,2,Not Graduate,0,700000,1700000,120,839,900000,Approved
447,0,Graduate,1,1400000,5100000,72,890,1900000,Approved
448,1,Graduate,1,8600000,27900000,240,415,7900000,Rejected
449,4,Graduate,0,4700000,15700000,48,868,4800000,Approved
450,3,Graduate,1,2900000,5800000,144,353,3100000,Rejected
451,4,Not Graduate,0,9000000,29000000,192,590,12300000,Approved
452,5,Graduate,1,500000,900000,216,618,400000,Approved
453,2,Not Graduate,1,700000,1700000,120,539,900000,Rejected
454,0,Graduate,0,6800000,27000000,48,429,9400000,Approved
455,2,Graduate,0,1800000,4700000,96,792,2200000,Approved
456,0,Not Graduate,0,6000000,12400000,24,608,6800000,Approved
457,4,Graduate,1,5400000,21500000,168,555,7500000,Approved
458,5,Graduate,1,8400000,17500000,144,620,5800000,Approved
459,0,Graduate,0,7400000,20900000,72,635,7200000,Approved
460,2,Graduate,0,3200000,12500000,120,457,4300000,Rejected
461,1,Graduate,1,5400000,21400000,96,350,6800000,Rejected
462,5,Graduate,1,1000000,2500000,168,885,1100000,Approved
463,0,Graduate,0,4400000,14700000,192,638,2700000,Approved
464,1,Graduate,1,3800000,10500000,144,710,2500000,Approved
465,3,Not Graduate,1,6100000,20900000,216,470,7500000,Rejected
466,5,Not Graduate,1,5500000,17300000,192,874,7900000,Approved
467,5,Not Graduate,1,500000,1800000,216,411,200000,Rejected
468,0,Not Graduate,1,300000,1100000,24,482,400000,Approved
469,1,Graduate,1,6200000,16900000,24,396,7600000,Rejected
470,0,Not Graduate,0,300000,900000,240,436,200000,Rejected
471,0,Not Graduate,1,6900000,22100000,240,303,6900000,Rejected
472,4,Graduate,0,3700000,11400000,144,728,2300000,Approved
473,3,Not Graduate,1,8800000,28600000,120,775,9600000,Approved
474,5,Graduate,1,8200000,23500000,144,402,5800000,Rejected
475,1,Not Graduate,1,9200000,31500000,216,698,8300000,Approved
476,0,Not Graduate,0,2400000,7800000,168,665,2900000,Approved
477,4,Not Graduate,0,4100000,13500000,216,490,2000000,Rejected
478,1,Graduate,0,8000000,31900000,144,504,6000000,Rejected
479,3,Not Graduate,1,3600000,8600000,96,790,5200000,Approved
480,1,Not Graduate,1,700000,2700000,240,669,500000,Approved
481,4,Not Graduate,0,8300000,30700000,72,381,4600000,Rejected
482,0,Graduate,1,5300000,15000000,24,900,5800000,Approved
483,4,Graduate,0,8300000,24900000,192,506,7000000,Rejected
484,3,Not Graduate,1,2500000,8800000,144,538,3300000,Rejected
485,3,Graduate,1,5400000,14400000,96,677,3100000,Approved
486,4,Graduate,0,1600000,4900000,96,685,1500000,Approved
487,2,Not Graduate,0,2400000,6200000,144,860,1100000,Approved
488,5,Not Graduate,0,6300000,14800000,72,608,5400000,Approved
489,4,Graduate,1,2500000,5300000,120,540,1700000,Rejected
490,0,Graduate,1,7500000,16800000,192,492,11100000,Rejected
491,3,Not Graduate,0,2900000,8500000,168,834,1800000,Approved
492,3,Graduate,1,1000000,3500000,192,834,700000,Approved
493,2,Graduate,1,8600000,28800000,96,890,7200000,Approved
494,1,Not Graduate,0,300000,1100000,144,443,200000,Rejected
495,5,Not Graduate,0,2300000,5700000,216,329,2700000,Rejected
496,2,Not Graduate,1,2400000,5400000,144,739,3000000,Approved
497,5,Graduate,1,9800000,30300000,72,867,7600000,Approved
498,2,Not Graduate,0,8100000,24800000,72,307,10500000,Rejected
499,3,Graduate,0,6700000,15500000,216,492,9400000,Rejected
500,1,Not Graduate,1,8400000,24700000,216,698,12200000,Approved
501,2,Graduate,0,200000,700000,96,851,200000,Approved
502,2,Graduate,0,4700000,12500000,168,375,5400000,Rejected
503,0,Graduate,1,4300000,14300000,168,601,5700000,Approved
504,4,Not Graduate,0,2200000,7000000,240,756,1200000,Approved
505,4,Graduate,1,8600000,19200000,48,868,9300000,Approved
506,4,Graduate,1,2000000,7200000,120,838,1000000,Approved
507,4,Not Graduate,1,4200000,15900000,168,375,3000000,Rejected
508,0,Not Graduate,1,5100000,12500000,216,778,3200000,Approved
509,2,Graduate,1,4100000,11200000,72,442,4500000,Rejected
510,1,Graduate,1,9900000,39500000,144,808,13500000,Approved
511,1,Not Graduate,1,3200000,9000000,240,372,3800000,Rejected
512,2,Graduate,0,5500000,19000000,48,597,5300000,Approved
513,0,Graduate,1,7800000,29100000,240,435,9700000,Rejected
514,3,Graduate,1,3400000,9700000,240,728,2400000,Approved
515,4,Graduate,1,7900000,25900000,168,373,7600000,Rejected
516,3,Graduate,1,8900000,18500000,120,367,10300000,Rejected
517,2,Graduate,0,7300000,19100000,168,552,4000000,Approved
518,4,Not Graduate,1,3300000,10600000,96,465,2800000,Rejected
519,4,Graduate,1,2900000,10500000,96,607,3800000,Approved
520,2,Graduate,1,500000,1300000,48,427,600000,Rejected
521,3,Not Graduate,0,7200000,21200000,48,711,5700000,Approved
522,3,Not Graduate,0,8300000,24100000,168,823,7700000,Approved
523,1,Not Graduate,1,8700000,20500000,72,523,4800000,Rejected
524,4,Not Graduate,1,7100000,27900000,120,328,7700000,Rejected
525,3,Graduate,1,9800000,28200000,144,721,9600000,Approved
526,0,Graduate,1,6900000,17000000,240,599,4300000,Approved
527,0,Not Graduate,0,2400000,5000000,168,580,3200000,Approved
528,1,Not Graduate,1,2100000,4900000,120,744,1000000,Approved
529,2,Graduate,1,7200000,23900000,48,559,10800000,Approved
530,2,Graduate,0,4600000,13500000,192,587,5000000,Approved
531,5,Graduate,1,9900000,31800000,216,817,11500000,Approved
532,4,Not Graduate,1,300000,1000000,240,655,400000,Approved
533,5,Graduate,1,6900000,23900000,72,382,8900000,Rejected
534,2,Graduate,1,1700000,4300000,72,765,900000,Approved
535,2,Graduate,1,4400000,10000000,240,516,5100000,Rejected
536,4,Not Graduate,1,4300000,15000000,96,383,4900000,Rejected
537,2,Not Graduate,0,3700000,14100000,72,633,3400000,Approved
538,1,Graduate,0,5900000,15200000,24,547,3600000,Rejected
539,5,Not Graduate,1,8600000,26300000,120,843,11300000,Approved
540,3,Not Graduate,1,3400000,13200000,96,783,4900000,Approved
541,3,Not Graduate,1,1000000,3200000,168,790,1100000,Approved
542,1,Not Graduate,1,4400000,14200000,192,409,4500000,Rejected
543,0,Not Graduate,0,3600000,7800000,168,376,3000000,Rejected
544,3,Not Graduate,0,1400000,2700000,96,625,1000000,Approved
545,0,Not Graduate,0,5300000,10900000,216,707,7600000,Approved
546,3,Graduate,1,9400000,20500000,72,645,10200000,Approved
547,4,Not Graduate,1,6600000,22100000,72,887,4700000,Approved
548,5,Graduate,0,9800000,37600000,216,319,5100000,Rejected
549,1,Not Graduate,0,1900000,4900000,240,647,1700000,Approved
550,2,Not Graduate,1,5800000,22500000,72,888,4800000,Approved
551,2,Not Graduate,0,3100000,10400000,120,420,3500000,Rejected
552,0,Graduate,0,6800000,18400000,24,791,9900000,Approved
553,5,Not Graduate,0,4600000,16200000,144,891,3700000,Approved
554,2,Not Graduate,1,200000,700000,192,641,100000,Approved
555,3,Not Graduate,1,9500000,22800000,72,319,9400000,Rejected
556,5,Not Graduate,1,6200000,22200000,240,819,8700000,Approved
557,4,Not Graduate,1,9700000,32300000,216,387,5400000,Rejected
558,5,Graduate,1,4200000,12300000,24,686,4200000,Approved
559,1,Graduate,1,5700000,12000000,48,415,7400000,Rejected
560,2,Graduate,1,200000,500000,72,885,200000,Rejected
561,4,Graduate,0,8000000,25500000,48,722,4900000,Approved
562,4,Graduate,0,5200000,20400000,240,761,6200000,Approved
563,1,Graduate,1,7100000,15200000,96,389,5900000,Rejected
564,1,Graduate,1,9300000,27900000,144,600,6600000,Approved
565,5,Graduate,0,2000000,6100000,24,407,2000000,Approved
566,3,Graduate,1,3900000,14000000,216,829,2700000,Approved
567,2,Not Graduate,0,2800000,5900000,72,895,1500000,Approved
568,5,Graduate,1,3000000,11100000,144,441,2000000,Rejected
569,4,Not Graduate,0,4500000,9800000,192,895,5500000,Approved
570,4,Graduate,0,1900000,4300000,48,826,900000,Approved
571,1,Graduate,0,2300000,7200000,96,453,3400000,Rejected
572,0,Graduate,0,4700000,17500000,24,701,7000000,Approved
573,2,Not Graduate,1,1300000,2700000,96,627,1300000,Approved
574,3,Graduate,0,3100000,11000000,24,543,2400000,Approved
575,0,Graduate,0,8400000,17500000,216,411,10400000,Rejected
576,5,Graduate,1,1700000,5800000,48,583,2300000,Approved
577,2,Not Graduate,0,1900000,7500000,24,889,2600000,Approved
578,3,Not Graduate,0,2400000,8600000,96,684,1600000,Approved
579,5,Graduate,0,6800000,20500000,120,578,3400000,Approved
580,1,Graduate,0,2900000,10900000,240,445,2600000,Rejected
581,4,Graduate,1,8900000,26300000,120,369,12100000,Rejected
582,1,Not Graduate,0,8800000,22200000,216,794,10500000,Approved
583,0,Graduate,1,8200000,19200000,192,492,7200000,Rejected
584,3,Not Graduate,1,3600000,13200000,192,557,2100000,Approved
585,4,Graduate,1,9500000,31800000,72,519,12200000,Rejected
586,0,Not Graduate,1,1900000,5700000,216,699,2000000,Approved
587,3,Not Graduate,1,9100000,24600000,24,741,13600000,Approved
588,5,Graduate,0,1100000,3800000,216,508,900000,Rejected
589,5,Not Graduate,1,1100000,2800000,120,647,1400000,Approved
590,1,Graduate,0,9300000,28600000,168,656,12500000,Approved
591,4,Graduate,1,3900000,10600000,24,439,2500000,Rejected
592,5,Not Graduate,1,1500000,4000000,144,350,1200000,Rejected
593,5,Graduate,0,800000,2200000,72,493,1000000,Rejected
594,4,Graduate,0,600000,1800000,72,851,800000,Approved
595,2,Graduate,0,4400000,12500000,216,492,2700000,Rejected
596,4,Graduate,1,2700000,5400000,72,861,2700000,Approved
597,3,Not Graduate,1,6200000,14600000,24,664,6600000,Approved
598,5,Graduate,1,700000,1300000,192,362,1000000,Rejected
599,0,Graduate,0,3400000,9400000,72,703,2600000,Approved
600,1,Not Graduate,1,4900000,16800000,144,758,5900000,Approved
601,3,Not Graduate,1,4200000,9700000,24,396,4300000,Rejected
602,0,Graduate,1,5300000,10600000,24,828,5800000,Approved
603,5,Graduate,1,3700000,10000000,240,709,2200000,Approved
604,4,Not Graduate,1,5600000,17500000,120,528,7200000,Rejected
605,2,Graduate,1,4300000,16000000,168,623,4500000,Approved
606,4,Not Graduate,1,7100000,24500000,168,599,6800000,Approved
607,4,Graduate,1,5400000,12700000,48,622,6500000,Approved
608,0,Not Graduate,0,6000000,13100000,72,385,7400000,Rejected
609,4,Graduate,1,4100000,12500000,24,579,2000000,Approved
610,4,Not Graduate,0,8300000,17900000,240,846,12200000,Approved
611,3,Graduate,0,8100000,23900000,120,449,8900000,Rejected
612,1,Not Graduate,0,7200000,24900000,168,666,5800000,Approved
613,5,Graduate,0,7200000,17500000,48,380,6200000,Rejected
614,2,Graduate,1,3500000,8100000,48,589,2700000,Approved
615,1,Graduate,0,6200000,19500000,144,845,4000000,Approved
616,3,Not Graduate,0,5200000,17300000,120,401,6400000,Rejected
617,0,Not Graduate,0,4500000,14500000,24,766,6600000,Approved
618,5,Not Graduate,0,5400000,15100000,144,522,5700000,Rejected
619,3,Not Graduate,1,2000000,6900000,72,834,3000000,Approved
620,3,Graduate,0,8900000,25400000,96,588,4500000,Approved
621,2,Graduate,0,5000000,10600000,48,570,7100000,Approved
622,2,Graduate,0,4900000,17600000,72,860,5600000,Approved
623,4,Graduate,1,5300000,19200000,48,655,3900000,Approved
624,3,Not Graduate,1,8500000,27700000,48,457,5200000,Approved
625,5,Graduate,1,700000,2100000,168,863,600000,Approved
626,3,Not Graduate,1,5900000,18900000,48,742,8000000,Approved
627,3,Graduate,0,3500000,13300000,48,798,3600000,Approved
628,5,Not Graduate,1,7700000,18900000,192,552,6600000,Approved
629,2,Not Graduate,1,4500000,12500000,144,418,4300000,Rejected
630,0,Graduate,0,9100000,22200000,72,419,9800000,Rejected
631,1,Not Graduate,1,9000000,29900000,24,668,4700000,Approved
632,2,Not Graduate,0,8900000,29200000,96,608,11700000,Approved
633,5,Not Graduate,0,6500000,13800000,120,342,7300000,Rejected
634,4,Not Graduate,1,8100000,18000000,96,817,10800000,Approved
635,1,Not Graduate,0,8400000,29900000,192,476,7500000,Rejected
636,0,Not Graduate,0,5300000,20000000,72,881,4000000,Approved
637,2,Graduate,0,4100000,15600000,144,838,2700000,Approved
638,3,Not Graduate,0,6900000,27400000,48,406,5300000,Approved
639,1,Graduate,1,5200000,19500000,144,778,5800000,Approved
640,5,Not Graduate,1,2000000,7400000,168,799,1100000,Approved
641,3,Graduate,0,4600000,17800000,240,716,4500000,Approved
642,0,Graduate,1,7100000,20100000,192,756,5400000,Approved
643,0,Not Graduate,0,9300000,20100000,120,743,13600000,Approved
644,3,Not Graduate,0,5400000,19400000,240,731,4300000,Approved
645,3,Not Graduate,0,4100000,8500000,24,833,3400000,Approved
646,4,Not Graduate,0,4900000,11400000,96,470,4800000,Rejected
647,5,Graduate,1,5400000,21200000,240,734,7500000,Approved
648,0,Graduate,0,3000000,9600000,144,620,3600000,Approved
649,0,Not Graduate,1,6800000,14400000,96,812,6400000,Approved
650,4,Graduate,1,5100000,14000000,144,459,6800000,Rejected
651,0,Graduate,1,9800000,32600000,120,704,4900000,Approved
652,1,Graduate,1,1600000,4100000,72,391,700000,Rejected
653,4,Graduate,0,8000000,29100000,48,421,8800000,Approved
654,5,Graduate,0,2900000,6700000,168,796,4200000,Approved
655,4,Graduate,0,9200000,30300000,120,607,8900000,Approved
656,3,Not Graduate,0,9500000,20400000,168,376,8400000,Rejected
657,0,Graduate,1,3700000,8500000,96,424,4100000,Rejected
658,5,Graduate,1,7100000,20800000,72,442,7100000,Rejected
659,5,Not Graduate,0,5600000,17600000,168,448,6800000,Rejected
660,0,Graduate,1,1200000,2700000,24,638,1500000,Approved
661,3,Not Graduate,0,1600000,5600000,72,710,1600000,Approved
662,4,Not Graduate,1,1600000,4800000,240,641,1400000,Approved
663,2,Not Graduate,0,5300000,20200000,120,348,6100000,Rejected
664,5,Not Graduate,0,9100000,19900000,240,519,10500000,Rejected
665,4,Not Graduate,1,9400000,35000000,120,517,6700000,Rejected
666,3,Not Graduate,0,5900000,22400000,72,375,4800000,Rejected
667,2,Graduate,1,1100000,3400000,120,426,1400000,Rejected
668,4,Graduate,1,3100000,11500000,168,785,4200000,Approved
669,4,Not Graduate,0,2200000,8600000,240,373,1400000,Rejected
670,1,Graduate,0,6000000,20100000,72,476,5500000,Rejected
671,1,Graduate,1,2000000,5600000,216,320,2100000,Rejected
672,4,Graduate,0,7200000,22900000,216,657,8800000,Approved
673,1,Not Graduate,1,500000,1900000,144,868,300000,Approved
674,1,Not Graduate,1,5800000,13900000,72,345,5500000,Rejected
675,0,Not Graduate,0,200000,300000,72,472,0,Rejected
676,4,Not Graduate,1,4600000,9500000,240,613,3000000,Approved
677,5,Not Graduate,1,4600000,12800000,168,769,3500000,Approved
678,1,Graduate,0,6500000,23100000,240,741,7900000,Approved
679,4,Not Graduate,1,4400000,16600000,168,889,5900000,Approved
680,0,Not Graduate,1,900000,3600000,120,683,400000,Approved
681,0,Not Graduate,1,3200000,7400000,216,780,2800000,Approved
682,3,Graduate,0,600000,1100000,96,538,300000,Rejected
683,1,Not Graduate,0,5200000,12600000,120,721,3600000,Approved
684,3,Not Graduate,1,6400000,15200000,168,467,3200000,Rejected
685,2,Not Graduate,0,1000000,2500000,72,551,900000,Approved
686,2,Not Graduate,0,6800000,14800000,168,803,6600000,Approved
687,0,Graduate,0,3000000,8400000,120,361,1800000,Rejected
688,1,Not Graduate,1,8700000,30700000,72,708,9300000,Approved
689,4,Graduate,1,8800000,20900000,216,766,13100000,Approved
690,1,Not Graduate,1,3900000,11500000,24,464,5100000,Rejected
691,5,Graduate,0,1700000,4300000,24,517,1600000,Rejected
692,3,Not Graduate,1,900000,2300000,72,747,600000,Approved
693,1,Not Graduate,0,7200000,24700000,72,596,5800000,Approved
694,0,Graduate,0,9200000,25400000,24,783,12400000,Approved
695,3,Not Graduate,0,5700000,19400000,24,335,7100000,Approved
696,5,Not Graduate,1,1100000,2700000,48,889,500000,Approved
697,2,Not Graduate,1,1100000,2200000,48,874,900000,Approved
698,0,Graduate,1,6000000,23900000,48,394,4500000,Approved
699,2,Graduate,1,8100000,28500000,240,420,10000000,Rejected
700,2,Not Graduate,1,6500000,25100000,240,848,4400000,Approved
701,0,Graduate,1,7600000,17900000,192,788,5900000,Approved
702,1,Graduate,0,2200000,4900000,96,509,2900000,Rejected
703,4,Graduate,1,6300000,23900000,72,899,6700000,Approved
704,4,Not Graduate,1,6700000,15800000,144,466,6600000,Rejected
705,5,Graduate,1,1300000,4300000,24,595,1500000,Approved
706,1,Not Graduate,0,2800000,6700000,144,322,2100000,Rejected
707,3,Graduate,0,7000000,18900000,24,691,3900000,Approved
708,3,Not Graduate,1,8800000,26700000,120,379,9700000,Rejected
709,0,Graduate,0,8900000,25800000,216,531,5400000,Rejected
710,5,Not Graduate,0,7000000,21800000,48,631,10000000,Approved
711,0,Graduate,1,6900000,18600000,120,330,4500000,Rejected
712,5,Graduate,0,9200000,29200000,192,383,5700000,Rejected
713,0,Graduate,1,6100000,19700000,192,678,5500000,Approved
714,1,Graduate,1,4400000,14700000,96,894,2400000,Approved
715,4,Not Graduate,0,9900000,22700000,144,567,5400000,Approved
716,5,Not Graduate,0,3900000,14000000,48,708,5200000,Approved
717,3,Graduate,0,6800000,21200000,24,433,6300000,Approved
718,4,Not Graduate,0,3600000,8700000,168,302,4100000,Rejected
719,4,Graduate,0,700000,2600000,168,736,400000,Approved
720,2,Not Graduate,1,4000000,8500000,72,323,4100000,Rejected
721,4,Graduate,0,1800000,4100000,144,670,2200000,Approved
722,3,Not Graduate,0,5600000,21000000,144,609,4900000,Approved
723,4,Not Graduate,0,6800000,24200000,216,349,9400000,Rejected
724,5,Not Graduate,1,600000,1500000,24,319,600000,Rejected
725,1,Not Graduate,0,4200000,16200000,168,391,2600000,Rejected
726,4,Not Graduate,0,5000000,18700000,120,755,2600000,Approved
727,1,Not Graduate,0,4100000,12200000,72,354,3500000,Rejected
728,3,Not Graduate,1,2200000,8800000,24,877,3100000,Approved
729,1,Not Graduate,0,3400000,8600000,192,312,3000000,Rejected
730,0,Graduate,0,7100000,15900000,168,746,8000000,Approved
731,3,Graduate,0,5800000,19600000,192,313,6300000,Rejected
732,2,Graduate,0,3400000,12900000,168,857,1900000,Approved
733,2,Not Graduate,0,7700000,18300000,240,504,4600000,Rejected
734,0,Graduate,0,500000,1200000,168,556,500000,Approved
735,2,Graduate,1,5300000,11000000,168,393,5200000,Rejected
736,0,Graduate,0,4700000,14400000,168,881,2400000,Approved
737,2,Graduate,1,4300000,12200000,168,719,5700000,Approved
738,2,Graduate,1,900000,2500000,192,458,1100000,Rejected
739,4,Graduate,0,2000000,7500000,168,857,2100000,Approved
740,2,Graduate,1,2000000,7600000,192,429,2200000,Rejected
741,3,Not Graduate,0,4100000,15900000,144,538,5700000,Rejected
742,1,Not Graduate,0,6900000,14400000,120,828,9000000,Approved
743,5,Graduate,1,2300000,6100000,72,339,2400000,Rejected
744,5,Graduate,1,5800000,16600000,216,376,2800000,Rejected
745,5,Not Graduate,0,8000000,30000000,168,549,7000000,Rejected
746,3,Not Graduate,1,3700000,12700000,216,587,4100000,Approved
747,0,Not Graduate,0,2600000,8400000,216,861,3800000,Approved
748,0,Not Graduate,0,3000000,7000000,144,409,3500000,Rejected
749,4,Graduate,0,2700000,10200000,48,528,1600000,Approved
750,4,Not Graduate,0,5700000,19600000,96,691,3000000,Approved
751,2,Graduate,0,1500000,3600000,48,584,1700000,Approved
752,5,Not Graduate,0,6800000,20000000,48,459,4900000,Rejected
753,1,Graduate,1,8100000,31700000,120,755,4700000,Approved
754,3,Not Graduate,1,9200000,27700000,240,688,11200000,Approved
755,1,Not Graduate,1,7600000,26000000,72,384,7900000,Rejected
756,4,Graduate,0,600000,1600000,240,869,200000,Approved
757,1,Not Graduate,1,4700000,18700000,240,445,4000000,Rejected
758,0,Graduate,0,1400000,5500000,72,393,1800000,Rejected
759,3,Graduate,1,9400000,24600000,120,414,5600000,Rejected
760,2,Graduate,0,9700000,19900000,192,395,10800000,Rejected
761,3,Not Graduate,1,8900000,21000000,168,815,6400000,Approved
762,5,Graduate,0,4600000,10500000,96,758,2900000,Approved
763,5,Not Graduate,1,5600000,14500000,120,457,4600000,Rejected
764,0,Graduate,1,1000000,3200000,120,854,1200000,Approved
765,3,Graduate,0,3500000,10300000,192,324,2400000,Rejected
766,0,Not Graduate,0,7900000,31500000,168,849,10600000,Approved
767,3,Graduate,1,6100000,24200000,144,672,5000000,Approved
768,3,Not Graduate,1,8900000,20900000,72,859,11100000,Approved
769,4,Graduate,0,5300000,15400000,96,584,5000000,Approved
770,5,Not Graduate,0,1300000,4800000,48,346,1600000,Approved
771,3,Graduate,0,4000000,12800000,216,635,4200000,Approved
772,2,Not Graduate,0,8700000,22700000,48,365,7200000,Rejected
773,1,Not Graduate,0,9500000,20000000,192,856,6200000,Approved
774,5,Graduate,1,9000000,20000000,24,440,7600000,Rejected
775,0,Graduate,1,7300000,23300000,24,616,4100000,Approved
776,3,Graduate,1,7400000,25700000,24,461,5100000,Approved
777,5,Not Graduate,0,3100000,10800000,120,681,1500000,Approved
778,2,Graduate,0,4300000,9400000,24,485,2200000,Rejected
779,1,Graduate,1,2400000,8300000,72,684,2300000,Approved
780,1,Graduate,0,5400000,17900000,168,727,4700000,Approved
781,2,Not Graduate,0,1600000,5100000,72,784,1400000,Approved
782,3,Not Graduate,1,9900000,20400000,48,865,12800000,Approved
783,3,Not Graduate,0,5800000,20100000,216,791,5600000,Approved
784,4,Not Graduate,0,2200000,8500000,192,866,2800000,Approved
785,0,Graduate,0,5000000,14400000,24,761,4500000,Approved
786,2,Not Graduate,1,600000,2100000,216,572,300000,Approved
787,4,Graduate,0,2200000,8600000,72,601,3300000,Approved
788,1,Graduate,1,2600000,5500000,168,820,2000000,Approved
789,4,Not Graduate,0,1200000,4300000,96,598,1300000,Approved
790,2,Graduate,0,3100000,8700000,216,544,1500000,Rejected
791,5,Not Graduate,1,4600000,14500000,168,561,5800000,Approved
792,4,Graduate,1,9300000,35500000,72,547,13900000,Rejected
793,4,Graduate,0,6300000,13400000,24,504,9400000,Rejected
794,2,Not Graduate,0,5900000,20800000,168,530,8800000,Rejected
795,2,Graduate,1,2900000,10600000,72,614,3600000,Approved
796,4,Not Graduate,0,6100000,22400000,216,351,4800000,Rejected
797,4,Graduate,1,5900000,19700000,120,431,5300000,Rejected
798,1,Not Graduate,1,4600000,18400000,120,403,2900000,Rejected
799,2,Not Graduate,0,7000000,20200000,96,668,9100000,Approved
800,3,Not Graduate,1,5100000,10400000,216,399,4600000,Rejected
801,1,Graduate,0,3100000,10600000,168,665,3900000,Approved
802,2,Graduate,0,4100000,12800000,192,344,4100000,Rejected
803,0,Graduate,0,1800000,5400000,192,555,1700000,Approved
804,4,Not Graduate,1,8200000,26900000,240,301,9900000,Rejected
805,2,Not Graduate,1,800000,2100000,72,726,600000,Approved
806,2,Graduate,0,8400000,23100000,72,689,11900000,Approved
807,0,Not Graduate,0,8500000,33900000,48,665,4500000,Approved
808,3,Not Graduate,1,3300000,12700000,192,608,4500000,Approved
809,3,Not Graduate,0,5800000,12800000,240,335,8000000,Rejected
810,3,Not Graduate,0,4400000,10500000,216,677,5000000,Approved
811,1,Not Graduate,0,2600000,8500000,24,491,2600000,Approved
812,2,Not Graduate,1,9600000,28100000,240,763,10300000,Approved
813,5,Not Graduate,1,5200000,18100000,96,809,5500000,Approved
814,5,Not Graduate,1,9700000,36400000,192,544,5200000,Rejected
815,1,Graduate,1,200000,800000,168,624,0,Approved
816,3,Graduate,0,6500000,16800000,120,388,7200000,Rejected
817,4,Graduate,1,7200000,23100000,168,644,4200000,Approved
818,0,Not Graduate,0,5200000,18400000,168,600,3600000,Approved
819,2,Not Graduate,0,6500000,14100000,24,709,4000000,Approved
820,5,Graduate,1,2300000,5600000,96,642,2500000,Approved
821,0,Not Graduate,1,3300000,10400000,48,423,3200000,Approved
822,0,Not Graduate,1,2000000,5900000,144,900,3000000,Approved
823,2,Graduate,1,8300000,19500000,48,415,8600000,Rejected
824,4,Graduate,1,3800000,14300000,48,645,4600000,Approved
825,0,Not Graduate,0,5700000,15600000,192,742,6800000,Approved
826,4,Not Graduate,0,7300000,19800000,96,724,10300000,Approved
827,1,Graduate,0,1600000,5400000,144,707,800000,Approved
828,5,Not Graduate,1,800000,2500000,48,780,400000,Approved
829,4,Not Graduate,0,6300000,21900000,120,538,7800000,Rejected
830,2,Graduate,0,8800000,17700000,168,706,9200000,Approved
831,0,Graduate,0,7300000,14500000,192,811,9600000,Approved
832,2,Graduate,1,3800000,9100000,168,849,2500000,Approved
833,3,Graduate,0,6200000,16700000,120,880,9100000,Approved
834,5,Not Graduate,1,3500000,9500000,48,664,5200000,Approved
835,5,Graduate,1,1400000,5000000,24,465,1500000,Approved
836,3,Not Graduate,1,3500000,12000000,24,786,1700000,Approved
837,1,Graduate,1,600000,2000000,120,326,700000,Rejected
838,0,Not Graduate,0,4100000,10800000,192,399,5300000,Rejected
839,2,Not Graduate,1,5400000,11500000,72,841,6600000,Approved
840,2,Not Graduate,1,2000000,6700000,168,638,2300000,Approved
841,4,Graduate,1,3500000,8900000,48,478,3800000,Rejected
842,0,Graduate,1,8300000,30000000,48,600,12000000,Approved
843,0,Graduate,1,6700000,15600000,192,768,3800000,Approved
844,0,Not Graduate,0,1900000,6500000,120,523,1100000,Rejected
845,2,Graduate,1,6500000,20900000,168,327,4700000,Rejected
846,1,Graduate,1,600000,1800000,96,799,800000,Approved
847,5,Graduate,0,7000000,23000000,216,803,4100000,Approved
848,2,Graduate,0,7700000,15400000,216,524,6600000,Rejected
849,1,Graduate,0,2600000,6600000,72,506,2100000,Rejected
850,1,Graduate,0,9200000,18800000,24,351,13000000,Rejected
851,2,Graduate,1,1800000,4200000,96,648,1600000,Approved
852,1,Not Graduate,0,4900000,18500000,48,612,2900000,Approved
853,1,Graduate,0,5700000,12400000,168,396,5600000,Rejected
854,3,Not Graduate,0,300000,800000,24,458,200000,Rejected
855,3,Graduate,1,1700000,3400000,72,488,1600000,Rejected
856,4,Graduate,0,7000000,18900000,72,475,5200000,Rejected
857,1,Not Graduate,0,2200000,7000000,216,417,1900000,Rejected
858,2,Not Graduate,0,6800000,18700000,96,781,5400000,Approved
859,1,Not Graduate,1,2400000,6200000,144,337,2300000,Rejected
860,0,Not Graduate,1,600000,1800000,144,511,400000,Rejected
861,4,Graduate,0,6200000,17300000,72,837,4600000,Approved
862,1,Not Graduate,0,7600000,24600000,144,810,5200000,Approved
863,2,Not Graduate,0,4800000,10600000,96,588,4500000,Approved
864,5,Graduate,0,4200000,9200000,144,870,5700000,Approved
865,0,Not Graduate,1,7200000,20700000,120,733,9900000,Approved
866,5,Not Graduate,1,6400000,20300000,192,348,6900000,Rejected
867,0,Not Graduate,1,8900000,23000000,144,741,7100000,Approved
868,3,Not Graduate,0,5100000,14500000,144,306,2900000,Rejected
869,2,Graduate,1,6300000,19500000,216,428,6500000,Rejected
870,3,Graduate,0,6600000,22100000,48,455,7400000,Approved
871,1,Not Graduate,1,4800000,14700000,24,356,5500000,Approved
872,0,Graduate,0,200000,400000,48,594,100000,Approved
873,0,Not Graduate,1,7500000,25800000,216,844,6500000,Approved
874,4,Graduate,0,9000000,34700000,48,771,7700000,Approved
875,2,Graduate,0,5400000,12500000,48,622,5400000,Approved
876,1,Not Graduate,1,1700000,4500000,240,480,1900000,Rejected
877,4,Graduate,0,4300000,11500000,240,337,5200000,Rejected
878,1,Graduate,0,5200000,11200000,72,698,2700000,Approved
879,4,Not Graduate,0,4400000,17000000,216,302,5700000,Rejected
880,1,Not Graduate,1,3900000,7800000,168,349,3600000,Rejected
881,0,Graduate,0,1100000,3300000,120,482,1600000,Rejected
882,2,Graduate,0,2500000,8200000,120,429,2200000,Rejected
883,4,Graduate,0,500000,1300000,96,471,700000,Rejected
884,0,Graduate,1,9000000,32400000,120,895,9500000,Approved
885,1,Not Graduate,1,5100000,20300000,216,757,3200000,Approved
886,2,Graduate,0,5200000,13500000,24,777,6100000,Approved
887,5,Not Graduate,1,4400000,8900000,48,761,3000000,Approved
888,1,Graduate,0,1900000,4200000,144,821,2700000,Approved
889,4,Not Graduate,1,9200000,26500000,72,662,5300000,Approved
890,2,Not Graduate,1,4800000,16500000,120,350,2900000,Rejected
891,4,Not Graduate,0,4900000,10700000,240,321,6500000,Rejected
892,3,Graduate,1,4800000,10100000,48,368,3500000,Rejected
893,4,Graduate,0,9300000,24900000,168,455,13900000,Rejected
894,5,Not Graduate,1,7500000,24600000,96,744,9300000,Approved
895,1,Graduate,0,5900000,16800000,48,806,7100000,Approved
896,0,Graduate,0,9400000,27900000,72,456,7800000,Rejected
897,5,Graduate,0,5300000,13400000,96,719,5300000,Approved
898,4,Graduate,0,3700000,9000000,216,668,3100000,Approved
899,0,Graduate,1,2500000,5800000,216,494,2300000,Rejected
900,4,Not Graduate,0,2800000,10800000,24,841,4100000,Approved
901,0,Graduate,1,5400000,21400000,96,721,7400000,Approved
902,5,Graduate,0,3100000,9400000,120,414,2800000,Rejected
903,5,Not Graduate,0,4800000,15500000,120,812,3500000,Approved
904,1,Not Graduate,0,8800000,17500000,240,832,7400000,Approved
905,2,Graduate,0,4100000,14900000,144,571,3400000,Approved
906,5,Not Graduate,0,9700000,37000000,168,459,5600000,Rejected
907,2,Graduate,1,6400000,24100000,72,592,6000000,Approved
908,5,Graduate,0,3400000,13100000,240,527,4000000,Rejected
909,4,Not Graduate,0,3500000,10200000,144,333,3400000,Rejected
910,3,Not Graduate,0,3200000,10000000,216,532,2100000,Rejected
911,2,Graduate,1,4900000,13100000,216,754,7200000,Approved
912,0,Graduate,1,1300000,4800000,48,835,800000,Rejected
913,4,Graduate,0,2500000,5400000,120,592,2900000,Approved
914,0,Graduate,0,7500000,27300000,240,553,6100000,Approved
915,2,Graduate,0,700000,2000000,96,806,400000,Approved
916,4,Graduate,1,8200000,28500000,24,378,11500000,Approved
917,1,Not Graduate,0,6900000,26200000,48,534,9400000,Approved
918,1,Not Graduate,1,1500000,5900000,192,400,1500000,Rejected
919,3,Graduate,0,6300000,18300000,216,543,3500000,Rejected
920,0,Not Graduate,1,8800000,25600000,120,715,8600000,Approved
921,4,Graduate,1,8900000,20700000,72,684,6700000,Approved
922,3,Not Graduate,1,2100000,6100000,96,346,2900000,Rejected
923,1,Graduate,1,9200000,29200000,72,669,11700000,Approved
924,2,Not Graduate,0,3600000,8000000,144,566,2700000,Approved
925,0,Not Graduate,1,8600000,23600000,24,361,7500000,Rejected
926,5,Graduate,0,3000000,8000000,72,333,2200000,Rejected
927,3,Not Graduate,1,5200000,16300000,96,335,7300000,Rejected
928,3,Graduate,1,7200000,20400000,120,558,10600000,Approved
929,1,Not Graduate,1,4000000,15600000,144,436,3200000,Rejected
930,1,Not Graduate,0,2400000,5200000,24,371,1400000,Rejected
931,2,Not Graduate,1,5500000,18400000,120,515,4100000,Rejected
932,0,Not Graduate,1,9000000,24300000,120,599,6400000,Approved
933,0,Not Graduate,1,7900000,24000000,240,728,7400000,Approved
934,2,Not Graduate,1,6200000,21600000,240,679,9100000,Approved
935,3,Graduate,1,7900000,29200000,48,399,6900000,Approved
936,3,Not Graduate,0,1200000,4500000,72,819,900000,Approved
937,1,Graduate,0,4700000,11700000,72,308,3700000,Rejected
938,5,Graduate,1,5900000,15600000,24,730,5900000,Approved
939,4,Not Graduate,1,1400000,5100000,168,312,1400000,Rejected
940,3,Not Graduate,1,4700000,12800000,192,740,6100000,Approved
941,5,Graduate,1,7600000,20000000,120,522,4300000,Rejected
942,4,Graduate,0,7200000,16900000,48,702,9600000,Approved
943,4,Not Graduate,1,1400000,4300000,192,447,1000000,Rejected
944,5,Graduate,0,1400000,2900000,48,829,1600000,Approved
945,2,Graduate,0,7900000,18500000,216,727,7100000,Approved
946,5,Not Graduate,1,7600000,18700000,168,509,3700000,Rejected
947,3,Graduate,1,9600000,34200000,24,745,6700000,Approved
948,1,Not Graduate,0,2300000,6600000,216,513,1600000,Rejected
949,2,Not Graduate,0,8100000,18500000,72,372,7900000,Rejected
950,2,Graduate,1,300000,700000,48,411,100000,Rejected
951,4,Graduate,0,4700000,10800000,240,495,4500000,Rejected
952,5,Not Graduate,0,1100000,2500000,48,827,600000,Approved
953,4,Not Graduate,0,8600000,25100000,72,820,8300000,Approved
954,5,Graduate,1,8700000,28100000,120,660,10100000,Approved
955,0,Not Graduate,0,2200000,8600000,48,563,2800000,Approved
956,1,Not Graduate,1,500000,1400000,120,883,300000,Approved
957,0,Not Graduate,1,9100000,22000000,144,387,7000000,Rejected
958,1,Graduate,0,2200000,8700000,144,613,2400000,Approved
959,0,Not Graduate,1,2200000,8000000,168,335,2900000,Rejected
960,1,Graduate,1,9600000,34500000,24,795,9300000,Approved
961,1,Graduate,1,6500000,13900000,96,369,8300000,Rejected
962,4,Graduate,1,2400000,7400000,216,888,3200000,Approved
963,4,Not Graduate,0,5500000,12300000,72,742,4300000,Approved
964,0,Graduate,0,5000000,14400000,48,874,3900000,Approved
965,1,Graduate,0,2700000,8100000,192,691,2100000,Approved
966,3,Not Graduate,1,8500000,30300000,144,762,4200000,Approved
967,1,Graduate,0,4400000,10700000,216,324,5400000,Rejected
968,4,Not Graduate,0,500000,1800000,240,777,200000,Approved
969,0,Graduate,0,8300000,21400000,24,662,10200000,Approved
970,2,Not Graduate,1,6000000,13000000,144,462,5600000,Rejected
971,3,Not Graduate,1,4000000,10400000,168,609,4600000,Approved
972,5,Graduate,1,4400000,11700000,240,590,2300000,Approved
973,3,Graduate,1,4400000,15800000,216,779,3600000,Approved
974,2,Graduate,1,1900000,5000000,168,641,2400000,Approved
975,0,Graduate,1,5000000,18400000,144,752,6500000,Approved
976,0,Graduate,0,8000000,23700000,120,305,12000000,Rejected
977,4,Not Graduate,0,8200000,20700000,120,546,10600000,Rejected
978,2,Graduate,0,7000000,24200000,96,833,9100000,Approved
979,2,Not Graduate,0,2400000,8800000,216,421,1400000,Rejected
980,5,Graduate,0,6600000,18800000,48,639,4300000,Approved
981,3,Graduate,0,3200000,6900000,240,735,3100000,Approved
982,0,Not Graduate,1,2600000,5400000,24,377,2700000,Rejected
983,3,Not Graduate,0,6900000,15600000,240,310,4800000,Rejected
984,4,Graduate,0,4800000,14000000,24,695,4600000,Approved
985,1,Not Graduate,1,300000,1200000,48,355,200000,Approved
986,1,Not Graduate,1,4300000,14100000,144,525,5500000,Rejected
987,5,Not Graduate,0,700000,2400000,240,330,500000,Rejected
988,5,Graduate,0,9400000,25800000,168,625,11100000,Approved
989,3,Not Graduate,1,800000,2900000,120,644,400000,Approved
990,5,Not Graduate,0,4400000,14900000,48,865,3500000,Approved
991,1,Graduate,1,4700000,14800000,72,661,6400000,Approved
992,2,Not Graduate,0,2300000,5000000,96,884,1500000,Approved
993,5,Graduate,1,8500000,26700000,120,803,9600000,Approved
994,2,Graduate,0,7600000,28300000,144,800,7800000,Approved
995,2,Graduate,0,3200000,12600000,216,796,2000000,Approved
996,4,Not Graduate,0,2400000,5000000,48,716,1400000,Approved
997,0,Graduate,1,500000,1100000,216,479,600000,Rejected
998,3,Not Graduate,1,8500000,28300000,24,810,10700000,Approved
999,0,Graduate,1,8900000,20900000,216,568,5300000,Approved
1000,0,Graduate,0,2800000,5600000,96,842,1900000,Approved
1001,3,Not Graduate,1,2900000,7000000,48,806,3000000,Approved
1002,1,Graduate,1,4900000,17700000,96,722,3000000,Approved
1003,5,Not Graduate,0,9600000,20700000,168,442,8200000,Rejected
1004,3,Graduate,1,3300000,9800000,72,360,4400000,Rejected
1005,3,Not Graduate,0,2800000,5900000,48,461,2800000,Rejected
1006,2,Graduate,0,7800000,22200000,120,735,6900000,Approved
1007,4,Graduate,1,2500000,8400000,144,761,1600000,Approved
1008,0,Graduate,0,4400000,10600000,240,653,5400000,Approved
1009,0,Not Graduate,0,7900000,30800000,48,726,5500000,Approved
1010,1,Graduate,0,8900000,22600000,216,617,11700000,Approved
1011,0,Graduate,0,5600000,13400000,24,460,4100000,Rejected
1012,1,Not Graduate,0,1400000,3300000,96,306,800000,Rejected
1013,5,Graduate,1,500000,1400000,48,471,300000,Rejected
1014,1,Graduate,1,5100000,15300000,48,628,2700000,Approved
1015,3,Graduate,0,9800000,25600000,120,404,11500000,Rejected
1016,2,Graduate,1,8600000,21600000,192,804,7100000,Approved
1017,3,Not Graduate,0,1600000,3900000,240,804,800000,Approved
1018,1,Not Graduate,1,2500000,6700000,24,502,1400000,Rejected
1019,0,Graduate,0,9500000,22600000,72,861,5600000,Approved
1020,2,Not Graduate,1,3000000,7800000,168,555,1700000,Approved
1021,0,Not Graduate,0,5100000,13600000,216,351,7600000,Rejected
1022,2,Not Graduate,1,7600000,23600000,72,358,10900000,Rejected
1023,5,Graduate,0,8800000,18800000,168,836,5400000,Approved
1024,4,Not Graduate,1,1100000,2900000,48,554,1600000,Approved
1025,3,Graduate,0,8700000,30500000,24,443,8100000,Approved
1026,5,Not Graduate,0,6100000,23600000,48,725,4800000,Approved
1027,2,Not Graduate,1,1900000,7000000,168,818,2100000,Approved
1028,1,Not Graduate,0,9900000,38700000,72,670,6500000,Approved
1029,0,Graduate,0,5800000,21100000,72,414,5600000,Rejected
1030,2,Not Graduate,1,9500000,37000000,96,887,11700000,Approved
1031,3,Graduate,1,7900000,26600000,144,409,8700000,Rejected
1032,1,Not Graduate,1,1300000,4500000,168,679,1600000,Approved
1033,4,Graduate,1,700000,2600000,216,478,300000,Rejected
1034,3,Graduate,0,600000,1200000,24,752,700000,Approved
1035,0,Graduate,0,9400000,33000000,48,616,7800000,Approved
1036,2,Not Graduate,1,3800000,12500000,168,842,5300000,Approved
1037,3,Graduate,1,7800000,26300000,240,840,5300000,Approved
1038,3,Graduate,1,7800000,27700000,72,430,5300000,Rejected
1039,4,Not Graduate,0,2700000,7000000,48,351,2700000,Rejected
1040,5,Not Graduate,0,600000,2300000,48,347,200000,Rejected
1041,3,Not Graduate,1,8000000,28800000,120,576,11900000,Approved
1042,0,Not Graduate,1,4000000,11000000,96,799,4200000,Approved
1043,1,Not Graduate,1,3300000,10800000,24,550,4700000,Approved
1044,2,Graduate,0,5800000,13300000,48,878,4500000,Approved
1045,3,Graduate,1,2400000,4800000,144,895,3300000,Approved
1046,4,Not Graduate,0,7600000,29700000,72,603,11000000,Approved
1047,2,Not Graduate,1,2500000,6900000,144,325,3600000,Rejected
1048,2,Graduate,0,3300000,11800000,48,393,2600000,Approved
1049,3,Graduate,0,9800000,30300000,24,612,5600000,Approved
1050,0,Graduate,1,1000000,3800000,96,553,1300000,Approved
1051,0,Not Graduate,1,2500000,8800000,168,389,3600000,Rejected
1052,0,Graduate,0,1900000,6800000,48,782,2400000,Approved
1053,3,Graduate,0,3100000,8500000,144,493,2000000,Rejected
1054,5,Graduate,1,6000000,11900000,24,629,4200000,Approved
1055,5,Not Graduate,0,6500000,21600000,120,419,6600000,Rejected
1056,2,Not Graduate,1,5900000,15800000,24,444,5500000,Rejected
1057,5,Not Graduate,1,6500000,15800000,192,301,7100000,Rejected
1058,0,Graduate,1,3800000,11200000,240,479,5400000,Rejected
1059,3,Not Graduate,1,3000000,11400000,120,424,1500000,Rejected
1060,0,Graduate,0,4300000,16900000,216,469,6200000,Rejected
1061,4,Not Graduate,1,3500000,8300000,24,897,1800000,Approved
1062,3,Not Graduate,0,300000,500000,24,477,400000,Rejected
1063,3,Not Graduate,1,600000,1400000,192,509,900000,Rejected
1064,0,Graduate,1,800000,1700000,48,752,400000,Approved
1065,0,Not Graduate,1,5600000,19100000,168,875,7700000,Approved
1066,2,Not Graduate,1,1800000,3600000,48,343,1500000,Rejected
1067,0,Graduate,0,6800000,20800000,240,819,8000000,Approved
1068,2,Graduate,1,4200000,16800000,24,433,3700000,Approved
1069,1,Not Graduate,1,200000,400000,72,768,0,Approved
1070,2,Graduate,1,8500000,31800000,72,714,5600000,Approved
1071,2,Not Graduate,1,2800000,10100000,192,531,4100000,Rejected
1072,0,Graduate,1,3600000,8600000,72,529,5200000,Rejected
1073,1,Not Graduate,0,6200000,19500000,240,448,8000000,Rejected
1074,1,Graduate,0,2700000,10000000,24,584,3400000,Approved
1075,1,Graduate,0,6800000,22900000,48,501,4400000,Approved
1076,2,Not Graduate,0,6300000,24500000,216,848,8200000,Approved
1077,4,Not Graduate,0,8800000,19100000,72,586,12400000,Approved
1078,1,Graduate,0,5900000,13000000,24,386,3800000,Rejected
1079,5,Not Graduate,1,9800000,37900000,216,301,6200000,Rejected
1080,2,Graduate,0,3300000,8300000,72,653,4600000,Approved
1081,4,Graduate,1,300000,500000,168,448,100000,Rejected
1082,1,Not Graduate,1,4800000,11600000,192,696,6500000,Approved
1083,1,Graduate,0,7500000,28300000,192,707,6700000,Approved
1084,2,Not Graduate,0,8600000,21700000,48,429,6000000,Rejected
1085,4,Not Graduate,0,8900000,21100000,72,631,6200000,Approved
1086,5,Not Graduate,1,9600000,29600000,48,446,13200000,Approved
1087,0,Graduate,1,7700000,18100000,216,705,6300000,Approved
1088,3,Not Graduate,1,7000000,15200000,24,709,4000000,Approved
1089,4,Not Graduate,1,7800000,19500000,168,739,4400000,Approved
1090,3,Graduate,0,5100000,11000000,72,336,7500000,Rejected
1091,4,Graduate,0,9400000,32600000,48,898,10200000,Approved
1092,4,Not Graduate,1,600000,2100000,72,558,300000,Approved
1093,3,Graduate,0,5100000,13300000,48,589,6100000,Approved
1094,2,Graduate,1,3800000,14400000,24,301,2400000,Rejected
1095,2,Not Graduate,1,5300000,21200000,168,516,7700000,Rejected
1096,5,Not Graduate,0,1100000,3600000,144,315,1400000,Rejected
1097,3,Not Graduate,0,6400000,14400000,120,546,5100000,Rejected
1098,0,Not Graduate,1,5100000,14500000,168,559,6000000,Approved
1099,3,Graduate,1,5300000,16900000,24,350,6800000,Approved
1100,1,Graduate,0,6700000,18700000,96,583,6900000,Approved
1101,2,Not Graduate,0,4000000,9400000,96,874,4800000,Approved
1102,2,Not Graduate,1,3900000,11600000,96,808,5000000,Approved
1103,1,Graduate,1,1600000,4900000,192,487,2000000,Rejected
1104,3,Graduate,0,2700000,7800000,168,870,2100000,Approved
1105,3,Graduate,0,1400000,3800000,96,840,1500000,Approved
1106,4,Not Graduate,1,8000000,19200000,216,682,5300000,Approved
1107,3,Graduate,1,8200000,28900000,120,668,10900000,Approved
1108,5,Graduate,1,4800000,10300000,96,781,4300000,Approved
1109,4,Graduate,0,8100000,19000000,72,375,11900000,Rejected
1110,4,Not Graduate,0,5900000,14900000,168,857,3500000,Approved
1111,5,Graduate,1,8100000,32100000,72,823,6500000,Approved
1112,0,Graduate,0,1400000,5000000,96,686,1500000,Approved
1113,1,Graduate,0,1600000,6300000,24,721,900000,Approved
1114,4,Graduate,0,4600000,9400000,216,545,6300000,Rejected
1115,1,Not Graduate,0,2900000,8900000,72,523,1800000,Rejected
1116,2,Graduate,1,8600000,24900000,240,607,5400000,Approved
1117,4,Not Graduate,0,3800000,14900000,240,428,2500000,Rejected
1118,0,Not Graduate,0,8200000,20300000,48,666,7800000,Approved
1119,3,Graduate,0,3200000,10100000,240,704,3900000,Approved
1120,0,Not Graduate,1,8100000,23800000,120,794,8800000,Approved
1121,1,Graduate,1,9800000,23300000,144,430,13900000,Rejected
1122,0,Not Graduate,0,200000,500000,240,615,200000,Approved
1123,0,Not Graduate,0,6600000,14100000,240,360,7800000,Rejected
1124,0,Not Graduate,0,9100000,18300000,168,458,10000000,Rejected
1125,2,Not Graduate,0,5500000,20400000,144,887,3300000,Approved
1126,4,Not Graduate,0,7200000,27400000,96,735,9500000,Approved
1127,1,Not Graduate,0,2400000,5600000,192,379,3400000,Rejected
1128,4,Graduate,0,9600000,25500000,240,544,11100000,Rejected
1129,1,Graduate,1,5800000,16700000,144,721,7500000,Approved
1130,4,Not Graduate,0,2300000,6000000,96,676,2200000,Approved
1131,1,Not Graduate,0,300000,1200000,48,342,200000,Approved
1132,0,Not Graduate,0,9900000,27000000,192,566,11500000,Approved
1133,2,Not Graduate,0,3500000,14000000,24,355,2900000,Approved
1134,2,Graduate,0,4800000,18500000,240,605,5800000,Approved
1135,2,Not Graduate,0,1600000,5200000,192,525,1600000,Rejected
1136,5,Graduate,1,800000,2500000,144,403,800000,Rejected
1137,1,Graduate,1,9000000,33500000,216,727,5300000,Approved
1138,1,Graduate,0,8300000,28900000,144,529,5800000,Rejected
1139,4,Graduate,0,2800000,6100000,216,415,2000000,Rejected
1140,1,Graduate,1,6400000,17300000,120,879,8200000,Approved
1141,2,Not Graduate,1,6000000,12600000,192,649,5100000,Approved
1142,0,Graduate,0,2900000,9800000,192,395,2400000,Rejected
1143,0,Graduate,0,6500000,24100000,240,488,9700000,Rejected
1144,1,Graduate,1,200000,400000,96,569,300000,Approved
1145,1,Not Graduate,0,8400000,24600000,168,817,8200000,Approved
1146,1,Graduate,1,6100000,17800000,240,706,4300000,Approved
1147,2,Graduate,1,8000000,31200000,96,553,10300000,Approved
1148,5,Not Graduate,1,900000,1800000,168,464,700000,Rejected
1149,2,Graduate,0,7300000,20000000,72,729,9100000,Approved
1150,4,Not Graduate,1,3700000,7400000,144,363,4400000,Rejected
1151,2,Graduate,0,5200000,17200000,144,565,6300000,Approved
1152,1,Graduate,0,7200000,21000000,168,421,4600000,Rejected
1153,0,Not Graduate,1,9400000,34200000,120,512,6300000,Rejected
1154,3,Not Graduate,1,3400000,12400000,24,730,4600000,Approved
1155,0,Graduate,0,600000,2300000,96,627,300000,Approved
1156,0,Not Graduate,1,3300000,10000000,192,434,4100000,Rejected
1157,2,Graduate,1,5900000,14300000,24,410,4100000,Rejected
1158,3,Not Graduate,0,1300000,3600000,192,624,1900000,Approved
1159,4,Graduate,1,5700000,16900000,48,656,8400000,Approved
1160,2,Not Graduate,0,7700000,27300000,192,758,9100000,Approved
1161,4,Not Graduate,1,7000000,23500000,216,336,7800000,Rejected
1162,5,Graduate,0,8100000,21900000,216,378,9600000,Rejected
1163,1,Graduate,1,1900000,4200000,48,620,900000,Approved
1164,2,Graduate,0,4500000,9100000,216,593,2500000,Approved
1165,0,Not Graduate,1,9600000,34000000,144,710,7800000,Approved
1166,1,Not Graduate,1,5400000,20700000,96,753,3600000,Approved
1167,1,Not Graduate,1,7800000,27200000,192,454,11400000,Rejected
1168,1,Graduate,1,8200000,19100000,96,619,6600000,Approved
1169,2,Graduate,0,8900000,28500000,72,367,9300000,Rejected
1170,1,Graduate,0,1400000,3100000,240,384,1800000,Rejected
1171,2,Graduate,0,1700000,5900000,192,610,1300000,Approved
1172,0,Graduate,0,5300000,19500000,144,802,3200000,Approved
1173,3,Graduate,0,6500000,25200000,120,858,8100000,Approved
1174,2,Graduate,0,5900000,14000000,96,599,6700000,Approved
1175,4,Graduate,1,9800000,27000000,24,395,9700000,Rejected
1176,3,Graduate,1,7700000,16200000,72,380,6400000,Rejected
1177,1,Graduate,0,7900000,27100000,120,803,6600000,Approved
1178,4,Graduate,0,3500000,8900000,240,809,3200000,Approved
1179,4,Not Graduate,0,2400000,6600000,24,722,3000000,Approved
1180,5,Graduate,0,9900000,35700000,120,392,13000000,Rejected
1181,0,Graduate,0,3900000,14500000,96,545,3400000,Rejected
1182,2,Not Graduate,1,7300000,28500000,120,799,4300000,Approved
1183,0,Graduate,1,6400000,21900000,144,727,5300000,Approved
1184,4,Graduate,0,7100000,19800000,216,530,7100000,Rejected
1185,2,Not Graduate,0,8800000,19000000,168,637,6100000,Approved
1186,5,Graduate,0,7400000,21000000,48,561,3900000,Approved
1187,2,Not Graduate,0,4400000,12000000,240,421,3400000,Rejected
1188,3,Graduate,1,8600000,30300000,168,459,9100000,Rejected
1189,3,Not Graduate,0,6900000,26000000,168,828,3600000,Approved
1190,4,Graduate,0,9600000,27500000,240,679,6300000,Approved
1191,2,Graduate,1,8100000,25700000,96,455,9500000,Rejected
1192,0,Not Graduate,0,2600000,9400000,216,879,2300000,Approved
1193,3,Graduate,1,9300000,26100000,168,636,11600000,Approved
1194,2,Not Graduate,1,2100000,5600000,192,426,1200000,Rejected
1195,4,Not Graduate,1,9000000,21500000,168,508,13100000,Rejected
1196,3,Not Graduate,1,7000000,19200000,48,768,7700000,Approved
1197,3,Not Graduate,0,2200000,6400000,240,667,2900000,Approved
1198,5,Graduate,1,7500000,28200000,24,440,6000000,Approved
1199,1,Graduate,1,8300000,16800000,24,366,4500000,Rejected
1200,2,Not Graduate,0,300000,600000,24,383,400000,Rejected
1201,0,Not Graduate,1,300000,800000,48,603,200000,Approved
1202,3,Graduate,0,3900000,14900000,48,728,5500000,Approved
1203,0,Not Graduate,0,6600000,20300000,72,549,9800000,Rejected
1204,0,Graduate,0,4100000,10700000,96,855,3100000,Approved
1205,5,Graduate,1,1800000,5300000,144,461,2000000,Rejected
1206,3,Not Graduate,1,7000000,16100000,192,379,10000000,Rejected
1207,2,Not Graduate,1,5100000,13700000,72,559,5100000,Approved
1208,1,Not Graduate,1,300000,600000,96,816,200000,Approved
1209,4,Not Graduate,1,4300000,11400000,24,560,3300000,Approved
1210,0,Graduate,1,3200000,12000000,168,645,3400000,Approved
1211,4,Not Graduate,1,4200000,11500000,72,551,5000000,Approved
1212,0,Not Graduate,1,9600000,22900000,96,515,7800000,Rejected
1213,4,Graduate,0,1300000,3600000,120,657,1100000,Approved
1214,3,Not Graduate,0,2400000,9300000,24,682,1500000,Approved
1215,0,Graduate,0,600000,1600000,120,588,300000,Approved
1216,5,Graduate,1,9600000,38000000,120,359,9400000,Rejected
1217,0,Graduate,0,400000,1200000,48,766,300000,Approved
1218,4,Graduate,0,5900000,19900000,168,469,3200000,Rejected
1219,0,Graduate,1,700000,1400000,120,618,500000,Approved
1220,0,Not Graduate,1,8600000,17700000,240,711,7400000,Approved
1221,0,Graduate,1,9000000,34000000,48,549,12400000,Approved
1222,3,Graduate,1,5100000,20400000,72,754,7600000,Approved
1223,4,Not Graduate,1,500000,1500000,72,461,200000,Rejected
1224,2,Graduate,0,1600000,3800000,120,837,1600000,Approved
1225,0,Graduate,1,9800000,23900000,168,459,7200000,Rejected
1226,4,Graduate,0,7800000,29700000,240,614,6300000,Approved
1227,4,Not Graduate,0,6500000,24000000,192,373,6700000,Rejected
1228,5,Graduate,1,7500000,26500000,144,512,6000000,Rejected
1229,4,Graduate,1,8900000,23400000,216,781,5800000,Approved
1230,4,Graduate,1,1800000,5800000,168,305,2000000,Rejected
1231,1,Not Graduate,1,7600000,27800000,72,447,10900000,Rejected
1232,4,Graduate,1,1200000,4600000,72,757,1500000,Approved
1233,5,Graduate,1,2700000,10400000,24,723,1400000,Approved
1234,1,Not Graduate,1,4600000,10900000,144,463,6600000,Rejected
1235,2,Not Graduate,0,6900000,18700000,120,699,5200000,Approved
1236,4,Graduate,1,8400000,25200000,24,308,10500000,Approved
1237,0,Graduate,0,300000,500000,216,702,100000,Approved
1238,2,Not Graduate,1,9500000,37500000,48,456,12900000,Approved
1239,3,Graduate,1,1900000,5900000,96,651,1500000,Approved
1240,3,Not Graduate,0,4200000,14500000,240,840,4600000,Approved
1241,4,Graduate,1,2200000,7900000,216,848,1600000,Approved
1242,5,Graduate,1,7100000,19700000,48,727,5800000,Approved
1243,4,Graduate,0,3500000,11600000,120,335,2300000,Rejected
1244,5,Not Graduate,0,400000,800000,216,304,400000,Rejected
1245,2,Graduate,1,8800000,34400000,24,712,5900000,Approved
1246,0,Not Graduate,0,1800000,6600000,120,737,1500000,Approved
1247,1,Graduate,1,7600000,29300000,168,690,9100000,Approved
1248,1,Graduate,1,1000000,3200000,48,888,1300000,Approved
1249,2,Not Graduate,1,8200000,27200000,120,839,6000000,Approved
1250,5,Not Graduate,1,3600000,12400000,96,333,4000000,Rejected
1251,5,Graduate,0,9400000,23700000,216,862,5600000,Approved
1252,5,Not Graduate,0,2600000,9100000,48,309,3400000,Approved
1253,5,Not Graduate,0,9500000,30700000,120,823,13100000,Approved
1254,0,Graduate,1,3500000,11700000,168,649,4800000,Approved
1255,5,Not Graduate,1,9800000,35700000,120,726,12000000,Approved
1256,4,Graduate,0,800000,3100000,216,712,1100000,Approved
1257,0,Not Graduate,0,9700000,37300000,240,701,10500000,Approved
1258,3,Graduate,0,6200000,21300000,144,655,5000000,Approved
1259,1,Not Graduate,1,4400000,16600000,216,385,5100000,Rejected
1260,2,Graduate,0,1800000,3800000,48,777,1400000,Approved
1261,3,Graduate,0,1700000,5300000,168,696,800000,Approved
1262,3,Graduate,0,3900000,14100000,192,496,2900000,Rejected
1263,2,Graduate,1,2200000,7900000,72,659,2400000,Approved
1264,3,Not Graduate,1,6300000,17700000,24,542,5300000,Rejected
1265,2,Not Graduate,0,2200000,8700000,216,729,1300000,Approved
1266,1,Graduate,0,8100000,28400000,72,744,7700000,Approved
1267,4,Not Graduate,0,6800000,17000000,24,749,9400000,Approved
1268,0,Graduate,0,4700000,14800000,240,755,3700000,Approved
1269,3,Graduate,1,2200000,5300000,24,506,2800000,Rejected
1270,3,Graduate,1,3500000,13000000,72,391,4300000,Rejected
1271,1,Not Graduate,1,3500000,11600000,120,898,4500000,Approved
1272,5,Not Graduate,0,500000,1500000,144,527,200000,Rejected
1273,5,Not Graduate,0,9900000,35800000,240,470,14700000,Rejected
1274,1,Graduate,0,8400000,25000000,144,694,7700000,Approved
1275,1,Graduate,0,5000000,18800000,168,325,4300000,Rejected
1276,4,Not Graduate,1,5500000,13400000,120,880,2800000,Approved
1277,5,Graduate,1,3000000,11900000,168,459,4200000,Rejected
1278,3,Not Graduate,1,9400000,21400000,120,323,11300000,Rejected
1279,4,Graduate,0,7600000,29000000,96,739,8800000,Approved
1280,0,Not Graduate,1,5500000,16300000,120,724,6200000,Approved
1281,1,Graduate,0,3100000,7400000,216,487,4500000,Rejected
1282,3,Graduate,0,7700000,27700000,48,439,6200000,Approved
1283,2,Graduate,0,9800000,25400000,24,655,7900000,Approved
1284,3,Not Graduate,0,3200000,9200000,168,443,4500000,Rejected
1285,2,Graduate,0,700000,2600000,240,489,900000,Rejected
1286,4,Not Graduate,1,3100000,8600000,168,427,3700000,Rejected
1287,0,Graduate,1,4500000,10500000,240,417,5800000,Rejected
1288,5,Not Graduate,1,8900000,24800000,216,842,8100000,Approved
1289,3,Not Graduate,0,5900000,23200000,24,307,6300000,Approved
1290,2,Not Graduate,0,1500000,4500000,216,428,1100000,Rejected
1291,4,Not Graduate,1,6300000,15200000,192,415,7900000,Rejected
1292,3,Not Graduate,1,6500000,18200000,240,405,6700000,Rejected
1293,4,Graduate,0,8000000,31500000,216,683,9600000,Approved
1294,1,Graduate,1,3300000,10600000,168,742,4500000,Approved
1295,4,Not Graduate,0,3900000,10000000,120,530,1900000,Rejected
1296,3,Graduate,0,1600000,3500000,120,844,1600000,Approved
1297,2,Not Graduate,1,3900000,13900000,216,715,2100000,Approved
1298,3,Graduate,1,8000000,26300000,144,476,9000000,Rejected
1299,2,Graduate,0,2200000,4800000,72,721,2200000,Approved
1300,4,Not Graduate,0,7600000,30300000,144,339,5800000,Rejected
1301,5,Not Graduate,1,2700000,6800000,72,461,1700000,Rejected
1302,2,Graduate,1,6300000,23200000,144,556,5300000,Approved
1303,3,Not Graduate,0,7700000,18700000,96,483,10200000,Rejected
1304,2,Graduate,0,4500000,17200000,216,406,3300000,Rejected
1305,2,Graduate,1,9400000,24800000,168,513,7500000,Rejected
1306,0,Not Graduate,0,4600000,12600000,192,574,3600000,Approved
1307,0,Graduate,1,5200000,15700000,72,692,5500000,Approved
1308,5,Graduate,1,8000000,29800000,216,867,9200000,Approved
1309,1,Not Graduate,1,9900000,38500000,24,875,6500000,Approved
1310,4,Graduate,1,8500000,18600000,120,597,11600000,Approved
1311,2,Graduate,1,4900000,12000000,240,513,4800000,Rejected
1312,3,Graduate,1,7000000,24200000,24,354,7900000,Approved
1313,2,Not Graduate,0,9600000,25900000,216,647,11500000,Approved
1314,1,Graduate,0,9700000,23700000,72,875,10400000,Approved
1315,1,Graduate,0,6200000,14300000,240,819,4300000,Approved
1316,4,Not Graduate,1,4100000,9600000,120,521,4900000,Rejected
1317,0,Graduate,1,6100000,19900000,240,761,7100000,Approved
1318,0,Graduate,0,700000,1900000,216,572,300000,Approved
1319,3,Graduate,0,6400000,24100000,144,571,7500000,Approved
1320,4,Graduate,1,3800000,7800000,240,891,3300000,Approved
1321,1,Not Graduate,0,4900000,14800000,144,895,5200000,Approved
1322,2,Graduate,0,2100000,6600000,240,580,2100000,Approved
1323,2,Graduate,0,6200000,23400000,96,605,9200000,Approved
1324,4,Not Graduate,0,1600000,5100000,96,705,1900000,Approved
1325,1,Not Graduate,1,1300000,5000000,240,423,1600000,Rejected
1326,5,Not Graduate,1,7300000,22500000,24,846,5700000,Approved
1327,2,Not Graduate,0,2100000,5000000,48,542,3100000,Rejected
1328,5,Not Graduate,0,600000,2400000,216,631,900000,Approved
1329,4,Graduate,0,7000000,24500000,216,318,3600000,Rejected
1330,1,Not Graduate,1,3000000,6800000,120,541,2900000,Rejected
1331,1,Graduate,0,900000,2900000,240,782,800000,Approved
1332,2,Graduate,0,9600000,35000000,24,888,5800000,Approved
1333,0,Graduate,0,1500000,3600000,168,747,1200000,Approved
1334,0,Graduate,1,5000000,18900000,72,641,6700000,Approved
1335,3,Graduate,1,500000,1700000,48,640,200000,Approved
1336,4,Not Graduate,0,7600000,28100000,144,324,11100000,Rejected
1337,4,Graduate,0,5500000,21200000,240,359,6400000,Rejected
1338,0,Not Graduate,1,6600000,23300000,144,338,9300000,Rejected
1339,0,Graduate,0,1400000,3200000,168,384,2000000,Rejected
1340,5,Not Graduate,1,8800000,26600000,192,545,7600000,Rejected
1341,5,Not Graduate,0,6200000,24200000,216,610,8300000,Approved
1342,2,Graduate,1,8300000,27900000,216,840,9200000,Approved
1343,3,Not Graduate,0,2400000,8100000,72,630,2300000,Approved
1344,1,Graduate,0,9100000,31200000,48,508,7800000,Approved
1345,0,Not Graduate,1,9500000,34900000,48,535,14000000,Approved
1346,1,Graduate,0,1200000,3400000,240,717,900000,Approved
1347,2,Graduate,1,7700000,19300000,96,735,10400000,Approved
1348,5,Graduate,1,7800000,22000000,240,528,4900000,Rejected
1349,0,Graduate,1,9400000,20000000,48,350,4700000,Rejected
1350,0,Not Graduate,0,1700000,5700000,144,422,900000,Rejected
1351,5,Graduate,0,4000000,13700000,72,496,3700000,Rejected
1352,4,Not Graduate,0,4200000,15500000,216,794,2200000,Approved
1353,2,Graduate,0,2400000,7700000,72,719,1600000,Approved
1354,3,Not Graduate,1,2700000,6100000,168,630,2300000,Approved
1355,3,Not Graduate,1,600000,1800000,48,843,400000,Approved
1356,2,Graduate,0,4600000,15600000,24,764,5800000,Approved
1357,3,Graduate,0,7200000,17700000,48,662,5300000,Approved
1358,0,Not Graduate,0,4700000,15500000,192,311,2700000,Rejected
1359,4,Not Graduate,0,4300000,10100000,24,606,5500000,Approved
1360,5,Graduate,0,4700000,10200000,192,874,7000000,Approved
1361,4,Not Graduate,1,8700000,30000000,48,370,12100000,Approved
1362,1,Graduate,0,7000000,20500000,120,414,5100000,Rejected
1363,2,Not Graduate,0,600000,1100000,120,800,900000,Approved
1364,1,Not Graduate,0,6800000,16900000,144,779,4400000,Approved
1365,1,Not Graduate,0,6400000,14100000,240,553,3600000,Approved
1366,4,Not Graduate,0,7600000,29900000,216,445,5700000,Rejected
1367,3,Not Graduate,0,9000000,21400000,96,496,12500000,Rejected
1368,0,Graduate,1,2400000,5900000,120,650,2300000,Approved
1369,3,Not Graduate,0,6800000,17900000,72,783,5500000,Approved
1370,5,Graduate,1,3500000,13500000,120,535,3100000,Rejected
1371,4,Graduate,1,8900000,34000000,240,415,12800000,Rejected
1372,0,Not Graduate,0,6000000,15300000,96,709,3500000,Approved
1373,3,Not Graduate,0,700000,2500000,168,819,900000,Approved
1374,0,Not Graduate,1,6800000,17300000,216,841,8700000,Approved
1375,4,Not Graduate,1,5300000,10700000,144,700,2900000,Approved
1376,1,Graduate,1,1400000,4200000,48,881,1300000,Approved
1377,2,Graduate,1,1400000,4600000,48,804,700000,Approved
1378,4,Not Graduate,0,9200000,21700000,72,653,8600000,Approved
1379,1,Graduate,1,7900000,29200000,24,663,10100000,Approved
1380,0,Not Graduate,0,4500000,17500000,120,495,6200000,Rejected
1381,1,Not Graduate,0,3800000,9800000,96,335,1800000,Rejected
1382,5,Graduate,1,1500000,4900000,72,618,900000,Approved
1383,3,Not Graduate,0,1200000,2400000,144,480,1700000,Rejected
1384,4,Not Graduate,0,1700000,4900000,216,843,1800000,Approved
1385,4,Graduate,0,5200000,14100000,192,483,2700000,Rejected
1386,1,Not Graduate,0,1600000,5100000,144,548,800000,Rejected
1387,4,Graduate,1,6600000,16000000,192,379,4500000,Rejected
1388,5,Not Graduate,1,9400000,26600000,240,771,11700000,Approved
1389,4,Graduate,1,300000,500000,24,353,400000,Rejected
1390,5,Not Graduate,0,4600000,11500000,192,668,5500000,Approved
1391,3,Not Graduate,1,6100000,21300000,24,387,4100000,Approved
1392,0,Not Graduate,1,1500000,4100000,144,789,1300000,Approved
1393,0,Graduate,1,400000,900000,24,855,400000,Approved
1394,0,Not Graduate,0,8700000,33600000,168,751,7000000,Approved
1395,3,Not Graduate,0,7000000,21600000,144,739,8400000,Approved
1396,4,Graduate,0,4700000,13100000,168,492,6400000,Rejected
1397,4,Not Graduate,1,7600000,23800000,192,896,6400000,Approved
1398,1,Not Graduate,1,9200000,24500000,48,545,13300000,Rejected
1399,5,Not Graduate,0,9400000,36800000,240,891,8900000,Approved
1400,0,Graduate,0,4800000,15100000,72,848,3500000,Approved
1401,3,Not Graduate,1,600000,2400000,144,884,600000,Approved
1402,3,Graduate,1,4900000,14300000,168,439,5100000,Rejected
1403,3,Graduate,1,3300000,8500000,144,586,3900000,Approved
1404,3,Graduate,1,9100000,18800000,240,308,4800000,Rejected
1405,5,Graduate,0,6100000,23500000,192,300,4800000,Rejected
1406,3,Graduate,1,8400000,19600000,24,741,8300000,Approved
1407,4,Graduate,0,7900000,31400000,96,698,5100000,Approved
1408,2,Not Graduate,1,6100000,22300000,120,733,5600000,Approved
1409,3,Not Graduate,1,2000000,4200000,192,571,1300000,Approved
1410,3,Graduate,1,9900000,29900000,240,490,7400000,Rejected
1411,2,Not Graduate,0,9500000,25400000,192,451,11400000,Rejected
1412,4,Graduate,1,1900000,6800000,72,559,1200000,Approved
1413,4,Graduate,1,6900000,21400000,120,577,6300000,Approved
1414,2,Not Graduate,1,1500000,5000000,48,613,2100000,Approved
1415,4,Not Graduate,0,1900000,3800000,240,785,1500000,Approved
1416,0,Graduate,1,2300000,6000000,96,690,2000000,Approved
1417,2,Not Graduate,0,7800000,17100000,168,351,7100000,Rejected
1418,4,Not Graduate,0,400000,1000000,120,447,300000,Rejected
1419,0,Graduate,1,9400000,19200000,240,708,13200000,Approved
1420,2,Graduate,0,9100000,21700000,144,549,12200000,Rejected
1421,1,Graduate,1,9000000,18800000,96,797,7500000,Approved
1422,4,Not Graduate,0,7100000,14300000,168,537,6100000,Rejected
1423,3,Graduate,0,800000,2500000,144,828,700000,Approved
1424,0,Graduate,1,4500000,9600000,168,471,3600000,Rejected
1425,5,Graduate,0,8500000,25400000,48,336,9000000,Rejected
1426,3,Not Graduate,1,2500000,9800000,192,424,1300000,Rejected
1427,2,Graduate,0,1500000,3300000,216,440,1800000,Rejected
1428,0,Not Graduate,0,6200000,17300000,96,583,3300000,Approved
1429,1,Not Graduate,1,1300000,2900000,72,480,1400000,Rejected
1430,5,Not Graduate,0,6600000,25800000,120,670,8500000,Approved
1431,0,Graduate,1,5300000,13700000,72,329,2800000,Rejected
1432,5,Not Graduate,0,1400000,3000000,72,754,1400000,Approved
1433,2,Not Graduate,1,2900000,7800000,216,588,4200000,Approved
1434,3,Not Graduate,0,6500000,16500000,48,551,7600000,Approved
1435,3,Graduate,0,8300000,18900000,48,316,8200000,Rejected
1436,2,Not Graduate,1,8900000,32200000,144,382,5400000,Rejected
1437,3,Graduate,0,5300000,15000000,72,717,5300000,Approved
1438,0,Graduate,0,2800000,7300000,72,676,3200000,Approved
1439,1,Not Graduate,0,8000000,27800000,72,667,9900000,Approved
1440,3,Not Graduate,0,3900000,10500000,240,821,3900000,Approved
1441,0,Graduate,0,6200000,20100000,240,345,4100000,Rejected
1442,3,Not Graduate,1,5900000,19200000,120,442,4700000,Rejected
1443,1,Graduate,1,6000000,23300000,144,672,6400000,Approved
1444,3,Not Graduate,1,9100000,29300000,24,508,11900000,Approved
1445,5,Graduate,1,3400000,12300000,120,615,3500000,Approved
1446,1,Graduate,1,1800000,4400000,96,689,1600000,Approved
1447,1,Graduate,0,300000,1200000,216,747,200000,Rejected
1448,1,Graduate,1,9000000,22800000,120,412,4700000,Rejected
1449,1,Graduate,0,6400000,16900000,24,703,7400000,Approved
1450,5,Not Graduate,0,5800000,22200000,192,884,8500000,Approved
1451,5,Graduate,1,2600000,8600000,216,651,2600000,Approved
1452,4,Not Graduate,0,6600000,17300000,168,793,3900000,Approved
1453,2,Not Graduate,0,6100000,21800000,48,407,5800000,Approved
1454,2,Not Graduate,0,4100000,11100000,96,390,3400000,Rejected
1455,3,Not Graduate,1,300000,1000000,144,469,300000,Rejected
1456,4,Graduate,0,4700000,10400000,72,373,5400000,Rejected
1457,4,Graduate,1,1500000,5800000,24,304,1400000,Approved
1458,5,Not Graduate,0,2700000,8300000,96,833,3300000,Approved
1459,2,Graduate,0,6900000,20900000,24,302,9200000,Approved
1460,0,Graduate,0,7600000,28700000,72,397,3800000,Rejected
1461,1,Graduate,0,4100000,10000000,72,891,3600000,Approved
1462,3,Not Graduate,0,4100000,12200000,24,457,4900000,Rejected
1463,4,Not Graduate,0,1600000,3200000,192,657,1200000,Approved
1464,2,Not Graduate,1,400000,1400000,24,480,200000,Approved
1465,5,Graduate,1,4400000,17300000,240,840,2300000,Approved
1466,2,Not Graduate,1,3800000,8000000,144,866,1900000,Approved
1467,0,Not Graduate,0,4300000,17000000,96,619,3900000,Approved
1468,1,Graduate,1,9000000,33500000,24,748,11500000,Approved
1469,3,Not Graduate,1,9500000,25500000,144,881,8900000,Approved
1470,2,Graduate,1,6900000,13900000,96,829,4600000,Approved
1471,3,Not Graduate,0,4300000,11100000,72,312,3300000,Rejected
1472,3,Not Graduate,0,6600000,21400000,120,467,5200000,Rejected
1473,1,Graduate,1,5200000,14300000,216,650,3600000,Approved
1474,3,Graduate,1,400000,1100000,72,711,100000,Approved
1475,4,Not Graduate,0,1300000,4100000,216,886,600000,Approved
1476,5,Not Graduate,0,9700000,28400000,48,494,10000000,Rejected
1477,2,Graduate,1,5400000,10900000,168,741,5600000,Approved
1478,4,Not Graduate,0,1200000,3300000,144,876,1000000,Approved
1479,0,Graduate,1,7000000,26400000,168,610,5300000,Approved
1480,5,Graduate,0,7600000,26000000,72,778,10900000,Approved
1481,5,Graduate,1,700000,1800000,168,571,400000,Approved
1482,3,Graduate,1,7500000,25100000,216,554,4700000,Approved
1483,0,Not Graduate,1,2300000,6200000,96,712,1500000,Approved
1484,5,Not Graduate,1,5600000,11500000,48,695,7800000,Approved
1485,0,Not Graduate,1,5400000,10900000,240,366,4800000,Rejected
1486,1,Not Graduate,1,1800000,5500000,120,426,1600000,Rejected
1487,0,Not Graduate,0,2900000,6900000,120,320,1500000,Rejected
1488,3,Not Graduate,1,1400000,4600000,96,543,2000000,Rejected
1489,2,Graduate,0,2800000,11000000,192,525,2400000,Rejected
1490,0,Not Graduate,1,3300000,13100000,144,812,4300000,Approved
1491,0,Not Graduate,0,7000000,25300000,168,697,6700000,Approved
1492,1,Not Graduate,0,3900000,15100000,144,527,3800000,Rejected
1493,1,Not Graduate,0,5700000,17200000,48,512,3000000,Approved
1494,0,Graduate,0,4100000,9200000,48,671,4900000,Approved
1495,1,Graduate,1,2200000,8700000,240,539,2600000,Rejected
1496,5,Not Graduate,0,2200000,7200000,120,532,1600000,Rejected
1497,3,Not Graduate,1,2500000,7700000,192,485,3200000,Rejected
1498,0,Not Graduate,1,900000,2100000,72,521,700000,Rejected
1499,1,Not Graduate,0,2900000,7400000,120,874,3300000,Approved
1500,2,Not Graduate,0,9800000,22900000,120,788,14000000,Approved
1501,2,Not Graduate,0,5200000,14800000,144,659,4100000,Approved
1502,1,Graduate,1,8600000,19600000,192,498,5300000,Rejected
1503,2,Graduate,1,4800000,13200000,240,310,4200000,Rejected
1504,0,Graduate,0,2000000,4700000,72,785,1700000,Approved
1505,0,Graduate,0,3600000,8700000,120,309,3300000,Rejected
1506,3,Not Graduate,1,5300000,19600000,24,433,3000000,Approved
1507,1,Not Graduate,1,400000,1300000,216,801,600000,Approved
1508,3,Graduate,1,6500000,22400000,72,488,6800000,Rejected
1509,0,Not Graduate,1,2300000,6000000,192,756,1200000,Approved
1510,3,Graduate,0,1000000,2800000,48,757,900000,Approved
1511,5,Not Graduate,0,3200000,10100000,72,828,3000000,Approved
1512,3,Graduate,1,3400000,7200000,144,733,2200000,Approved
1513,0,Not Graduate,0,9600000,38200000,96,421,13800000,Rejected
1514,3,Not Graduate,0,5300000,20300000,48,872,7600000,Approved
1515,3,Graduate,0,4700000,17400000,120,393,5300000,Rejected
1516,3,Graduate,0,9700000,37800000,144,700,11900000,Approved
1517,5,Graduate,0,8800000,21600000,216,613,8400000,Approved
1518,5,Graduate,0,5900000,13400000,72,455,6900000,Rejected
1519,4,Graduate,1,2400000,7100000,192,871,3500000,Approved
1520,4,Graduate,1,7900000,21500000,192,497,7700000,Rejected
1521,0,Graduate,0,1400000,2700000,24,649,1100000,Approved
1522,0,Graduate,1,3500000,10000000,168,709,5000000,Approved
1523,4,Graduate,0,3400000,13500000,144,705,4900000,Approved
1524,2,Graduate,0,6100000,23600000,24,476,3800000,Approved
1525,2,Not Graduate,1,3000000,7100000,48,819,2100000,Approved
1526,5,Not Graduate,1,3400000,9400000,192,535,3200000,Rejected
1527,0,Graduate,1,400000,1200000,168,889,200000,Approved
1528,0,Graduate,0,5900000,11800000,144,468,6200000,Rejected
1529,5,Graduate,1,400000,800000,24,759,300000,Approved
1530,3,Graduate,1,9000000,33600000,24,426,11900000,Approved
1531,0,Graduate,1,8800000,23600000,96,712,11100000,Approved
1532,4,Graduate,1,2000000,4700000,24,615,3000000,Approved
1533,2,Graduate,0,4700000,14000000,144,784,6900000,Approved
1534,4,Not Graduate,0,2700000,6100000,192,677,3800000,Approved
1535,1,Not Graduate,0,2600000,7900000,144,306,3300000,Rejected
1536,1,Not Graduate,1,9000000,25400000,192,655,7200000,Approved
1537,4,Not Graduate,0,5100000,19400000,96,755,5300000,Approved
1538,2,Graduate,0,6600000,25800000,216,598,5900000,Approved
1539,2,Graduate,0,4400000,9800000,216,712,6400000,Approved
1540,4,Not Graduate,1,1500000,4600000,72,524,1400000,Rejected
1541,1,Not Graduate,0,6200000,23100000,192,838,7000000,Approved
1542,4,Graduate,1,900000,2900000,72,560,900000,Approved
1543,3,Not Graduate,0,7700000,26400000,144,759,10800000,Approved
1544,2,Graduate,1,600000,2400000,72,454,300000,Rejected
1545,4,Not Graduate,0,4300000,16500000,48,539,2100000,Approved
1546,2,Not Graduate,1,8200000,27800000,192,827,10700000,Approved
1547,0,Not Graduate,0,3500000,11900000,144,686,2500000,Approved
1548,1,Graduate,1,9900000,34100000,168,371,6200000,Rejected
1549,5,Graduate,0,700000,1900000,48,784,600000,Approved
1550,1,Graduate,1,2100000,7300000,192,826,1400000,Approved
1551,2,Not Graduate,0,3200000,10500000,144,502,4500000,Rejected
1552,0,Graduate,0,2900000,7800000,96,367,3600000,Rejected
1553,0,Not Graduate,0,7000000,18300000,72,541,8300000,Rejected
1554,1,Graduate,0,3700000,13600000,192,608,2800000,Approved
1555,3,Not Graduate,1,4500000,13100000,144,570,5800000,Approved
1556,3,Graduate,0,200000,800000,216,752,200000,Approved
1557,5,Not Graduate,1,5600000,20500000,96,873,7800000,Approved
1558,5,Graduate,0,5400000,18600000,24,538,4000000,Approved
1559,4,Not Graduate,0,300000,1000000,120,819,200000,Approved
1560,1,Graduate,1,7500000,29800000,216,770,8700000,Approved
1561,5,Not Graduate,1,2500000,9600000,72,345,2600000,Rejected
1562,4,Graduate,1,3100000,8100000,144,730,4500000,Approved
1563,1,Graduate,1,7600000,19300000,240,835,8200000,Approved
1564,3,Not Graduate,1,500000,1700000,24,811,200000,Approved
1565,2,Not Graduate,0,2700000,5900000,168,662,3800000,Approved
1566,2,Not Graduate,1,3500000,13300000,48,420,2300000,Approved
1567,5,Not Graduate,0,3700000,11700000,48,413,2700000,Approved
1568,2,Not Graduate,1,5600000,20000000,120,367,6000000,Rejected
1569,5,Not Graduate,1,4800000,16400000,168,390,4000000,Rejected
1570,4,Not Graduate,1,5200000,12200000,24,602,7700000,Approved
1571,3,Graduate,0,2900000,11500000,192,843,4300000,Approved
1572,1,Graduate,0,2700000,6800000,240,713,1900000,Approved
1573,3,Graduate,0,5000000,16200000,96,591,5000000,Approved
1574,2,Not Graduate,1,2700000,9400000,168,701,1900000,Approved
1575,4,Not Graduate,1,2800000,10000000,144,655,3300000,Approved
1576,3,Not Graduate,1,7300000,20000000,216,720,9800000,Approved
1577,0,Graduate,1,5900000,15100000,120,794,5400000,Approved
1578,0,Graduate,0,8100000,21300000,24,392,11000000,Rejected
1579,3,Graduate,1,1900000,7100000,72,583,2000000,Approved
1580,5,Graduate,0,1800000,6800000,216,457,1400000,Rejected
1581,0,Not Graduate,1,7600000,17800000,168,570,9900000,Approved
1582,1,Graduate,0,9100000,30100000,168,890,7500000,Approved
1583,2,Not Graduate,1,5300000,12300000,168,472,3300000,Rejected
1584,2,Not Graduate,0,3700000,10900000,144,788,2600000,Approved
1585,0,Not Graduate,0,9500000,35300000,72,605,7000000,Approved
1586,3,Graduate,0,8300000,30500000,120,473,11800000,Rejected
1587,5,Graduate,0,6400000,21500000,192,728,9600000,Approved
1588,5,Graduate,1,5300000,17800000,192,505,4100000,Rejected
1589,0,Graduate,1,5600000,19300000,72,407,8400000,Rejected
1590,1,Graduate,1,900000,1700000,216,464,700000,Rejected
1591,0,Graduate,1,2400000,7200000,240,514,1800000,Rejected
1592,1,Graduate,0,9500000,23000000,120,627,9100000,Approved
1593,2,Not Graduate,1,7400000,14900000,240,627,10300000,Approved
1594,4,Not Graduate,1,1500000,3200000,120,858,1700000,Approved
1595,3,Graduate,1,8800000,30200000,96,607,5900000,Approved
1596,5,Not Graduate,1,4900000,14300000,48,663,5500000,Approved
1597,1,Not Graduate,1,8100000,26900000,72,522,4200000,Rejected
1598,2,Not Graduate,1,2300000,9100000,240,610,3400000,Approved
1599,5,Not Graduate,1,3000000,6600000,192,462,3600000,Rejected
1600,2,Not Graduate,1,3900000,9300000,96,591,3300000,Approved
1601,4,Graduate,1,1700000,6500000,240,636,2300000,Approved
1602,0,Not Graduate,1,2100000,4900000,120,359,1000000,Rejected
1603,4,Graduate,1,9700000,25000000,48,542,13400000,Rejected
1604,5,Not Graduate,1,3500000,11800000,48,642,3600000,Approved
1605,5,Not Graduate,1,1500000,5500000,48,414,1200000,Approved
1606,3,Not Graduate,1,8800000,26200000,240,865,12500000,Approved
1607,3,Graduate,0,900000,3100000,120,369,500000,Rejected
1608,0,Graduate,1,3500000,10800000,168,838,1700000,Approved
1609,5,Not Graduate,0,5500000,21200000,48,582,3100000,Approved
1610,5,Not Graduate,1,9800000,23200000,120,416,8500000,Rejected
1611,5,Graduate,0,2100000,5500000,240,705,1200000,Approved
1612,0,Graduate,0,1800000,5700000,216,306,1700000,Rejected
1613,5,Graduate,1,5800000,13000000,96,851,4100000,Approved
1614,5,Graduate,0,6700000,17200000,216,613,7100000,Approved
1615,3,Graduate,0,4300000,16300000,120,366,5500000,Rejected
1616,1,Graduate,0,1200000,2800000,144,431,900000,Rejected
1617,5,Not Graduate,1,9700000,25900000,24,754,6700000,Approved
1618,5,Graduate,1,5400000,11200000,120,447,6000000,Rejected
1619,1,Not Graduate,1,5300000,14100000,168,510,7800000,Rejected
1620,1,Graduate,0,7300000,24200000,240,324,9000000,Rejected
1621,5,Graduate,0,9500000,19200000,24,523,6700000,Rejected
1622,0,Not Graduate,1,7200000,15600000,24,362,5900000,Rejected
1623,3,Graduate,1,9000000,32900000,72,657,12000000,Approved
1624,5,Not Graduate,0,6500000,23300000,144,790,9500000,Approved
1625,1,Graduate,1,9500000,30500000,216,500,5500000,Rejected
1626,2,Not Graduate,1,9900000,33200000,48,465,5000000,Approved
1627,4,Not Graduate,0,2900000,8700000,72,409,2200000,Rejected
1628,4,Graduate,1,700000,1800000,240,626,300000,Approved
1629,5,Not Graduate,0,4200000,13400000,192,545,3500000,Rejected
1630,3,Not Graduate,0,4200000,11400000,120,654,5700000,Approved
1631,0,Not Graduate,0,7600000,26500000,72,515,4000000,Rejected
1632,2,Graduate,1,7100000,18800000,144,838,4900000,Approved
1633,1,Not Graduate,1,4700000,16000000,168,406,3300000,Rejected
1634,0,Graduate,1,9800000,23200000,120,573,14600000,Approved
1635,0,Graduate,1,9800000,38700000,24,611,6000000,Approved
1636,0,Not Graduate,0,5100000,13400000,192,649,3900000,Approved
1637,0,Not Graduate,1,3300000,7700000,144,775,4200000,Approved
1638,3,Graduate,0,4500000,12500000,144,469,3400000,Rejected
1639,0,Graduate,1,3900000,12800000,216,587,5000000,Approved
1640,3,Graduate,1,3200000,9900000,120,316,3600000,Rejected
1641,2,Graduate,0,3200000,10400000,120,556,4500000,Approved
1642,2,Not Graduate,0,9600000,31200000,144,578,13500000,Approved
1643,2,Not Graduate,1,8700000,18900000,24,554,11500000,Approved
1644,2,Not Graduate,1,1900000,6800000,72,892,900000,Approved
1645,2,Not Graduate,1,2900000,10200000,120,315,1600000,Rejected
1646,0,Not Graduate,0,6200000,12900000,120,695,4200000,Approved
1647,0,Not Graduate,0,5900000,20300000,48,806,4800000,Approved
1648,4,Not Graduate,1,3200000,12800000,96,638,3800000,Approved
1649,1,Not Graduate,1,1300000,5000000,48,610,900000,Approved
1650,2,Not Graduate,1,1300000,3200000,48,810,800000,Approved
1651,1,Graduate,0,8700000,33200000,48,866,10500000,Approved
1652,3,Not Graduate,0,6300000,23800000,120,760,8800000,Approved
1653,3,Graduate,0,4300000,11200000,72,556,5100000,Approved
1654,3,Not Graduate,1,6400000,23500000,144,684,7400000,Approved
1655,5,Not Graduate,1,7700000,25800000,216,578,10600000,Approved
1656,2,Not Graduate,0,6900000,23900000,144,814,6000000,Approved
1657,0,Not Graduate,0,4200000,14800000,240,510,2600000,Rejected
1658,4,Not Graduate,0,3900000,9000000,24,674,3100000,Approved
1659,0,Graduate,1,2000000,4900000,168,570,1300000,Approved
1660,1,Not Graduate,0,500000,1700000,24,680,700000,Approved
1661,0,Graduate,0,3500000,8800000,144,803,3400000,Approved
1662,2,Not Graduate,1,3100000,10700000,192,357,3800000,Rejected
1663,3,Not Graduate,1,4900000,19000000,48,575,4600000,Approved
1664,1,Not Graduate,0,1000000,3600000,48,546,500000,Approved
1665,2,Graduate,0,6700000,21400000,96,370,8600000,Rejected
1666,1,Graduate,0,4100000,9400000,72,713,3100000,Approved
1667,4,Not Graduate,1,1600000,3800000,24,896,2000000,Approved
1668,3,Graduate,1,2400000,9200000,168,626,2000000,Approved
1669,0,Graduate,0,2200000,6400000,48,854,1300000,Approved
1670,4,Graduate,0,3200000,8400000,216,802,4700000,Approved
1671,4,Not Graduate,1,1600000,4400000,240,382,1900000,Rejected
1672,2,Not Graduate,0,3900000,14900000,72,415,4600000,Rejected
1673,5,Graduate,1,2000000,6300000,48,366,2800000,Approved
1674,1,Graduate,1,7600000,25400000,120,595,11000000,Approved
1675,1,Not Graduate,0,9800000,21300000,24,356,14600000,Rejected
1676,5,Not Graduate,0,7900000,29900000,72,568,8700000,Approved
1677,1,Graduate,0,1600000,4000000,120,615,1400000,Approved
1678,1,Graduate,1,6400000,13900000,144,313,4900000,Rejected
1679,1,Graduate,1,6400000,17900000,72,575,5300000,Approved
1680,4,Graduate,0,1600000,5500000,120,577,1400000,Approved
1681,0,Graduate,0,9200000,30700000,120,455,5200000,Rejected
1682,1,Not Graduate,0,7800000,24900000,72,500,4500000,Rejected
1683,1,Not Graduate,1,4000000,9400000,96,509,5500000,Rejected
1684,2,Not Graduate,1,6100000,19400000,96,379,4100000,Rejected
1685,5,Graduate,0,7100000,14500000,168,664,9200000,Approved
1686,0,Not Graduate,1,2500000,9900000,72,623,1800000,Approved
1687,5,Graduate,0,3200000,8700000,192,558,1800000,Approved
1688,4,Graduate,0,1700000,4300000,216,580,1700000,Approved
1689,4,Graduate,0,6300000,17600000,72,612,3200000,Approved
1690,4,Graduate,1,700000,2400000,168,705,700000,Approved
1691,4,Graduate,1,1100000,2700000,216,301,1500000,Rejected
1692,1,Not Graduate,1,8900000,32000000,192,711,5200000,Approved
1693,3,Graduate,0,300000,700000,240,735,400000,Approved
1694,1,Not Graduate,0,2200000,5200000,168,682,1800000,Approved
1695,3,Not Graduate,0,3400000,13500000,120,348,4700000,Rejected
1696,0,Graduate,1,7900000,23500000,240,750,4000000,Approved
1697,3,Not Graduate,1,5800000,18200000,192,835,7900000,Approved
1698,0,Graduate,1,9400000,20000000,72,389,10200000,Rejected
1699,2,Graduate,0,4800000,18900000,48,866,5900000,Approved
1700,3,Not Graduate,0,7600000,26600000,48,689,8600000,Approved
1701,0,Not Graduate,0,5900000,17600000,192,645,8600000,Approved
1702,1,Graduate,1,4300000,10100000,24,797,4700000,Approved
1703,5,Graduate,0,6100000,17800000,72,849,7800000,Approved
1704,5,Graduate,0,5400000,19700000,240,423,7300000,Rejected
1705,1,Not Graduate,1,5200000,11200000,24,370,6400000,Rejected
1706,5,Not Graduate,0,8500000,31300000,144,378,8800000,Rejected
1707,4,Not Graduate,0,900000,1900000,240,417,900000,Rejected
1708,1,Not Graduate,0,1400000,4100000,240,530,1900000,Rejected
1709,1,Not Graduate,1,2400000,9300000,240,543,3400000,Rejected
1710,4,Graduate,0,6300000,15000000,216,750,7700000,Approved
1711,1,Graduate,0,3100000,7600000,240,346,4400000,Rejected
1712,4,Graduate,1,6900000,19000000,168,330,8400000,Rejected
1713,2,Not Graduate,1,3000000,7400000,120,712,3800000,Approved
1714,0,Not Graduate,0,3100000,10100000,168,376,4300000,Rejected
1715,4,Not Graduate,0,600000,1200000,168,338,500000,Rejected
1716,4,Not Graduate,1,4700000,13700000,168,600,5000000,Approved
1717,1,Graduate,0,2500000,6900000,240,495,3700000,Rejected
1718,0,Graduate,0,9700000,30400000,48,300,9200000,Approved
1719,4,Not Graduate,1,7600000,20000000,216,691,11200000,Approved
1720,1,Graduate,0,8400000,24700000,96,519,6000000,Rejected
1721,3,Graduate,1,3800000,15100000,240,540,3600000,Rejected
1722,3,Not Graduate,1,3100000,11400000,192,562,3100000,Approved
1723,2,Not Graduate,0,5700000,21300000,120,323,5100000,Rejected
1724,1,Graduate,1,5500000,19700000,120,312,3300000,Rejected
1725,1,Not Graduate,1,200000,600000,24,511,200000,Approved
1726,3,Not Graduate,1,3700000,13800000,120,621,5300000,Approved
1727,2,Not Graduate,1,1600000,4300000,240,512,900000,Rejected
1728,4,Graduate,0,3900000,11000000,24,786,2100000,Approved
1729,3,Not Graduate,1,700000,1600000,216,303,600000,Rejected
1730,3,Graduate,1,5800000,16700000,216,633,3700000,Approved
1731,4,Graduate,1,3800000,14000000,72,711,3100000,Approved
1732,2,Graduate,0,6400000,16900000,192,472,4500000,Rejected
1733,1,Graduate,1,5500000,12100000,48,350,6900000,Rejected
1734,1,Not Graduate,1,6800000,13700000,120,879,6800000,Approved
1735,4,Not Graduate,0,6700000,13400000,120,436,7500000,Rejected
1736,1,Graduate,1,5300000,11500000,168,848,5700000,Approved
1737,2,Graduate,0,6600000,23200000,192,555,3300000,Approved
1738,2,Graduate,0,6600000,13100000,240,885,6200000,Approved
1739,0,Not Graduate,0,7600000,25200000,72,888,7500000,Approved
1740,4,Not Graduate,1,2500000,6100000,240,478,3200000,Rejected
1741,4,Not Graduate,0,1100000,2500000,48,603,500000,Approved
1742,1,Not Graduate,0,2300000,8200000,96,784,1100000,Approved
1743,1,Graduate,1,3300000,11700000,48,682,1600000,Approved
1744,4,Graduate,1,2600000,5900000,72,471,3400000,Rejected
1745,4,Not Graduate,1,9300000,36700000,240,808,7100000,Approved
1746,4,Not Graduate,0,5300000,18500000,96,470,4900000,Rejected
1747,2,Not Graduate,0,5400000,13800000,240,574,3700000,Approved
1748,4,Not Graduate,1,3500000,12000000,96,314,2700000,Rejected
1749,2,Graduate,0,4200000,10200000,168,407,2500000,Rejected
1750,0,Not Graduate,1,9200000,34900000,48,702,9800000,Approved
1751,2,Graduate,0,4300000,9800000,24,499,5100000,Rejected
1752,1,Graduate,1,7500000,19900000,120,669,7300000,Approved
1753,5,Not Graduate,1,5400000,18800000,240,326,3200000,Rejected
1754,3,Not Graduate,0,5500000,16200000,216,778,6100000,Approved
1755,2,Not Graduate,1,2100000,4500000,24,787,2100000,Approved
1756,0,Graduate,0,3700000,12300000,192,831,2400000,Approved
1757,0,Graduate,0,8800000,32900000,216,576,5600000,Approved
1758,5,Not Graduate,0,5800000,22800000,144,600,5700000,Approved
1759,4,Graduate,0,7900000,30600000,24,569,7400000,Approved
1760,1,Not Graduate,1,3100000,6300000,240,867,4000000,Approved
1761,0,Not Graduate,0,4100000,14500000,144,441,3900000,Rejected
1762,2,Not Graduate,1,9800000,32700000,24,304,8600000,Approved
1763,5,Not Graduate,0,3300000,8400000,216,520,4000000,Rejected
1764,0,Graduate,0,2000000,6200000,168,613,1300000,Approved
1765,2,Not Graduate,1,600000,1100000,96,885,300000,Approved
1766,4,Not Graduate,1,3600000,9500000,24,841,2100000,Approved
1767,2,Not Graduate,0,7500000,29100000,240,815,9100000,Approved
1768,5,Graduate,1,200000,400000,216,822,300000,Approved
1769,4,Not Graduate,0,9900000,29100000,216,772,11700000,Approved
1770,5,Graduate,1,6100000,22500000,72,776,4800000,Approved
1771,4,Not Graduate,1,3500000,10300000,120,337,4500000,Rejected
1772,0,Not Graduate,1,7800000,19000000,144,333,9600000,Rejected
1773,3,Not Graduate,1,8700000,29300000,48,312,4900000,Approved
1774,2,Graduate,1,5500000,12400000,168,842,5800000,Approved
1775,3,Graduate,1,1800000,5100000,96,790,2000000,Approved
1776,2,Graduate,0,8000000,31900000,192,806,5400000,Approved
1777,5,Not Graduate,1,7500000,17000000,96,300,6700000,Rejected
1778,5,Graduate,1,3700000,12000000,144,605,3100000,Approved
1779,2,Graduate,1,1600000,4700000,144,582,1000000,Approved
1780,5,Graduate,0,1300000,2700000,72,607,1600000,Approved
1781,5,Graduate,1,2400000,8200000,120,709,2800000,Approved
1782,4,Graduate,1,4100000,11600000,168,854,5700000,Approved
1783,2,Not Graduate,1,7300000,15200000,240,776,4100000,Approved
1784,1,Graduate,1,8000000,24600000,144,649,9200000,Approved
1785,3,Not Graduate,0,7900000,28000000,48,394,3900000,Approved
1786,4,Not Graduate,0,7200000,18900000,192,371,4900000,Rejected
1787,3,Not Graduate,0,6200000,13200000,168,707,4200000,Approved
1788,2,Not Graduate,1,5700000,18100000,240,491,3900000,Rejected
1789,0,Graduate,1,5800000,14100000,192,570,3700000,Approved
1790,1,Not Graduate,0,900000,3500000,216,395,1300000,Rejected
1791,0,Not Graduate,1,2200000,7500000,120,497,1800000,Rejected
1792,3,Not Graduate,1,1800000,5300000,168,440,1000000,Rejected
1793,0,Not Graduate,1,800000,2400000,192,825,1100000,Approved
1794,2,Graduate,1,7600000,18100000,168,320,8500000,Rejected
1795,2,Graduate,1,4100000,13500000,48,846,2400000,Approved
1796,3,Graduate,1,4600000,10900000,144,856,3300000,Approved
1797,3,Graduate,0,2300000,6800000,120,418,1400000,Rejected
1798,0,Not Graduate,1,8000000,21100000,72,306,8700000,Rejected
1799,2,Not Graduate,1,3800000,14500000,192,567,3000000,Approved
1800,2,Not Graduate,1,9500000,36800000,72,493,6200000,Rejected
1801,2,Graduate,0,9300000,21200000,24,509,6600000,Rejected
1802,4,Graduate,0,4700000,17000000,48,364,6200000,Approved
1803,5,Not Graduate,0,6000000,24000000,240,639,6600000,Approved
1804,2,Graduate,1,5500000,21700000,24,309,7600000,Approved
1805,0,Not Graduate,1,4600000,14800000,72,433,6700000,Rejected
1806,5,Not Graduate,0,9900000,33600000,240,580,14700000,Approved
1807,1,Graduate,1,6200000,16200000,48,888,4000000,Approved
1808,4,Not Graduate,1,400000,1100000,72,644,400000,Approved
1809,1,Not Graduate,1,7800000,22200000,120,763,4900000,Approved
1810,0,Graduate,1,2900000,10800000,240,694,2100000,Approved
1811,3,Not Graduate,0,500000,1200000,72,757,600000,Approved
1812,0,Not Graduate,0,2500000,6900000,144,471,1500000,Rejected
1813,5,Not Graduate,0,9000000,35200000,24,437,10400000,Approved
1814,4,Not Graduate,1,5200000,11400000,120,406,4400000,Rejected
1815,5,Not Graduate,0,6000000,19700000,240,376,5500000,Rejected
1816,1,Graduate,0,5100000,13800000,168,350,3600000,Rejected
1817,5,Not Graduate,1,8000000,22500000,240,784,10800000,Approved
1818,4,Graduate,1,9200000,25400000,168,765,5600000,Approved
1819,4,Not Graduate,0,9800000,32200000,216,593,14300000,Approved
1820,3,Graduate,1,7600000,30000000,120,344,11100000,Rejected
1821,1,Graduate,0,5100000,11800000,144,314,4900000,Rejected
1822,4,Graduate,1,1500000,3300000,192,382,1100000,Rejected
1823,2,Not Graduate,1,6200000,16500000,48,510,6300000,Rejected
1824,2,Graduate,1,6300000,24600000,96,464,6900000,Rejected
1825,1,Graduate,1,5500000,14900000,24,403,4100000,Rejected
1826,3,Not Graduate,0,8100000,30400000,144,606,11600000,Approved
1827,1,Graduate,0,6300000,22000000,240,646,5500000,Approved
1828,1,Graduate,0,1100000,3600000,240,495,500000,Rejected
1829,3,Not Graduate,1,7200000,21600000,24,626,3700000,Approved
1830,1,Not Graduate,1,3000000,6000000,192,518,3900000,Rejected
1831,5,Graduate,0,2700000,7600000,96,746,3400000,Approved
1832,0,Not Graduate,0,5000000,16300000,144,737,4400000,Approved
1833,0,Not Graduate,0,8400000,22300000,168,371,9100000,Rejected
1834,1,Graduate,0,7700000,27300000,96,509,10800000,Rejected
1835,1,Graduate,0,4700000,14000000,24,411,3700000,Rejected
1836,2,Not Graduate,0,4300000,11800000,240,701,3300000,Approved
1837,5,Not Graduate,0,2500000,8800000,120,769,2700000,Approved
1838,5,Not Graduate,1,4400000,12500000,72,740,5400000,Approved
1839,5,Not Graduate,0,5700000,11600000,48,892,7400000,Approved
1840,2,Not Graduate,0,5300000,13100000,168,417,6800000,Rejected
1841,5,Graduate,0,4600000,14400000,72,785,6200000,Approved
1842,3,Not Graduate,0,400000,1100000,192,504,400000,Rejected
1843,0,Not Graduate,0,2100000,5900000,168,402,1000000,Rejected
1844,2,Graduate,1,1200000,3500000,192,540,800000,Rejected
1845,2,Graduate,1,8000000,28400000,120,607,11600000,Approved
1846,1,Graduate,1,5000000,19400000,120,410,4500000,Rejected
1847,0,Not Graduate,0,8500000,17200000,144,624,5100000,Approved
1848,4,Graduate,0,4600000,16600000,192,805,2800000,Approved
1849,2,Graduate,0,4600000,16100000,216,709,5400000,Approved
1850,2,Not Graduate,1,8500000,30900000,168,511,5500000,Rejected
1851,1,Graduate,1,7800000,25100000,216,766,10200000,Approved
1852,3,Not Graduate,1,1400000,3800000,192,451,1300000,Rejected
1853,1,Not Graduate,1,3700000,10200000,48,447,3200000,Rejected
1854,3,Not Graduate,1,1000000,2500000,216,763,1400000,Approved
1855,5,Not Graduate,0,900000,3100000,240,834,1300000,Approved
1856,2,Graduate,0,5600000,19500000,96,429,7200000,Rejected
1857,4,Not Graduate,0,3200000,10600000,192,693,1800000,Approved
1858,1,Graduate,0,2900000,11100000,240,478,3000000,Rejected
1859,2,Graduate,1,300000,800000,120,752,400000,Approved
1860,0,Graduate,1,2400000,5900000,168,319,3300000,Rejected
1861,3,Graduate,0,5000000,17600000,96,303,6900000,Rejected
1862,3,Not Graduate,1,5000000,16700000,240,420,6900000,Rejected
1863,2,Not Graduate,1,200000,600000,96,552,200000,Approved
1864,3,Not Graduate,1,6000000,16000000,144,606,7800000,Approved
1865,2,Not Graduate,0,5600000,13700000,24,558,6700000,Approved
1866,1,Not Graduate,0,4500000,12400000,72,504,2200000,Rejected
1867,5,Not Graduate,1,200000,300000,96,412,100000,Rejected
1868,4,Not Graduate,1,6200000,18300000,48,900,6400000,Approved
1869,4,Not Graduate,1,9800000,23800000,96,634,6100000,Approved
1870,5,Graduate,1,3900000,9000000,96,340,5200000,Rejected
1871,3,Not Graduate,1,8300000,20900000,48,615,9600000,Approved
1872,2,Graduate,1,4900000,12200000,216,353,3600000,Rejected
1873,4,Graduate,1,6900000,16300000,96,606,3600000,Approved
1874,2,Not Graduate,0,4500000,14500000,216,498,4800000,Rejected
1875,4,Not Graduate,0,7500000,21900000,24,585,8100000,Approved
1876,1,Not Graduate,1,2300000,6400000,96,578,3000000,Approved
1877,1,Graduate,0,7400000,15500000,24,693,9300000,Approved
1878,4,Graduate,0,4800000,14300000,72,795,2600000,Approved
1879,1,Graduate,0,2600000,9900000,72,594,2500000,Approved
1880,3,Not Graduate,1,2700000,10600000,96,840,1900000,Approved
1881,3,Not Graduate,0,3700000,10900000,192,301,3400000,Rejected
1882,4,Graduate,1,2600000,9400000,216,481,2400000,Rejected
1883,5,Not Graduate,1,8800000,23100000,192,531,8000000,Rejected
1884,2,Not Graduate,0,7500000,15400000,96,332,5400000,Rejected
1885,0,Graduate,0,4700000,18500000,48,516,6100000,Approved
1886,2,Not Graduate,0,7100000,26600000,72,727,7900000,Approved
1887,3,Not Graduate,1,5500000,19300000,120,344,6600000,Rejected
1888,2,Graduate,0,9500000,31500000,144,650,11400000,Approved
1889,3,Graduate,1,4200000,15400000,96,362,5600000,Rejected
1890,5,Graduate,1,6900000,18600000,216,307,4200000,Rejected
1891,5,Graduate,0,9900000,24600000,24,530,13000000,Rejected
1892,5,Graduate,0,6700000,17700000,72,482,5700000,Rejected
1893,0,Not Graduate,1,9300000,22200000,168,701,5700000,Approved
1894,2,Graduate,0,5600000,17200000,192,586,4300000,Approved
1895,0,Graduate,1,8100000,17600000,192,384,10200000,Rejected
1896,4,Not Graduate,0,6000000,18000000,216,882,7500000,Approved
1897,5,Not Graduate,1,4200000,11200000,24,758,3800000,Approved
1898,5,Graduate,0,1600000,4000000,216,529,2000000,Rejected
1899,3,Graduate,1,800000,1500000,24,589,400000,Approved
1900,1,Graduate,0,500000,1300000,72,670,700000,Approved
1901,5,Not Graduate,1,4300000,14100000,144,532,4600000,Rejected
1902,0,Not Graduate,0,4000000,12500000,216,868,2300000,Approved
1903,2,Not Graduate,0,2900000,7300000,24,776,3400000,Approved
1904,5,Graduate,1,2300000,9100000,192,644,3100000,Approved
1905,0,Graduate,1,1800000,6000000,144,658,2400000,Approved
1906,1,Graduate,1,8700000,33900000,120,766,9000000,Approved
1907,3,Not Graduate,0,7800000,21100000,144,717,6200000,Approved
1908,2,Graduate,0,3200000,6300000,120,339,2700000,Rejected
1909,0,Not Graduate,0,1600000,4500000,216,463,1800000,Rejected
1910,4,Not Graduate,0,2400000,7300000,48,540,2200000,Approved
1911,1,Graduate,0,1800000,5900000,192,804,1000000,Approved
1912,1,Graduate,0,7500000,16000000,120,541,5100000,Rejected
1913,4,Not Graduate,1,6700000,18400000,120,371,4400000,Rejected
1914,5,Graduate,0,5800000,13700000,72,369,3000000,Rejected
1915,0,Not Graduate,0,500000,1800000,24,651,200000,Approved
1916,0,Graduate,1,9400000,30700000,120,477,6200000,Rejected
1917,4,Not Graduate,0,1600000,6200000,216,554,1100000,Approved
1918,0,Graduate,1,9300000,25000000,168,362,11000000,Rejected
1919,5,Graduate,0,3700000,14000000,24,469,2800000,Approved
1920,3,Not Graduate,0,900000,1900000,144,547,400000,Rejected
1921,4,Not Graduate,0,500000,1300000,72,809,500000,Approved
1922,1,Graduate,1,7800000,16200000,24,335,6400000,Rejected
1923,5,Not Graduate,1,5300000,13700000,216,708,5900000,Approved
1924,0,Graduate,0,300000,700000,192,779,400000,Approved
1925,0,Graduate,1,5000000,19900000,72,748,3000000,Approved
1926,0,Graduate,0,7900000,28600000,216,541,6700000,Rejected
1927,4,Graduate,0,5300000,15800000,24,527,3900000,Rejected
1928,0,Not Graduate,1,5500000,15300000,48,859,2900000,Approved
1929,0,Graduate,0,1500000,5600000,216,604,1800000,Approved
1930,5,Graduate,0,6600000,20100000,216,348,7200000,Rejected
1931,4,Graduate,1,6200000,16200000,240,734,4400000,Approved
1932,3,Graduate,0,6300000,17000000,192,388,3200000,Rejected
1933,0,Graduate,1,3800000,8100000,240,831,2000000,Approved
1934,5,Not Graduate,0,500000,1500000,72,433,700000,Rejected
1935,2,Graduate,1,5000000,15900000,192,699,7200000,Approved
1936,0,Not Graduate,0,4500000,17100000,96,303,4200000,Rejected
1937,4,Not Graduate,0,1000000,3800000,24,611,600000,Approved
1938,2,Graduate,0,1700000,3700000,240,558,2500000,Approved
1939,4,Graduate,1,1200000,4800000,24,752,600000,Approved
1940,5,Not Graduate,1,8500000,25800000,168,786,11300000,Approved
1941,0,Graduate,0,8600000,29000000,216,481,5400000,Rejected
1942,2,Graduate,0,400000,1300000,192,507,300000,Rejected
1943,4,Graduate,0,8700000,19800000,168,715,8500000,Approved
1944,0,Not Graduate,0,1800000,5700000,240,392,1400000,Rejected
1945,0,Graduate,1,4700000,17700000,192,887,6700000,Approved
1946,0,Not Graduate,0,7300000,21600000,24,479,7500000,Rejected
1947,2,Graduate,0,8400000,32100000,240,328,8000000,Rejected
1948,2,Graduate,1,4800000,12900000,96,740,3700000,Approved
1949,2,Graduate,0,9200000,34200000,24,456,5700000,Approved
1950,1,Not Graduate,0,6200000,21100000,120,467,5300000,Rejected
1951,0,Graduate,1,200000,700000,120,587,100000,Rejected
1952,0,Not Graduate,1,2500000,6700000,192,569,1300000,Approved
1953,3,Not Graduate,1,8000000,24400000,168,399,11600000,Rejected
1954,1,Not Graduate,0,4600000,15200000,48,593,3900000,Approved
1955,3,Not Graduate,1,4900000,12700000,96,409,4700000,Rejected
1956,4,Not Graduate,0,9500000,21300000,216,353,11100000,Rejected
1957,5,Graduate,1,4500000,11600000,240,306,5700000,Rejected
1958,2,Graduate,1,5900000,14200000,144,499,4400000,Rejected
1959,4,Graduate,0,4200000,14600000,72,324,3000000,Rejected
1960,2,Not Graduate,1,3300000,11300000,72,647,4400000,Approved
1961,2,Graduate,1,4900000,12600000,24,767,3800000,Approved
1962,4,Not Graduate,0,5300000,10700000,144,821,2600000,Approved
1963,4,Not Graduate,0,7200000,17700000,72,338,7200000,Rejected
1964,0,Graduate,0,8400000,24300000,48,785,8500000,Approved
1965,3,Graduate,0,3800000,11800000,48,694,5100000,Approved
1966,0,Not Graduate,0,9900000,22300000,240,613,4900000,Approved
1967,4,Graduate,1,2900000,8300000,120,318,2100000,Rejected
1968,3,Not Graduate,1,6000000,18700000,216,783,8800000,Approved
1969,2,Not Graduate,0,1700000,5300000,240,761,1200000,Approved
1970,4,Graduate,1,5300000,12000000,120,329,6100000,Rejected
1971,5,Not Graduate,1,7500000,15000000,168,661,4400000,Approved
1972,4,Not Graduate,0,400000,900000,216,339,200000,Rejected
1973,1,Graduate,1,8300000,17700000,120,673,4200000,Approved
1974,3,Graduate,0,4500000,16900000,216,748,6600000,Approved
1975,3,Graduate,0,4600000,10000000,48,702,4500000,Approved
1976,4,Not Graduate,0,4700000,10300000,144,710,6600000,Approved
1977,0,Graduate,1,900000,3500000,72,331,1100000,Rejected
1978,1,Not Graduate,0,2400000,7600000,144,372,1400000,Rejected
1979,0,Not Graduate,1,3900000,9600000,120,783,3900000,Approved
1980,0,Graduate,0,8300000,31400000,216,558,6300000,Approved
1981,4,Graduate,1,4700000,13000000,72,552,2400000,Approved
1982,4,Not Graduate,0,3900000,10600000,240,544,4900000,Rejected
1983,2,Not Graduate,0,400000,1000000,72,425,200000,Rejected
1984,2,Not Graduate,1,1700000,5100000,216,321,1500000,Rejected
1985,2,Graduate,1,6100000,15500000,96,758,7200000,Approved
1986,5,Graduate,1,7300000,19600000,120,373,10600000,Rejected
1987,3,Not Graduate,1,300000,500000,72,876,300000,Approved
1988,2,Not Graduate,0,4300000,14500000,120,594,5300000,Approved
1989,3,Not Graduate,0,7000000,18400000,216,837,5700000,Approved
1990,0,Not Graduate,1,4900000,16500000,48,600,6500000,Approved
1991,4,Graduate,0,6200000,12400000,240,547,8000000,Rejected
1992,1,Not Graduate,0,4100000,15800000,144,431,5700000,Rejected
1993,0,Not Graduate,1,7300000,22600000,144,851,5300000,Approved
1994,4,Not Graduate,1,9200000,28100000,144,760,12900000,Approved
1995,0,Not Graduate,0,800000,2400000,24,716,400000,Approved
1996,4,Not Graduate,0,2900000,11200000,120,744,1600000,Approved
1997,3,Not Graduate,0,8100000,21600000,48,740,9900000,Approved
1998,0,Graduate,0,9300000,20300000,168,759,10900000,Approved
1999,4,Graduate,1,9200000,29400000,168,517,10100000,Rejected
2000,3,Not Graduate,1,3100000,6300000,216,895,4200000,Approved
2001,3,Not Graduate,1,7000000,15400000,240,315,5900000,Rejected
2002,4,Not Graduate,0,3900000,8800000,168,527,3100000,Rejected
2003,3,Graduate,0,5500000,19800000,168,853,3100000,Approved
2004,0,Graduate,0,6600000,13700000,240,747,6000000,Approved
2005,2,Not Graduate,0,9900000,31600000,192,892,12700000,Approved
2006,4,Graduate,1,6600000,20500000,96,856,9400000,Approved
2007,3,Graduate,0,8600000,23600000,48,324,4300000,Rejected
2008,5,Graduate,0,7900000,28600000,144,812,11700000,Approved
2009,5,Graduate,1,6800000,22600000,24,804,9900000,Approved
2010,4,Graduate,0,700000,1800000,96,874,300000,Approved
2011,2,Not Graduate,1,3800000,10000000,144,516,5100000,Rejected
2012,5,Graduate,1,6900000,18300000,48,402,6100000,Rejected
2013,1,Graduate,1,3700000,12400000,144,330,2800000,Rejected
2014,1,Graduate,0,7900000,24000000,144,867,9400000,Approved
2015,4,Graduate,1,8800000,34200000,192,844,10700000,Approved
2016,5,Not Graduate,1,3300000,7800000,96,310,4200000,Rejected
2017,4,Not Graduate,0,5800000,14200000,240,535,3400000,Rejected
2018,1,Graduate,1,7400000,29500000,192,323,8100000,Rejected
2019,1,Graduate,0,8200000,25600000,48,686,4400000,Approved
2020,0,Not Graduate,1,3300000,9600000,96,465,2000000,Rejected
2021,4,Graduate,1,5300000,10700000,144,547,5700000,Rejected
2022,1,Not Graduate,0,5700000,19100000,144,649,4500000,Approved
2023,2,Not Graduate,0,9000000,31000000,168,670,12900000,Approved
2024,3,Graduate,0,5900000,14400000,120,408,3700000,Rejected
2025,2,Not Graduate,0,5400000,11900000,72,303,6900000,Rejected
2026,0,Graduate,0,9800000,34800000,168,497,9600000,Rejected
2027,4,Graduate,1,9800000,34100000,168,740,5100000,Approved
2028,4,Not Graduate,1,3800000,8200000,48,309,3300000,Rejected
2029,0,Not Graduate,0,9500000,24400000,168,769,14200000,Approved
2030,3,Graduate,1,2500000,7100000,72,420,3000000,Rejected
2031,1,Graduate,0,1900000,6000000,240,540,1300000,Rejected
2032,5,Graduate,1,4400000,10600000,240,806,2500000,Approved
2033,4,Graduate,1,1400000,2900000,72,723,1600000,Approved
2034,5,Not Graduate,1,3200000,11800000,192,565,1800000,Approved
2035,1,Graduate,1,3100000,9200000,192,374,3500000,Rejected
2036,4,Graduate,0,4500000,9900000,120,509,2700000,Rejected
2037,3,Not Graduate,1,9300000,23500000,192,728,9800000,Approved
2038,2,Graduate,0,6900000,18200000,240,396,5400000,Rejected
2039,0,Not Graduate,1,3900000,8600000,24,667,2000000,Approved
2040,5,Not Graduate,0,3200000,7400000,144,583,3600000,Approved
2041,1,Not Graduate,1,5600000,21100000,120,459,8100000,Rejected
2042,4,Not Graduate,1,3700000,11900000,216,635,4700000,Approved
2043,3,Not Graduate,0,8400000,27200000,144,604,4700000,Approved
2044,0,Not Graduate,1,4200000,8900000,168,796,4800000,Approved
2045,4,Graduate,0,3800000,8500000,120,416,4100000,Rejected
2046,3,Graduate,0,3200000,8200000,96,311,1600000,Rejected
2047,1,Graduate,0,9700000,33900000,120,833,6600000,Approved
2048,1,Not Graduate,1,4300000,9400000,72,543,4200000,Rejected
2049,5,Graduate,1,8100000,20300000,216,751,7400000,Approved
2050,5,Not Graduate,1,9400000,23200000,168,885,4700000,Approved
2051,4,Not Graduate,1,8100000,19400000,72,346,4500000,Rejected
2052,4,Graduate,0,6500000,14500000,48,588,6400000,Approved
2053,2,Graduate,0,9400000,23100000,48,488,10900000,Rejected
2054,1,Not Graduate,1,2600000,6600000,240,765,1300000,Approved
2055,3,Not Graduate,1,8000000,25600000,72,337,9800000,Rejected
2056,1,Graduate,0,4700000,9300000,96,515,5700000,Rejected
2057,2,Graduate,1,7600000,22300000,144,555,7100000,Approved
2058,1,Graduate,1,6800000,27200000,24,702,6300000,Approved
2059,2,Not Graduate,1,6600000,17000000,24,457,6700000,Rejected
2060,2,Graduate,0,8200000,27200000,120,425,4500000,Rejected
2061,1,Graduate,1,4400000,12300000,72,583,6600000,Approved
2062,1,Not Graduate,0,8300000,29200000,72,877,9500000,Approved
2063,0,Graduate,0,9200000,36500000,168,522,13200000,Rejected
2064,5,Not Graduate,1,2700000,8700000,240,687,1300000,Approved
2065,0,Graduate,0,6100000,23600000,240,856,6400000,Approved
2066,4,Not Graduate,1,9100000,33000000,96,543,11200000,Rejected
2067,5,Not Graduate,1,7600000,15400000,168,576,4700000,Approved
2068,2,Not Graduate,0,7200000,17000000,120,856,6000000,Approved
2069,0,Graduate,1,2600000,8200000,96,722,3200000,Approved
2070,4,Graduate,1,6500000,20200000,144,653,6400000,Approved
2071,5,Graduate,0,8900000,35500000,192,480,4900000,Rejected
2072,2,Graduate,1,5400000,14300000,168,477,5500000,Rejected
2073,0,Graduate,0,300000,500000,24,885,200000,Approved
2074,0,Not Graduate,0,8400000,19600000,216,530,12300000,Rejected
2075,3,Graduate,0,8300000,17200000,96,870,10000000,Approved
2076,4,Not Graduate,0,1700000,5600000,96,395,2400000,Rejected
2077,2,Not Graduate,0,1500000,4200000,192,771,1100000,Approved
2078,1,Not Graduate,1,200000,500000,24,579,100000,Approved
2079,1,Graduate,1,1000000,3700000,168,798,1400000,Approved
2080,3,Not Graduate,1,8800000,25100000,96,473,12400000,Rejected
2081,0,Graduate,1,1000000,3200000,96,304,700000,Rejected
2082,0,Not Graduate,1,8600000,23000000,168,678,12000000,Approved
2083,5,Graduate,1,2400000,8900000,24,745,2100000,Approved
2084,1,Graduate,0,2400000,8900000,96,835,1100000,Approved
2085,5,Not Graduate,1,6000000,12100000,240,848,3600000,Approved
2086,5,Not Graduate,0,7600000,16300000,216,872,5000000,Approved
2087,3,Not Graduate,0,8000000,20100000,120,608,5200000,Approved
2088,0,Graduate,1,5400000,19500000,192,758,6000000,Approved
2089,0,Not Graduate,1,1400000,3700000,48,841,1000000,Approved
2090,0,Not Graduate,1,800000,2600000,24,618,500000,Approved
2091,4,Graduate,1,300000,1100000,48,457,400000,Approved
2092,0,Graduate,0,4100000,14400000,48,844,4200000,Approved
2093,2,Not Graduate,0,1500000,3800000,48,776,1400000,Approved
2094,1,Not Graduate,0,4600000,13900000,96,520,2200000,Rejected
2095,1,Graduate,1,3300000,7500000,144,648,1600000,Approved
2096,4,Not Graduate,1,7900000,31400000,120,654,5000000,Approved
2097,0,Not Graduate,0,8100000,26500000,240,342,5800000,Rejected
2098,5,Not Graduate,0,900000,2800000,192,808,800000,Approved
2099,1,Graduate,1,4900000,15200000,120,429,3300000,Rejected
2100,3,Graduate,1,6100000,18100000,168,538,7500000,Rejected
2101,3,Not Graduate,0,4500000,16400000,72,533,3900000,Rejected
2102,2,Graduate,1,2900000,7300000,96,394,4000000,Rejected
2103,1,Not Graduate,0,7900000,29300000,24,771,4000000,Approved
2104,5,Graduate,1,4100000,10100000,48,792,4900000,Approved
2105,5,Not Graduate,1,7700000,15500000,96,407,4600000,Rejected
2106,0,Not Graduate,0,5600000,19300000,216,544,6400000,Rejected
2107,5,Graduate,0,9000000,18000000,216,509,6100000,Rejected
2108,4,Not Graduate,1,6400000,18400000,192,320,8300000,Rejected
2109,4,Graduate,0,6900000,14700000,24,496,4000000,Rejected
2110,3,Not Graduate,0,9100000,27400000,216,652,6800000,Approved
2111,2,Graduate,1,1100000,3700000,24,806,500000,Approved
2112,4,Not Graduate,0,1700000,4500000,144,821,1500000,Approved
2113,5,Graduate,1,9200000,28800000,240,618,10600000,Approved
2114,2,Not Graduate,1,8300000,20600000,144,729,8400000,Approved
2115,5,Not Graduate,1,5000000,10600000,72,839,3500000,Approved
2116,3,Graduate,0,2200000,6400000,24,318,1500000,Rejected
2117,2,Graduate,0,4500000,9600000,192,404,2700000,Rejected
2118,5,Not Graduate,1,4100000,9000000,72,581,3400000,Approved
2119,1,Not Graduate,0,2800000,6800000,216,596,1500000,Approved
2120,1,Not Graduate,0,6600000,20700000,48,415,3900000,Approved
2121,3,Not Graduate,1,3200000,7200000,72,728,4600000,Approved
2122,0,Not Graduate,0,6300000,13300000,24,666,4900000,Approved
2123,2,Graduate,0,4700000,17700000,168,675,6500000,Approved
2124,0,Graduate,0,4100000,15400000,192,304,3100000,Rejected
2125,5,Graduate,1,7100000,15500000,48,474,9400000,Rejected
2126,4,Graduate,1,4900000,10200000,216,370,6600000,Rejected
2127,4,Graduate,0,5600000,20300000,240,596,7900000,Approved
2128,4,Graduate,0,3400000,8300000,24,567,2700000,Approved
2129,3,Not Graduate,0,4500000,16100000,192,671,5800000,Approved
2130,2,Graduate,0,300000,800000,216,819,400000,Approved
2131,5,Not Graduate,1,7600000,23000000,120,829,7300000,Approved
2132,5,Graduate,0,500000,1200000,144,454,300000,Rejected
2133,0,Graduate,1,5900000,15200000,192,399,6500000,Rejected
2134,0,Graduate,0,7100000,20700000,120,784,8600000,Approved
2135,2,Not Graduate,1,8500000,26900000,72,538,4600000,Rejected
2136,0,Graduate,1,6400000,16900000,192,759,3100000,Approved
2137,2,Graduate,0,7100000,21400000,144,699,4800000,Approved
2138,5,Not Graduate,0,1800000,5400000,168,347,1700000,Rejected
2139,3,Not Graduate,1,6600000,25200000,240,598,8600000,Approved
2140,4,Graduate,1,8800000,27100000,24,406,5800000,Approved
2141,2,Not Graduate,0,4800000,15800000,240,860,5100000,Approved
2142,5,Graduate,1,4400000,16500000,120,806,2800000,Approved
2143,0,Not Graduate,0,2000000,6900000,24,448,1600000,Approved
2144,2,Graduate,0,6800000,22600000,240,393,8200000,Rejected
2145,5,Not Graduate,1,6600000,16000000,144,811,5000000,Approved
2146,2,Graduate,0,3300000,7900000,240,829,2600000,Approved
2147,3,Not Graduate,0,7400000,23400000,192,700,8900000,Approved
2148,0,Not Graduate,1,4500000,12400000,216,719,3100000,Approved
2149,1,Not Graduate,1,9500000,30500000,144,430,10500000,Rejected
2150,1,Graduate,0,800000,3000000,48,338,400000,Approved
2151,2,Graduate,0,4000000,13000000,48,695,4300000,Approved
2152,2,Not Graduate,0,7000000,25700000,216,374,4500000,Rejected
2153,3,Graduate,0,3500000,8500000,216,609,2500000,Approved
2154,3,Graduate,1,9700000,36000000,72,631,7500000,Approved
2155,0,Not Graduate,0,3400000,10800000,72,439,1900000,Rejected
2156,1,Graduate,1,4600000,13500000,240,837,2500000,Approved
2157,4,Graduate,0,3800000,10400000,120,833,4200000,Approved
2158,4,Not Graduate,1,4200000,9600000,240,863,3400000,Approved
2159,2,Graduate,0,2500000,8700000,48,684,2600000,Approved
2160,0,Not Graduate,1,7000000,24600000,72,542,4700000,Rejected
2161,1,Not Graduate,0,5300000,11500000,96,753,3000000,Approved
2162,0,Not Graduate,0,6400000,14200000,24,512,3500000,Rejected
2163,3,Not Graduate,0,3400000,8100000,144,385,4000000,Rejected
2164,4,Not Graduate,0,6700000,18800000,24,749,8600000,Approved
2165,1,Not Graduate,1,4600000,10100000,48,618,4300000,Approved
2166,4,Graduate,1,900000,2500000,48,583,1100000,Approved
2167,0,Graduate,0,5100000,19900000,216,655,7100000,Approved
2168,0,Not Graduate,1,7000000,20900000,240,380,6200000,Rejected
2169,3,Graduate,1,4100000,14700000,72,679,5600000,Approved
2170,2,Graduate,0,4600000,14800000,72,410,5800000,Rejected
2171,2,Graduate,1,3600000,11500000,96,590,3000000,Approved
2172,5,Graduate,0,5900000,13800000,168,397,3000000,Rejected
2173,2,Graduate,0,600000,2100000,192,425,300000,Rejected
2174,0,Graduate,0,4900000,16400000,24,383,5800000,Approved
2175,5,Graduate,1,6400000,23900000,72,406,4300000,Rejected
2176,2,Graduate,0,7000000,19800000,120,563,8000000,Approved
2177,3,Graduate,1,6700000,13400000,168,782,9600000,Approved
2178,1,Not Graduate,1,800000,2200000,48,852,1000000,Approved
2179,5,Not Graduate,0,7600000,27800000,24,753,8000000,Approved
2180,5,Graduate,1,3200000,7600000,48,489,1900000,Rejected
2181,2,Not Graduate,1,4900000,13800000,24,586,7000000,Approved
2182,3,Not Graduate,0,7200000,20800000,192,560,3600000,Approved
2183,3,Graduate,0,5600000,20600000,72,487,4100000,Rejected
2184,4,Graduate,1,7300000,18300000,96,434,6700000,Rejected
2185,4,Not Graduate,0,3300000,7000000,240,504,2500000,Rejected
2186,2,Graduate,1,9200000,25300000,48,827,11000000,Approved
2187,3,Not Graduate,1,8100000,23300000,240,657,6200000,Approved
2188,5,Graduate,0,6600000,21400000,120,447,6400000,Rejected
2189,0,Graduate,1,4200000,13600000,48,834,3100000,Approved
2190,2,Graduate,0,5800000,21700000,96,354,6800000,Rejected
2191,2,Graduate,1,5600000,21000000,216,883,6000000,Approved
2192,0,Not Graduate,1,3600000,9900000,144,641,2700000,Approved
2193,1,Graduate,1,7700000,16900000,72,621,10200000,Approved
2194,0,Graduate,1,7800000,23300000,120,587,9700000,Approved
2195,3,Not Graduate,0,5700000,15400000,192,424,5600000,Rejected
2196,5,Graduate,0,6300000,20500000,168,515,9100000,Rejected
2197,5,Not Graduate,1,2300000,4700000,216,592,2800000,Approved
2198,4,Graduate,1,9600000,19900000,72,319,6600000,Rejected
2199,1,Not Graduate,1,1000000,3900000,192,360,600000,Rejected
2200,5,Graduate,1,7200000,27100000,144,535,4800000,Rejected
2201,2,Not Graduate,1,3800000,11400000,192,666,3800000,Approved
2202,4,Not Graduate,1,9300000,24600000,192,419,5100000,Rejected
2203,2,Not Graduate,1,7200000,21900000,144,640,3800000,Approved
2204,0,Graduate,0,7600000,19700000,144,545,7300000,Rejected
2205,4,Graduate,0,4500000,15300000,120,843,2200000,Approved
2206,1,Not Graduate,1,9900000,30900000,240,559,12100000,Approved
2207,0,Not Graduate,1,700000,2000000,216,650,500000,Approved
2208,0,Graduate,0,3500000,12300000,192,479,4700000,Rejected
2209,1,Graduate,1,300000,1000000,168,324,100000,Rejected
2210,5,Not Graduate,1,5400000,16700000,24,354,5200000,Approved
2211,4,Not Graduate,1,2800000,8400000,120,521,3700000,Rejected
2212,5,Not Graduate,1,4900000,15900000,96,505,6100000,Rejected
2213,4,Not Graduate,0,600000,1700000,144,436,700000,Rejected
2214,0,Graduate,0,3000000,8100000,72,683,3200000,Approved
2215,0,Graduate,0,1800000,5800000,216,348,1000000,Rejected
2216,4,Graduate,1,5100000,15700000,72,867,3600000,Approved
2217,5,Graduate,0,1400000,4100000,168,880,2100000,Approved
2218,2,Graduate,1,6700000,25500000,120,673,5000000,Approved
2219,3,Not Graduate,0,4300000,12600000,216,482,6100000,Rejected
2220,3,Graduate,1,7800000,19600000,48,767,7700000,Approved
2221,3,Not Graduate,0,5400000,15800000,216,760,7200000,Approved
2222,0,Not Graduate,0,500000,1900000,24,857,300000,Approved
2223,1,Graduate,0,8600000,26700000,120,735,11200000,Approved
2224,3,Graduate,0,2500000,9300000,48,810,3700000,Approved
2225,4,Not Graduate,0,3000000,7200000,24,680,1700000,Approved
2226,5,Not Graduate,1,7000000,26900000,48,889,7400000,Approved
2227,1,Not Graduate,1,400000,1500000,192,688,200000,Approved
2228,5,Not Graduate,0,5200000,13700000,192,531,2900000,Rejected
2229,3,Graduate,0,3300000,11100000,24,660,4500000,Approved
2230,1,Not Graduate,1,2400000,8800000,216,414,2500000,Rejected
2231,4,Graduate,1,5800000,15800000,168,528,8700000,Rejected
2232,4,Not Graduate,1,9400000,20000000,144,817,8000000,Approved
2233,2,Not Graduate,0,6100000,15300000,24,799,5300000,Approved
2234,1,Graduate,1,7500000,21400000,240,655,8100000,Approved
2235,2,Not Graduate,0,4100000,16200000,72,546,3700000,Rejected
2236,3,Not Graduate,0,8500000,30800000,168,745,7200000,Approved
2237,0,Graduate,0,4300000,16900000,96,884,3700000,Approved
2238,5,Not Graduate,0,9300000,22000000,48,822,12100000,Approved
2239,4,Not Graduate,0,6000000,18700000,24,623,5700000,Approved
2240,1,Not Graduate,1,5300000,18900000,192,361,5500000,Rejected
2241,5,Not Graduate,1,7400000,16200000,24,778,9200000,Approved
2242,1,Not Graduate,1,1100000,3800000,96,779,1600000,Approved
2243,1,Graduate,1,6600000,20700000,48,594,8900000,Approved
2244,3,Graduate,0,8200000,28300000,24,530,12100000,Approved
2245,3,Not Graduate,0,3300000,9300000,144,324,2000000,Rejected
2246,4,Graduate,1,2500000,9000000,120,394,3000000,Rejected
2247,3,Graduate,1,3300000,10400000,144,816,4900000,Approved
2248,5,Not Graduate,0,1000000,2300000,192,423,1400000,Rejected
2249,5,Graduate,1,6200000,12800000,24,539,4800000,Rejected
2250,1,Graduate,0,7000000,21000000,240,554,5600000,Approved
2251,2,Graduate,1,7000000,19000000,72,523,9500000,Rejected
2252,1,Not Graduate,1,5300000,12000000,120,852,5000000,Approved
2253,0,Not Graduate,1,1800000,3700000,24,505,1400000,Rejected
2254,0,Graduate,1,2300000,7900000,120,430,1900000,Rejected
2255,2,Graduate,0,4000000,9200000,192,784,4900000,Approved
2256,1,Not Graduate,0,8900000,24000000,72,380,7500000,Rejected
2257,3,Graduate,0,8000000,18600000,240,565,9400000,Approved
2258,4,Graduate,1,7900000,26900000,168,446,8200000,Rejected
2259,5,Graduate,1,6700000,20200000,96,406,7100000,Rejected
2260,4,Not Graduate,0,2400000,6000000,72,712,1200000,Approved
2261,4,Not Graduate,0,8600000,22600000,168,729,11900000,Approved
2262,1,Not Graduate,1,5300000,14600000,240,508,4600000,Rejected
2263,0,Graduate,0,7400000,24900000,240,648,6200000,Approved
2264,0,Not Graduate,1,8700000,18700000,120,346,8200000,Rejected
2265,5,Graduate,0,8200000,18500000,48,394,11100000,Rejected
2266,0,Not Graduate,1,3700000,9700000,144,501,4600000,Rejected
2267,5,Not Graduate,1,9200000,36300000,24,655,8700000,Approved
2268,4,Not Graduate,0,6100000,20900000,48,662,4100000,Approved
2269,2,Graduate,1,8800000,30800000,240,820,12700000,Approved
2270,5,Not Graduate,0,9200000,18900000,120,521,6900000,Rejected
2271,3,Graduate,0,7200000,27900000,144,473,8700000,Rejected
2272,1,Graduate,0,600000,1200000,120,561,600000,Approved
2273,5,Graduate,0,8000000,23100000,240,461,7200000,Rejected
2274,4,Graduate,1,6900000,13800000,192,715,8200000,Approved
2275,0,Not Graduate,1,4300000,15600000,216,440,4700000,Rejected
2276,3,Not Graduate,1,8500000,24900000,216,749,10100000,Approved
2277,4,Not Graduate,0,8600000,17400000,24,787,10600000,Approved
2278,3,Graduate,0,6300000,13900000,216,748,8600000,Approved
2279,3,Not Graduate,1,5800000,13600000,144,321,3400000,Rejected
2280,3,Graduate,1,1000000,2300000,120,303,1000000,Rejected
2281,0,Not Graduate,1,1700000,5400000,96,682,2100000,Approved
2282,2,Not Graduate,0,3200000,8600000,216,638,3500000,Approved
2283,0,Graduate,1,7500000,16600000,168,440,10300000,Rejected
2284,1,Not Graduate,1,2000000,6600000,120,873,2400000,Approved
2285,3,Not Graduate,0,9100000,19700000,240,437,12900000,Rejected
2286,4,Graduate,1,8400000,19700000,96,796,7700000,Approved
2287,4,Graduate,0,7100000,27200000,192,824,3900000,Approved
2288,2,Not Graduate,0,200000,800000,72,338,100000,Rejected
2289,0,Not Graduate,1,5000000,14900000,144,575,6600000,Approved
2290,0,Not Graduate,1,4500000,16900000,96,773,6000000,Approved
2291,2,Not Graduate,1,5100000,19700000,24,733,6200000,Approved
2292,3,Graduate,1,4100000,10600000,168,475,4500000,Rejected
2293,1,Not Graduate,0,7200000,15000000,120,677,4100000,Approved
2294,3,Not Graduate,0,7800000,17700000,72,403,10000000,Rejected
2295,3,Graduate,1,7500000,25300000,144,767,9600000,Approved
2296,3,Graduate,1,6400000,21000000,24,813,4400000,Approved
2297,4,Graduate,0,7000000,25700000,240,597,10100000,Approved
2298,4,Not Graduate,1,9000000,31100000,96,896,13100000,Approved
2299,2,Not Graduate,1,4400000,13900000,72,810,5200000,Approved
2300,2,Not Graduate,0,900000,2000000,168,337,600000,Rejected
2301,1,Graduate,0,9800000,26900000,216,792,11900000,Approved
2302,4,Not Graduate,0,600000,1600000,72,784,500000,Approved
2303,5,Graduate,1,9700000,30100000,144,434,6900000,Rejected
2304,2,Graduate,1,8400000,32600000,120,384,7000000,Rejected
2305,1,Graduate,0,8300000,24900000,120,642,5800000,Approved
2306,4,Graduate,0,7900000,29900000,96,314,8100000,Rejected
2307,1,Not Graduate,0,8600000,25900000,24,606,12200000,Approved
2308,5,Not Graduate,1,6700000,17600000,168,843,5600000,Approved
2309,0,Graduate,0,2700000,7400000,120,778,2800000,Approved
2310,0,Not Graduate,0,6600000,25600000,96,718,9000000,Approved
2311,1,Graduate,1,7100000,20800000,240,437,8800000,Rejected
2312,5,Graduate,1,300000,700000,120,586,100000,Approved
2313,2,Graduate,0,2200000,7000000,72,777,3300000,Approved
2314,1,Graduate,1,8700000,31700000,144,525,6100000,Rejected
2315,4,Graduate,0,7200000,23100000,144,632,4400000,Approved
2316,0,Not Graduate,0,2000000,4800000,240,337,1700000,Rejected
2317,4,Graduate,1,8600000,27900000,96,458,11700000,Rejected
2318,2,Graduate,1,2300000,5400000,96,364,2000000,Rejected
2319,2,Not Graduate,1,9600000,29800000,192,499,7400000,Rejected
2320,2,Graduate,1,1900000,6500000,192,887,1700000,Approved
2321,1,Graduate,0,2100000,6300000,192,882,2900000,Approved
2322,1,Not Graduate,1,3900000,8700000,96,817,2100000,Approved
2323,5,Not Graduate,1,200000,300000,120,704,200000,Approved
2324,1,Not Graduate,1,1900000,4500000,144,742,1200000,Approved
2325,0,Not Graduate,1,3200000,11600000,48,393,3100000,Approved
2326,0,Not Graduate,0,1100000,4300000,216,828,900000,Approved
2327,5,Graduate,1,8000000,21500000,144,779,10400000,Approved
2328,4,Graduate,1,6100000,21700000,72,860,5600000,Approved
2329,5,Graduate,0,3200000,10600000,24,432,3700000,Approved
2330,4,Graduate,1,9000000,30400000,240,532,13100000,Rejected
2331,0,Not Graduate,1,1200000,3200000,24,678,900000,Approved
2332,3,Graduate,0,7900000,27000000,72,601,11500000,Approved
2333,3,Graduate,1,7700000,23100000,96,807,7000000,Approved
2334,2,Not Graduate,0,4400000,16500000,192,879,5400000,Approved
2335,1,Not Graduate,0,3100000,11200000,216,665,2500000,Approved
2336,5,Not Graduate,1,2600000,9300000,192,697,3700000,Approved
2337,4,Graduate,0,5500000,21700000,168,867,3100000,Approved
2338,1,Graduate,0,5700000,15500000,96,544,7000000,Rejected
2339,5,Graduate,0,6100000,20700000,240,482,5900000,Rejected
2340,2,Graduate,0,8200000,22500000,216,857,8400000,Approved
2341,1,Graduate,0,6000000,21200000,144,549,6200000,Rejected
2342,1,Graduate,1,8000000,30600000,120,720,9700000,Approved
2343,4,Not Graduate,0,2000000,4800000,96,302,2600000,Rejected
2344,5,Graduate,1,1300000,2900000,144,669,1800000,Approved
2345,1,Graduate,0,7000000,27100000,72,591,4900000,Approved
2346,3,Graduate,0,4100000,15300000,72,440,2000000,Rejected
2347,3,Graduate,0,8000000,26200000,192,890,4000000,Approved
2348,4,Not Graduate,0,8100000,28000000,96,663,5500000,Approved
2349,4,Graduate,1,9500000,22600000,168,433,13400000,Rejected
2350,0,Graduate,0,9200000,22500000,120,317,10700000,Rejected
2351,2,Graduate,0,3900000,14700000,192,360,2900000,Rejected
2352,1,Graduate,0,9100000,26200000,96,727,8900000,Approved
2353,3,Graduate,1,3000000,8300000,48,685,3800000,Approved
2354,4,Graduate,0,2000000,4300000,96,373,2200000,Rejected
2355,5,Graduate,0,6300000,14600000,96,469,3800000,Rejected
2356,3,Not Graduate,1,4100000,10900000,96,548,4300000,Rejected
2357,0,Not Graduate,0,9800000,29400000,240,618,8300000,Approved
2358,2,Graduate,0,5200000,15400000,96,658,3200000,Approved
2359,3,Graduate,0,7600000,28700000,216,781,8000000,Approved
2360,3,Not Graduate,0,9200000,35500000,24,715,11700000,Approved
2361,5,Not Graduate,0,2200000,8100000,48,409,2400000,Rejected
2362,2,Not Graduate,1,8300000,20600000,120,504,6700000,Rejected
2363,3,Graduate,1,6100000,21600000,192,428,7200000,Rejected
2364,2,Graduate,0,4500000,16600000,240,704,2400000,Approved
2365,3,Not Graduate,0,6600000,18800000,144,834,4800000,Approved
2366,4,Not Graduate,0,8900000,34900000,168,694,9100000,Approved
2367,4,Graduate,1,3900000,13300000,240,453,4700000,Rejected
2368,3,Graduate,1,8900000,35400000,168,404,5900000,Rejected
2369,5,Not Graduate,0,6400000,22300000,144,776,5800000,Approved
2370,1,Not Graduate,1,9500000,28700000,192,526,6600000,Rejected
2371,3,Graduate,1,300000,1000000,96,641,200000,Approved
2372,5,Not Graduate,0,4100000,12300000,72,582,3500000,Approved
2373,2,Graduate,0,8100000,20800000,216,778,10600000,Approved
2374,4,Graduate,0,9900000,28400000,120,763,5800000,Approved
2375,0,Not Graduate,0,4800000,19000000,144,650,4800000,Approved
2376,0,Graduate,1,2900000,9700000,24,820,3900000,Approved
2377,1,Not Graduate,1,3500000,13500000,144,824,4100000,Approved
2378,1,Not Graduate,1,4900000,12600000,48,718,3800000,Approved
2379,2,Not Graduate,1,5100000,13300000,168,313,3900000,Rejected
2380,5,Graduate,0,7300000,26200000,120,751,10400000,Approved
2381,0,Graduate,1,200000,300000,216,520,100000,Rejected
2382,2,Graduate,0,1400000,4700000,48,355,1400000,Approved
2383,3,Graduate,1,8700000,33600000,168,314,6200000,Rejected
2384,1,Not Graduate,1,2800000,5900000,240,728,1400000,Approved
2385,3,Graduate,1,9100000,30100000,168,564,8200000,Approved
2386,0,Not Graduate,1,6800000,15300000,168,699,8300000,Approved
2387,0,Not Graduate,1,5000000,17000000,72,624,5900000,Approved
2388,0,Graduate,1,4400000,16800000,168,795,3400000,Approved
2389,5,Not Graduate,1,8400000,18600000,240,703,9500000,Approved
2390,4,Graduate,0,7800000,17300000,48,394,7200000,Rejected
2391,4,Graduate,1,4800000,9900000,168,779,2900000,Approved
2392,1,Graduate,0,3200000,8800000,48,405,3400000,Rejected
2393,5,Graduate,1,2300000,6700000,192,612,2000000,Approved
2394,5,Not Graduate,1,9200000,28100000,120,448,10700000,Rejected
2395,2,Not Graduate,1,4700000,13700000,72,506,3500000,Rejected
2396,0,Not Graduate,1,8000000,30400000,24,776,7800000,Approved
2397,1,Graduate,1,2600000,8600000,72,730,3100000,Approved
2398,3,Not Graduate,0,200000,800000,240,730,300000,Approved
2399,5,Graduate,0,7300000,17200000,24,345,4900000,Rejected
2400,4,Not Graduate,0,3300000,11800000,24,847,3000000,Approved
2401,4,Not Graduate,0,8300000,23300000,240,398,9900000,Rejected
2402,5,Not Graduate,1,4100000,9600000,24,307,3100000,Rejected
2403,1,Not Graduate,0,7300000,23700000,192,852,8500000,Approved
2404,1,Not Graduate,0,9300000,27500000,72,364,10800000,Rejected
2405,2,Graduate,1,4300000,15200000,144,552,4800000,Approved
2406,3,Not Graduate,0,2600000,8100000,24,421,2500000,Approved
2407,5,Graduate,0,2900000,9800000,144,588,2900000,Approved
2408,2,Graduate,1,900000,3500000,72,763,600000,Approved
2409,3,Not Graduate,1,4900000,17500000,240,823,4800000,Approved
2410,0,Graduate,0,7700000,24800000,120,642,4500000,Approved
2411,1,Graduate,0,4700000,16800000,144,647,3400000,Approved
2412,5,Not Graduate,0,3000000,8900000,240,886,2800000,Approved
2413,4,Not Graduate,0,9700000,26200000,48,518,14000000,Rejected
2414,0,Graduate,1,6900000,26800000,240,515,8300000,Rejected
2415,2,Not Graduate,1,3800000,12400000,96,340,2600000,Rejected
2416,3,Not Graduate,1,600000,1700000,168,521,600000,Rejected
2417,2,Not Graduate,1,1200000,2900000,144,330,600000,Rejected
2418,4,Not Graduate,1,7800000,26800000,24,474,5600000,Approved
2419,0,Not Graduate,0,9000000,35100000,72,898,9100000,Approved
2420,1,Not Graduate,0,2800000,9100000,144,436,3600000,Rejected
2421,1,Not Graduate,0,7800000,21300000,120,326,4500000,Rejected
2422,4,Graduate,1,4700000,9500000,216,876,4100000,Approved
2423,2,Graduate,0,4600000,17500000,240,597,4100000,Approved
2424,4,Graduate,0,5100000,16100000,168,436,6700000,Rejected
2425,3,Not Graduate,1,6100000,22800000,216,640,6000000,Approved
2426,0,Not Graduate,0,6000000,22900000,192,302,7100000,Rejected
2427,2,Not Graduate,0,8400000,23200000,192,476,8600000,Rejected
2428,2,Graduate,0,9300000,22000000,168,393,13900000,Rejected
2429,0,Graduate,0,4200000,10300000,120,506,6000000,Rejected
2430,3,Graduate,0,9600000,37800000,120,418,11300000,Rejected
2431,3,Graduate,0,5600000,13400000,72,865,6000000,Approved
2432,4,Graduate,0,7800000,28600000,24,703,10500000,Approved
2433,2,Graduate,1,4500000,12600000,24,568,2900000,Approved
2434,3,Graduate,0,2400000,5900000,24,425,2500000,Rejected
2435,0,Not Graduate,0,3900000,11300000,144,305,2100000,Rejected
2436,5,Graduate,1,9600000,20600000,72,456,11600000,Rejected
2437,4,Not Graduate,0,900000,2600000,24,602,1000000,Approved
2438,3,Graduate,1,1100000,3800000,240,814,1100000,Approved
2439,4,Not Graduate,0,6400000,24900000,24,640,6300000,Approved
2440,2,Graduate,0,4600000,15000000,48,817,6600000,Approved
2441,4,Graduate,0,7600000,29800000,240,361,5900000,Rejected
2442,5,Not Graduate,0,6800000,20100000,168,839,7500000,Approved
2443,5,Graduate,0,7100000,27000000,240,592,7600000,Approved
2444,4,Not Graduate,1,6700000,24700000,72,498,8400000,Rejected
2445,5,Not Graduate,1,5800000,12400000,72,847,7600000,Approved
2446,0,Graduate,1,8600000,29400000,192,643,12300000,Approved
2447,0,Graduate,1,3500000,10600000,48,389,2500000,Approved
2448,2,Graduate,1,4800000,17500000,240,381,7000000,Rejected
2449,5,Graduate,1,6100000,14400000,192,400,5600000,Rejected
2450,5,Graduate,1,5200000,12700000,192,718,7200000,Approved
2451,5,Not Graduate,1,4100000,12400000,96,309,3300000,Rejected
2452,5,Not Graduate,0,3200000,7400000,24,838,3600000,Approved
2453,3,Not Graduate,1,7500000,21600000,168,678,11200000,Approved
2454,2,Not Graduate,1,1500000,4500000,168,826,1600000,Approved
2455,4,Graduate,1,1200000,3100000,192,348,1700000,Rejected
2456,1,Graduate,1,8400000,19700000,72,476,12100000,Rejected
2457,0,Not Graduate,1,7900000,26300000,96,666,11800000,Approved
2458,1,Graduate,1,2100000,4300000,240,896,2300000,Approved
2459,2,Graduate,0,2500000,7000000,240,547,2300000,Rejected
2460,2,Not Graduate,1,3700000,13900000,24,405,5500000,Approved
2461,5,Graduate,0,1100000,4000000,192,498,700000,Rejected
2462,5,Graduate,0,6500000,24800000,96,779,8800000,Approved
2463,0,Not Graduate,1,8200000,31500000,96,403,6100000,Rejected
2464,2,Not Graduate,0,5000000,12400000,96,709,4200000,Approved
2465,1,Not Graduate,0,1500000,6000000,72,507,1900000,Rejected
2466,5,Not Graduate,0,3700000,9100000,216,368,3300000,Rejected
2467,3,Graduate,1,4100000,14600000,192,760,3000000,Approved
2468,2,Not Graduate,0,7200000,16800000,72,796,9800000,Approved
2469,1,Graduate,0,2000000,5000000,72,876,1500000,Approved
2470,3,Not Graduate,0,2000000,4700000,168,673,1500000,Approved
2471,1,Graduate,1,5100000,11500000,48,747,7000000,Approved
2472,1,Not Graduate,0,6000000,13600000,144,589,7100000,Approved
2473,1,Graduate,0,4900000,18100000,96,382,2400000,Rejected
2474,3,Not Graduate,1,900000,2300000,144,900,1100000,Approved
2475,1,Graduate,1,7500000,25000000,216,628,4700000,Approved
2476,2,Graduate,0,6400000,25000000,144,667,5400000,Approved
2477,2,Graduate,1,8700000,26400000,24,778,10300000,Approved
2478,4,Graduate,1,7300000,17200000,216,831,5200000,Approved
2479,5,Graduate,0,7400000,27100000,48,320,9400000,Approved
2480,2,Graduate,0,2700000,9300000,192,656,3600000,Approved
2481,3,Graduate,0,3400000,8900000,72,896,4200000,Approved
2482,3,Not Graduate,1,2100000,7400000,48,320,2200000,Approved
2483,2,Not Graduate,0,3100000,10500000,120,751,1600000,Approved
2484,5,Not Graduate,0,4700000,17400000,24,523,5200000,Approved
2485,5,Graduate,0,3100000,10500000,72,584,2900000,Approved
2486,2,Not Graduate,0,5700000,20400000,24,630,2900000,Approved
2487,3,Graduate,1,2300000,8000000,168,472,1800000,Rejected
2488,0,Not Graduate,1,6600000,18500000,192,802,9700000,Approved
2489,2,Graduate,1,2700000,6400000,216,547,1700000,Rejected
2490,1,Not Graduate,1,800000,2800000,192,726,1200000,Approved
2491,1,Graduate,0,6600000,18500000,96,712,7600000,Approved
2492,3,Graduate,0,3900000,10700000,72,790,2700000,Approved
2493,5,Not Graduate,0,200000,600000,192,396,200000,Rejected
2494,3,Graduate,0,2000000,4200000,72,831,1200000,Approved
2495,2,Graduate,1,9100000,20900000,240,632,13200000,Approved
2496,3,Graduate,0,4700000,10800000,96,527,4800000,Rejected
2497,3,Not Graduate,1,3200000,11100000,72,708,1500000,Approved
2498,2,Not Graduate,0,1700000,4200000,168,829,1600000,Approved
2499,1,Not Graduate,0,2600000,8100000,144,854,2500000,Approved
2500,3,Not Graduate,1,2700000,6700000,168,899,2000000,Approved
2501,0,Not Graduate,1,3600000,13400000,72,589,4000000,Approved
2502,4,Graduate,1,7200000,26000000,72,571,4200000,Approved
2503,2,Not Graduate,1,2500000,6400000,72,708,3500000,Approved
2504,2,Not Graduate,0,5500000,19600000,192,328,3700000,Rejected
2505,3,Graduate,1,9200000,33500000,96,564,11400000,Approved
2506,3,Not Graduate,0,9000000,19000000,96,693,7200000,Approved
2507,4,Not Graduate,1,5900000,15000000,168,626,8200000,Approved
2508,4,Graduate,0,5600000,15600000,144,470,7000000,Rejected
2509,2,Not Graduate,1,3200000,12500000,96,849,4400000,Approved
2510,5,Not Graduate,0,9100000,27800000,192,547,9400000,Rejected
2511,0,Not Graduate,1,4600000,15100000,24,417,6600000,Approved
2512,4,Graduate,0,7300000,14900000,24,358,7300000,Rejected
2513,5,Not Graduate,1,1300000,3100000,192,826,1400000,Approved
2514,0,Not Graduate,0,1800000,4200000,72,836,2000000,Approved
2515,3,Graduate,0,500000,1700000,120,509,300000,Rejected
2516,2,Not Graduate,1,5700000,20500000,240,581,8500000,Approved
2517,4,Graduate,0,300000,1100000,48,359,200000,Approved
2518,5,Graduate,1,2100000,7100000,120,517,1400000,Rejected
2519,1,Not Graduate,1,5700000,20100000,168,442,6500000,Rejected
2520,1,Not Graduate,1,1100000,2700000,192,346,800000,Rejected
2521,5,Graduate,0,9300000,34000000,72,742,8200000,Approved
2522,1,Graduate,1,3500000,8100000,120,626,2900000,Approved
2523,0,Not Graduate,1,8200000,28800000,48,619,6300000,Approved
2524,2,Not Graduate,1,7500000,17900000,240,734,4900000,Approved
2525,1,Graduate,1,7000000,25600000,72,420,8700000,Rejected
2526,5,Not Graduate,1,3900000,8300000,216,600,5600000,Approved
2527,3,Graduate,1,4700000,13200000,144,440,4300000,Rejected
2528,5,Not Graduate,1,1700000,5200000,192,820,1000000,Approved
2529,0,Graduate,0,2500000,7800000,96,437,3300000,Rejected
2530,1,Not Graduate,1,400000,1400000,144,468,400000,Rejected
2531,0,Not Graduate,1,2400000,9100000,96,368,3300000,Rejected
2532,4,Graduate,0,5700000,21900000,24,871,6100000,Approved
2533,1,Graduate,0,9800000,37900000,48,816,8500000,Approved
2534,5,Graduate,0,9000000,32800000,48,773,11500000,Approved
2535,3,Not Graduate,0,800000,3000000,168,576,400000,Approved
2536,1,Graduate,0,1600000,4500000,168,673,1300000,Approved
2537,0,Graduate,1,9800000,34100000,240,760,13600000,Approved
2538,5,Not Graduate,1,2900000,7500000,144,678,3700000,Approved
2539,4,Not Graduate,1,3900000,12000000,168,893,5200000,Approved
2540,0,Graduate,1,3300000,9000000,216,754,4700000,Approved
2541,3,Graduate,1,700000,2200000,96,617,900000,Approved
2542,3,Not Graduate,1,8400000,29500000,240,661,10900000,Approved
2543,1,Graduate,1,4000000,12100000,144,356,5000000,Rejected
2544,0,Not Graduate,1,1900000,6300000,192,811,1900000,Approved
2545,0,Not Graduate,0,3900000,14600000,24,730,5400000,Approved
2546,5,Not Graduate,0,7400000,18000000,24,792,5300000,Approved
2547,5,Not Graduate,1,5900000,16000000,72,798,3100000,Approved
2548,2,Not Graduate,0,1400000,2900000,144,490,1300000,Rejected
2549,2,Graduate,1,1800000,5500000,72,448,1300000,Rejected
2550,0,Graduate,1,1000000,3100000,72,525,1400000,Rejected
2551,1,Graduate,0,7400000,19200000,240,415,7000000,Rejected
2552,5,Graduate,0,2700000,10600000,192,496,2400000,Rejected
2553,1,Not Graduate,1,3600000,13100000,96,543,2700000,Rejected
2554,5,Graduate,0,7000000,18400000,144,520,3800000,Rejected
2555,4,Not Graduate,1,5000000,18000000,168,307,3300000,Rejected
2556,2,Graduate,0,1800000,5700000,168,502,1300000,Rejected
2557,2,Graduate,1,4700000,12000000,72,505,2300000,Rejected
2558,2,Not Graduate,1,6700000,23100000,48,304,10000000,Approved
2559,5,Not Graduate,0,5800000,17500000,120,719,3100000,Approved
2560,0,Graduate,1,5900000,22700000,216,855,4000000,Approved
2561,4,Not Graduate,0,6000000,15800000,216,593,6400000,Approved
2562,1,Not Graduate,1,700000,1400000,120,523,900000,Rejected
2563,0,Not Graduate,1,3700000,13100000,168,385,4900000,Rejected
2564,0,Graduate,1,7100000,19300000,72,783,5000000,Approved
2565,5,Graduate,1,1100000,3900000,24,538,1600000,Approved
2566,3,Not Graduate,1,9500000,20100000,24,506,11000000,Rejected
2567,4,Not Graduate,1,2200000,8600000,24,461,2100000,Approved
2568,4,Not Graduate,1,5500000,20000000,96,666,7900000,Approved
2569,3,Not Graduate,1,4400000,16300000,240,561,4000000,Approved
2570,5,Not Graduate,0,5000000,10800000,120,345,6300000,Rejected
2571,4,Not Graduate,1,6100000,12500000,168,862,6800000,Approved
2572,3,Not Graduate,0,8100000,22300000,120,686,6200000,Approved
2573,4,Graduate,1,7000000,19600000,96,708,4500000,Approved
2574,4,Not Graduate,0,5600000,14800000,240,656,6500000,Approved
2575,4,Graduate,0,1800000,7000000,168,743,1500000,Approved
2576,2,Graduate,0,3600000,12100000,168,408,5400000,Rejected
2577,5,Graduate,0,600000,1300000,168,408,900000,Rejected
2578,1,Graduate,1,4900000,16500000,144,439,7200000,Rejected
2579,3,Graduate,1,3000000,7100000,72,415,2500000,Rejected
2580,0,Not Graduate,1,3800000,10600000,144,490,3100000,Rejected
2581,1,Graduate,1,7600000,30000000,192,884,10800000,Approved
2582,4,Graduate,0,7800000,25400000,216,425,7200000,Rejected
2583,0,Graduate,0,6800000,21700000,240,730,3600000,Approved
2584,4,Graduate,1,5900000,17300000,240,657,4100000,Approved
2585,2,Not Graduate,0,4900000,16800000,120,480,2700000,Rejected
2586,3,Not Graduate,1,1100000,3100000,192,356,1600000,Rejected
2587,1,Not Graduate,1,9800000,36000000,144,629,11200000,Approved
2588,1,Graduate,1,1200000,4700000,24,667,800000,Approved
2589,0,Not Graduate,0,4700000,11500000,216,559,2600000,Approved
2590,4,Graduate,0,6700000,16000000,48,791,5200000,Approved
2591,0,Not Graduate,1,3700000,11300000,72,538,5400000,Rejected
2592,2,Graduate,0,7400000,16000000,240,358,4300000,Rejected
2593,2,Not Graduate,0,3300000,11700000,168,439,1700000,Rejected
2594,2,Graduate,1,4800000,15300000,144,503,4300000,Rejected
2595,4,Graduate,1,4600000,11900000,72,810,5200000,Approved
2596,1,Graduate,1,8000000,30600000,168,302,6800000,Rejected
2597,0,Not Graduate,0,4100000,8800000,216,300,3500000,Rejected
2598,4,Not Graduate,0,2600000,7200000,192,612,1400000,Approved
2599,3,Not Graduate,0,1300000,5000000,72,686,900000,Approved
2600,0,Graduate,1,2300000,4900000,144,409,3200000,Rejected
2601,5,Graduate,0,300000,900000,72,492,400000,Rejected
2602,0,Graduate,1,7000000,21700000,240,498,3900000,Rejected
2603,3,Not Graduate,1,4400000,10900000,216,611,3000000,Approved
2604,5,Not Graduate,1,5100000,11800000,72,776,4400000,Approved
2605,1,Not Graduate,0,5900000,13000000,72,779,6600000,Approved
2606,3,Graduate,1,7800000,27200000,192,560,8600000,Approved
2607,4,Graduate,1,2200000,5100000,72,308,3100000,Rejected
2608,4,Not Graduate,0,5400000,12600000,216,786,6600000,Approved
2609,1,Not Graduate,0,7400000,29100000,96,597,7000000,Approved
2610,4,Graduate,0,5800000,12000000,144,811,3100000,Approved
2611,1,Graduate,1,5800000,13000000,144,862,3900000,Approved
2612,3,Not Graduate,1,4800000,14200000,144,369,3000000,Rejected
2613,1,Not Graduate,1,7400000,23900000,48,687,5600000,Approved
2614,0,Not Graduate,1,9600000,19600000,144,500,10900000,Rejected
2615,2,Not Graduate,1,200000,500000,72,746,0,Approved
2616,4,Not Graduate,0,700000,2100000,168,619,1000000,Approved
2617,2,Not Graduate,0,7600000,16700000,240,692,7400000,Approved
2618,1,Not Graduate,1,1400000,3300000,216,321,700000,Rejected
2619,2,Not Graduate,1,3800000,15000000,168,730,3600000,Approved
2620,3,Not Graduate,0,2700000,10800000,72,480,3500000,Rejected
2621,2,Not Graduate,1,5000000,10700000,24,753,5700000,Approved
2622,4,Graduate,1,9000000,28900000,72,637,4800000,Approved
2623,3,Graduate,0,3700000,9000000,72,483,3600000,Rejected
2624,4,Not Graduate,1,300000,1100000,48,315,100000,Approved
2625,4,Graduate,0,1800000,4100000,96,777,1900000,Approved
2626,2,Graduate,0,7900000,17700000,48,402,8400000,Rejected
2627,4,Graduate,1,2100000,7700000,96,493,1300000,Rejected
2628,0,Graduate,1,900000,3100000,48,355,500000,Approved
2629,3,Graduate,0,9900000,23600000,216,557,9100000,Approved
2630,0,Not Graduate,1,5600000,20000000,240,606,7600000,Approved
2631,1,Not Graduate,1,6000000,12200000,192,743,2900000,Approved
2632,5,Not Graduate,0,5700000,18400000,48,579,4900000,Approved
2633,0,Graduate,1,9000000,33100000,240,734,10300000,Approved
2634,0,Graduate,0,7300000,16100000,24,490,10700000,Rejected
2635,5,Graduate,0,5300000,20500000,192,802,4100000,Approved
2636,1,Not Graduate,1,3500000,7400000,192,867,2100000,Approved
2637,0,Not Graduate,0,1000000,2200000,144,302,1400000,Rejected
2638,0,Not Graduate,0,5100000,19900000,144,867,5700000,Approved
2639,0,Graduate,1,2900000,9900000,96,312,3700000,Rejected
2640,3,Not Graduate,0,7600000,19100000,168,762,7300000,Approved
2641,5,Not Graduate,1,6000000,14700000,216,462,3500000,Rejected
2642,1,Graduate,0,6300000,18200000,216,849,5200000,Approved
2643,3,Not Graduate,0,1900000,7400000,216,592,1800000,Approved
2644,4,Graduate,0,600000,1400000,48,507,400000,Rejected
2645,2,Not Graduate,1,4100000,11400000,168,505,5500000,Rejected
2646,0,Not Graduate,1,800000,3200000,96,467,800000,Rejected
2647,2,Not Graduate,0,6600000,22900000,192,543,8500000,Rejected
2648,4,Graduate,1,300000,1100000,144,674,200000,Approved
2649,3,Graduate,0,6100000,13500000,24,717,3400000,Approved
2650,5,Not Graduate,1,4800000,17000000,120,666,2900000,Approved
2651,4,Not Graduate,0,4500000,17300000,216,830,2500000,Approved
2652,2,Graduate,0,3800000,9400000,192,383,2300000,Rejected
2653,2,Graduate,1,7000000,18900000,96,584,5000000,Approved
2654,2,Not Graduate,0,4400000,14200000,216,799,2400000,Approved
2655,5,Graduate,0,5300000,19400000,72,510,3700000,Rejected
2656,0,Not Graduate,1,2600000,5900000,72,572,3800000,Approved
2657,3,Not Graduate,0,3300000,13100000,24,554,3800000,Approved
2658,1,Not Graduate,1,1200000,4800000,72,344,1300000,Rejected
2659,3,Graduate,0,4300000,8600000,96,881,5500000,Approved
2660,0,Not Graduate,1,8400000,27200000,120,514,7200000,Rejected
2661,0,Graduate,0,600000,1800000,216,796,500000,Approved
2662,2,Graduate,1,4700000,16200000,144,802,6700000,Approved
2663,3,Graduate,0,4200000,12500000,240,375,2400000,Rejected
2664,2,Graduate,0,4300000,14700000,24,871,4400000,Approved
2665,0,Not Graduate,0,800000,2900000,24,439,1200000,Approved
2666,0,Not Graduate,1,9300000,32000000,96,438,12400000,Rejected
2667,5,Not Graduate,0,6200000,13700000,24,468,5500000,Rejected
2668,3,Graduate,1,3500000,10200000,144,645,2400000,Approved
2669,2,Graduate,1,3600000,9200000,216,700,3500000,Approved
2670,5,Graduate,1,9500000,36700000,192,348,11400000,Rejected
2671,5,Graduate,1,600000,1400000,120,877,700000,Approved
2672,0,Not Graduate,1,3800000,14900000,72,899,2800000,Approved
2673,3,Graduate,1,1400000,3500000,144,610,1400000,Approved
2674,1,Not Graduate,0,6300000,23900000,48,742,4300000,Approved
2675,1,Not Graduate,1,2800000,6600000,216,801,3700000,Approved
2676,4,Graduate,1,5400000,17100000,24,533,4700000,Approved
2677,3,Not Graduate,1,6300000,23900000,192,656,5100000,Approved
2678,3,Graduate,1,3900000,14300000,216,785,4900000,Approved
2679,2,Graduate,1,4200000,15700000,24,332,3000000,Approved
2680,0,Graduate,0,3100000,8100000,216,768,2400000,Approved
2681,1,Graduate,0,3400000,8600000,72,640,4400000,Approved
2682,4,Not Graduate,0,1500000,3100000,72,885,1900000,Approved
2683,3,Not Graduate,1,900000,2000000,216,772,800000,Approved
2684,4,Graduate,1,7800000,25600000,48,665,8200000,Approved
2685,1,Not Graduate,1,3500000,10500000,240,454,2100000,Rejected
2686,1,Not Graduate,0,8400000,32500000,168,698,12200000,Approved
2687,4,Not Graduate,1,6400000,21300000,240,332,8000000,Rejected
2688,1,Not Graduate,0,9600000,28300000,72,536,6000000,Rejected
2689,5,Not Graduate,1,2100000,6500000,120,796,2700000,Approved
2690,2,Not Graduate,1,6000000,19900000,96,486,6600000,Rejected
2691,0,Not Graduate,1,8300000,16800000,216,422,11400000,Rejected
2692,1,Not Graduate,1,5300000,18500000,72,501,4300000,Rejected
2693,1,Not Graduate,1,9700000,23500000,48,666,8000000,Approved
2694,3,Not Graduate,1,8200000,16500000,216,371,8200000,Rejected
2695,5,Graduate,0,3400000,6900000,168,312,3800000,Rejected
2696,5,Graduate,0,2800000,11000000,144,753,2400000,Approved
2697,0,Not Graduate,1,2400000,5200000,192,740,2900000,Approved
2698,1,Graduate,0,8200000,24000000,48,366,10400000,Rejected
2699,4,Not Graduate,0,4200000,11100000,96,526,4900000,Rejected
2700,4,Graduate,1,5500000,14800000,120,354,7700000,Rejected
2701,5,Not Graduate,1,2900000,6300000,72,719,1600000,Approved
2702,5,Not Graduate,0,6300000,20100000,144,774,5800000,Approved
2703,5,Not Graduate,1,9700000,29100000,216,732,12400000,Approved
2704,1,Not Graduate,0,6500000,16000000,72,862,9700000,Approved
2705,5,Not Graduate,0,4900000,10800000,216,613,5300000,Approved
2706,5,Graduate,1,6900000,16500000,72,447,6600000,Rejected
2707,4,Not Graduate,1,1100000,3000000,48,730,1100000,Approved
2708,2,Not Graduate,1,7800000,29600000,168,568,7200000,Approved
2709,2,Graduate,1,8200000,23600000,72,495,6100000,Rejected
2710,5,Not Graduate,1,6700000,23600000,168,854,7500000,Approved
2711,3,Graduate,1,7400000,15200000,120,548,4800000,Rejected
2712,1,Not Graduate,0,1200000,2700000,168,779,600000,Approved
2713,0,Not Graduate,0,9500000,24800000,24,564,12000000,Approved
2714,5,Not Graduate,1,4000000,8200000,24,571,4400000,Approved
2715,0,Not Graduate,1,8600000,32600000,96,778,11000000,Approved
2716,4,Graduate,1,9100000,28400000,144,808,9700000,Approved
2717,0,Not Graduate,1,7100000,18600000,240,770,5100000,Approved
2718,0,Not Graduate,0,9000000,28400000,48,612,13200000,Approved
2719,3,Graduate,1,1400000,2700000,168,819,1300000,Approved
2720,1,Graduate,0,8800000,20200000,72,627,11900000,Approved
2721,3,Not Graduate,1,5400000,14700000,48,359,6100000,Rejected
2722,1,Graduate,0,6100000,19100000,72,341,6300000,Rejected
2723,1,Graduate,0,1000000,3600000,48,570,1000000,Approved
2724,3,Graduate,1,7700000,18100000,240,736,10000000,Approved
2725,1,Graduate,1,6100000,12900000,24,302,7200000,Rejected
2726,2,Not Graduate,1,7700000,21000000,144,420,10500000,Rejected
2727,4,Graduate,1,4700000,12000000,24,416,6800000,Rejected
2728,2,Graduate,1,9100000,34800000,240,836,9900000,Approved
2729,0,Graduate,1,5800000,12700000,144,528,7600000,Rejected
2730,4,Not Graduate,0,8500000,24900000,24,405,11400000,Rejected
2731,2,Graduate,1,9900000,33400000,168,783,9500000,Approved
2732,4,Not Graduate,1,2000000,4000000,120,636,1700000,Approved
2733,1,Not Graduate,1,5000000,16800000,72,711,3200000,Approved
2734,1,Graduate,1,3200000,11800000,192,848,2300000,Approved
2735,1,Not Graduate,1,8000000,27800000,96,804,11800000,Approved
2736,0,Not Graduate,1,1200000,2800000,168,892,1700000,Approved
2737,2,Not Graduate,1,5800000,22800000,168,696,4800000,Approved
2738,1,Graduate,0,2500000,7600000,240,888,1900000,Approved
2739,1,Not Graduate,1,600000,1400000,120,699,800000,Approved
2740,5,Graduate,0,4900000,13000000,120,865,6500000,Approved
2741,2,Graduate,1,9400000,37300000,168,383,7700000,Rejected
2742,2,Graduate,0,5300000,19300000,192,368,3700000,Rejected
2743,5,Not Graduate,0,5100000,15800000,48,607,7000000,Approved
2744,4,Not Graduate,1,2900000,8900000,216,827,1600000,Approved
2745,1,Graduate,0,9100000,34000000,144,672,8800000,Approved
2746,3,Not Graduate,1,8800000,26700000,144,708,9600000,Approved
2747,4,Not Graduate,0,2600000,8800000,120,682,1600000,Approved
2748,1,Graduate,1,9700000,25500000,216,741,4900000,Approved
2749,5,Not Graduate,1,600000,1200000,96,343,600000,Rejected
2750,0,Graduate,1,4100000,11100000,192,785,4800000,Approved
2751,1,Not Graduate,1,8000000,28000000,240,830,10600000,Approved
2752,2,Graduate,0,8800000,26700000,192,696,10900000,Approved
2753,1,Graduate,0,200000,300000,144,697,100000,Approved
2754,0,Graduate,1,3800000,11700000,24,351,3100000,Approved
2755,3,Graduate,0,6800000,21800000,120,556,5400000,Approved
2756,0,Graduate,0,8600000,31800000,24,895,5100000,Approved
2757,2,Graduate,1,2800000,8400000,120,534,1500000,Rejected
2758,0,Graduate,0,8000000,29800000,144,736,8400000,Approved
2759,2,Graduate,1,2300000,5500000,192,629,1900000,Approved
2760,4,Graduate,1,7600000,16200000,240,657,5500000,Approved
2761,2,Graduate,0,2900000,11300000,144,839,2600000,Approved
2762,4,Not Graduate,0,7900000,25700000,216,589,9800000,Approved
2763,2,Not Graduate,0,1900000,4500000,72,805,2300000,Approved
2764,3,Not Graduate,1,4600000,13600000,240,729,5900000,Approved
2765,1,Not Graduate,0,2600000,7700000,72,399,3500000,Rejected
2766,2,Not Graduate,0,2700000,6700000,96,413,2300000,Rejected
2767,5,Graduate,1,6300000,13200000,192,321,7100000,Rejected
2768,0,Graduate,1,2600000,7500000,24,853,1400000,Approved
2769,4,Not Graduate,1,7700000,23400000,72,400,10700000,Rejected
2770,0,Graduate,1,7400000,16300000,192,630,5300000,Approved
2771,3,Graduate,1,7300000,21600000,240,557,9300000,Approved
2772,1,Graduate,0,2900000,7600000,24,358,2100000,Rejected
2773,3,Graduate,1,6600000,16000000,120,510,6300000,Rejected
2774,2,Graduate,1,2700000,9600000,168,554,1900000,Approved
2775,3,Graduate,1,8300000,27700000,48,596,7400000,Approved
2776,0,Graduate,0,4900000,18500000,96,659,4900000,Approved
2777,4,Graduate,1,7900000,30700000,120,322,6300000,Rejected
2778,5,Graduate,1,8800000,21300000,168,852,9900000,Approved
2779,5,Not Graduate,0,4000000,14100000,216,653,5400000,Approved
2780,4,Graduate,1,3900000,9200000,144,737,5200000,Approved
2781,3,Graduate,1,7700000,18900000,24,583,9300000,Approved
2782,1,Graduate,1,3800000,10000000,192,873,4000000,Approved
2783,5,Graduate,0,8000000,27000000,240,595,10400000,Approved
2784,5,Graduate,1,3400000,11300000,240,871,2400000,Approved
2785,5,Graduate,1,5500000,18800000,144,603,5000000,Approved
2786,0,Not Graduate,0,7700000,29300000,168,801,4700000,Approved
2787,5,Graduate,0,4000000,9400000,48,723,2000000,Approved
2788,5,Not Graduate,1,5900000,22600000,216,630,6800000,Approved
2789,0,Not Graduate,1,2600000,9900000,240,368,2000000,Rejected
2790,3,Graduate,0,6600000,22200000,144,759,8500000,Approved
2791,0,Not Graduate,1,1000000,3000000,216,382,900000,Rejected
2792,4,Not Graduate,1,800000,2800000,192,645,600000,Approved
2793,0,Graduate,0,3200000,6300000,72,878,3600000,Approved
2794,4,Graduate,0,8400000,23400000,144,350,6700000,Rejected
2795,3,Graduate,1,5800000,17600000,72,720,6600000,Approved
2796,0,Not Graduate,1,7300000,28100000,120,673,8900000,Approved
2797,1,Graduate,0,3900000,8000000,72,448,4000000,Rejected
2798,2,Not Graduate,1,4600000,16000000,48,720,4200000,Approved
2799,0,Graduate,0,3600000,12300000,24,300,5400000,Approved
2800,4,Graduate,0,7500000,28700000,240,520,5700000,Rejected
2801,1,Graduate,0,5200000,15000000,144,794,5100000,Approved
2802,3,Graduate,1,4400000,10000000,96,875,4100000,Approved
2803,1,Not Graduate,1,5100000,12900000,168,533,3900000,Rejected
2804,0,Graduate,0,6000000,23600000,72,776,8800000,Approved
2805,2,Graduate,0,3800000,11400000,72,706,2800000,Approved
2806,3,Graduate,0,2800000,10900000,24,710,3600000,Approved
2807,5,Graduate,1,6500000,18300000,48,333,7000000,Rejected
2808,2,Not Graduate,1,1600000,6400000,48,787,1100000,Approved
2809,4,Graduate,0,5500000,18600000,144,569,7300000,Approved
2810,0,Graduate,1,9600000,20100000,192,427,7400000,Rejected
2811,0,Graduate,0,7000000,27800000,192,640,8200000,Approved
2812,2,Not Graduate,0,4000000,8100000,192,312,3100000,Rejected
2813,1,Not Graduate,1,8100000,30900000,144,464,7500000,Rejected
2814,2,Not Graduate,1,6600000,22800000,96,490,6400000,Rejected
2815,5,Graduate,0,4100000,10200000,144,431,4300000,Rejected
2816,1,Graduate,0,6600000,24800000,48,500,6100000,Approved
2817,4,Graduate,0,5100000,12200000,168,511,3400000,Rejected
2818,4,Graduate,0,8200000,25200000,216,691,10500000,Approved
2819,1,Not Graduate,1,9500000,24400000,168,696,6300000,Approved
2820,0,Not Graduate,1,7600000,27600000,24,437,6800000,Approved
2821,2,Not Graduate,1,8400000,20800000,144,335,10100000,Rejected
2822,4,Graduate,0,7600000,25100000,48,671,4300000,Approved
2823,4,Not Graduate,1,1400000,3700000,144,621,1800000,Approved
2824,4,Not Graduate,1,2700000,6800000,120,455,2700000,Rejected
2825,1,Graduate,1,200000,500000,120,856,200000,Approved
2826,3,Graduate,0,600000,2100000,192,892,500000,Approved
2827,4,Graduate,0,5200000,12900000,192,819,7500000,Approved
2828,0,Not Graduate,1,5100000,11600000,120,308,7000000,Rejected
2829,4,Graduate,1,9200000,18600000,24,889,9700000,Approved
2830,5,Not Graduate,0,6500000,23200000,216,713,7200000,Approved
2831,0,Graduate,0,8500000,21000000,72,665,11300000,Approved
2832,4,Not Graduate,0,2000000,6000000,144,837,2300000,Approved
2833,4,Not Graduate,1,7500000,18000000,240,395,9700000,Rejected
2834,0,Graduate,1,7500000,28900000,120,632,9900000,Approved
2835,2,Not Graduate,0,2000000,4300000,192,497,2800000,Rejected
2836,3,Graduate,1,1400000,2700000,168,694,1700000,Approved
2837,1,Not Graduate,1,1700000,5600000,24,882,1600000,Approved
2838,2,Graduate,1,5300000,14900000,72,504,3200000,Rejected
2839,4,Not Graduate,0,8900000,30100000,24,747,10300000,Approved
2840,3,Graduate,0,9700000,35300000,48,462,7200000,Approved
2841,5,Graduate,0,9000000,25900000,48,538,8100000,Rejected
2842,2,Not Graduate,1,8500000,30900000,72,664,7400000,Approved
2843,1,Not Graduate,0,3500000,10900000,48,524,2800000,Approved
2844,1,Not Graduate,0,500000,1400000,72,464,500000,Rejected
2845,3,Graduate,0,8900000,19100000,72,807,10400000,Approved
2846,2,Not Graduate,1,7800000,27200000,216,622,4300000,Approved
2847,5,Not Graduate,1,9800000,27800000,72,827,9500000,Approved
2848,0,Graduate,0,5200000,19000000,168,687,4400000,Approved
2849,4,Graduate,0,7400000,19400000,192,835,6500000,Approved
2850,3,Graduate,1,1200000,3300000,72,772,1400000,Approved
2851,1,Not Graduate,1,1000000,3200000,24,710,900000,Approved
2852,3,Graduate,1,9500000,32500000,168,581,4700000,Approved
2853,3,Not Graduate,0,4500000,11700000,216,775,4500000,Approved
2854,2,Graduate,0,4900000,16000000,144,710,5700000,Approved
2855,3,Not Graduate,1,700000,2500000,96,321,400000,Rejected
2856,0,Graduate,0,9400000,28300000,240,761,10100000,Approved
2857,3,Not Graduate,1,8300000,31400000,72,674,6100000,Rejected
2858,4,Graduate,1,5600000,13000000,48,899,6400000,Approved
2859,5,Not Graduate,1,4400000,12300000,96,567,6300000,Approved
2860,3,Graduate,0,2100000,5400000,96,771,1000000,Approved
2861,1,Not Graduate,1,4400000,10600000,48,360,5000000,Rejected
2862,0,Not Graduate,0,6300000,19600000,72,425,5900000,Rejected
2863,4,Graduate,0,9900000,30000000,216,496,13800000,Rejected
2864,3,Not Graduate,0,700000,1600000,240,705,700000,Approved
2865,4,Not Graduate,0,3600000,12400000,168,427,2600000,Rejected
2866,1,Not Graduate,1,5600000,21000000,24,552,6100000,Approved
2867,3,Not Graduate,1,1000000,3700000,96,725,1300000,Approved
2868,5,Graduate,1,6400000,15600000,96,553,8000000,Approved
2869,0,Not Graduate,0,8900000,19100000,24,725,8800000,Approved
2870,4,Graduate,0,9900000,26100000,24,481,9300000,Rejected
2871,2,Graduate,1,4000000,8600000,48,847,2400000,Approved
2872,0,Not Graduate,1,7300000,25700000,120,666,6000000,Approved
2873,1,Not Graduate,0,8100000,25400000,72,477,4400000,Rejected
2874,4,Graduate,1,6800000,22100000,48,446,9200000,Approved
2875,0,Not Graduate,1,2600000,8200000,96,630,2000000,Approved
2876,5,Not Graduate,1,300000,1100000,240,613,200000,Approved
2877,2,Graduate,1,2400000,7500000,48,851,2400000,Approved
2878,0,Not Graduate,0,6000000,20600000,144,339,8200000,Rejected
2879,4,Graduate,1,3800000,11100000,192,857,4700000,Approved
2880,0,Graduate,1,7000000,22100000,168,467,5800000,Rejected
2881,0,Graduate,1,5400000,12900000,192,355,7400000,Rejected
2882,1,Not Graduate,0,6400000,16400000,72,428,8900000,Rejected
2883,5,Not Graduate,1,7000000,24000000,168,450,4700000,Rejected
2884,2,Not Graduate,1,2100000,4600000,48,348,1400000,Rejected
2885,4,Not Graduate,1,4400000,15000000,144,459,2400000,Rejected
2886,0,Not Graduate,0,8000000,31000000,96,847,5700000,Approved
2887,2,Not Graduate,1,3900000,8300000,216,523,2300000,Rejected
2888,0,Graduate,0,4700000,15200000,120,786,3200000,Approved
2889,0,Graduate,0,6800000,21200000,168,300,10000000,Rejected
2890,0,Not Graduate,1,1800000,6500000,144,728,1900000,Approved
2891,3,Not Graduate,1,8600000,32000000,48,497,4900000,Approved
2892,1,Not Graduate,1,3600000,13700000,120,548,4100000,Rejected
2893,1,Graduate,1,6800000,22900000,72,576,5600000,Approved
2894,3,Graduate,1,1100000,4100000,240,863,600000,Approved
2895,4,Graduate,1,4000000,8400000,96,717,4000000,Approved
2896,1,Graduate,0,2500000,5900000,144,668,3700000,Approved
2897,2,Graduate,0,5400000,17400000,120,335,4300000,Rejected
2898,5,Not Graduate,0,6600000,13600000,48,861,5400000,Approved
2899,4,Not Graduate,0,6000000,14900000,24,321,6500000,Rejected
2900,0,Graduate,1,2200000,8300000,120,585,1900000,Approved
2901,1,Graduate,0,8800000,18500000,120,704,11300000,Approved
2902,0,Not Graduate,1,4000000,10300000,48,819,2600000,Approved
2903,4,Not Graduate,1,3600000,12400000,216,494,1900000,Rejected
2904,5,Graduate,1,8100000,22500000,24,808,6000000,Approved
2905,3,Not Graduate,1,5200000,11000000,144,830,7600000,Approved
2906,5,Graduate,0,1100000,2800000,168,473,700000,Rejected
2907,2,Graduate,0,7500000,29800000,48,392,4000000,Approved
2908,5,Not Graduate,0,7700000,20300000,144,806,9600000,Approved
2909,0,Not Graduate,0,5700000,21400000,96,340,3800000,Rejected
2910,3,Graduate,1,5000000,13900000,96,555,4800000,Approved
2911,5,Not Graduate,0,500000,1200000,192,499,200000,Rejected
2912,3,Graduate,0,8900000,21300000,120,467,8800000,Rejected
2913,1,Not Graduate,0,1700000,6600000,48,797,1300000,Approved
2914,4,Not Graduate,1,500000,1300000,216,762,300000,Approved
2915,3,Not Graduate,1,9900000,36500000,192,562,9800000,Approved
2916,1,Graduate,0,8400000,21800000,24,492,6600000,Rejected
2917,3,Not Graduate,1,500000,1700000,48,824,400000,Approved
2918,2,Graduate,0,1700000,5700000,120,602,1800000,Approved
2919,1,Not Graduate,1,6500000,18300000,120,722,4500000,Approved
2920,1,Not Graduate,0,8900000,28400000,72,709,7900000,Approved
2921,1,Not Graduate,0,400000,1400000,48,302,500000,Approved
2922,3,Not Graduate,0,5700000,12300000,72,364,5500000,Rejected
2923,0,Not Graduate,1,9600000,23800000,144,389,8300000,Rejected
2924,0,Graduate,1,8500000,20000000,192,786,8900000,Approved
2925,0,Graduate,0,4000000,11500000,96,434,5900000,Rejected
2926,2,Not Graduate,1,6300000,18100000,72,671,5400000,Approved
2927,3,Graduate,1,4000000,14700000,96,376,4200000,Rejected
2928,4,Graduate,0,9400000,32200000,72,898,8600000,Approved
2929,5,Graduate,1,4100000,15500000,120,836,3600000,Approved
2930,4,Graduate,1,1100000,4400000,72,515,1500000,Rejected
2931,3,Not Graduate,0,8700000,24800000,240,360,4300000,Rejected
2932,4,Graduate,1,4900000,12800000,24,691,7000000,Approved
2933,1,Not Graduate,1,2800000,9100000,168,510,3000000,Rejected
2934,0,Graduate,0,9600000,23200000,216,389,8800000,Rejected
2935,3,Graduate,1,6900000,19000000,168,348,4900000,Rejected
2936,2,Not Graduate,1,2300000,8100000,24,504,3100000,Approved
2937,2,Not Graduate,0,6800000,21300000,240,658,9600000,Approved
2938,1,Not Graduate,1,2200000,5400000,192,641,1200000,Approved
2939,2,Not Graduate,0,5900000,19800000,240,327,8500000,Rejected
2940,1,Graduate,1,7000000,20300000,216,726,9000000,Approved
2941,1,Graduate,1,9600000,34100000,240,828,12400000,Approved
2942,0,Graduate,0,6500000,14500000,144,755,3400000,Approved
2943,2,Not Graduate,1,3800000,7600000,240,788,5600000,Approved
2944,2,Graduate,0,9400000,25100000,240,832,5900000,Approved
2945,0,Not Graduate,0,2100000,8200000,48,554,1700000,Approved
2946,1,Not Graduate,1,8500000,26200000,96,811,12700000,Approved
2947,5,Graduate,1,3800000,12000000,24,649,4200000,Approved
2948,1,Not Graduate,1,3400000,9700000,240,830,4800000,Approved
2949,1,Graduate,1,5600000,11700000,72,707,3900000,Approved
2950,0,Graduate,1,8500000,33700000,120,483,12200000,Rejected
2951,4,Not Graduate,1,2100000,5500000,216,349,2000000,Rejected
2952,4,Graduate,0,400000,1500000,48,846,600000,Approved
2953,4,Not Graduate,0,7900000,31500000,240,386,7500000,Rejected
2954,5,Not Graduate,0,6900000,19200000,144,408,9000000,Rejected
2955,0,Not Graduate,1,1800000,3900000,24,764,1200000,Approved
2956,0,Graduate,1,1200000,3200000,216,473,1200000,Rejected
2957,3,Not Graduate,0,3600000,9800000,144,654,2200000,Approved
2958,1,Graduate,0,7200000,22800000,24,551,9500000,Approved
2959,5,Graduate,0,9400000,21800000,72,850,6800000,Approved
2960,5,Graduate,0,9000000,24200000,48,646,11900000,Approved
2961,1,Not Graduate,1,1000000,2100000,96,793,1400000,Approved
2962,3,Not Graduate,0,5600000,19900000,192,551,4500000,Approved
2963,1,Graduate,0,900000,2600000,48,346,900000,Rejected
2964,5,Not Graduate,1,9000000,19100000,168,540,4900000,Rejected
2965,2,Not Graduate,0,3100000,9000000,240,892,4000000,Approved
2966,1,Not Graduate,1,8000000,20700000,72,570,11300000,Approved
2967,4,Not Graduate,1,3500000,11300000,192,874,3700000,Approved
2968,4,Graduate,0,3900000,12600000,96,553,4500000,Approved
2969,2,Graduate,0,9700000,34500000,120,649,5900000,Approved
2970,4,Graduate,0,4500000,15800000,168,439,4400000,Rejected
2971,5,Not Graduate,0,6800000,24800000,96,621,4800000,Approved
2972,2,Not Graduate,0,6300000,18600000,168,872,7500000,Approved
2973,2,Graduate,0,4900000,18500000,96,492,5800000,Rejected
2974,0,Graduate,0,4800000,18600000,72,618,4000000,Approved
2975,5,Graduate,0,7500000,15800000,216,458,8400000,Rejected
2976,5,Not Graduate,0,5200000,13900000,48,422,7000000,Rejected
2977,3,Not Graduate,1,9400000,30900000,240,873,9000000,Approved
2978,5,Not Graduate,0,3200000,10000000,168,610,3500000,Approved
2979,1,Not Graduate,1,3600000,13200000,240,546,2900000,Rejected
2980,1,Not Graduate,1,3400000,7200000,96,741,3900000,Approved
2981,3,Graduate,0,2100000,8200000,72,754,1000000,Approved
2982,1,Graduate,0,7200000,15100000,96,379,8200000,Rejected
2983,5,Graduate,0,4500000,16900000,216,455,5600000,Rejected
2984,0,Graduate,1,2600000,9000000,240,615,3400000,Approved
2985,4,Graduate,1,6400000,21700000,120,384,5700000,Rejected
2986,0,Graduate,0,6400000,25100000,192,628,6400000,Approved
2987,3,Graduate,0,3100000,11200000,192,865,4200000,Approved
2988,2,Graduate,0,1800000,5300000,24,679,900000,Approved
2989,1,Graduate,1,9300000,19000000,168,689,9000000,Approved
2990,5,Not Graduate,1,6500000,13800000,120,636,8100000,Approved
2991,1,Not Graduate,0,3100000,6600000,240,837,4300000,Approved
2992,3,Not Graduate,0,2300000,8500000,144,557,1300000,Approved
2993,2,Graduate,0,500000,1700000,120,324,700000,Rejected
2994,0,Not Graduate,1,3700000,9300000,168,531,1900000,Rejected
2995,4,Not Graduate,1,8600000,21400000,168,476,12800000,Rejected
2996,4,Graduate,0,2600000,8500000,48,775,2600000,Approved
2997,1,Not Graduate,1,7100000,18000000,240,477,9300000,Rejected
2998,4,Not Graduate,1,7000000,19800000,192,682,7300000,Approved
2999,5,Not Graduate,0,8300000,17700000,144,334,9800000,Rejected
3000,3,Graduate,1,6800000,23900000,144,565,6700000,Approved
3001,1,Not Graduate,1,9900000,25700000,24,340,11800000,Rejected
3002,2,Graduate,0,5100000,11000000,168,322,5900000,Rejected
3003,4,Graduate,1,3500000,10700000,96,883,2000000,Approved
3004,3,Graduate,1,4300000,12800000,192,346,3800000,Rejected
3005,0,Graduate,1,5300000,20200000,24,861,6200000,Approved
3006,5,Graduate,1,6400000,21900000,144,699,3800000,Approved
3007,0,Graduate,0,9300000,27200000,96,629,5000000,Approved
3008,3,Graduate,0,1100000,3100000,168,359,1000000,Rejected
3009,2,Not Graduate,0,7100000,27000000,120,430,4200000,Rejected
3010,4,Not Graduate,0,1100000,3300000,216,417,700000,Rejected
3011,2,Graduate,0,1900000,5200000,72,896,2400000,Approved
3012,0,Not Graduate,0,1300000,3900000,192,690,800000,Approved
3013,5,Graduate,0,7500000,22800000,192,347,10700000,Rejected
3014,4,Not Graduate,0,2400000,7000000,48,539,2900000,Rejected
3015,4,Graduate,1,2500000,8000000,96,464,3000000,Rejected
3016,4,Graduate,0,7500000,16200000,48,310,5800000,Rejected
3017,3,Not Graduate,0,9300000,36600000,72,431,8800000,Rejected
3018,5,Not Graduate,0,3300000,10000000,144,489,2800000,Rejected
3019,4,Not Graduate,1,5700000,13900000,144,775,7100000,Approved
3020,4,Not Graduate,0,300000,600000,72,365,200000,Rejected
3021,2,Not Graduate,1,1200000,4500000,120,555,1400000,Approved
3022,4,Graduate,1,8200000,29600000,120,457,11000000,Rejected
3023,3,Not Graduate,0,5500000,12400000,96,580,7300000,Approved
3024,4,Not Graduate,0,1800000,7200000,240,496,2000000,Rejected
3025,0,Not Graduate,0,3500000,11400000,192,837,2700000,Approved
3026,4,Not Graduate,1,6000000,13200000,72,455,7100000,Rejected
3027,0,Graduate,1,2700000,9700000,240,551,1600000,Approved
3028,4,Not Graduate,1,5900000,20700000,120,825,8500000,Approved
3029,1,Not Graduate,1,2100000,4200000,216,554,1500000,Approved
3030,0,Not Graduate,1,2000000,5200000,216,400,1500000,Rejected
3031,5,Not Graduate,0,9000000,34300000,120,853,10100000,Approved
3032,1,Not Graduate,1,7600000,18800000,168,403,10000000,Rejected
3033,3,Graduate,0,500000,1500000,72,392,600000,Rejected
3034,1,Graduate,0,6300000,19000000,240,673,4200000,Approved
3035,0,Graduate,1,3100000,7100000,120,498,4300000,Rejected
3036,1,Not Graduate,0,1100000,2600000,72,858,600000,Approved
3037,4,Graduate,1,3900000,14300000,240,477,2900000,Rejected
3038,4,Not Graduate,1,8700000,28200000,144,548,8500000,Rejected
3039,4,Not Graduate,1,6400000,23900000,72,300,7000000,Rejected
3040,2,Graduate,1,200000,800000,144,483,300000,Rejected
3041,1,Graduate,0,2400000,5800000,240,384,3100000,Rejected
3042,3,Not Graduate,0,8900000,35200000,120,894,9800000,Approved
3043,3,Not Graduate,0,6100000,14800000,120,492,6100000,Rejected
3044,5,Not Graduate,1,7600000,25700000,48,607,4900000,Approved
3045,3,Not Graduate,0,900000,2400000,192,701,400000,Approved
3046,2,Not Graduate,1,7100000,19700000,240,890,4000000,Approved
3047,2,Not Graduate,1,5000000,14600000,120,808,3100000,Approved
3048,4,Graduate,1,2000000,7400000,240,596,2500000,Approved
3049,4,Graduate,1,2600000,6200000,168,421,3400000,Rejected
3050,2,Graduate,1,7000000,14900000,240,495,10200000,Rejected
3051,3,Graduate,0,3900000,9800000,72,604,3300000,Approved
3052,3,Graduate,0,8400000,32600000,48,509,8700000,Approved
3053,0,Graduate,1,200000,600000,96,852,200000,Approved
3054,2,Not Graduate,1,1900000,6700000,192,893,1600000,Approved
3055,2,Not Graduate,1,9200000,33000000,168,874,6600000,Approved
3056,3,Not Graduate,1,300000,500000,72,386,100000,Rejected
3057,5,Graduate,0,6300000,18100000,48,590,8600000,Approved
3058,2,Not Graduate,0,6100000,23500000,168,510,3400000,Rejected
3059,3,Graduate,1,7800000,25600000,72,523,9200000,Rejected
3060,0,Graduate,1,2000000,6700000,96,461,2600000,Rejected
3061,4,Not Graduate,0,1900000,5600000,24,832,2400000,Approved
3062,2,Not Graduate,1,3300000,9600000,216,896,4900000,Approved
3063,0,Not Graduate,1,9500000,26000000,24,732,9300000,Approved
3064,0,Graduate,1,3500000,13900000,192,301,2700000,Rejected
3065,5,Graduate,0,4400000,15800000,48,701,4100000,Approved
3066,2,Not Graduate,0,2000000,4000000,168,502,1300000,Rejected
3067,3,Not Graduate,0,9200000,19500000,144,742,13700000,Approved
3068,1,Not Graduate,0,2200000,5000000,24,755,3200000,Approved
3069,1,Not Graduate,0,1900000,7100000,24,834,1400000,Approved
3070,5,Graduate,1,8700000,18400000,144,394,12000000,Rejected
3071,3,Graduate,1,9700000,19700000,48,663,5200000,Approved
3072,3,Graduate,0,9400000,20300000,120,649,10000000,Approved
3073,4,Not Graduate,1,8000000,23200000,168,738,5400000,Approved
3074,5,Not Graduate,0,1000000,2000000,48,524,700000,Rejected
3075,5,Not Graduate,0,5300000,14600000,192,855,7400000,Approved
3076,3,Graduate,1,1400000,5400000,240,304,800000,Rejected
3077,2,Graduate,1,1600000,3800000,144,532,1100000,Rejected
3078,3,Graduate,1,3400000,8500000,72,584,3700000,Approved
3079,3,Graduate,0,7800000,28700000,48,447,11300000,Approved
3080,4,Not Graduate,0,7100000,19900000,168,852,7600000,Approved
3081,1,Not Graduate,1,6000000,13100000,24,368,4900000,Rejected
3082,3,Not Graduate,1,8200000,28900000,120,447,6800000,Rejected
3083,4,Graduate,0,3900000,11400000,240,867,3200000,Approved
3084,5,Not Graduate,1,8400000,17600000,144,397,7900000,Rejected
3085,4,Graduate,0,9700000,19400000,240,798,12800000,Approved
3086,1,Not Graduate,1,8300000,26300000,240,530,8000000,Rejected
3087,4,Graduate,0,2500000,9900000,192,356,2300000,Rejected
3088,3,Graduate,0,6100000,24000000,216,718,6800000,Approved
3089,3,Not Graduate,0,5000000,13000000,120,459,7200000,Rejected
3090,3,Not Graduate,0,9500000,22200000,96,571,10500000,Approved
3091,2,Graduate,0,5700000,20500000,96,412,4900000,Rejected
3092,1,Graduate,1,5000000,12500000,240,604,7400000,Approved
3093,4,Not Graduate,1,8600000,20600000,192,449,5400000,Rejected
3094,5,Not Graduate,0,1400000,5300000,144,778,700000,Approved
3095,3,Graduate,0,5900000,21200000,192,476,7700000,Rejected
3096,4,Graduate,1,4100000,10400000,144,727,4400000,Approved
3097,3,Graduate,0,7400000,18500000,96,818,8400000,Approved
3098,1,Graduate,1,7100000,19300000,192,738,3600000,Approved
3099,5,Graduate,1,5300000,18200000,192,546,4000000,Rejected
3100,2,Not Graduate,0,6600000,14100000,24,471,6000000,Rejected
3101,3,Not Graduate,0,2800000,10600000,48,860,2900000,Approved
3102,1,Not Graduate,1,1600000,4400000,48,364,2400000,Rejected
3103,0,Graduate,1,8500000,25300000,240,557,7100000,Approved
3104,1,Not Graduate,1,5200000,20700000,144,612,3200000,Approved
3105,2,Not Graduate,1,6400000,19300000,72,414,3900000,Rejected
3106,5,Graduate,0,1300000,2900000,48,372,600000,Rejected
3107,0,Graduate,0,5600000,11600000,144,466,7500000,Rejected
3108,3,Graduate,1,9000000,19800000,240,348,6000000,Rejected
3109,1,Not Graduate,1,7800000,17200000,48,597,8500000,Approved
3110,4,Not Graduate,1,4000000,11000000,96,791,3000000,Approved
3111,0,Graduate,1,700000,1800000,144,400,300000,Rejected
3112,5,Graduate,1,7300000,18700000,192,813,5800000,Approved
3113,0,Not Graduate,1,5200000,15400000,48,675,2900000,Approved
3114,1,Not Graduate,0,6200000,18200000,216,324,3400000,Rejected
3115,4,Graduate,0,1100000,3600000,96,693,1500000,Approved
3116,1,Not Graduate,1,5600000,13700000,96,491,4200000,Rejected
3117,5,Graduate,1,3400000,9800000,96,559,2200000,Approved
3118,4,Graduate,0,1500000,4900000,192,392,2000000,Rejected
3119,2,Not Graduate,0,5800000,18600000,216,532,6700000,Rejected
3120,4,Not Graduate,0,9800000,29400000,96,592,9000000,Approved
3121,5,Not Graduate,0,8300000,23100000,48,459,5500000,Rejected
3122,4,Graduate,1,500000,1200000,48,627,700000,Approved
3123,4,Graduate,0,1900000,6100000,24,462,2500000,Approved
3124,1,Not Graduate,1,9700000,24700000,168,600,6700000,Approved
3125,5,Not Graduate,0,1800000,6200000,216,366,1300000,Rejected
3126,0,Graduate,1,3300000,9700000,168,356,1900000,Rejected
3127,5,Graduate,0,900000,2300000,192,590,900000,Approved
3128,5,Graduate,1,8200000,28900000,48,485,6800000,Approved
3129,1,Not Graduate,1,500000,1700000,216,617,500000,Approved
3130,5,Graduate,1,1000000,2600000,96,664,900000,Approved
3131,3,Not Graduate,0,7100000,27900000,96,583,6300000,Approved
3132,1,Graduate,1,200000,400000,216,859,200000,Approved
3133,2,Graduate,0,3100000,7300000,168,504,1500000,Rejected
3134,4,Graduate,0,700000,2300000,192,688,400000,Approved
3135,3,Not Graduate,0,1800000,5700000,24,422,2300000,Approved
3136,3,Not Graduate,1,8400000,27000000,96,746,12500000,Approved
3137,3,Graduate,0,7400000,17500000,240,317,9500000,Rejected
3138,2,Not Graduate,1,6700000,20200000,72,701,8200000,Approved
3139,1,Graduate,1,1700000,6000000,192,754,1800000,Approved
3140,3,Not Graduate,1,300000,600000,120,515,200000,Rejected
3141,1,Graduate,1,3800000,8800000,144,670,3800000,Approved
3142,5,Graduate,1,1300000,4000000,96,407,1100000,Rejected
3143,5,Not Graduate,1,3100000,10900000,144,884,4100000,Approved
3144,1,Graduate,1,200000,400000,240,882,0,Approved
3145,2,Not Graduate,1,8100000,24700000,72,595,6500000,Approved
3146,1,Not Graduate,1,8900000,22900000,48,757,7800000,Approved
3147,5,Graduate,1,4200000,8500000,48,386,6000000,Rejected
3148,5,Not Graduate,1,4100000,11100000,216,756,3000000,Approved
3149,3,Not Graduate,0,8300000,25700000,144,453,5700000,Rejected
3150,3,Not Graduate,0,7500000,25200000,96,316,9000000,Rejected
3151,3,Graduate,0,2100000,7700000,72,703,1300000,Approved
3152,3,Graduate,0,1400000,3200000,96,753,2000000,Approved
3153,0,Not Graduate,0,6900000,23500000,24,621,9400000,Approved
3154,0,Graduate,1,2500000,9100000,120,852,1500000,Approved
3155,3,Not Graduate,1,3800000,9400000,144,301,5000000,Rejected
3156,3,Not Graduate,1,7700000,29300000,120,359,4200000,Rejected
3157,1,Not Graduate,0,3200000,6600000,192,534,1800000,Rejected
3158,0,Not Graduate,1,8600000,20000000,120,704,10300000,Approved
3159,3,Not Graduate,1,3800000,13700000,192,662,5300000,Approved
3160,3,Graduate,0,8400000,31100000,216,599,8500000,Approved
3161,1,Graduate,0,1600000,5400000,48,319,1600000,Approved
3162,2,Not Graduate,0,7800000,19400000,192,549,6900000,Rejected
3163,1,Graduate,1,9400000,21000000,144,443,5600000,Rejected
3164,3,Not Graduate,1,9900000,26700000,120,550,6600000,Approved
3165,4,Not Graduate,0,2400000,8000000,216,393,3000000,Rejected
3166,2,Graduate,1,7500000,15100000,96,488,6700000,Rejected
3167,5,Graduate,0,3300000,11800000,192,845,2600000,Approved
3168,2,Graduate,0,5500000,19000000,24,382,8100000,Approved
3169,5,Not Graduate,0,2400000,7500000,144,357,1300000,Rejected
3170,1,Not Graduate,1,8700000,27500000,192,815,5900000,Approved
3171,1,Not Graduate,0,9600000,26000000,192,368,8400000,Rejected
3172,0,Graduate,0,8400000,19800000,192,674,10700000,Approved
3173,5,Not Graduate,0,9200000,23900000,120,335,10700000,Rejected
3174,2,Graduate,1,4600000,12600000,24,355,6500000,Rejected
3175,5,Not Graduate,0,7600000,17500000,72,510,9800000,Rejected
3176,4,Graduate,0,8500000,17800000,48,698,8000000,Approved
3177,4,Not Graduate,1,3100000,8200000,216,408,3100000,Rejected
3178,3,Graduate,1,4900000,13100000,216,401,3600000,Rejected
3179,5,Not Graduate,1,5800000,14000000,168,418,6800000,Rejected
3180,0,Not Graduate,0,5700000,21300000,48,697,5500000,Approved
3181,4,Graduate,0,3200000,12200000,168,683,2900000,Rejected
3182,4,Not Graduate,1,8000000,31500000,192,763,8900000,Approved
3183,4,Not Graduate,0,5000000,11400000,72,336,2500000,Rejected
3184,2,Not Graduate,1,2900000,8300000,120,693,4300000,Approved
3185,2,Not Graduate,0,6400000,23900000,216,745,7000000,Approved
3186,5,Graduate,0,6300000,22500000,216,629,8000000,Approved
3187,0,Not Graduate,0,5900000,23300000,192,581,5800000,Approved
3188,1,Graduate,0,8100000,29600000,48,672,5400000,Approved
3189,5,Graduate,1,7100000,20100000,48,700,4500000,Approved
3190,1,Not Graduate,0,1400000,4400000,168,787,800000,Approved
3191,3,Graduate,1,2300000,8000000,96,300,1200000,Rejected
3192,1,Graduate,0,7400000,16100000,48,655,4300000,Approved
3193,0,Graduate,1,5300000,13300000,144,572,7100000,Approved
3194,5,Graduate,1,7700000,16400000,24,663,3900000,Approved
3195,0,Not Graduate,0,5000000,10700000,192,726,4800000,Approved
3196,5,Not Graduate,1,6000000,12300000,144,680,7300000,Approved
3197,0,Graduate,0,1400000,2700000,24,685,1300000,Approved
3198,5,Not Graduate,1,9400000,23100000,72,762,6600000,Approved
3199,3,Not Graduate,0,5200000,17200000,216,768,3800000,Approved
3200,0,Graduate,0,3100000,11100000,96,504,1800000,Rejected
3201,3,Not Graduate,1,8400000,20500000,144,796,11200000,Approved
3202,0,Not Graduate,0,1200000,2900000,216,348,600000,Rejected
3203,5,Not Graduate,1,4800000,13100000,72,717,2800000,Approved
3204,5,Not Graduate,1,9200000,34200000,48,565,12300000,Approved
3205,2,Not Graduate,0,5300000,10900000,72,647,3200000,Approved
3206,3,Graduate,0,4700000,10900000,24,626,5200000,Approved
3207,0,Not Graduate,0,6500000,24700000,72,554,9600000,Approved
3208,4,Graduate,1,3200000,11500000,240,864,4100000,Approved
3209,4,Graduate,0,4600000,12500000,72,406,6800000,Rejected
3210,5,Graduate,0,700000,1800000,120,650,300000,Approved
3211,5,Not Graduate,1,7600000,16500000,96,534,8300000,Rejected
3212,4,Graduate,0,1200000,2600000,96,872,900000,Approved
3213,2,Graduate,0,5100000,16500000,144,845,5700000,Approved
3214,1,Not Graduate,1,4300000,16300000,168,792,4000000,Rejected
3215,4,Graduate,0,300000,1200000,216,544,100000,Rejected
3216,2,Graduate,1,4000000,13000000,120,552,3400000,Approved
3217,5,Not Graduate,0,3900000,14900000,144,837,3600000,Approved
3218,0,Not Graduate,1,6900000,21300000,216,845,6600000,Approved
3219,4,Not Graduate,1,7000000,24100000,120,677,6300000,Approved
3220,1,Graduate,0,6300000,18300000,240,430,9200000,Rejected
3221,3,Graduate,1,8900000,22500000,144,887,9500000,Approved
3222,0,Not Graduate,1,5700000,19400000,96,544,5800000,Rejected
3223,4,Not Graduate,1,5200000,18300000,120,355,3400000,Rejected
3224,4,Graduate,0,7400000,17500000,48,540,3600000,Rejected
3225,5,Graduate,0,6500000,16000000,168,444,7900000,Rejected
3226,3,Graduate,0,6200000,14900000,168,567,8800000,Approved
3227,5,Not Graduate,1,2400000,6500000,240,513,2600000,Rejected
3228,0,Not Graduate,0,2500000,7100000,120,590,2600000,Approved
3229,2,Graduate,1,2700000,8500000,240,368,2100000,Rejected
3230,5,Not Graduate,0,3000000,7600000,72,413,1700000,Rejected
3231,4,Graduate,1,6100000,13600000,48,401,3900000,Rejected
3232,3,Graduate,0,1500000,5400000,216,687,1700000,Approved
3233,2,Graduate,0,6500000,14100000,168,577,3900000,Approved
3234,4,Not Graduate,0,200000,700000,120,576,300000,Approved
3235,1,Not Graduate,0,9900000,23400000,192,687,8200000,Approved
3236,4,Graduate,0,5500000,11600000,144,474,5600000,Rejected
3237,4,Graduate,0,1200000,4400000,72,709,1700000,Approved
3238,4,Graduate,1,6900000,20200000,216,438,5700000,Rejected
3239,3,Graduate,1,8000000,25300000,48,306,6600000,Approved
3240,3,Not Graduate,1,4100000,13900000,240,383,3800000,Rejected
3241,2,Graduate,0,1400000,4700000,240,563,1400000,Approved
3242,4,Not Graduate,1,1600000,3200000,240,371,1000000,Rejected
3243,1,Graduate,0,2100000,4200000,144,379,2500000,Rejected
3244,1,Not Graduate,0,8800000,30200000,216,897,11100000,Approved
3245,3,Not Graduate,1,7100000,25400000,120,725,8600000,Approved
3246,1,Not Graduate,0,8600000,31500000,192,678,5300000,Approved
3247,2,Not Graduate,1,5400000,14800000,72,724,5400000,Approved
3248,3,Graduate,1,1000000,2500000,72,808,500000,Approved
3249,0,Graduate,0,5400000,18400000,96,625,4800000,Approved
3250,2,Graduate,0,4200000,16800000,48,771,5800000,Approved
3251,2,Not Graduate,0,7500000,22400000,168,695,9400000,Approved
3252,4,Graduate,0,1200000,3300000,24,564,1100000,Approved
3253,4,Graduate,1,6300000,14500000,120,349,5700000,Rejected
3254,4,Graduate,1,300000,900000,48,797,400000,Approved
3255,3,Graduate,0,7400000,28800000,96,391,7200000,Rejected
3256,5,Not Graduate,0,2200000,5400000,144,833,1600000,Approved
3257,5,Graduate,0,4000000,9100000,120,515,5500000,Rejected
3258,4,Graduate,1,2700000,10400000,192,671,4000000,Approved
3259,0,Not Graduate,1,2000000,6900000,48,404,3000000,Approved
3260,4,Not Graduate,0,6400000,14800000,72,537,6500000,Rejected
3261,5,Not Graduate,1,1400000,5100000,48,348,1300000,Approved
3262,0,Not Graduate,1,2800000,6300000,144,647,2300000,Approved
3263,2,Not Graduate,1,8200000,28700000,168,316,4300000,Rejected
3264,3,Not Graduate,0,9000000,26700000,168,638,5200000,Approved
3265,5,Not Graduate,1,800000,2100000,144,363,900000,Rejected
3266,4,Not Graduate,1,6100000,21200000,72,808,6100000,Approved
3267,4,Not Graduate,1,2400000,9400000,24,871,3500000,Approved
3268,4,Graduate,1,6000000,17000000,144,607,3900000,Approved
3269,2,Not Graduate,1,7900000,22500000,72,571,8100000,Approved
3270,3,Graduate,1,9500000,25700000,216,446,10100000,Rejected
3271,3,Not Graduate,1,1800000,6400000,240,436,1300000,Rejected
3272,3,Not Graduate,1,5800000,14100000,144,738,8400000,Approved
3273,3,Graduate,0,2800000,9400000,120,519,1500000,Rejected
3274,3,Graduate,1,4000000,8300000,96,531,5900000,Rejected
3275,1,Not Graduate,0,1000000,3400000,216,578,1200000,Approved
3276,0,Graduate,0,9100000,21100000,240,578,5600000,Approved
3277,0,Graduate,0,4600000,18100000,168,442,3300000,Rejected
3278,2,Not Graduate,0,7800000,16900000,72,751,11700000,Approved
3279,4,Graduate,1,6600000,18800000,120,353,6200000,Rejected
3280,5,Not Graduate,0,9800000,26600000,144,664,14100000,Approved
3281,1,Graduate,0,7400000,26600000,216,505,3900000,Rejected
3282,3,Graduate,1,4300000,16600000,120,571,5800000,Approved
3283,2,Not Graduate,1,9800000,34600000,192,754,6100000,Approved
3284,5,Not Graduate,0,1100000,3900000,240,858,1100000,Approved
3285,3,Graduate,1,8600000,21800000,240,641,9100000,Approved
3286,0,Not Graduate,1,9400000,35500000,192,592,5800000,Approved
3287,3,Graduate,1,5300000,20300000,168,432,5900000,Rejected
3288,1,Not Graduate,1,8700000,33800000,216,558,5900000,Approved
3289,3,Graduate,1,4800000,14200000,144,547,2400000,Rejected
3290,4,Not Graduate,0,4400000,9800000,216,732,4400000,Approved
3291,1,Graduate,1,5400000,19300000,144,784,6500000,Approved
3292,5,Not Graduate,1,8400000,31900000,120,605,9100000,Approved
3293,1,Graduate,1,5400000,19500000,216,688,3500000,Approved
3294,3,Not Graduate,1,9400000,32100000,120,617,11400000,Approved
3295,0,Not Graduate,1,800000,2400000,48,518,500000,Approved
3296,0,Not Graduate,0,3800000,14800000,120,390,4600000,Rejected
3297,4,Graduate,0,3100000,6300000,48,370,2800000,Rejected
3298,3,Not Graduate,1,6000000,21300000,48,802,7600000,Approved
3299,2,Not Graduate,1,6800000,15500000,144,338,8500000,Rejected
3300,5,Not Graduate,0,5200000,11700000,72,658,5600000,Approved
3301,0,Not Graduate,0,1900000,6700000,144,595,1700000,Approved
3302,5,Graduate,1,3600000,8500000,240,594,4500000,Approved
3303,3,Graduate,1,1500000,4100000,168,611,2100000,Approved
3304,3,Not Graduate,0,2000000,5800000,96,799,1000000,Approved
3305,5,Graduate,0,9200000,18600000,240,497,10700000,Rejected
3306,0,Not Graduate,1,6100000,15900000,216,456,8800000,Rejected
3307,5,Not Graduate,0,300000,500000,96,396,200000,Rejected
3308,1,Graduate,0,800000,2300000,120,770,1100000,Approved
3309,0,Not Graduate,0,3300000,9000000,192,797,3300000,Approved
3310,1,Not Graduate,0,5800000,18700000,240,586,6000000,Approved
3311,5,Not Graduate,0,8500000,23400000,192,604,4800000,Approved
3312,0,Not Graduate,1,4100000,12800000,96,799,2700000,Approved
3313,2,Graduate,0,7800000,26400000,48,763,6700000,Approved
3314,0,Graduate,0,7500000,23000000,168,725,7100000,Approved
3315,2,Graduate,0,2300000,8800000,216,336,1500000,Rejected
3316,4,Graduate,1,600000,2300000,72,495,300000,Rejected
3317,1,Not Graduate,0,2900000,11500000,240,431,3100000,Rejected
3318,5,Not Graduate,0,900000,2200000,24,415,700000,Rejected
3319,5,Graduate,1,9000000,20400000,72,451,9000000,Rejected
3320,1,Not Graduate,0,4800000,14300000,48,489,3600000,Rejected
3321,1,Graduate,0,1600000,4600000,144,415,1500000,Rejected
3322,3,Not Graduate,0,2600000,8100000,144,425,2200000,Rejected
3323,4,Graduate,1,1800000,4600000,168,453,1600000,Rejected
3324,5,Graduate,1,4400000,11800000,240,634,4300000,Approved
3325,2,Not Graduate,0,200000,300000,240,519,300000,Rejected
3326,4,Not Graduate,1,800000,2100000,72,353,1200000,Rejected
3327,3,Graduate,0,1500000,3200000,48,767,1400000,Approved
3328,0,Not Graduate,1,7700000,16900000,168,473,6400000,Rejected
3329,5,Graduate,1,7200000,21300000,24,801,7200000,Approved
3330,4,Graduate,0,1000000,2300000,192,543,1000000,Rejected
3331,1,Graduate,0,6300000,17200000,144,714,8500000,Approved
3332,3,Graduate,0,1900000,4100000,144,830,2100000,Approved
3333,5,Graduate,0,4400000,15300000,48,401,2400000,Approved
3334,0,Not Graduate,0,9100000,26400000,72,518,5700000,Rejected
3335,2,Graduate,1,900000,2300000,240,367,1300000,Rejected
3336,0,Graduate,1,4600000,12000000,144,493,3600000,Rejected
3337,2,Graduate,1,9400000,22700000,168,505,11500000,Rejected
3338,5,Graduate,0,6900000,26500000,192,322,9400000,Rejected
3339,2,Graduate,0,300000,900000,96,735,100000,Approved
3340,5,Graduate,1,1900000,6700000,24,622,1700000,Approved
3341,4,Graduate,1,4400000,16400000,72,513,5700000,Rejected
3342,4,Not Graduate,1,1200000,4100000,192,585,900000,Approved
3343,1,Graduate,1,1000000,3000000,120,813,800000,Approved
3344,0,Graduate,0,3100000,10400000,216,622,1600000,Approved
3345,1,Graduate,1,2100000,6300000,192,899,2200000,Approved
3346,0,Not Graduate,0,2100000,4700000,24,459,1200000,Rejected
3347,4,Graduate,0,9400000,33300000,216,369,7200000,Rejected
3348,2,Not Graduate,0,9700000,37700000,72,601,11800000,Approved
3349,4,Graduate,0,1400000,2700000,216,703,900000,Approved
3350,2,Not Graduate,0,4700000,14600000,240,597,6800000,Approved
3351,3,Not Graduate,1,4100000,13300000,120,670,6100000,Approved
3352,4,Not Graduate,1,1200000,2800000,72,366,1400000,Rejected
3353,5,Not Graduate,0,7900000,27800000,192,857,10600000,Approved
3354,2,Not Graduate,0,6600000,15000000,192,401,3300000,Rejected
3355,0,Not Graduate,0,2200000,8800000,48,437,2000000,Approved
3356,3,Not Graduate,0,5500000,17600000,96,882,3100000,Approved
3357,4,Graduate,0,5100000,15500000,96,392,6700000,Rejected
3358,2,Not Graduate,1,3900000,7700000,120,421,2100000,Rejected
3359,5,Graduate,0,200000,400000,72,722,100000,Approved
3360,4,Graduate,0,5800000,14700000,120,692,3900000,Approved
3361,5,Not Graduate,0,8300000,20700000,24,537,7800000,Rejected
3362,5,Graduate,1,2600000,5500000,96,676,1300000,Approved
3363,1,Graduate,0,2100000,8100000,72,817,2900000,Approved
3364,4,Not Graduate,0,3900000,10800000,240,433,2300000,Rejected
3365,1,Graduate,1,5200000,16300000,72,524,4600000,Rejected
3366,3,Not Graduate,1,7800000,24400000,240,490,4100000,Rejected
3367,3,Not Graduate,1,5400000,14300000,48,595,4900000,Approved
3368,2,Not Graduate,0,2900000,11000000,24,835,1400000,Approved
3369,4,Graduate,0,7100000,28300000,72,850,9700000,Approved
3370,1,Graduate,1,800000,2500000,48,409,900000,Approved
3371,5,Graduate,1,3400000,12800000,120,760,4600000,Approved
3372,1,Graduate,1,6800000,17600000,168,344,7700000,Rejected
3373,4,Graduate,1,7000000,27100000,144,881,9500000,Approved
3374,0,Graduate,1,9300000,24500000,120,600,5400000,Approved
3375,2,Graduate,0,7500000,19900000,120,790,5900000,Approved
3376,3,Graduate,1,8000000,31200000,240,392,6000000,Rejected
3377,5,Graduate,1,1600000,4100000,24,748,1000000,Approved
3378,1,Graduate,1,6700000,18800000,72,798,6100000,Approved
3379,3,Not Graduate,0,3800000,11400000,48,323,4400000,Approved
3380,1,Not Graduate,1,2700000,5400000,72,413,2600000,Rejected
3381,3,Graduate,0,1300000,2900000,96,733,1800000,Approved
3382,4,Not Graduate,0,3400000,10500000,192,543,4500000,Rejected
3383,3,Graduate,0,3400000,10900000,168,757,3000000,Approved
3384,5,Graduate,1,2400000,6800000,96,464,1900000,Rejected
3385,0,Not Graduate,0,1900000,6900000,48,749,2200000,Approved
3386,4,Graduate,0,700000,2200000,72,680,300000,Approved
3387,1,Not Graduate,0,6900000,20900000,48,574,5200000,Approved
3388,5,Graduate,1,300000,800000,216,774,400000,Approved
3389,3,Not Graduate,0,6000000,18700000,120,387,6700000,Rejected
3390,1,Not Graduate,0,4300000,16400000,240,397,5700000,Rejected
3391,4,Graduate,0,5800000,13500000,168,816,7900000,Approved
3392,2,Graduate,1,3300000,6700000,96,845,3200000,Approved
3393,2,Not Graduate,0,400000,1500000,48,743,300000,Approved
3394,5,Not Graduate,0,300000,600000,48,418,200000,Rejected
3395,1,Not Graduate,0,4200000,10700000,72,466,4700000,Rejected
3396,2,Not Graduate,1,600000,2300000,144,335,400000,Rejected
3397,5,Not Graduate,1,4400000,15200000,72,446,5800000,Rejected
3398,0,Graduate,1,9200000,29400000,24,868,5300000,Approved
3399,2,Graduate,1,6900000,25300000,48,763,5500000,Approved
3400,5,Not Graduate,1,5100000,13700000,168,527,4700000,Rejected
3401,4,Graduate,0,3400000,12700000,24,741,3700000,Approved
3402,4,Not Graduate,1,8600000,26800000,144,802,11700000,Approved
3403,3,Not Graduate,1,9200000,28900000,96,538,4900000,Rejected
3404,5,Graduate,1,4800000,16300000,48,523,2800000,Approved
3405,4,Not Graduate,0,2800000,8300000,168,381,1500000,Rejected
3406,1,Graduate,1,3400000,7000000,48,534,4000000,Rejected
3407,5,Not Graduate,1,800000,2200000,168,574,1100000,Approved
3408,1,Not Graduate,0,4100000,11100000,72,405,5900000,Rejected
3409,0,Not Graduate,0,1900000,3800000,192,542,2100000,Rejected
3410,5,Graduate,1,6700000,25400000,168,820,3900000,Approved
3411,0,Graduate,0,5200000,13400000,24,505,6200000,Rejected
3412,3,Graduate,1,6700000,16400000,24,508,9200000,Rejected
3413,1,Not Graduate,1,4700000,15000000,240,835,3800000,Approved
3414,0,Not Graduate,0,6000000,22000000,144,826,7000000,Approved
3415,5,Not Graduate,1,6500000,18900000,144,427,7800000,Rejected
3416,3,Graduate,0,500000,2000000,144,890,400000,Approved
3417,4,Not Graduate,0,5700000,13300000,24,333,8200000,Rejected
3418,4,Not Graduate,1,6800000,20000000,144,679,6600000,Approved
3419,5,Not Graduate,0,3100000,12300000,216,805,2800000,Approved
3420,3,Not Graduate,0,5100000,11000000,192,826,2700000,Approved
3421,1,Not Graduate,1,6300000,23900000,120,844,4500000,Approved
3422,5,Graduate,1,4400000,14100000,120,663,2600000,Approved
3423,1,Not Graduate,0,8100000,21900000,72,884,6600000,Approved
3424,1,Not Graduate,0,1100000,3700000,24,508,1300000,Approved
3425,0,Graduate,1,2400000,6900000,48,581,3400000,Approved
3426,3,Graduate,1,7000000,26300000,144,481,9900000,Rejected
3427,1,Graduate,1,8700000,30000000,144,543,12700000,Rejected
3428,0,Not Graduate,1,3500000,12600000,120,448,3600000,Rejected
3429,1,Graduate,1,1600000,5300000,48,713,1300000,Approved
3430,5,Not Graduate,1,7800000,17300000,192,493,9300000,Rejected
3431,2,Not Graduate,0,3700000,9200000,120,819,3100000,Approved
3432,4,Graduate,0,400000,1400000,216,827,600000,Approved
3433,0,Not Graduate,0,4800000,15700000,120,398,6400000,Rejected
3434,0,Graduate,1,2900000,7500000,216,692,4000000,Approved
3435,5,Graduate,1,5000000,14600000,216,509,4900000,Rejected
3436,0,Graduate,1,7600000,18100000,192,439,10600000,Rejected
3437,1,Graduate,0,3000000,9400000,48,622,2000000,Approved
3438,3,Not Graduate,1,200000,700000,216,526,0,Rejected
3439,5,Not Graduate,1,6800000,19000000,96,865,6300000,Approved
3440,5,Not Graduate,1,9700000,27400000,24,328,7900000,Rejected
3441,0,Graduate,1,1200000,4200000,48,768,1500000,Approved
3442,5,Not Graduate,1,7400000,24000000,192,854,8700000,Approved
3443,4,Graduate,0,6900000,20800000,48,839,7400000,Approved
3444,0,Not Graduate,1,9100000,23300000,216,414,6400000,Rejected
3445,0,Graduate,1,1300000,4700000,192,530,800000,Rejected
3446,3,Graduate,0,6600000,14600000,120,841,6000000,Approved
3447,3,Not Graduate,1,1800000,5700000,168,670,2700000,Approved
3448,5,Not Graduate,1,8200000,20900000,168,726,8400000,Approved
3449,4,Not Graduate,0,2800000,8300000,168,352,3700000,Rejected
3450,1,Graduate,1,7000000,16000000,48,554,7900000,Approved
3451,4,Graduate,0,700000,1800000,216,728,600000,Approved
3452,0,Not Graduate,0,7400000,25500000,72,463,8400000,Rejected
3453,5,Not Graduate,1,2300000,5000000,120,431,2900000,Rejected
3454,1,Graduate,1,600000,1900000,96,445,300000,Rejected
3455,5,Graduate,0,1000000,3000000,48,896,1100000,Approved
3456,1,Not Graduate,1,2200000,5200000,96,420,2300000,Rejected
3457,1,Not Graduate,0,8000000,30900000,24,315,7300000,Approved
3458,4,Not Graduate,0,8600000,20900000,120,867,9900000,Approved
3459,3,Not Graduate,1,7500000,26000000,24,342,11200000,Approved
3460,5,Not Graduate,1,5200000,11800000,216,711,4500000,Approved
3461,2,Not Graduate,0,7900000,20900000,24,723,7100000,Approved
3462,1,Graduate,1,4200000,11300000,48,704,4000000,Approved
3463,0,Graduate,0,6500000,20200000,192,842,9600000,Approved
3464,0,Graduate,1,7400000,15200000,144,600,4100000,Approved
3465,3,Not Graduate,0,9100000,25600000,144,688,11100000,Approved
3466,0,Not Graduate,0,800000,2300000,192,739,400000,Approved
3467,1,Graduate,1,800000,2800000,120,798,400000,Approved
3468,5,Graduate,1,4100000,9900000,48,319,5500000,Rejected
3469,5,Graduate,1,4200000,8700000,72,583,2500000,Approved
3470,3,Graduate,1,4800000,11500000,144,535,5400000,Rejected
3471,3,Not Graduate,1,8300000,25900000,96,696,7100000,Approved
3472,4,Not Graduate,0,7600000,23900000,96,672,6700000,Approved
3473,4,Graduate,0,5100000,12300000,240,410,5600000,Rejected
3474,5,Graduate,0,3600000,11600000,168,546,4800000,Rejected
3475,3,Not Graduate,1,5400000,16800000,192,550,7000000,Approved
3476,5,Not Graduate,0,700000,1400000,48,344,300000,Rejected
3477,2,Not Graduate,1,9800000,38200000,120,743,5300000,Approved
3478,4,Graduate,0,9700000,36400000,48,772,13500000,Approved
3479,0,Graduate,1,9400000,29900000,144,302,8200000,Rejected
3480,3,Graduate,1,3200000,9100000,216,376,1700000,Rejected
3481,0,Graduate,1,3700000,11600000,120,747,3500000,Approved
3482,2,Graduate,1,4200000,15800000,72,710,4600000,Approved
3483,2,Not Graduate,0,7000000,24200000,72,892,9200000,Approved
3484,3,Not Graduate,0,3200000,11500000,192,492,3200000,Rejected
3485,5,Graduate,0,7900000,17700000,24,559,5400000,Approved
3486,3,Not Graduate,0,2200000,8300000,216,314,2000000,Rejected
3487,0,Graduate,1,2700000,8400000,72,744,2000000,Approved
3488,5,Not Graduate,0,6800000,18000000,144,690,9300000,Approved
3489,3,Graduate,1,6300000,23300000,48,347,8100000,Approved
3490,5,Graduate,1,9000000,31400000,24,677,8700000,Approved
3491,1,Graduate,0,4700000,15700000,48,468,3600000,Approved
3492,2,Not Graduate,0,8100000,17500000,48,674,9300000,Approved
3493,2,Not Graduate,0,9000000,27300000,168,353,7200000,Rejected
3494,4,Not Graduate,0,3800000,14100000,96,727,5400000,Approved
3495,4,Not Graduate,1,8800000,22200000,120,512,9900000,Rejected
3496,3,Not Graduate,1,8700000,27200000,216,454,12000000,Rejected
3497,5,Not Graduate,0,5000000,12400000,168,315,4000000,Rejected
3498,0,Not Graduate,1,6000000,22700000,120,480,8700000,Rejected
3499,2,Graduate,1,9100000,24200000,192,685,9100000,Approved
3500,1,Graduate,0,7400000,17900000,72,460,5000000,Rejected
3501,1,Not Graduate,1,8300000,28400000,192,704,11400000,Approved
3502,1,Graduate,1,7600000,23900000,144,692,5000000,Approved
3503,1,Not Graduate,1,3500000,9600000,48,398,4600000,Rejected
3504,5,Graduate,1,1000000,3500000,216,882,600000,Approved
3505,5,Graduate,1,9900000,25900000,48,860,5400000,Approved
3506,2,Graduate,1,5700000,15100000,216,330,6200000,Rejected
3507,5,Graduate,0,700000,2400000,192,447,800000,Rejected
3508,0,Not Graduate,1,9600000,23800000,144,788,10400000,Approved
3509,1,Not Graduate,0,9300000,28900000,72,526,11000000,Rejected
3510,0,Graduate,0,9500000,28400000,216,577,14100000,Approved
3511,4,Graduate,1,8700000,23400000,192,372,8000000,Rejected
3512,5,Graduate,1,7300000,21000000,168,759,10800000,Approved
3513,3,Graduate,1,4100000,12700000,120,465,3200000,Rejected
3514,2,Graduate,0,2900000,10200000,48,789,3600000,Approved
3515,3,Graduate,1,7500000,17900000,24,680,6300000,Approved
3516,1,Graduate,0,7900000,25700000,240,681,8800000,Approved
3517,1,Graduate,1,6900000,22300000,192,673,9000000,Approved
3518,0,Not Graduate,0,6900000,22900000,120,313,8000000,Rejected
3519,0,Not Graduate,0,4800000,18800000,192,551,5500000,Approved
3520,5,Graduate,1,7700000,24400000,96,453,10000000,Rejected
3521,3,Not Graduate,0,6900000,22700000,48,650,6400000,Approved
3522,1,Not Graduate,0,1200000,4500000,48,439,1200000,Approved
3523,1,Graduate,0,2900000,9600000,48,658,2700000,Approved
3524,4,Graduate,1,5500000,18900000,72,379,3100000,Rejected
3525,4,Graduate,1,3200000,10700000,48,450,1800000,Approved
3526,5,Not Graduate,0,2600000,8200000,48,849,2700000,Approved
3527,0,Graduate,0,500000,1600000,216,865,200000,Approved
3528,0,Graduate,0,1800000,6900000,120,853,1700000,Rejected
3529,0,Not Graduate,0,1300000,4900000,144,555,1700000,Approved
3530,1,Not Graduate,0,9900000,20700000,240,821,11100000,Approved
3531,0,Not Graduate,0,2000000,4700000,24,820,1200000,Approved
3532,1,Not Graduate,0,5100000,15300000,48,721,5900000,Approved
3533,4,Graduate,1,8200000,24000000,240,831,5400000,Approved
3534,5,Not Graduate,0,4200000,12600000,216,571,6200000,Approved
3535,2,Not Graduate,1,1300000,4900000,96,582,1700000,Approved
3536,1,Not Graduate,1,4600000,13600000,216,487,5400000,Rejected
3537,1,Not Graduate,0,6600000,19700000,144,758,9500000,Approved
3538,2,Graduate,1,8300000,30100000,192,636,7200000,Approved
3539,0,Graduate,0,6900000,20700000,192,857,8800000,Approved
3540,4,Graduate,1,4700000,12500000,96,678,7000000,Approved
3541,1,Graduate,0,7900000,15800000,96,551,8300000,Approved
3542,3,Not Graduate,0,8800000,24900000,192,668,10500000,Approved
3543,1,Graduate,0,6500000,23400000,24,672,7600000,Approved
3544,3,Not Graduate,0,3500000,13700000,48,439,4400000,Approved
3545,2,Not Graduate,1,8200000,19600000,192,636,10700000,Approved
3546,0,Not Graduate,1,2000000,6000000,168,393,2900000,Rejected
3547,5,Not Graduate,0,2700000,8200000,24,848,1500000,Approved
3548,0,Graduate,1,5300000,17600000,48,790,7700000,Approved
3549,2,Not Graduate,0,9900000,19900000,72,312,11000000,Rejected
3550,2,Not Graduate,1,5000000,19500000,168,775,6500000,Approved
3551,2,Not Graduate,0,9100000,18600000,240,403,9200000,Rejected
3552,3,Not Graduate,1,7600000,26400000,168,867,7400000,Approved
3553,0,Graduate,0,5200000,17800000,216,558,3100000,Approved
3554,5,Graduate,0,1800000,6000000,48,548,2600000,Approved
3555,0,Not Graduate,0,7300000,28200000,192,486,7700000,Rejected
3556,4,Graduate,0,3200000,11600000,72,635,3900000,Approved
3557,5,Graduate,0,5200000,20700000,24,538,3600000,Approved
3558,4,Not Graduate,0,7100000,28200000,168,496,4600000,Rejected
3559,4,Graduate,1,1400000,4800000,72,411,1600000,Rejected
3560,4,Not Graduate,0,2700000,10700000,72,857,2800000,Approved
3561,5,Graduate,1,6500000,18100000,120,360,6100000,Rejected
3562,4,Graduate,0,9300000,35900000,216,461,11400000,Rejected
3563,0,Graduate,1,6700000,14900000,192,638,8100000,Approved
3564,5,Graduate,0,6800000,19300000,72,865,9000000,Approved
3565,5,Not Graduate,0,5600000,13600000,48,449,4300000,Rejected
3566,1,Not Graduate,1,1900000,4700000,24,870,2300000,Approved
3567,5,Not Graduate,0,8400000,19500000,72,815,7200000,Approved
3568,2,Not Graduate,1,2500000,7200000,192,454,2100000,Rejected
3569,1,Not Graduate,1,2900000,9900000,216,783,2600000,Approved
3570,3,Graduate,1,3200000,7400000,24,543,4600000,Rejected
3571,4,Not Graduate,1,3000000,10900000,24,786,3200000,Approved
3572,3,Graduate,1,800000,2500000,240,395,500000,Rejected
3573,2,Not Graduate,1,400000,1300000,24,885,500000,Approved
3574,2,Not Graduate,0,4400000,10600000,240,488,4600000,Rejected
3575,2,Not Graduate,1,8700000,19900000,120,829,8400000,Approved
3576,4,Not Graduate,0,7400000,15400000,72,677,7400000,Approved
3577,4,Not Graduate,1,5700000,14400000,144,645,4700000,Approved
3578,5,Not Graduate,1,9700000,27600000,120,788,10600000,Approved
3579,2,Not Graduate,0,7000000,22400000,72,649,8900000,Approved
3580,2,Not Graduate,0,8900000,23100000,48,519,4700000,Rejected
3581,3,Graduate,1,3100000,11200000,168,772,2100000,Approved
3582,4,Graduate,0,2200000,6100000,144,330,2200000,Rejected
3583,5,Not Graduate,1,7100000,21500000,48,557,4000000,Approved
3584,4,Graduate,1,8200000,19000000,72,334,10200000,Rejected
3585,3,Graduate,1,9800000,28400000,144,487,11100000,Rejected
3586,2,Graduate,1,3900000,9700000,96,539,5100000,Rejected
3587,2,Graduate,1,2200000,8100000,96,710,1000000,Approved
3588,5,Not Graduate,1,600000,1700000,240,879,700000,Approved
3589,4,Not Graduate,1,6900000,22000000,120,512,3900000,Rejected
3590,2,Graduate,1,7400000,27300000,216,561,9600000,Approved
3591,3,Not Graduate,1,4000000,11600000,72,539,4700000,Rejected
3592,3,Not Graduate,1,700000,2000000,216,544,400000,Rejected
3593,2,Not Graduate,1,1900000,4600000,192,631,2700000,Approved
3594,2,Graduate,0,2200000,6800000,240,546,2200000,Rejected
3595,1,Graduate,1,2000000,5600000,168,569,1600000,Approved
3596,4,Not Graduate,0,7400000,17900000,72,384,4700000,Rejected
3597,2,Not Graduate,1,2300000,9000000,72,583,3400000,Approved
3598,5,Not Graduate,1,4000000,15500000,144,517,3500000,Rejected
3599,3,Graduate,1,1500000,5800000,216,420,1400000,Rejected
3600,2,Not Graduate,1,5200000,12900000,216,644,7500000,Approved
3601,2,Graduate,0,5400000,14500000,96,349,6600000,Rejected
3602,3,Graduate,0,7700000,25300000,216,662,9900000,Approved
3603,0,Not Graduate,1,1900000,6400000,240,704,1900000,Approved
3604,4,Not Graduate,1,6400000,15500000,24,324,4500000,Rejected
3605,5,Graduate,0,700000,1700000,216,757,600000,Approved
3606,3,Graduate,1,5800000,23000000,192,361,2800000,Rejected
3607,1,Graduate,0,1800000,5400000,48,415,1800000,Approved
3608,5,Graduate,1,4300000,13800000,216,618,2400000,Approved
3609,4,Graduate,0,8000000,27100000,96,524,8400000,Rejected
3610,0,Not Graduate,0,1100000,4100000,216,887,1300000,Approved
3611,2,Not Graduate,1,8800000,31100000,144,729,9400000,Approved
3612,4,Graduate,0,4800000,18600000,168,774,6500000,Approved
3613,0,Not Graduate,1,200000,700000,240,724,300000,Approved
3614,5,Graduate,1,1400000,2700000,192,320,2000000,Rejected
3615,5,Graduate,0,2500000,6400000,192,590,3500000,Approved
3616,5,Graduate,0,8100000,25300000,96,796,7800000,Approved
3617,0,Graduate,1,6100000,19200000,72,890,7600000,Approved
3618,0,Not Graduate,1,2000000,4600000,192,651,1600000,Approved
3619,4,Not Graduate,0,4800000,10100000,144,634,6900000,Approved
3620,4,Graduate,1,900000,2800000,24,660,900000,Approved
3621,4,Not Graduate,0,1300000,3500000,144,512,700000,Rejected
3622,4,Not Graduate,1,4200000,9100000,24,900,5900000,Approved
3623,2,Graduate,1,3300000,11100000,240,823,2900000,Approved
3624,2,Not Graduate,1,8700000,28400000,144,880,4400000,Approved
3625,1,Not Graduate,1,800000,2600000,24,439,400000,Approved
3626,5,Graduate,1,7400000,17100000,24,441,10800000,Rejected
3627,3,Not Graduate,0,6900000,18500000,72,360,9600000,Rejected
3628,1,Graduate,1,8800000,33700000,168,561,11900000,Approved
3629,2,Graduate,1,8600000,32500000,48,758,6900000,Approved
3630,2,Graduate,0,5400000,20600000,216,621,5500000,Approved
3631,4,Graduate,1,2900000,5900000,216,621,3500000,Approved
3632,3,Graduate,0,9800000,21000000,144,342,7000000,Rejected
3633,4,Graduate,0,3300000,10800000,48,552,3300000,Approved
3634,0,Not Graduate,0,300000,500000,216,376,300000,Rejected
3635,0,Graduate,0,1500000,4300000,144,801,1100000,Approved
3636,3,Not Graduate,1,5400000,16300000,48,512,6000000,Approved
3637,0,Graduate,0,6600000,15200000,216,497,9300000,Rejected
3638,0,Graduate,0,5700000,17200000,96,386,2900000,Rejected
3639,3,Not Graduate,1,8500000,26100000,24,683,5700000,Approved
3640,0,Graduate,0,7400000,24100000,192,779,4900000,Approved
3641,3,Not Graduate,1,7800000,17700000,72,876,10800000,Approved
3642,3,Graduate,1,7200000,16500000,216,515,10600000,Rejected
3643,2,Not Graduate,0,7600000,19300000,144,463,9600000,Rejected
3644,4,Not Graduate,1,7000000,26700000,48,486,6000000,Approved
3645,0,Not Graduate,0,5700000,13000000,72,328,8200000,Rejected
3646,2,Not Graduate,0,8200000,30600000,120,343,7000000,Rejected
3647,0,Graduate,1,9000000,27800000,96,712,5800000,Approved
3648,3,Not Graduate,0,3900000,11900000,72,607,2000000,Approved
3649,0,Graduate,0,6500000,16200000,48,812,6200000,Approved
3650,4,Not Graduate,1,2300000,7700000,192,589,2300000,Approved
3651,1,Not Graduate,0,5700000,21800000,216,657,3200000,Approved
3652,4,Not Graduate,0,800000,2800000,144,453,600000,Rejected
3653,4,Not Graduate,1,8400000,19700000,168,889,12100000,Approved
3654,1,Graduate,1,4300000,17200000,48,564,2200000,Approved
3655,1,Not Graduate,1,300000,900000,240,419,300000,Rejected
3656,1,Graduate,0,8700000,34000000,192,663,8100000,Approved
3657,1,Not Graduate,0,4400000,12100000,48,884,6000000,Approved
3658,1,Graduate,1,5600000,16800000,192,528,3900000,Rejected
3659,2,Graduate,0,600000,1300000,144,475,600000,Rejected
3660,4,Not Graduate,1,2500000,5100000,240,695,3500000,Approved
3661,5,Not Graduate,0,3800000,10500000,120,759,5300000,Approved
3662,2,Not Graduate,0,2500000,9600000,48,636,2000000,Approved
3663,3,Not Graduate,1,5500000,20400000,120,546,4000000,Rejected
3664,5,Graduate,1,4500000,17100000,24,639,6500000,Approved
3665,4,Not Graduate,0,1900000,4000000,120,388,900000,Rejected
3666,5,Graduate,1,6400000,20000000,144,594,5500000,Approved
3667,1,Not Graduate,1,3800000,11100000,72,760,5700000,Approved
3668,4,Not Graduate,1,6300000,16900000,192,582,6000000,Approved
3669,3,Not Graduate,0,300000,600000,72,896,400000,Approved
3670,5,Not Graduate,1,7100000,21800000,216,891,4700000,Approved
3671,2,Not Graduate,1,600000,1700000,24,495,500000,Rejected
3672,3,Graduate,1,4400000,15300000,192,865,3400000,Approved
3673,4,Not Graduate,0,7600000,20800000,144,775,6400000,Approved
3674,5,Graduate,1,8700000,26400000,120,318,9200000,Rejected
3675,3,Graduate,1,5600000,12700000,144,395,6400000,Rejected
3676,4,Not Graduate,0,4100000,13100000,168,772,3800000,Approved
3677,2,Not Graduate,1,7900000,16100000,216,318,9300000,Rejected
3678,3,Not Graduate,1,5600000,20900000,168,649,8200000,Approved
3679,3,Not Graduate,0,1200000,3100000,120,438,1000000,Rejected
3680,5,Graduate,0,6900000,19700000,72,588,7300000,Approved
3681,5,Not Graduate,0,2700000,5600000,24,815,2600000,Approved
3682,4,Graduate,1,9800000,22100000,48,364,7300000,Rejected
3683,2,Not Graduate,0,9300000,32300000,48,586,10400000,Approved
3684,4,Not Graduate,0,6700000,25300000,144,555,4900000,Approved
3685,4,Graduate,0,1300000,4600000,120,312,800000,Rejected
3686,2,Graduate,1,7900000,17100000,192,605,10400000,Approved
3687,5,Not Graduate,0,6700000,23200000,216,672,5400000,Approved
3688,2,Not Graduate,1,2100000,4500000,216,591,1500000,Approved
3689,4,Graduate,1,4700000,11000000,48,321,6900000,Rejected
3690,2,Graduate,0,3700000,13400000,192,393,3500000,Rejected
3691,0,Graduate,1,5800000,21800000,24,561,4200000,Approved
3692,5,Graduate,1,2400000,6900000,240,725,2400000,Approved
3693,1,Not Graduate,1,8100000,27600000,192,438,8000000,Rejected
3694,5,Graduate,1,5400000,21400000,144,399,6800000,Rejected
3695,0,Graduate,0,1400000,5400000,96,592,800000,Approved
3696,2,Not Graduate,0,2500000,8600000,96,835,1300000,Approved
3697,0,Not Graduate,1,1600000,5300000,48,733,1100000,Approved
3698,0,Not Graduate,0,3700000,10600000,240,484,3500000,Rejected
3699,5,Not Graduate,1,500000,1800000,240,615,300000,Approved
3700,3,Not Graduate,1,5300000,19500000,48,591,7900000,Approved
3701,0,Graduate,1,2800000,6800000,144,349,1400000,Rejected
3702,1,Graduate,1,9600000,29900000,216,478,9400000,Rejected
3703,4,Graduate,0,2200000,7800000,240,633,1900000,Approved
3704,1,Not Graduate,1,8400000,30900000,96,378,11100000,Rejected
3705,1,Not Graduate,0,2100000,5300000,240,461,1700000,Rejected
3706,2,Not Graduate,1,2800000,7000000,24,834,1300000,Approved
3707,0,Not Graduate,0,2500000,5800000,240,671,2000000,Approved
3708,3,Graduate,1,1700000,5800000,120,524,800000,Rejected
3709,3,Graduate,0,6100000,20700000,48,816,5900000,Approved
3710,3,Graduate,0,4100000,11700000,120,729,2100000,Approved
3711,5,Not Graduate,1,4500000,12700000,96,307,2700000,Rejected
3712,2,Graduate,1,5600000,19100000,96,350,4200000,Rejected
3713,3,Not Graduate,1,5800000,16600000,120,444,8500000,Rejected
3714,4,Not Graduate,0,8600000,26700000,120,895,6900000,Approved
3715,2,Graduate,0,2900000,10500000,240,708,4300000,Approved
3716,2,Not Graduate,1,8300000,17600000,24,355,6800000,Rejected
3717,5,Not Graduate,0,2400000,5100000,72,756,3400000,Approved
3718,4,Graduate,0,5600000,12000000,48,719,3400000,Approved
3719,1,Graduate,1,9500000,35400000,168,439,13500000,Rejected
3720,4,Not Graduate,1,4900000,15900000,120,668,2800000,Approved
3721,4,Not Graduate,1,5900000,16500000,24,765,3500000,Approved
3722,5,Graduate,1,500000,1500000,48,476,700000,Approved
3723,3,Graduate,0,7000000,21700000,168,781,9600000,Approved
3724,1,Not Graduate,0,3500000,12700000,48,350,1800000,Approved
3725,0,Graduate,0,5200000,12200000,192,783,5100000,Approved
3726,3,Graduate,1,6300000,19900000,144,770,3100000,Approved
3727,2,Not Graduate,0,8400000,28300000,120,822,4400000,Approved
3728,1,Not Graduate,1,7500000,22500000,168,469,4500000,Rejected
3729,2,Graduate,0,3300000,13000000,192,300,3100000,Rejected
3730,2,Not Graduate,0,8800000,22400000,168,692,10900000,Approved
3731,5,Graduate,0,200000,700000,216,707,200000,Approved
3732,5,Not Graduate,1,8000000,29100000,48,658,4600000,Approved
3733,3,Graduate,0,1000000,4000000,72,625,500000,Approved
3734,1,Graduate,0,9400000,26700000,120,343,13200000,Rejected
3735,5,Graduate,0,2100000,7300000,216,358,2200000,Rejected
3736,4,Graduate,1,5400000,11500000,240,705,6100000,Approved
3737,2,Graduate,1,4700000,15100000,96,799,4700000,Approved
3738,3,Graduate,0,8800000,33700000,144,397,8800000,Rejected
3739,5,Graduate,0,3200000,12200000,72,493,2100000,Rejected
3740,0,Graduate,1,7200000,21900000,48,446,7600000,Approved
3741,2,Not Graduate,1,2500000,7200000,192,315,2800000,Rejected
3742,5,Not Graduate,1,6900000,15700000,168,887,4500000,Approved
3743,5,Graduate,1,5700000,20500000,192,429,3900000,Rejected
3744,4,Graduate,1,5500000,15100000,216,673,7200000,Approved
3745,4,Not Graduate,1,9200000,29100000,120,731,5000000,Approved
3746,5,Graduate,1,5700000,11500000,24,732,5300000,Approved
3747,5,Graduate,1,5000000,16400000,168,525,3300000,Rejected
3748,4,Not Graduate,0,2300000,5500000,72,343,3200000,Rejected
3749,0,Not Graduate,1,3000000,11000000,192,331,2400000,Rejected
3750,0,Not Graduate,0,7900000,26200000,216,845,6300000,Approved
3751,2,Graduate,0,2000000,6200000,192,696,1300000,Approved
3752,5,Not Graduate,0,2700000,8700000,168,772,3700000,Approved
3753,3,Graduate,1,6400000,15800000,216,628,5300000,Approved
3754,0,Not Graduate,1,8200000,19100000,24,764,4000000,Approved
3755,1,Graduate,0,2800000,6900000,168,553,4200000,Approved
3756,1,Not Graduate,0,8900000,20000000,24,653,9900000,Approved
3757,1,Not Graduate,0,5100000,20000000,48,506,6700000,Approved
3758,3,Graduate,0,2800000,8500000,240,431,2200000,Rejected
3759,2,Not Graduate,1,6100000,12300000,216,697,3500000,Approved
3760,2,Not Graduate,0,8400000,24500000,72,588,10400000,Approved
3761,1,Not Graduate,0,1600000,5600000,72,846,1200000,Approved
3762,5,Graduate,0,4100000,11000000,168,379,5400000,Rejected
3763,1,Not Graduate,0,300000,700000,120,745,100000,Approved
3764,3,Graduate,0,9600000,34500000,240,523,5300000,Rejected
3765,4,Graduate,1,8300000,25400000,48,624,5400000,Approved
3766,1,Graduate,0,4600000,16700000,192,407,2800000,Rejected
3767,3,Not Graduate,1,5600000,11600000,144,756,7800000,Approved
3768,3,Graduate,1,4100000,8300000,192,351,2200000,Rejected
3769,3,Not Graduate,0,3700000,13400000,216,373,2500000,Rejected
3770,4,Not Graduate,1,800000,2400000,24,461,300000,Approved
3771,4,Graduate,0,8100000,28100000,144,672,9500000,Approved
3772,2,Graduate,1,2700000,9500000,120,434,1800000,Rejected
3773,2,Not Graduate,1,7000000,21400000,144,541,9600000,Rejected
3774,3,Not Graduate,1,8100000,29300000,24,413,6400000,Approved
3775,1,Graduate,0,3200000,7600000,48,592,4700000,Approved
3776,4,Not Graduate,1,400000,1400000,120,665,200000,Approved
3777,1,Graduate,0,7800000,23900000,48,313,10900000,Approved
3778,0,Not Graduate,0,5800000,19600000,168,673,7200000,Approved
3779,0,Not Graduate,1,2600000,6000000,96,382,1600000,Rejected
3780,5,Not Graduate,0,5400000,21100000,144,661,5400000,Approved
3781,3,Graduate,1,600000,1700000,48,576,500000,Approved
3782,1,Graduate,0,600000,1200000,168,443,800000,Rejected
3783,5,Graduate,1,9500000,21700000,192,307,9700000,Rejected
3784,4,Graduate,1,1900000,4800000,144,656,1700000,Approved
3785,1,Graduate,1,9800000,21200000,48,885,10800000,Approved
3786,3,Graduate,0,7800000,16600000,240,896,5500000,Approved
3787,5,Not Graduate,0,4900000,14100000,24,802,2700000,Approved
3788,3,Graduate,1,8300000,22700000,24,650,5800000,Approved
3789,4,Not Graduate,1,3900000,8900000,120,665,5300000,Approved
3790,2,Graduate,0,9000000,35700000,144,339,9000000,Rejected
3791,1,Not Graduate,0,9600000,32400000,240,447,4700000,Rejected
3792,5,Not Graduate,1,1000000,2400000,216,613,600000,Approved
3793,5,Graduate,0,2800000,7200000,192,424,3200000,Rejected
3794,2,Not Graduate,0,8300000,20800000,72,667,6800000,Approved
3795,4,Not Graduate,1,6900000,18300000,216,715,7500000,Approved
3796,5,Not Graduate,1,3800000,9100000,216,654,3000000,Approved
3797,2,Not Graduate,0,8000000,17800000,240,549,10800000,Rejected
3798,4,Graduate,1,9800000,29700000,48,373,10000000,Approved
3799,0,Graduate,1,2900000,7200000,192,332,3600000,Rejected
3800,4,Graduate,0,7900000,31500000,240,534,6400000,Rejected
3801,3,Not Graduate,0,4600000,17900000,96,396,2600000,Rejected
3802,2,Graduate,0,1000000,3700000,216,892,500000,Approved
3803,5,Graduate,0,9000000,21300000,168,602,11000000,Approved
3804,0,Graduate,1,9400000,36100000,120,615,9100000,Approved
3805,5,Graduate,1,7400000,23300000,240,482,6800000,Rejected
3806,0,Graduate,0,6600000,20100000,192,397,8400000,Rejected
3807,0,Not Graduate,0,1300000,3400000,120,464,1400000,Rejected
3808,0,Graduate,1,1100000,3400000,168,832,1600000,Approved
3809,5,Graduate,0,9200000,34800000,144,802,12500000,Approved
3810,2,Graduate,0,7000000,23900000,216,628,7200000,Approved
3811,4,Graduate,0,5100000,18800000,120,694,4100000,Approved
3812,1,Not Graduate,1,3200000,9300000,240,741,2300000,Approved
3813,1,Not Graduate,1,3700000,10900000,168,748,4100000,Approved
3814,5,Graduate,0,3600000,12800000,48,320,2900000,Approved
3815,1,Graduate,0,5600000,11700000,120,774,6500000,Approved
3816,0,Not Graduate,1,9500000,32000000,24,500,5600000,Approved
3817,4,Not Graduate,0,1500000,4000000,216,706,1700000,Approved
3818,4,Not Graduate,0,7400000,18300000,120,601,6100000,Approved
3819,2,Graduate,0,6000000,17400000,192,806,3500000,Approved
3820,0,Graduate,1,3000000,9600000,72,644,3000000,Approved
3821,4,Graduate,1,6000000,12900000,168,723,4100000,Approved
3822,5,Graduate,1,600000,1500000,144,509,800000,Rejected
3823,0,Graduate,0,1800000,6600000,48,898,1400000,Approved
3824,2,Graduate,1,5500000,12000000,24,567,7000000,Approved
3825,1,Graduate,0,1000000,2100000,72,715,1100000,Approved
3826,2,Not Graduate,1,1700000,3500000,120,854,1700000,Approved
3827,1,Graduate,1,3400000,12300000,96,523,2600000,Rejected
3828,1,Graduate,1,9600000,35900000,96,534,5400000,Rejected
3829,0,Not Graduate,1,2600000,7600000,216,470,2900000,Rejected
3830,1,Graduate,0,1600000,3500000,216,619,1500000,Approved
3831,0,Graduate,1,4300000,12800000,240,572,6100000,Approved
3832,3,Graduate,0,1400000,3500000,192,365,1600000,Rejected
3833,0,Not Graduate,0,8000000,18000000,192,791,10600000,Approved
3834,4,Not Graduate,1,5000000,18100000,144,424,6100000,Rejected
3835,5,Graduate,0,4500000,10200000,144,726,4200000,Approved
3836,1,Graduate,0,3400000,9900000,24,736,4500000,Approved
3837,5,Graduate,1,5700000,12800000,168,488,5500000,Rejected
3838,2,Not Graduate,1,2600000,7600000,120,400,3200000,Rejected
3839,0,Graduate,1,4500000,12200000,240,311,2400000,Rejected
3840,2,Not Graduate,1,5100000,16800000,24,504,4400000,Approved
3841,4,Not Graduate,1,5100000,18600000,240,312,5500000,Rejected
3842,5,Graduate,1,1700000,6500000,168,587,1500000,Approved
3843,1,Not Graduate,0,5200000,10500000,240,317,5300000,Rejected
3844,4,Not Graduate,0,8400000,29000000,24,463,6700000,Approved
3845,1,Not Graduate,1,9000000,34000000,192,842,5800000,Approved
3846,4,Graduate,1,3400000,11800000,240,616,2900000,Approved
3847,1,Not Graduate,0,5400000,19400000,96,800,3000000,Approved
3848,0,Graduate,1,700000,2100000,144,813,500000,Approved
3849,2,Graduate,0,7600000,24800000,144,564,6700000,Approved
3850,2,Not Graduate,0,5000000,14700000,144,837,4800000,Approved
3851,5,Not Graduate,1,2500000,9400000,192,735,1700000,Approved
3852,4,Not Graduate,1,2000000,5200000,192,724,2800000,Approved
3853,5,Not Graduate,0,9000000,23900000,144,658,6100000,Approved
3854,5,Graduate,0,8300000,31800000,192,858,8500000,Approved
3855,0,Not Graduate,1,3100000,8500000,96,614,3300000,Approved
3856,2,Graduate,1,8500000,25600000,192,714,5700000,Approved
3857,2,Graduate,1,1200000,4600000,240,605,600000,Approved
3858,4,Graduate,1,2800000,5500000,96,875,3300000,Approved
3859,5,Graduate,1,2800000,10900000,72,359,3000000,Rejected
3860,5,Graduate,1,6500000,24100000,72,441,5200000,Rejected
3861,4,Graduate,0,8700000,25200000,216,790,8400000,Approved
3862,1,Not Graduate,1,5400000,13600000,48,821,5600000,Approved
3863,2,Not Graduate,0,8600000,33300000,192,375,11200000,Rejected
3864,3,Graduate,0,4700000,9600000,120,545,5300000,Rejected
3865,5,Not Graduate,1,1100000,3900000,48,891,900000,Approved
3866,0,Graduate,0,6400000,14000000,96,486,3700000,Rejected
3867,0,Graduate,0,4300000,9900000,48,696,2100000,Approved
3868,5,Not Graduate,1,2900000,11100000,48,683,3300000,Approved
3869,5,Not Graduate,0,9600000,27100000,96,594,13300000,Approved
3870,3,Not Graduate,1,900000,2500000,240,529,700000,Rejected
3871,5,Not Graduate,0,8100000,26300000,48,429,6900000,Approved
3872,0,Not Graduate,1,8800000,25000000,48,400,9400000,Rejected
3873,0,Graduate,0,8800000,17500000,48,848,5100000,Approved
3874,1,Not Graduate,0,6400000,21500000,72,489,8900000,Rejected
3875,2,Graduate,0,2900000,6600000,120,326,3400000,Rejected
3876,5,Graduate,0,1600000,6100000,96,663,1200000,Approved
3877,1,Not Graduate,0,1600000,5100000,216,729,900000,Approved
3878,2,Graduate,1,3100000,10700000,48,398,2000000,Approved
3879,2,Not Graduate,1,5600000,16700000,168,856,5200000,Approved
3880,3,Graduate,1,8100000,19900000,240,347,5500000,Rejected
3881,3,Not Graduate,0,9100000,19300000,144,696,13300000,Approved
3882,0,Graduate,1,5500000,17100000,96,353,5200000,Rejected
3883,1,Graduate,1,9700000,34300000,240,756,14100000,Approved
3884,4,Graduate,0,2300000,5400000,192,490,2100000,Rejected
3885,1,Not Graduate,1,5600000,18000000,120,531,8400000,Rejected
3886,2,Not Graduate,1,4500000,16600000,48,679,5000000,Approved
3887,1,Graduate,1,500000,1800000,96,877,600000,Approved
3888,0,Graduate,0,4200000,11000000,240,817,6100000,Approved
3889,1,Not Graduate,0,9100000,23300000,216,792,12400000,Approved
3890,4,Graduate,1,3200000,12800000,216,664,2100000,Approved
3891,4,Graduate,1,6200000,21300000,192,882,4100000,Approved
3892,3,Not Graduate,1,2500000,7700000,120,768,2600000,Approved
3893,0,Graduate,0,9100000,27100000,144,787,9500000,Approved
3894,3,Graduate,1,500000,900000,144,538,300000,Rejected
3895,4,Not Graduate,0,6900000,18000000,96,347,8700000,Rejected
3896,0,Graduate,1,1800000,5200000,192,317,1300000,Rejected
3897,0,Graduate,1,4000000,14500000,24,713,4700000,Approved
3898,1,Not Graduate,0,3900000,12300000,120,683,2400000,Approved
3899,2,Not Graduate,1,8000000,28100000,216,765,8200000,Approved
3900,5,Graduate,0,900000,3200000,120,803,800000,Approved
3901,0,Graduate,1,8200000,29700000,72,405,5700000,Rejected
3902,5,Graduate,0,2300000,4900000,48,529,2000000,Rejected
3903,5,Graduate,1,6900000,19400000,72,801,5500000,Approved
3904,3,Not Graduate,0,8800000,30700000,144,707,8000000,Approved
3905,1,Graduate,0,2600000,7200000,96,349,3000000,Rejected
3906,1,Graduate,0,3700000,8700000,240,885,2600000,Approved
3907,2,Graduate,1,6200000,23800000,48,489,3300000,Approved
3908,3,Graduate,1,1000000,2600000,72,341,1100000,Rejected
3909,1,Not Graduate,0,6000000,20000000,144,637,8600000,Approved
3910,1,Not Graduate,1,9100000,31400000,48,304,9600000,Approved
3911,1,Graduate,0,1700000,6700000,192,537,1100000,Rejected
3912,5,Not Graduate,1,1700000,4600000,144,503,1200000,Rejected
3913,1,Graduate,0,7100000,14300000,144,720,8400000,Approved
3914,5,Graduate,0,9400000,36800000,120,509,6300000,Rejected
3915,5,Not Graduate,0,6200000,16400000,72,360,6300000,Rejected
3916,1,Graduate,0,8300000,31800000,192,818,8500000,Approved
3917,1,Graduate,1,8900000,21200000,96,716,7900000,Approved
3918,1,Graduate,1,6500000,14800000,144,360,7300000,Rejected
3919,3,Graduate,1,8100000,26700000,120,895,9900000,Approved
3920,2,Not Graduate,0,4900000,13500000,96,328,3400000,Rejected
3921,4,Graduate,0,9100000,26600000,24,812,10400000,Approved
3922,3,Graduate,1,9000000,33100000,192,456,7100000,Rejected
3923,4,Graduate,1,1300000,3900000,192,566,1600000,Approved
3924,1,Not Graduate,0,6700000,25000000,240,598,7000000,Approved
3925,5,Not Graduate,0,3200000,9300000,72,656,4200000,Approved
3926,0,Not Graduate,0,7500000,28700000,24,895,7200000,Approved
3927,3,Graduate,0,4900000,12800000,168,653,7200000,Approved
3928,1,Not Graduate,1,700000,1800000,192,641,900000,Approved
3929,2,Graduate,0,6400000,16500000,96,544,5400000,Rejected
3930,0,Not Graduate,1,3900000,14100000,240,811,5300000,Approved
3931,4,Graduate,0,9700000,26900000,120,460,9300000,Rejected
3932,5,Graduate,1,3600000,12500000,144,795,4800000,Approved
3933,2,Graduate,1,3400000,10300000,48,745,3900000,Approved
3934,0,Not Graduate,0,9800000,20100000,192,606,8700000,Approved
3935,1,Not Graduate,0,5100000,14200000,72,451,5600000,Rejected
3936,4,Graduate,1,5900000,11800000,96,479,3900000,Rejected
3937,5,Graduate,0,1200000,2400000,168,495,1300000,Rejected
3938,2,Not Graduate,0,9700000,30200000,168,769,7500000,Approved
3939,5,Not Graduate,1,4700000,11800000,48,639,5500000,Approved
3940,5,Graduate,0,4200000,12500000,216,723,6100000,Approved
3941,4,Graduate,0,9300000,26100000,192,623,10700000,Approved
3942,3,Not Graduate,1,5300000,20800000,72,487,4200000,Rejected
3943,0,Graduate,0,7600000,30100000,24,743,9600000,Approved
3944,2,Graduate,0,6200000,16900000,144,754,7900000,Approved
3945,0,Graduate,0,8900000,21600000,120,552,11900000,Approved
3946,4,Not Graduate,1,7900000,27300000,120,560,10900000,Approved
3947,1,Graduate,1,3500000,10800000,168,632,4200000,Approved
3948,2,Graduate,0,5300000,16700000,216,339,4100000,Rejected
3949,2,Not Graduate,0,1400000,3100000,48,881,1100000,Approved
3950,1,Not Graduate,1,9100000,23600000,240,535,4500000,Rejected
3951,4,Not Graduate,0,4400000,17200000,48,563,2900000,Approved
3952,5,Not Graduate,0,2800000,8200000,168,615,2700000,Approved
3953,3,Not Graduate,0,1300000,3300000,96,795,1600000,Approved
3954,4,Graduate,0,8400000,28700000,168,878,8600000,Approved
3955,5,Graduate,1,5300000,14000000,72,633,6100000,Approved
3956,2,Graduate,0,6000000,13900000,48,533,4100000,Rejected
3957,2,Not Graduate,1,2100000,6800000,144,795,2400000,Approved
3958,0,Not Graduate,0,4300000,11000000,48,374,4700000,Rejected
3959,4,Not Graduate,1,7300000,22900000,144,848,4100000,Approved
3960,2,Graduate,0,5200000,16200000,144,890,3900000,Approved
3961,3,Graduate,0,4700000,9800000,168,444,3800000,Rejected
3962,4,Graduate,0,7800000,28500000,48,803,9800000,Approved
3963,3,Graduate,1,500000,1900000,216,618,400000,Approved
3964,1,Not Graduate,1,6000000,20300000,168,845,8700000,Approved
3965,4,Graduate,0,4800000,10800000,144,833,7100000,Approved
3966,3,Graduate,1,8900000,19300000,144,767,7700000,Approved
3967,1,Graduate,1,1800000,4000000,192,747,900000,Approved
3968,2,Graduate,0,3000000,7000000,48,588,3400000,Approved
3969,4,Not Graduate,0,7700000,24500000,240,582,6500000,Approved
3970,1,Not Graduate,0,8300000,20400000,168,348,4700000,Rejected
3971,4,Not Graduate,0,4200000,9400000,48,726,5500000,Approved
3972,4,Graduate,1,8000000,31200000,72,482,5700000,Rejected
3973,2,Graduate,1,9400000,30000000,192,565,9000000,Approved
3974,1,Graduate,0,800000,2400000,192,872,900000,Approved
3975,0,Graduate,1,500000,1300000,48,825,200000,Approved
3976,2,Graduate,1,6100000,22300000,96,694,7200000,Approved
3977,3,Graduate,1,8500000,30800000,240,448,7900000,Rejected
3978,5,Graduate,1,7600000,18000000,144,452,4700000,Rejected
3979,3,Not Graduate,0,8700000,17900000,144,897,12500000,Approved
3980,4,Not Graduate,0,9400000,20200000,120,803,4800000,Approved
3981,1,Not Graduate,1,400000,900000,96,828,300000,Approved
3982,0,Graduate,0,2700000,7500000,72,832,2500000,Approved
3983,1,Not Graduate,1,2300000,5500000,72,861,1700000,Approved
3984,0,Graduate,0,7500000,15900000,24,535,4500000,Rejected
3985,4,Not Graduate,1,7100000,19400000,192,363,4000000,Rejected
3986,1,Not Graduate,1,8800000,28600000,96,631,7700000,Approved
3987,2,Not Graduate,0,8400000,20700000,72,513,7900000,Rejected
3988,0,Graduate,1,4700000,16200000,192,317,2500000,Rejected
3989,1,Graduate,0,6900000,19500000,24,809,9300000,Approved
3990,3,Not Graduate,0,2400000,8200000,120,531,2000000,Rejected
3991,1,Not Graduate,1,1600000,4800000,168,544,1200000,Rejected
3992,0,Graduate,0,3500000,7800000,168,366,4900000,Rejected
3993,0,Not Graduate,0,3700000,12700000,168,797,3700000,Approved
3994,1,Not Graduate,0,3200000,12000000,192,597,2200000,Approved
3995,2,Not Graduate,1,7000000,22500000,144,632,4900000,Approved
3996,5,Not Graduate,0,9300000,28300000,144,741,5200000,Approved
3997,0,Not Graduate,0,200000,800000,240,331,100000,Rejected
3998,4,Graduate,0,6900000,16500000,96,426,9000000,Rejected
3999,3,Not Graduate,0,9000000,26500000,96,533,6000000,Rejected
4000,1,Not Graduate,0,6900000,22700000,192,394,8700000,Rejected
4001,0,Graduate,0,7500000,25100000,168,877,10700000,Approved
4002,5,Not Graduate,0,9200000,28000000,96,527,6400000,Rejected
4003,1,Graduate,0,4600000,12700000,96,468,3900000,Rejected
4004,4,Graduate,1,5000000,19600000,216,611,4600000,Approved
4005,2,Graduate,0,4500000,17200000,72,832,6700000,Approved
4006,0,Graduate,0,7900000,22700000,216,508,8900000,Rejected
4007,5,Not Graduate,0,5100000,13500000,240,840,4500000,Approved
4008,4,Graduate,0,3700000,7600000,168,794,4500000,Approved
4009,1,Not Graduate,0,5300000,17800000,144,889,6800000,Approved
4010,4,Not Graduate,0,200000,500000,192,765,100000,Approved
4011,3,Graduate,1,9000000,18600000,192,518,10300000,Rejected
4012,3,Not Graduate,0,6900000,17100000,48,694,6000000,Approved
4013,2,Not Graduate,0,700000,2300000,96,663,1000000,Approved
4014,0,Graduate,0,2500000,8900000,24,662,3000000,Approved
4015,0,Not Graduate,0,4600000,14400000,168,642,4800000,Approved
4016,4,Graduate,0,1000000,3900000,120,701,900000,Approved
4017,4,Not Graduate,1,9200000,30100000,72,632,6200000,Approved
4018,3,Graduate,1,2200000,4400000,24,861,2300000,Approved
4019,4,Graduate,1,9700000,33300000,144,784,6500000,Approved
4020,0,Graduate,1,5500000,18200000,48,332,5600000,Approved
4021,4,Not Graduate,1,1300000,3400000,24,763,1400000,Approved
4022,1,Not Graduate,1,7900000,19100000,24,593,7800000,Approved
4023,2,Not Graduate,0,4300000,8800000,72,512,2700000,Rejected
4024,0,Not Graduate,0,3800000,13300000,72,655,2600000,Approved
4025,3,Not Graduate,0,8700000,24700000,96,369,4800000,Rejected
4026,3,Graduate,0,1300000,3100000,168,348,600000,Rejected
4027,1,Not Graduate,1,6800000,16800000,120,736,5600000,Approved
4028,1,Not Graduate,0,9100000,24000000,240,353,10900000,Rejected
4029,0,Graduate,0,3000000,11300000,192,478,2000000,Rejected
4030,0,Not Graduate,1,1200000,3000000,48,827,1500000,Approved
4031,1,Not Graduate,1,5000000,16900000,144,517,5400000,Rejected
4032,5,Graduate,1,9700000,24700000,216,648,6800000,Approved
4033,2,Not Graduate,1,7000000,23800000,120,689,7800000,Approved
4034,1,Graduate,0,4100000,9100000,240,550,4800000,Approved
4035,0,Graduate,1,5300000,12900000,240,826,5200000,Approved
4036,1,Not Graduate,0,7300000,19200000,168,599,3700000,Approved
4037,1,Graduate,0,6500000,18500000,192,815,4000000,Approved
4038,4,Graduate,1,600000,1400000,48,761,300000,Approved
4039,3,Not Graduate,1,5200000,15000000,240,432,5100000,Rejected
4040,4,Not Graduate,1,2800000,9200000,216,442,1300000,Rejected
4041,1,Graduate,1,7800000,23300000,72,620,7600000,Approved
4042,2,Graduate,0,3000000,6500000,48,476,1500000,Rejected
4043,4,Graduate,0,9300000,34900000,72,837,8500000,Approved
4044,3,Not Graduate,1,5100000,18000000,72,510,7600000,Rejected
4045,4,Not Graduate,1,4300000,16100000,216,849,6400000,Approved
4046,3,Graduate,0,1100000,2100000,96,737,900000,Approved
4047,2,Graduate,0,6500000,16200000,120,809,8600000,Approved
4048,3,Not Graduate,0,6400000,23000000,96,520,3800000,Rejected
4049,2,Not Graduate,0,7400000,22500000,192,834,6000000,Approved
4050,4,Graduate,0,8700000,32100000,96,397,4800000,Rejected
4051,0,Not Graduate,0,9200000,24700000,168,438,10700000,Rejected
4052,1,Graduate,1,6200000,19700000,216,820,4700000,Approved
4053,1,Not Graduate,0,1200000,4600000,240,323,1400000,Rejected
4054,1,Not Graduate,1,7000000,20300000,168,837,5500000,Approved
4055,5,Graduate,1,3800000,10100000,24,571,3300000,Approved
4056,0,Graduate,0,4900000,16300000,168,479,2700000,Rejected
4057,2,Graduate,1,7800000,22100000,72,533,10800000,Rejected
4058,1,Not Graduate,1,7400000,17200000,96,899,4900000,Approved
4059,1,Not Graduate,0,7000000,26600000,192,460,4600000,Rejected
4060,1,Not Graduate,0,4900000,12500000,24,636,5000000,Approved
4061,3,Not Graduate,0,5800000,20600000,240,434,7000000,Rejected
4062,5,Not Graduate,0,2000000,6900000,216,516,1600000,Rejected
4063,4,Graduate,0,8300000,24600000,24,382,6600000,Rejected
4064,0,Graduate,1,1000000,2800000,144,616,700000,Approved
4065,3,Graduate,0,5500000,11600000,72,745,5400000,Approved
4066,5,Graduate,0,1400000,3400000,72,697,1600000,Approved
4067,4,Graduate,0,3700000,12300000,72,364,4400000,Rejected
4068,2,Not Graduate,1,2100000,6900000,24,566,1000000,Approved
4069,4,Not Graduate,0,6200000,21900000,144,462,8300000,Rejected
4070,0,Not Graduate,0,9300000,31900000,24,331,8000000,Approved
4071,3,Not Graduate,1,5100000,10300000,144,839,7500000,Approved
4072,0,Graduate,1,7000000,14000000,48,702,7600000,Approved
4073,3,Graduate,1,5300000,17900000,24,580,3600000,Approved
4074,3,Graduate,0,900000,2800000,120,560,1300000,Approved
4075,4,Not Graduate,1,9400000,25700000,168,845,12200000,Approved
4076,4,Not Graduate,1,2600000,8500000,48,392,2900000,Approved
4077,2,Graduate,0,1500000,4900000,192,387,1300000,Rejected
4078,1,Graduate,1,1800000,6300000,144,749,2700000,Approved
4079,3,Graduate,1,7800000,20000000,168,727,8600000,Approved
4080,3,Graduate,1,2100000,7400000,168,656,2800000,Approved
4081,0,Not Graduate,1,8300000,17500000,240,643,5100000,Approved
4082,2,Not Graduate,1,4400000,16800000,48,307,5800000,Approved
4083,2,Not Graduate,0,2300000,5000000,192,588,1500000,Approved
4084,3,Graduate,1,7700000,22300000,240,895,9100000,Approved
4085,0,Not Graduate,1,9300000,29400000,120,351,6100000,Rejected
4086,5,Not Graduate,0,5900000,16400000,144,891,4700000,Approved
4087,5,Not Graduate,1,1900000,4900000,48,442,900000,Rejected
4088,0,Not Graduate,0,6900000,19500000,240,686,6200000,Approved
4089,4,Graduate,1,2100000,8200000,240,432,1000000,Rejected
4090,0,Not Graduate,0,8200000,20900000,168,766,12100000,Approved
4091,4,Not Graduate,0,7700000,17200000,72,561,6800000,Approved
4092,5,Not Graduate,0,7700000,19000000,24,539,4100000,Rejected
4093,1,Graduate,0,700000,1400000,72,759,700000,Approved
4094,5,Graduate,0,7100000,18200000,96,750,5300000,Approved
4095,2,Graduate,0,3900000,13600000,120,373,3600000,Rejected
4096,1,Not Graduate,1,5200000,20500000,120,407,3800000,Rejected
4097,4,Not Graduate,0,5500000,20200000,168,611,7200000,Approved
4098,3,Graduate,0,2600000,6300000,120,783,2600000,Approved
4099,0,Not Graduate,1,7300000,24000000,216,651,4500000,Approved
4100,3,Graduate,0,8700000,31100000,192,760,4800000,Rejected
4101,3,Graduate,0,9000000,22700000,192,793,7000000,Approved
4102,4,Graduate,0,400000,800000,192,685,600000,Approved
4103,2,Not Graduate,1,3300000,10700000,96,806,4900000,Approved
4104,1,Not Graduate,0,6300000,17800000,144,770,3200000,Approved
4105,0,Not Graduate,0,7000000,23600000,168,663,7200000,Approved
4106,2,Graduate,1,2100000,8100000,48,592,2700000,Approved
4107,3,Not Graduate,0,7600000,26300000,216,580,5100000,Approved
4108,1,Graduate,0,8200000,17500000,48,609,7700000,Approved
4109,3,Not Graduate,1,9200000,23200000,96,380,6100000,Rejected
4110,3,Graduate,0,3800000,12100000,240,364,3000000,Rejected
4111,1,Graduate,0,3200000,8900000,144,866,2400000,Approved
4112,4,Not Graduate,0,9700000,31700000,120,342,12000000,Rejected
4113,5,Graduate,0,4700000,14400000,192,884,3800000,Approved
4114,4,Graduate,1,3800000,12500000,216,859,2700000,Approved
4115,4,Graduate,0,400000,1000000,240,692,200000,Approved
4116,4,Not Graduate,1,3200000,6800000,192,675,4000000,Approved
4117,5,Graduate,1,3900000,12700000,96,886,5400000,Approved
4118,1,Graduate,1,3500000,13100000,120,477,3100000,Rejected
4119,2,Graduate,0,2200000,8300000,72,596,1800000,Approved
4120,4,Not Graduate,0,6400000,19700000,240,400,6200000,Rejected
4121,3,Graduate,0,9100000,19900000,24,711,13000000,Approved
4122,0,Not Graduate,1,3300000,8900000,24,418,3700000,Rejected
4123,3,Graduate,0,7800000,21800000,96,517,9100000,Rejected
4124,0,Not Graduate,1,6200000,16200000,72,508,3600000,Rejected
4125,3,Not Graduate,1,7000000,26100000,216,689,5900000,Approved
4126,0,Graduate,0,9200000,28200000,144,455,5900000,Rejected
4127,5,Not Graduate,1,7500000,20800000,72,617,8200000,Approved
4128,2,Graduate,0,5300000,13200000,120,500,2900000,Rejected
4129,5,Not Graduate,1,6800000,22800000,168,382,5800000,Rejected
4130,1,Not Graduate,0,7900000,20800000,216,538,10600000,Rejected
4131,0,Not Graduate,1,6200000,14900000,96,855,8200000,Approved
4132,1,Graduate,0,1000000,3000000,216,614,700000,Approved
4133,2,Graduate,1,7800000,25400000,120,513,9800000,Rejected
4134,5,Graduate,1,3000000,8800000,168,402,4200000,Rejected
4135,5,Graduate,1,5700000,15000000,240,819,3400000,Approved
4136,4,Not Graduate,0,6600000,25400000,144,622,7500000,Approved
4137,4,Graduate,1,7100000,18200000,48,790,9600000,Approved
4138,3,Graduate,1,1300000,4800000,168,808,1500000,Approved
4139,2,Not Graduate,0,5200000,16800000,216,369,6800000,Rejected
4140,3,Graduate,0,5600000,20300000,48,330,4200000,Approved
4141,2,Graduate,0,7100000,16500000,168,857,8200000,Approved
4142,2,Graduate,0,5100000,19100000,96,457,7600000,Rejected
4143,3,Not Graduate,1,7600000,29300000,96,843,11200000,Approved
4144,0,Graduate,1,2500000,5400000,72,463,1800000,Rejected
4145,3,Graduate,0,6900000,22800000,192,582,4400000,Approved
4146,0,Graduate,0,3100000,6500000,24,391,2400000,Rejected
4147,2,Graduate,1,9700000,35100000,240,612,6500000,Approved
4148,0,Not Graduate,1,5800000,12600000,24,859,4500000,Approved
4149,4,Not Graduate,0,7600000,18600000,216,779,10000000,Approved
4150,5,Not Graduate,0,700000,2800000,24,561,800000,Approved
4151,3,Graduate,0,2300000,5600000,216,420,2100000,Rejected
4152,3,Not Graduate,0,1600000,3300000,96,609,800000,Approved
4153,4,Not Graduate,0,8100000,19300000,168,821,8300000,Approved
4154,1,Graduate,0,7700000,17100000,168,603,7100000,Approved
4155,4,Graduate,0,1500000,3400000,120,778,2200000,Approved
4156,3,Not Graduate,0,7400000,23500000,24,460,9200000,Approved
4157,4,Not Graduate,1,8900000,27100000,216,363,12700000,Rejected
4158,0,Graduate,0,2400000,5300000,192,482,2600000,Rejected
4159,5,Graduate,0,5600000,20300000,48,772,7600000,Approved
4160,4,Graduate,0,5900000,14400000,72,745,3000000,Approved
4161,1,Graduate,0,1600000,3300000,24,513,2200000,Rejected
4162,5,Not Graduate,0,1100000,4000000,24,362,1100000,Approved
4163,2,Graduate,1,6600000,25600000,72,740,9200000,Approved
4164,3,Graduate,0,8900000,24400000,120,774,7300000,Approved
4165,1,Graduate,1,6400000,16400000,240,555,7400000,Approved
4166,4,Not Graduate,1,8200000,17300000,144,588,4800000,Approved
4167,1,Graduate,0,500000,1300000,168,619,500000,Approved
4168,0,Graduate,0,9700000,31600000,216,607,7500000,Approved
4169,3,Not Graduate,1,7100000,16700000,48,435,6200000,Rejected
4170,4,Not Graduate,1,1400000,3400000,168,835,2100000,Approved
4171,1,Not Graduate,0,7200000,28100000,168,767,4000000,Approved
4172,1,Graduate,1,8400000,26200000,168,643,6900000,Approved
4173,4,Not Graduate,0,4300000,13900000,24,894,3300000,Approved
4174,0,Not Graduate,1,8800000,29800000,96,343,12200000,Rejected
4175,4,Not Graduate,0,4000000,15100000,96,800,4400000,Approved
4176,3,Not Graduate,1,6900000,17900000,216,494,8700000,Rejected
4177,4,Graduate,0,9600000,33000000,168,336,4900000,Rejected
4178,2,Not Graduate,0,6900000,16500000,192,785,3600000,Approved
4179,1,Not Graduate,1,3600000,13400000,192,732,3300000,Approved
4180,2,Not Graduate,0,1900000,4600000,144,587,1100000,Approved
4181,3,Not Graduate,1,9700000,30800000,216,471,10400000,Rejected
4182,2,Not Graduate,0,1200000,4100000,96,497,1300000,Rejected
4183,1,Not Graduate,0,400000,1600000,192,784,100000,Approved
4184,2,Graduate,0,6600000,21500000,216,471,4800000,Rejected
4185,2,Graduate,0,1500000,3300000,48,763,700000,Approved
4186,4,Not Graduate,0,3500000,9500000,24,655,3100000,Approved
4187,3,Not Graduate,1,4000000,8600000,48,667,3500000,Approved
4188,3,Not Graduate,0,4100000,14100000,96,367,5300000,Rejected
4189,4,Graduate,0,5800000,18500000,192,436,6500000,Rejected
4190,4,Graduate,1,8600000,23300000,144,785,4500000,Approved
4191,2,Graduate,0,4500000,11400000,120,388,2900000,Rejected
4192,2,Graduate,1,9900000,37300000,96,385,14200000,Rejected
4193,1,Not Graduate,1,3200000,8100000,120,670,1900000,Approved
4194,5,Graduate,1,8900000,19100000,240,329,10000000,Rejected
4195,5,Not Graduate,1,2100000,4900000,144,651,1800000,Approved
4196,1,Graduate,0,7100000,26000000,192,727,8900000,Approved
4197,2,Graduate,1,7800000,28900000,168,646,11000000,Approved
4198,3,Not Graduate,1,8600000,23200000,144,894,4500000,Approved
4199,3,Graduate,1,5100000,17000000,120,477,6300000,Rejected
4200,5,Not Graduate,0,600000,2000000,240,811,600000,Approved
4201,0,Graduate,1,6600000,21200000,216,377,9500000,Rejected
4202,0,Not Graduate,1,4700000,17000000,216,802,2700000,Approved
4203,2,Graduate,1,7700000,19700000,168,885,8000000,Approved
4204,4,Graduate,1,6400000,21900000,72,437,4100000,Rejected
4205,2,Graduate,0,1100000,2500000,240,615,1300000,Approved
4206,2,Not Graduate,0,8900000,17800000,240,603,13100000,Approved
4207,0,Not Graduate,1,2100000,8300000,240,765,2100000,Approved
4208,4,Not Graduate,1,2300000,5800000,96,469,2400000,Rejected
4209,3,Graduate,0,8300000,17700000,192,848,5900000,Approved
4210,4,Graduate,0,900000,2700000,240,327,1200000,Rejected
4211,3,Not Graduate,1,9200000,35000000,48,716,11400000,Approved
4212,3,Graduate,0,9800000,28300000,24,715,9200000,Approved
4213,0,Not Graduate,0,200000,600000,144,683,0,Approved
4214,2,Not Graduate,1,3200000,9700000,72,737,2600000,Approved
4215,5,Not Graduate,0,7800000,27000000,72,728,7400000,Approved
4216,1,Graduate,0,8300000,30000000,216,350,9400000,Rejected
4217,1,Graduate,1,2100000,5200000,168,802,2500000,Approved
4218,5,Not Graduate,1,400000,1400000,48,483,100000,Approved
4219,3,Graduate,1,7700000,21800000,216,684,5500000,Approved
4220,4,Graduate,1,5600000,16500000,240,692,7400000,Approved
4221,0,Graduate,0,8400000,31000000,48,783,6900000,Approved
4222,3,Graduate,1,1300000,4300000,216,412,1200000,Rejected
4223,0,Not Graduate,0,8700000,30200000,120,447,6100000,Rejected
4224,0,Not Graduate,0,2700000,8400000,168,610,2800000,Approved
4225,5,Graduate,1,800000,1800000,96,881,400000,Approved
4226,5,Graduate,1,3800000,10300000,192,606,2700000,Approved
4227,5,Graduate,1,700000,2600000,24,869,500000,Approved
4228,4,Graduate,1,400000,1400000,24,496,400000,Approved
4229,1,Graduate,1,3200000,9300000,72,483,3600000,Rejected
4230,3,Graduate,0,7500000,22200000,96,741,11000000,Approved
4231,2,Not Graduate,0,3700000,13500000,48,820,5300000,Approved
4232,5,Graduate,0,3300000,9100000,216,697,2600000,Approved
4233,1,Graduate,1,200000,500000,240,713,100000,Approved
4234,1,Not Graduate,0,7100000,17000000,72,754,6800000,Approved
4235,3,Not Graduate,1,1500000,5100000,168,837,1400000,Approved
4236,0,Not Graduate,0,3000000,6500000,24,691,2500000,Approved
4237,3,Graduate,1,1900000,5300000,144,436,2600000,Rejected
4238,0,Not Graduate,0,9100000,30100000,96,322,5900000,Rejected
4239,0,Not Graduate,0,2200000,7500000,24,333,1500000,Approved
4240,0,Not Graduate,1,8400000,23000000,168,455,9400000,Rejected
4241,1,Graduate,1,400000,700000,120,787,500000,Approved
4242,2,Graduate,1,5600000,15800000,192,748,6300000,Approved
4243,5,Not Graduate,1,8200000,27100000,48,643,4100000,Approved
4244,0,Not Graduate,1,1600000,3400000,96,867,1300000,Approved
4245,3,Not Graduate,0,1800000,5600000,240,860,900000,Approved
4246,5,Not Graduate,1,6500000,23900000,24,507,8000000,Approved
4247,1,Graduate,1,3100000,11500000,48,871,3600000,Approved
4248,3,Not Graduate,0,3100000,9800000,144,820,4400000,Approved
4249,4,Graduate,1,5300000,14500000,48,352,3500000,Rejected
4250,4,Graduate,0,1100000,4000000,168,887,1600000,Approved
4251,1,Graduate,1,6000000,13400000,144,731,6900000,Approved
4252,0,Graduate,1,6100000,14600000,216,645,4600000,Approved
4253,3,Not Graduate,0,4100000,14100000,120,300,2200000,Rejected
4254,5,Graduate,1,7000000,26200000,144,896,5700000,Approved
4255,0,Not Graduate,1,8900000,27700000,72,372,6100000,Rejected
4256,4,Graduate,0,4800000,12000000,72,441,3200000,Rejected
4257,3,Graduate,1,7400000,18300000,48,348,9800000,Rejected
4258,0,Graduate,0,9700000,27500000,216,343,8200000,Rejected
4259,5,Graduate,1,9700000,22600000,192,346,13000000,Rejected
4260,0,Not Graduate,1,4500000,11500000,168,509,5900000,Rejected
4261,5,Graduate,0,8800000,29300000,120,560,9900000,Approved
4262,3,Graduate,1,3000000,7500000,72,881,2300000,Approved
4263,5,Graduate,0,1300000,3000000,240,540,1900000,Rejected
4264,3,Graduate,0,5000000,12700000,168,865,6300000,Approved
4265,5,Graduate,1,1000000,2300000,144,317,800000,Rejected
4266,0,Not Graduate,1,3300000,11300000,240,559,1900000,Approved
4267,2,Not Graduate,0,6500000,23900000,216,457,7300000,Rejected
4268,1,Not Graduate,0,4100000,12800000,96,780,5800000,Approved
4269,1,Graduate,0,9200000,29700000,120,607,12000000,Approved
