no_of_dependents,education,self_employed,income_annum,loan_amount,loan_term,cibil_score,residential_assets_value,commercial_assets_value,luxury_assets_value,bank_asset_value,loan_status,total_assets,loan_to_income,loan_to_asset
2,Graduate,0,9600000,29900000,12,778,2400000,17600000,22700000,8000000,Approved,50700000,3.114583008897603,0.5897435781115665
0,0t Graduate,1,4100000,12200000,8,417,2700000,2200000,8800000,3300000,Rejected,17000000,2.975609030339261,0.717647016608999
3,Graduate,0,9100000,29700000,20,506,7100000,4500000,33300000,12800000,Rejected,57700000,3.2637359050839665,0.5147313602299591
3,Graduate,0,8200000,30700000,8,467,18200000,3300000,23300000,7900000,Rejected,52700000,3.7439019824509776,0.5825426834432128
5,0t Graduate,1,9800000,24200000,20,382,12400000,8200000,29400000,5000000,Rejected,55000000,2.4693875031237242,0.4399999920000002
0,Graduate,1,4800000,13500000,10,319,6800000,8300000,13700000,5100000,Rejected,33900000,2.8124994140626223,0.3982300767483753
5,Graduate,0,8700000,33000000,4,678,22500000,14800000,29200000,4300000,Approved,70800000,3.79310301228701,0.4661016883318971
2,Graduate,1,5700000,15000000,20,382,13200000,5700000,11800000,6000000,Rejected,36700000,2.631578485687985,0.4087193349122797
0,Graduate,1,800000,2200000,20,782,1300000,800000,2800000,600000,Approved,5500000,2.749996562504297,0.3999999272727405
5,0t Graduate,0,1100000,4300000,10,388,3200000,1400000,3300000,1600000,Rejected,9500000,3.9090873553751315,0.45263153130194406
4,Graduate,1,2900000,11200000,2,547,8100000,4700000,9500000,3100000,Approved,25400000,3.8620676337697812,0.44094486452972975
2,0t Graduate,1,6700000,22700000,18,538,15300000,5800000,20400000,6400000,Rejected,47900000,3.3880591958120605,0.47390395670346647
3,0t Graduate,1,5000000,11600000,16,311,6400000,9600000,14600000,4300000,Rejected,34900000,2.319999536000093,0.3323782139719709
2,Graduate,1,9100000,31500000,14,679,10800000,16600000,20900000,5000000,Approved,53300000,3.461538081149661,0.590994360394102
1,0t Graduate,0,1900000,7400000,6,469,1900000,1200000,5900000,1900000,Rejected,10900000,3.8947347922448463,0.6788990202844936
5,0t Graduate,0,4700000,10700000,10,794,5700000,3900000,16400000,4400000,Approved,30400000,2.2765952602988806,0.351973672632445
2,Graduate,1,500000,1600000,4,663,1300000,100000,1300000,700000,Approved,3400000,3.1999936000128,0.47058809688585385
4,0t Graduate,1,2900000,9400000,14,780,2900000,2800000,6700000,4300000,Approved,16700000,3.2413781926282095,0.562874217791963
2,Graduate,0,2700000,10300000,10,736,1000000,0,6200000,3300000,Approved,10500000,3.8148134019209623,0.9809522875283536
5,Graduate,0,6300000,14600000,12,652,10300000,3500000,23500000,5900000,Approved,43200000,2.317459949609532,0.3379629551397464
2,Graduate,0,5000000,19400000,12,315,9500000,1600000,18000000,6100000,Rejected,35200000,3.879999224000155,0.5511363479790811
4,Graduate,0,5800000,14000000,16,530,3800000,11300000,22200000,5400000,Rejected,42700000,2.4137926872771227,0.32786884478058914
4,Graduate,1,6500000,25700000,18,311,13100000,1700000,19500000,8500000,Rejected,42800000,3.9538455455622237,0.6004672756900169
0,0t Graduate,1,500000,1400000,2,551,900000,600000,1100000,300000,Approved,2900000,2.7999944000112,0.48275845422122265
0,0t Graduate,0,4900000,9800000,16,324,3800000,8700000,10000000,3300000,Rejected,25800000,1.999999591836818,0.3798449465176377
5,0t Graduate,0,3100000,9500000,20,514,7900000,3100000,6600000,2600000,Rejected,20200000,3.0645151404789868,0.4702970064209403
4,Graduate,0,8200000,28100000,12,696,11500000,10600000,25300000,7200000,Approved,54600000,3.4268288503867255,0.5146520052261537
4,0t Graduate,1,2400000,5600000,4,662,4500000,4200000,5400000,2500000,Approved,16600000,2.333332361111516,0.3373493772681098
5,0t Graduate,1,7000000,24000000,6,336,2300000,11900000,27500000,9700000,Rejected,51400000,3.42857093877558,0.46692606095474587
3,0t Graduate,1,9000000,31500000,10,850,21800000,12400000,33700000,8000000,Approved,75900000,3.4999996111111544,0.41501975737786884
2,0t Graduate,0,9800000,25300000,12,313,20200000,5200000,25500000,9300000,Rejected,60200000,2.581632389629348,0.420265773749738
2,Graduate,0,5700000,12000000,6,363,3600000,7400000,21700000,4300000,Rejected,37000000,2.105262788550388,0.32432431555880226
1,0t Graduate,1,800000,1600000,10,436,700000,200000,2200000,1000000,Rejected,4100000,1.999997500003125,0.390243807257608
5,0t Graduate,1,8400000,22000000,2,830,3800000,3900000,19900000,5400000,Approved,33000000,2.619047307256273,0.6666666464646471
3,Graduate,0,4900000,11900000,8,612,9700000,1200000,19000000,5800000,Approved,35700000,2.4285709329447074,0.3333333239962654
2,Graduate,1,1700000,3400000,8,691,2700000,2800000,6000000,900000,Approved,12400000,1.9999988235301038,0.2741935262747156
3,0t Graduate,0,1600000,6200000,18,636,3400000,700000,5300000,1400000,Approved,10800000,3.874997578126514,0.5740740209190721
5,Graduate,1,8000000,27200000,6,348,6400000,300000,16700000,7100000,Rejected,30500000,3.399999575000053,0.8918032494490737
5,Graduate,0,3600000,7700000,16,830,7000000,1300000,10000000,2900000,Approved,21200000,2.1388882947532513,0.36320753003738065
3,0t Graduate,1,1500000,5100000,6,352,100000,200000,5600000,900000,Rejected,6800000,3.3999977333348443,0.7499998897058986
1,Graduate,0,7800000,18100000,2,712,8600000,11200000,21700000,9000000,Approved,50500000,2.320512523011215,0.35841583448681513
2,0t Graduate,0,9100000,24900000,16,822,22300000,12100000,31000000,5200000,Approved,70600000,2.7362634355754465,0.3526912131346854
3,Graduate,0,1400000,3400000,6,540,200000,1500000,3900000,800000,Rejected,6400000,2.42856969387879,0.5312499169922005
2,Graduate,1,800000,2300000,12,342,2200000,1300000,1800000,800000,Rejected,6100000,2.874996406254492,0.37704911851653794
5,Graduate,0,6500000,13400000,18,787,18200000,300000,16200000,5400000,Approved,40100000,2.061538144378747,0.334164580195397
4,Graduate,0,8000000,27800000,16,331,13000000,6300000,21400000,10900000,Rejected,51600000,3.4749995656250543,0.5387596794814016
3,0t Graduate,1,4200000,14600000,6,679,2400000,6900000,8700000,4900000,Approved,22900000,3.476189648526274,0.637554557312028
1,Graduate,1,4900000,19100000,14,677,5400000,9100000,17700000,6500000,Approved,38700000,3.8979583881717574,0.49354003892661397
3,0t Graduate,0,5500000,20500000,12,634,800000,8600000,18500000,8200000,Approved,36100000,3.7272720495869,0.5678670202806919
1,0t Graduate,1,9500000,19100000,16,662,100000,10500000,37700000,11700000,Approved,60000000,2.0105261041551468,0.31833332802777786
4,Graduate,0,7300000,25400000,16,502,500000,1800000,20500000,10500000,Rejected,33300000,3.479451578157318,0.7627627398569747
2,Graduate,0,8700000,24700000,10,435,6800000,3500000,21800000,11300000,Rejected,43400000,2.839080133439065,0.5691244108496679
5,0t Graduate,0,3800000,7600000,4,689,8700000,100000,9300000,3400000,Approved,21500000,1.999999473684349,0.3534883556517044
1,0t Graduate,1,8400000,23000000,12,657,15400000,14800000,31900000,8200000,Approved,70300000,2.738094912131558,0.3271692698837942
2,Graduate,1,5100000,19700000,20,590,7400000,9300000,19400000,3400000,Approved,39500000,3.8627443406383644,0.4987341645890085
5,0t Graduate,0,6700000,24500000,12,818,1200000,5600000,16300000,6200000,Approved,29300000,3.6567158721319593,0.836177445864251
2,0t Graduate,0,4300000,10600000,18,431,2100000,1500000,9300000,5200000,Rejected,18100000,2.465115705787045,0.5856353267604791
5,Graduate,1,9300000,30500000,18,841,19300000,10300000,34600000,8700000,Approved,72900000,3.279569539831232,0.41838133856815723
1,Graduate,0,7400000,18400000,20,421,18500000,9100000,17500000,4100000,Rejected,49200000,2.4864861504748443,0.373983732236103
4,0t Graduate,1,5500000,18200000,16,797,0,4900000,18600000,4800000,Approved,28300000,3.309090307438126,0.6431095179113244
2,0t Graduate,0,8500000,18900000,18,478,23800000,16300000,25900000,11400000,Rejected,77400000,2.223529150173041,0.24418604335676947
3,0t Graduate,1,9600000,30500000,18,669,4700000,1900000,26500000,9300000,Approved,42400000,3.1770830023871874,0.7193396056759527
5,0t Graduate,1,8800000,28900000,6,365,24400000,8600000,27400000,4700000,Rejected,65100000,3.2840905358988026,0.443932404855109
3,0t Graduate,1,3300000,7500000,20,586,1600000,5600000,10500000,2900000,Approved,20600000,2.2727265840222475,0.36407765222924016
4,Graduate,1,3900000,12300000,18,784,7600000,6900000,13100000,2800000,Approved,30400000,3.15384534516786,0.40460524984851154
1,Graduate,0,4100000,10300000,12,364,9500000,6100000,14900000,2800000,Rejected,33300000,2.5121945092208513,0.30930930002074175
3,0t Graduate,0,8300000,29100000,10,715,6100000,11900000,24100000,11900000,Approved,54000000,3.5060236739730515,0.5388888789094652
0,0t Graduate,1,2700000,10100000,20,693,200000,1700000,5900000,1400000,Rejected,9200000,3.74073935528172,1.0978259676276123
4,Graduate,0,5600000,12400000,4,777,5500000,3100000,11800000,5500000,Approved,25900000,2.2142853188776215,0.4787644602793645
0,Graduate,0,1900000,5000000,12,312,4000000,2800000,4900000,2400000,Rejected,14100000,2.6315775623275988,0.3546099039283756
4,0t Graduate,1,500000,1500000,20,340,100000,200000,1900000,600000,Rejected,2800000,2.999994000012,0.5357140943878235
5,Graduate,1,5300000,18600000,4,386,2700000,9700000,11900000,4200000,Approved,28500000,3.5094333001069247,0.6526315560480156
5,0t Graduate,0,7000000,18300000,4,418,18400000,11700000,21500000,7600000,Rejected,59200000,2.6142853408163798,0.3091216163999727
3,0t Graduate,1,5800000,16700000,16,735,3900000,9400000,12600000,5600000,Approved,31500000,2.8793098483948536,0.5301587133282948
2,0t Graduate,0,2600000,8400000,6,494,6500000,3800000,5600000,2000000,Rejected,17900000,3.2307679881661584,0.469273716800351
2,0t Graduate,0,1900000,6500000,18,671,600000,2500000,4800000,1100000,Approved,9000000,3.4210508310258785,0.7222221419753175
4,Graduate,0,5700000,14800000,16,697,14300000,7800000,12900000,6300000,Approved,41300000,2.5964907725454784,0.35835350221904355
0,Graduate,0,9000000,33500000,8,801,11600000,8900000,35400000,11100000,Approved,67000000,3.722221808642021,0.49999999253731353
2,0t Graduate,0,8500000,29400000,12,576,17600000,5600000,25200000,9000000,Approved,57400000,3.4588231224913972,0.5121951130279597
0,0t Graduate,0,700000,1400000,14,639,1900000,700000,2400000,900000,Approved,5900000,1.9999971428612244,0.2372880953748991
4,Graduate,0,3500000,8900000,4,470,1300000,2200000,12300000,2000000,Rejected,17800000,2.542856416326738,0.4999999719101139
0,0t Graduate,0,8800000,31200000,4,826,2900000,500000,33300000,8600000,Approved,45300000,3.545454142562029,0.6887417066502934
2,0t Graduate,1,9900000,21200000,16,363,25500000,11400000,26600000,6800000,Rejected,70300000,2.1414139251097044,0.3015647183276711
3,Graduate,0,3600000,8600000,20,613,9400000,300000,10300000,3300000,Approved,23300000,2.3888882253088264,0.36909869660520617
3,0t Graduate,1,3000000,8200000,16,713,5300000,5800000,11000000,3400000,Approved,25500000,2.7333324222225257,0.32156861484044647
2,Graduate,0,6800000,21200000,16,439,17100000,4700000,23300000,3600000,Rejected,48700000,3.117646600346088,0.4353182662152307
5,0t Graduate,1,1100000,3800000,18,387,1300000,1200000,3800000,1600000,Rejected,7900000,3.454542314052442,0.48101259734017754
1,0t Graduate,1,8700000,28300000,8,402,20400000,13600000,27900000,10200000,Rejected,72100000,3.2528731893249208,0.39251039677516786
4,Graduate,1,2000000,8000000,6,837,5100000,2600000,3900000,2900000,Approved,14500000,3.999998000001,0.5517240998810966
2,0t Graduate,0,9800000,37600000,10,641,24100000,0,23400000,7600000,Approved,55100000,3.836734302374051,0.6823956318984459
4,Graduate,0,5700000,21100000,18,489,500000,4300000,12500000,6000000,Rejected,23300000,3.701753736534432,0.905579360275564
4,Graduate,0,8800000,20700000,18,540,19200000,3200000,22400000,12700000,Rejected,57500000,2.3522724599690386,0.35999999373913055
4,Graduate,0,3800000,8900000,4,844,9100000,3500000,13100000,4700000,Approved,30400000,2.3421046468145668,0.2927631482643701
1,Graduate,0,1700000,6400000,10,452,900000,1100000,5600000,2100000,Rejected,9700000,3.764703667821372,0.6597937464130158
2,Graduate,0,1000000,2000000,10,366,1200000,400000,3200000,1300000,Rejected,6100000,1.999998000002,0.327868798710033
5,Graduate,0,300000,1100000,2,300,100000,500000,700000,400000,Approved,1700000,3.666654444485185,0.6470584429067983
2,Graduate,1,6600000,15000000,18,470,1200000,4800000,18200000,7000000,Rejected,31200000,2.272726928374708,0.48076921535996103
2,0t Graduate,0,8700000,25000000,20,861,14700000,8500000,23200000,7300000,Approved,53700000,2.87356288809622,0.4655493395614648
4,Graduate,0,9400000,29400000,12,562,25900000,15200000,36400000,7100000,Approved,84600000,3.1276592417383786,0.34751772638867934
0,Graduate,0,4400000,10800000,14,463,2400000,4800000,13800000,4700000,Rejected,25700000,2.4545448966943417,0.42023344668352347
4,0t Graduate,0,400000,900000,12,478,700000,100000,1200000,100000,Rejected,2100000,2.2499943750140625,0.4285712244898931
2,0t Graduate,1,300000,1100000,2,702,300000,200000,500000,200000,Approved,1200000,3.666654444485185,0.9166659027784143
2,0t Graduate,1,4300000,12900000,20,618,11400000,3600000,11400000,2400000,Approved,28800000,2.999999302325744,0.4479166511140052
4,Graduate,0,1600000,4500000,12,633,700000,1700000,4100000,1900000,Approved,8400000,2.8124982421885987,0.5357142219387832
5,0t Graduate,1,6200000,23600000,10,331,18500000,10300000,23800000,8700000,Rejected,61300000,3.8064509989595163,0.38499183711269436
3,0t Graduate,1,4200000,9700000,16,841,7800000,300000,16700000,5100000,Approved,29900000,2.309523259637319,0.3244147048690734
4,0t Graduate,1,9000000,18100000,12,764,600000,16500000,20800000,11600000,Approved,49500000,2.011110887654346,0.3656565582695645
0,Graduate,0,2700000,10600000,6,591,1300000,2700000,9900000,1800000,Approved,15700000,3.925924471879825,0.6751591926650196
1,Graduate,1,9700000,35900000,2,719,19600000,7600000,20400000,10900000,Approved,58500000,3.701030546285511,0.6136752031850392
2,Graduate,0,3300000,6800000,14,317,3400000,300000,11700000,3600000,Rejected,19000000,2.060605436180171,0.3578947180055412
0,0t Graduate,0,300000,1100000,8,778,800000,200000,900000,100000,Approved,2000000,3.666654444485185,0.5499997250001375
3,Graduate,1,7400000,18200000,14,302,5600000,3100000,17900000,5000000,Rejected,31600000,2.459459127100118,0.5759493488623624
5,0t Graduate,0,7100000,19700000,8,502,7300000,5600000,25300000,9800000,Rejected,48000000,2.7746474965285217,0.4104166581163196
5,0t Graduate,1,7300000,22100000,18,879,19500000,10600000,19300000,9800000,Approved,59200000,3.027396845562076,0.3733108045048851
1,0t Graduate,0,8400000,23400000,14,437,15400000,5800000,33400000,8100000,Rejected,62700000,2.785713954081672,0.3732057356745497
0,0t Graduate,1,3300000,10800000,12,797,600000,6000000,7700000,3300000,Approved,17600000,3.272726280992036,0.6136363287706631
4,0t Graduate,1,5800000,23200000,18,456,16100000,4200000,22600000,7500000,Rejected,50400000,3.9999993103449465,0.46031745118417755
0,0t Graduate,0,600000,1600000,6,647,1500000,600000,1500000,700000,Approved,4300000,2.6666622222296295,0.3720929367225729
0,0t Graduate,0,7200000,15800000,12,379,12700000,12200000,21500000,3600000,Rejected,50000000,2.1944441396605363,0.31599999368000015
1,0t Graduate,1,9100000,32900000,2,717,2200000,2000000,23600000,5900000,Approved,33700000,3.6153842180896465,0.9762610986272671
5,Graduate,0,900000,2300000,16,545,100000,200000,2700000,800000,Rejected,3800000,2.5555527160525378,0.6052629986150003
2,Graduate,0,800000,3200000,8,317,300000,1000000,2000000,900000,Rejected,4200000,3.99999500000625,0.7619045804989094
1,0t Graduate,0,8500000,32900000,10,570,5100000,6200000,20500000,5500000,Approved,37300000,3.8705877799308492,0.8820375098649461
0,0t Graduate,1,9000000,18700000,18,865,26800000,0,20900000,11300000,Approved,59000000,2.0777775469136057,0.31694914717035344
3,Graduate,0,7000000,19500000,14,719,12200000,10300000,18200000,10200000,Approved,50900000,2.785713887755159,0.3831041182101352
3,Graduate,0,200000,600000,16,821,400000,100000,500000,100000,Approved,1100000,2.9999850000749997,0.5454540495872277
4,0t Graduate,1,400000,800000,10,859,900000,500000,800000,200000,Approved,2400000,1.9999950000125,0.3333331944445023
3,0t Graduate,0,5100000,18200000,10,395,100000,8000000,15500000,6300000,Rejected,29900000,3.568626751249657,0.6086956318161996
2,0t Graduate,1,700000,2600000,12,429,1600000,1300000,2700000,800000,Rejected,6400000,3.7142804081708456,0.40624993652344743
3,Graduate,0,400000,1200000,12,861,200000,600000,1100000,200000,Approved,2100000,2.99999250001875,0.5714282993198575
0,0t Graduate,1,9500000,20800000,14,565,15100000,11900000,33900000,13400000,Approved,74300000,2.1894734537396365,0.279946160431411
5,Graduate,0,8800000,22600000,10,357,7900000,8600000,18200000,4900000,Rejected,39600000,2.5681815263430083,0.5707070562952764
3,0t Graduate,1,1800000,3600000,18,465,600000,500000,5400000,2600000,Rejected,9100000,1.9999988888895062,0.3956043521313899
4,0t Graduate,1,6800000,13900000,8,479,11700000,9100000,25700000,9600000,Rejected,56100000,2.0441173464533313,0.24777183159051994
3,0t Graduate,0,1500000,5500000,16,717,2100000,800000,4400000,1300000,Approved,8600000,3.6666642222238517,0.6395348093564175
3,Graduate,0,1600000,5500000,12,425,600000,800000,5400000,900000,Rejected,7700000,3.4374978515638426,0.7142856215213479
2,0t Graduate,0,4600000,16700000,2,786,200000,5900000,13900000,6100000,Approved,26100000,3.6304339933839147,0.6398467187798192
5,0t Graduate,1,2200000,6700000,6,382,4400000,1300000,8600000,1100000,Rejected,15400000,3.045453161157654,0.4350649068139671
3,0t Graduate,1,2900000,8500000,12,564,1000000,3100000,7500000,1800000,Approved,13400000,2.9310334720574236,0.6343283108710216
0,Graduate,0,200000,700000,8,501,500000,200000,700000,100000,Rejected,1500000,3.4999825000874996,0.46666635555576297
2,0t Graduate,1,2500000,9400000,10,727,6600000,4100000,9500000,3300000,Approved,23500000,3.7599984960006014,0.39999998297872413
4,0t Graduate,0,3600000,7500000,6,894,1100000,6500000,7400000,2800000,Approved,17800000,2.08333275462979,0.42134829093548926
0,Graduate,1,5500000,16700000,18,829,5500000,1300000,12800000,5900000,Approved,25500000,3.036363084297621,0.6549019351018849
4,0t Graduate,0,6600000,17400000,20,506,2600000,10000000,25900000,7200000,Rejected,45700000,2.636363236914661,0.38074397416315153
2,Graduate,1,8600000,32100000,6,802,9400000,16700000,24500000,9800000,Approved,60400000,3.732557705516546,0.5314569448434281
5,0t Graduate,0,600000,1500000,14,543,300000,900000,2100000,300000,Rejected,3600000,2.499995833340278,0.41666655092595806
3,Graduate,1,1400000,3200000,20,772,2400000,900000,5100000,1600000,Approved,10000000,2.2857126530623906,0.3199999680000032
3,Graduate,0,4000000,11100000,12,572,9700000,100000,12500000,2400000,Approved,24700000,2.7749993062501734,0.4493926943565711
0,0t Graduate,1,4900000,11900000,16,709,14600000,900000,18500000,3800000,Approved,37800000,2.4285709329447074,0.31481480648638077
5,Graduate,0,2000000,6200000,18,402,4000000,2100000,7200000,1100000,Rejected,14400000,3.099998450000775,0.4305555256558663
1,0t Graduate,1,5200000,19300000,8,481,14300000,9500000,18800000,4200000,Rejected,46800000,3.711537747781202,0.4123931535813429
5,Graduate,1,8900000,28800000,6,772,13600000,5500000,20400000,8400000,Approved,47900000,3.2359546925893605,0.601252597051094
1,Graduate,1,6500000,20600000,2,306,15900000,1900000,18100000,3200000,Approved,39100000,3.16923028165688,0.526854206474317
2,0t Graduate,0,1300000,4500000,6,415,0,900000,2900000,1200000,Rejected,5000000,3.461535798818616,0.899999820000036
3,0t Graduate,0,9400000,35000000,16,548,18200000,4400000,36100000,4800000,Rejected,63500000,3.7234038592123553,0.5511810936821875
5,0t Graduate,0,5000000,11200000,8,701,9100000,500000,14000000,4600000,Approved,28200000,2.2399995520000897,0.3971631064835778
2,Graduate,0,3000000,7700000,12,890,4700000,4300000,8400000,2100000,Approved,19500000,2.5666658111113962,0.39487177462196027
5,0t Graduate,1,9900000,33300000,6,364,5300000,18700000,27800000,8300000,Rejected,60100000,3.363636023875149,0.5540765298822541
5,Graduate,1,700000,1300000,20,704,1600000,0,2200000,600000,Approved,4400000,1.8571402040854228,0.2954544783058004
3,Graduate,1,4000000,10600000,10,318,1500000,5100000,8000000,4900000,Rejected,19500000,2.649999337500166,0.5435897157133479
5,0t Graduate,0,3100000,9600000,2,761,5800000,1800000,10400000,4200000,Approved,22200000,3.096773194589292,0.43243241295349494
4,0t Graduate,0,4500000,15100000,6,693,3700000,1500000,17800000,6000000,Approved,29000000,3.355554809876709,0.5206896372175988
3,0t Graduate,0,9700000,20600000,16,524,24200000,11100000,27400000,6100000,Rejected,68800000,2.123711121266895,0.29941860029914824
2,0t Graduate,1,2000000,5300000,10,681,4900000,1400000,4300000,2900000,Approved,13500000,2.6499986750006626,0.39259256351166194
2,Graduate,1,8100000,22300000,18,737,22300000,12600000,27000000,7300000,Approved,69200000,2.7530860798659162,0.32225433060326114
0,0t Graduate,0,5700000,15900000,16,638,100000,9500000,16300000,4500000,Approved,30400000,2.789473194829264,0.5230262985846612
4,0t Graduate,0,5800000,12800000,2,656,500000,5000000,16000000,2800000,Approved,24300000,2.206896171224798,0.5267489495165041
1,Graduate,0,1800000,6500000,6,540,2500000,3200000,5000000,1100000,Rejected,11800000,3.611109104939386,0.5508474109451347
4,0t Graduate,1,9100000,35200000,6,341,1000000,300000,23100000,8200000,Rejected,32600000,3.8681314430624787,1.0797545681056882
0,0t Graduate,1,4800000,17500000,2,371,11700000,6800000,18700000,3500000,Approved,40700000,3.6458325737848805,0.4299754194109234
3,0t Graduate,1,3800000,10500000,12,886,4000000,500000,14900000,2300000,Approved,21700000,2.763157167590219,0.4838709454437352
0,0t Graduate,0,1900000,4100000,18,801,400000,800000,4800000,1200000,Approved,7200000,2.157893601108631,0.5694443653549492
3,0t Graduate,1,3600000,9500000,16,748,7700000,2400000,9700000,2600000,Approved,22400000,2.638888155864401,0.42410712392378913
2,0t Graduate,1,7400000,28200000,8,376,21900000,5000000,17400000,5200000,Rejected,49500000,3.8108102958364465,0.5696969581879402
4,0t Graduate,1,6600000,14300000,8,371,10800000,9500000,18500000,7400000,Rejected,46200000,2.1666663383838882,0.3095238028241601
2,Graduate,0,1800000,5300000,6,826,4500000,700000,6500000,1300000,Approved,13000000,2.944442808642884,0.40769227633136335
4,0t Graduate,0,9200000,27200000,12,873,4500000,1800000,33800000,11400000,Approved,51500000,2.956521417769411,0.5281553295503819
5,0t Graduate,1,2400000,8600000,8,309,500000,600000,5700000,2800000,Rejected,9600000,3.5833318402784,0.8958332400173709
4,0t Graduate,0,5600000,13300000,20,869,3300000,7500000,20000000,6500000,Approved,37300000,2.3749995758929328,0.35656835505178675
5,Graduate,0,3800000,13900000,12,534,4700000,2900000,8200000,2800000,Rejected,18600000,3.6578937742384805,0.7473117877789361
3,0t Graduate,1,4500000,17900000,6,787,9800000,3600000,14300000,4200000,Approved,31900000,3.977776893827357,0.5611285090555326
0,Graduate,1,900000,2200000,16,566,100000,700000,2000000,600000,Approved,3400000,2.4444417283980795,0.647058633218049
0,0t Graduate,0,2800000,9900000,8,742,4900000,1300000,6700000,1700000,Approved,14600000,3.5357130229596345,0.6780821453368394
2,0t Graduate,0,7500000,23100000,4,824,12100000,10900000,26300000,9500000,Approved,58800000,3.0799995893333882,0.39285713617589907
4,Graduate,0,1400000,3100000,14,575,3000000,2100000,4900000,1400000,Approved,11400000,2.214284132654191,0.27192980070791223
2,Graduate,1,3800000,10900000,10,766,1900000,3900000,8600000,3000000,Approved,17400000,2.868420297784132,0.6264367456070836
1,0t Graduate,1,1700000,5000000,10,888,2900000,900000,4100000,2200000,Approved,10100000,2.941174740485447,0.49504945593569744
3,Graduate,1,9000000,30400000,6,638,16800000,11000000,26900000,9200000,Approved,63900000,3.3777774024691776,0.4757433415376629
5,0t Graduate,1,7300000,23300000,6,622,7100000,11600000,26400000,10500000,Approved,55600000,3.1917803846876187,0.4190647406643032
1,0t Graduate,0,7400000,19800000,18,458,12600000,6200000,27700000,4000000,Rejected,50500000,2.6756753140979304,0.3920792001568475
1,0t Graduate,0,9000000,28200000,16,327,1700000,2300000,24000000,11200000,Rejected,39200000,3.133332985185224,0.7193877367503129
0,0t Graduate,0,3000000,6500000,2,612,8800000,3400000,6700000,1700000,Approved,20600000,2.166665944444685,0.3155339652653415
1,Graduate,0,800000,2900000,8,682,2200000,1100000,2900000,700000,Approved,6900000,3.6249954687556643,0.4202897941608994
2,Graduate,0,4800000,13200000,2,583,13700000,5800000,9500000,5200000,Approved,34200000,2.749999427083453,0.38596490099517833
5,0t Graduate,0,6400000,18300000,8,697,10000000,3600000,22500000,3600000,Approved,39700000,2.859374553222726,0.46095716723029806
3,Graduate,0,9200000,27100000,12,306,5800000,11500000,28000000,9600000,Rejected,54900000,2.9456518537334944,0.4936247633219533
4,0t Graduate,1,400000,1500000,2,669,0,600000,900000,500000,Approved,2000000,3.7499906250234374,0.7499996250001875
2,0t Graduate,0,2800000,6000000,18,816,6300000,4200000,8000000,3400000,Approved,21900000,2.142856377551294,0.2739725902295621
4,0t Graduate,1,8500000,28900000,20,455,15200000,5800000,22500000,9400000,Rejected,52900000,3.399999600000047,0.5463137892946354
3,Graduate,1,4700000,16400000,10,318,11400000,8100000,16200000,4300000,Rejected,40000000,3.4893609597104343,0.40999998975000024
4,0t Graduate,1,9800000,21200000,20,355,22000000,8900000,31800000,14400000,Rejected,77100000,2.1632650853811137,0.27496757101209374
2,0t Graduate,1,3800000,8900000,16,389,200000,5600000,12200000,2200000,Rejected,20200000,2.3421046468145668,0.44059403759435456
2,Graduate,0,500000,1500000,2,888,1500000,300000,1500000,600000,Approved,3900000,2.999994000012,0.3846152859960805
2,Graduate,1,6900000,15600000,6,352,13000000,5300000,22600000,10000000,Rejected,50900000,2.260869237555183,0.3064832945681082
4,0t Graduate,1,9600000,30100000,12,870,300000,6700000,38200000,5600000,Approved,50800000,3.135416340060798,0.592519673375597
3,0t Graduate,0,2900000,6500000,18,827,8300000,600000,10400000,3200000,Approved,22500000,2.241378537455677,0.2888888760493833
2,Graduate,0,9800000,20900000,12,768,3400000,10200000,38600000,13400000,Approved,65600000,2.1326528436068526,0.3185975561189397
0,Graduate,0,7100000,15400000,18,707,10300000,10800000,19600000,5800000,Approved,46500000,2.1690137790121438,0.33118278857671424
1,0t Graduate,1,7700000,19100000,10,355,11300000,4900000,21900000,6600000,Rejected,44700000,2.4805191583741353,0.42729305531782874
3,Graduate,0,1400000,3300000,2,652,100000,2100000,3500000,1900000,Approved,7600000,2.3571411734705903,0.434210469182833
3,Graduate,0,7800000,15900000,2,665,14400000,900000,27200000,5400000,Approved,47900000,2.038461277120349,0.33194153795529147
5,0t Graduate,1,1700000,6000000,18,420,500000,1600000,3700000,2300000,Rejected,8100000,3.529409688582536,0.7407406492912779
2,0t Graduate,0,8500000,32700000,18,471,12600000,9400000,33900000,12500000,Rejected,68400000,3.847058370934309,0.47807016844926653
5,0t Graduate,0,1900000,7500000,20,715,5100000,2800000,6500000,2800000,Approved,17200000,3.947366343491398,0.43604648627636705
2,0t Graduate,1,6700000,15200000,10,689,0,8200000,15000000,6800000,Approved,30000000,2.268656377812481,0.5066666497777783
3,Graduate,1,6900000,16400000,4,787,11100000,6100000,26400000,3800000,Approved,47400000,2.3768112497375,0.34599155388203473
2,Graduate,0,2600000,7800000,4,819,3100000,4300000,5700000,1500000,Approved,14600000,2.99999884615429,0.5342465387502371
4,Graduate,1,9600000,21100000,6,809,16100000,9500000,34700000,8700000,Approved,69000000,2.197916437717038,0.30579709701743335
1,0t Graduate,1,6800000,17000000,2,744,15500000,3900000,23700000,3500000,Approved,46600000,2.499999632352995,0.3648068591243163
0,0t Graduate,0,3200000,11300000,6,484,3500000,5500000,8500000,2100000,Rejected,19600000,3.53124889648472,0.5765305828300723
4,0t Graduate,0,2900000,10400000,6,673,5100000,1700000,10600000,1700000,Approved,19100000,3.5862056599290826,0.5445025892930582
3,Graduate,1,7900000,21200000,18,695,13800000,10600000,21800000,4900000,Approved,51100000,2.683543964108359,0.414872790315601
4,0t Graduate,1,3900000,12400000,12,473,6400000,4700000,13100000,3800000,Rejected,28000000,3.1794863642342657,0.44285712704081687
4,Graduate,1,4600000,11000000,2,491,9000000,4000000,16100000,3500000,Rejected,32600000,2.3913038279774286,0.33742330253302755
3,0t Graduate,1,700000,1700000,8,733,1200000,800000,2400000,500000,Approved,4900000,2.4285679591886296,0.34693870470638677
0,0t Graduate,0,5200000,15600000,20,434,14100000,5800000,18100000,5500000,Rejected,43500000,2.999999423077034,0.3586206814110188
3,0t Graduate,1,5900000,20600000,10,777,1900000,4600000,21200000,6400000,Approved,34100000,3.4915248319449437,0.6041055541318019
4,Graduate,0,7200000,19100000,4,774,9400000,7000000,17900000,3600000,Approved,37900000,2.652777409336471,0.5039577703441221
1,0t Graduate,1,8700000,27000000,10,717,25500000,8600000,17500000,9100000,Approved,60700000,3.1034479191439175,0.4448105363293157
3,0t Graduate,1,1100000,3500000,12,503,3000000,400000,2200000,1200000,Rejected,6800000,3.181815289258828,0.5147058066609108
1,Graduate,1,4000000,10900000,14,598,3600000,6600000,13600000,4400000,Approved,28200000,2.72499931875017,0.38652480898848196
2,Graduate,0,9800000,32400000,2,543,24200000,17500000,25700000,7700000,Approved,75100000,3.306122111620193,0.4314247612326929
0,0t Graduate,1,2700000,6800000,20,796,700000,4200000,7000000,1900000,Approved,13800000,2.5185175857342275,0.4927535874816241
3,0t Graduate,1,8800000,34600000,8,386,14800000,16500000,18400000,6000000,Rejected,55700000,3.931817735020712,0.6211849080577215
5,0t Graduate,1,3300000,7800000,16,632,8500000,500000,7100000,4900000,Approved,21000000,2.3636356473831373,0.3714285537414974
1,Graduate,1,6900000,23400000,4,481,18700000,1100000,23400000,10200000,Approved,53400000,3.3913038563327746,0.4382022389849768
3,Graduate,1,900000,3500000,4,770,700000,0,2000000,600000,Rejected,3300000,3.8888845679060355,1.060605739210382
3,Graduate,1,4100000,15500000,6,667,2800000,1600000,14700000,4000000,Approved,23100000,3.7804868828080775,0.6709956419482406
3,0t Graduate,1,4700000,17500000,8,585,1200000,3100000,9600000,4900000,Approved,18800000,3.723403463105646,0.9308510143164354
5,Graduate,1,3400000,11600000,16,479,9200000,5700000,11200000,2400000,Rejected,28500000,3.4117637024224403,0.4070175295783323
2,Graduate,0,9600000,22500000,18,851,7400000,16200000,24300000,12700000,Approved,60600000,2.3437497558594003,0.3712871225860211
3,0t Graduate,1,7000000,16200000,6,378,20000000,12600000,20300000,5500000,Rejected,58400000,2.3142853836735164,0.2773972555240196
5,Graduate,0,5700000,12900000,18,807,4100000,900000,18600000,5500000,Approved,29100000,2.263157497691667,0.4432989538385239
1,0t Graduate,1,8200000,32400000,18,831,22800000,12300000,17700000,7800000,Approved,60600000,3.951219030339143,0.5346534565238703
2,0t Graduate,0,2100000,5100000,12,674,2200000,3200000,6400000,2400000,Approved,14200000,2.4285702721093942,0.3591549042848659
1,0t Graduate,1,8000000,28100000,18,725,1900000,12800000,23000000,7500000,Approved,45200000,3.5124995609375547,0.6216814021751902
2,0t Graduate,0,8000000,29300000,4,600,16500000,13200000,29400000,6500000,Approved,65600000,3.662499542187557,0.4466463346547815
0,0t Graduate,1,9400000,27000000,10,536,4400000,1700000,33800000,4800000,Rejected,44700000,2.872340119963817,0.6040268321246793
0,Graduate,0,8400000,20600000,10,477,1500000,1500000,25000000,11900000,Rejected,39900000,2.4523806604308738,0.5162907138774258
1,0t Graduate,1,1900000,5000000,6,560,1000000,1900000,6300000,1400000,Approved,10600000,2.6315775623275988,0.47169806870772935
0,0t Graduate,1,4200000,16400000,20,539,9500000,2100000,11400000,3100000,Rejected,26100000,3.9047609750569108,0.6283524663466488
5,Graduate,0,2600000,9100000,8,852,3700000,700000,10300000,3300000,Approved,18000000,3.4999986538466716,0.5055555274691373
3,0t Graduate,0,3700000,8500000,20,853,8300000,5700000,7500000,4900000,Approved,26400000,2.2972966764063036,0.32196968477387555
0,Graduate,0,8800000,30900000,12,729,1700000,700000,25700000,11400000,Approved,39500000,3.5113632373450865,0.7822784612081403
2,0t Graduate,0,2100000,4700000,2,546,6000000,3200000,5700000,1500000,Rejected,16400000,2.2380941723361083,0.2865853483789422
3,Graduate,1,900000,2400000,10,489,800000,0,2800000,500000,Rejected,4100000,2.666663703706996,0.585365710886412
3,Graduate,1,9800000,35400000,6,869,14400000,16400000,22800000,10300000,Approved,63900000,3.612244529362803,0.5539906016589891
2,0t Graduate,0,8000000,20000000,2,502,4100000,2200000,31600000,9900000,Rejected,47800000,2.499999687500039,0.41841003308765623
0,Graduate,0,9800000,38800000,8,652,23200000,19000000,29700000,5400000,Approved,77300000,3.959183269471095,0.5019404850977945
0,0t Graduate,1,300000,1100000,8,789,400000,100000,800000,400000,Approved,1700000,3.666654444485185,0.6470584429067983
4,0t Graduate,0,2700000,8100000,4,325,5000000,800000,9900000,3400000,Approved,19100000,2.9999988888893006,0.4240837474301703
3,Graduate,1,7400000,19600000,2,716,4100000,8900000,29100000,4200000,Approved,46300000,2.648648290723204,0.4233261247661744
3,Graduate,0,9200000,34300000,18,523,25600000,4000000,29100000,8800000,Rejected,67500000,3.728260464319515,0.5081481406200276
5,0t Graduate,0,9500000,22200000,20,352,24500000,0,30800000,7000000,Rejected,62300000,2.3368418592798044,0.35634028320481087
5,Graduate,1,3800000,14400000,2,345,3300000,800000,13000000,4700000,Approved,21800000,3.7894726869808717,0.6605504284151179
0,Graduate,0,8300000,19400000,18,649,2500000,16100000,24300000,11300000,Approved,54200000,2.3373491159820343,0.3579335727318529
2,Graduate,1,2800000,7400000,18,666,100000,2300000,6300000,3400000,Approved,12100000,2.642856198979929,0.6115701973908928
0,Graduate,0,8600000,20900000,10,813,11300000,11900000,26000000,4800000,Approved,54000000,2.4302322755543866,0.38703702986968463
0,0t Graduate,0,5400000,16800000,10,599,5300000,7400000,14500000,7600000,Approved,34800000,3.1111105349795305,0.4827586068172814
5,Graduate,1,4200000,9400000,6,678,4700000,5500000,9900000,5700000,Approved,25800000,2.238094705215546,0.36434107114957087
5,0t Graduate,0,5200000,12200000,20,513,13400000,2000000,16800000,5400000,Rejected,37600000,2.346153394970501,0.32446807647691284
5,Graduate,0,9400000,27900000,4,870,1100000,200000,29500000,10400000,Approved,41200000,2.9680847906292778,0.6771844495829017
3,Graduate,0,8800000,20400000,8,483,3200000,11400000,28200000,11800000,Rejected,54600000,2.318181554752096,0.3736263667833999
1,Graduate,1,5900000,16700000,16,308,5800000,8800000,19100000,5300000,Rejected,39000000,2.8305079948291536,0.4282051172255098
3,Graduate,1,1700000,4900000,16,591,4700000,1000000,4300000,1400000,Approved,11400000,2.882351245675738,0.42982452369960317
1,0t Graduate,0,7000000,23000000,10,886,14000000,3700000,26700000,3600000,Approved,48000000,3.2857138163265978,0.47916665668402797
4,0t Graduate,0,1700000,4000000,6,829,0,1600000,5200000,1700000,Approved,8500000,2.3529397923883573,0.4705881799308024
0,0t Graduate,0,1500000,4900000,12,651,1600000,2800000,4600000,800000,Approved,9800000,3.2666644888903407,0.49999994897959704
4,0t Graduate,0,2000000,4700000,18,733,3700000,3700000,7000000,2800000,Approved,17200000,2.3499988250005877,0.2732557980665234
5,Graduate,1,3900000,15500000,12,433,9500000,5400000,7900000,4600000,Rejected,27400000,3.974357955292832,0.5656934100111894
1,Graduate,1,900000,3600000,14,713,1300000,1000000,1800000,1200000,Approved,5300000,3.999995555560494,0.6792451548594047
1,Graduate,0,6900000,22500000,18,403,800000,8400000,16900000,6300000,Rejected,32400000,3.2608690926276678,0.6944444230109746
0,Graduate,1,2800000,7800000,10,405,7800000,2500000,7100000,3400000,Rejected,20800000,2.7857132908166817,0.3749999819711547
3,Graduate,1,6800000,19900000,10,516,16000000,6000000,26000000,8500000,Rejected,56500000,2.9264701578720356,0.35221238314668346
4,0t Graduate,1,600000,1800000,8,417,1700000,700000,1800000,800000,Rejected,5000000,2.9999950000083335,0.3599999280000144
1,0t Graduate,0,4700000,14000000,6,468,11300000,1800000,10600000,4600000,Rejected,28300000,2.978722770484517,0.4946996291625573
5,Graduate,1,3000000,11800000,10,672,8700000,3600000,9800000,4100000,Approved,26200000,3.9333320222226593,0.4503816621991732
5,0t Graduate,0,4000000,13900000,6,530,6000000,5600000,12500000,6000000,Rejected,30100000,3.4749991312502173,0.46179400459156134
1,0t Graduate,1,3100000,11300000,14,824,3700000,6000000,11000000,4400000,Approved,25100000,3.6451601144644794,0.4501991852510285
1,0t Graduate,1,7700000,25500000,12,549,18100000,10600000,20500000,7000000,Rejected,56200000,3.3116878815989765,0.45373664673066466
5,0t Graduate,1,4300000,9300000,10,450,2100000,6700000,10000000,4100000,Rejected,22900000,2.1627901946999546,0.4061135193836891
1,Graduate,1,5800000,19500000,20,431,13800000,5000000,15600000,3300000,Rejected,37700000,3.3620683858502782,0.5172413655904147
3,Graduate,1,3600000,10700000,16,312,2300000,1600000,13100000,5200000,Rejected,22200000,2.9722213966051676,0.48198196027108287
0,0t Graduate,1,2900000,7600000,8,320,8000000,5600000,9600000,3100000,Rejected,26300000,2.6206887514866373,0.28897337304283754
0,Graduate,0,8800000,20200000,4,433,16000000,4200000,30500000,12400000,Rejected,63100000,2.2954542846074677,0.3201267778109861
1,0t Graduate,1,300000,1000000,10,431,400000,500000,900000,100000,Rejected,1900000,3.3333222222592593,0.5263155124655198
5,0t Graduate,1,8600000,28900000,8,516,9900000,1800000,30200000,6800000,Rejected,48700000,3.3604647255273576,0.5934291459254796
2,0t Graduate,1,3500000,12000000,14,476,1100000,6800000,12400000,2900000,Rejected,23200000,3.4285704489798716,0.5172413570154587
5,Graduate,0,800000,2600000,6,560,100000,200000,3000000,1000000,Approved,4300000,3.249995937505078,0.6046510221741809
2,Graduate,0,8000000,27100000,12,674,14400000,400000,25300000,6400000,Approved,46500000,3.387499576562553,0.5827956863914906
0,0t Graduate,1,9900000,38200000,6,573,17200000,10000000,20100000,5900000,Approved,53200000,3.8585854688297507,0.7180450992848666
2,0t Graduate,0,3300000,6600000,6,331,6300000,2000000,8900000,2700000,Rejected,19900000,1.9999993939395775,0.3316582747910415
4,Graduate,1,2000000,6700000,12,633,100000,800000,4800000,2000000,Approved,7700000,3.3499983250008376,0.8701297571260056
3,0t Graduate,0,4900000,12900000,18,877,1800000,7000000,17900000,3300000,Approved,30000000,2.6326525239484644,0.42999998566666714
5,0t Graduate,1,9200000,23600000,12,656,1400000,11200000,36400000,4900000,Approved,53900000,2.5652171124764007,0.4378478582959581
0,0t Graduate,0,7500000,18200000,6,782,7400000,12000000,19800000,4100000,Approved,43300000,2.426666343111154,0.420323315927868
5,0t Graduate,0,9000000,29300000,4,531,10400000,9500000,35500000,5800000,Approved,61200000,3.2555551938272007,0.4787581621117947
3,0t Graduate,0,1400000,4100000,8,455,3000000,1400000,2900000,2100000,Rejected,9400000,2.9285693367361882,0.43617016636487593
3,Graduate,0,9600000,19900000,14,452,4200000,16200000,28500000,6600000,Rejected,55500000,2.07291645073787,0.3585585520980441
2,Graduate,0,8400000,33200000,14,474,19600000,15000000,25400000,11500000,Rejected,71500000,3.9523804818594663,0.4643356578414593
3,0t Graduate,0,6400000,24400000,4,483,7800000,2400000,19100000,4500000,Approved,33800000,3.812499404296968,0.7218934697664654
4,Graduate,0,5900000,16800000,8,481,6900000,11400000,19500000,3300000,Rejected,41100000,2.8474571444987893,0.408759114142114
2,Graduate,1,2200000,5100000,20,859,3800000,1200000,6400000,3100000,Approved,14500000,2.318180764463289,0.35172411367419903
4,Graduate,1,5600000,14100000,14,696,9000000,9200000,16500000,6800000,Approved,41500000,2.5178566932398763,0.33975902795761376
4,0t Graduate,0,9800000,28700000,6,778,16600000,7400000,29700000,11100000,Approved,64800000,2.92857112973764,0.4429012277330057
4,Graduate,0,4400000,14600000,4,499,1300000,6500000,16100000,5700000,Approved,29600000,3.318181064049758,0.4932432265796207
2,0t Graduate,1,2400000,4900000,4,888,6400000,4300000,5100000,3400000,Approved,19200000,2.0416658159725767,0.25520832004123334
1,Graduate,0,4400000,10800000,12,674,9600000,2700000,17200000,5300000,Approved,34800000,2.4545448966943417,0.31034481866825236
4,Graduate,0,3700000,13200000,4,802,9800000,2400000,12500000,4300000,Approved,29000000,3.5675666033603775,0.45517239809750354
4,0t Graduate,1,2300000,7800000,8,540,1500000,3400000,4700000,2800000,Rejected,12400000,3.391302873346577,0.6290322073361123
4,Graduate,1,5900000,19600000,8,726,17400000,6800000,20100000,8000000,Approved,52300000,3.3220333352485873,0.3747609870982603
4,0t Graduate,1,6400000,23500000,2,485,7300000,2700000,23600000,3900000,Approved,37500000,3.671874426269621,0.626666649955556
4,Graduate,1,4900000,17100000,6,612,1300000,7000000,19500000,5000000,Approved,32800000,3.4897952061642434,0.5213414475200778
3,0t Graduate,1,9500000,24200000,8,879,3100000,17200000,26400000,12700000,Approved,59400000,2.5473681529086156,0.40740740054869695
2,0t Graduate,0,5700000,16400000,12,708,3700000,800000,15000000,4400000,Approved,23900000,2.87719247768553,0.6861924399082661
2,0t Graduate,1,2700000,5700000,8,850,3500000,5000000,10500000,3900000,Approved,22900000,2.1111103292183966,0.24890828607387397
2,0t Graduate,1,3900000,11300000,12,516,3100000,0,10400000,4600000,Rejected,18100000,2.8974351545038064,0.6243093577729637
0,0t Graduate,0,7800000,28800000,12,465,4700000,7500000,28800000,7400000,Rejected,48400000,3.692307218934972,0.5950413100198076
0,Graduate,0,1100000,3200000,20,716,1800000,1400000,3600000,1500000,Approved,8300000,2.9090882644652143,0.3855421222238407
4,0t Graduate,0,200000,600000,10,404,0,100000,400000,0,Rejected,500000,2.9999850000749997,1.1999976000048
0,0t Graduate,1,4700000,10600000,20,512,8400000,4000000,12300000,7000000,Rejected,31700000,2.2553186690811344,0.33438484749574615
3,0t Graduate,1,8200000,20600000,10,441,16100000,11400000,29100000,6100000,Rejected,62700000,2.512194815585998,0.32854863909810783
2,0t Graduate,1,4600000,18400000,2,555,7700000,2400000,14200000,4200000,Approved,28500000,3.9999991304349716,0.645614012434596
5,0t Graduate,0,1800000,7000000,18,466,2600000,2100000,6000000,1900000,Rejected,12600000,3.888886728396262,0.5555555114638483
3,Graduate,1,3200000,8600000,2,427,3900000,1800000,7100000,4700000,Rejected,17500000,2.6874991601565124,0.49142854334694036
4,0t Graduate,1,5500000,20000000,14,593,15100000,2700000,19900000,4900000,Approved,42600000,3.636362975206732,0.4694835570543766
3,Graduate,0,7900000,18300000,10,731,4200000,3400000,22200000,8400000,Approved,38200000,2.3164554029803286,0.4790575790822623
1,Graduate,1,4000000,10100000,16,451,7000000,3900000,14300000,3900000,Rejected,29100000,2.5249993687501577,0.347079025873573
3,0t Graduate,1,6800000,16900000,18,628,3600000,900000,15600000,4900000,Approved,25000000,2.4852937521626837,0.675999972960001
1,0t Graduate,0,2700000,9400000,18,704,5300000,2300000,6400000,2400000,Approved,16400000,3.481480192044373,0.5731706967578843
2,0t Graduate,0,6800000,23500000,12,341,19300000,11800000,14300000,8500000,Rejected,53900000,3.455881844723258,0.4359925707608057
5,Graduate,0,8600000,21000000,8,465,11700000,14900000,19500000,9900000,Rejected,56000000,2.441860181179049,0.37499999330357153
4,Graduate,0,8000000,30100000,4,431,11900000,13800000,18800000,11500000,Approved,56000000,3.7624995296875587,0.5374999904017859
1,Graduate,1,3700000,12600000,10,424,5400000,1100000,14200000,4400000,Rejected,25100000,3.405404485025815,0.5019920118728282
0,Graduate,0,2600000,5100000,14,678,500000,1200000,6000000,3100000,Approved,10800000,1.961537707100882,0.47222217849794645
4,Graduate,0,4200000,16800000,6,381,9600000,3800000,14800000,5900000,Rejected,34100000,3.999999047619274,0.49266860725312
5,Graduate,1,8000000,28000000,10,449,18500000,1500000,17400000,3900000,Rejected,41300000,3.499999562500055,0.6779660852792715
1,0t Graduate,0,7100000,23500000,12,768,6400000,12100000,22400000,7300000,Approved,48200000,3.309858688752297,0.48755185710473325
0,0t Graduate,0,2000000,7000000,6,666,0,1200000,4300000,1400000,Rejected,6900000,3.499998250000875,1.0144926065952744
4,0t Graduate,1,5800000,13300000,14,742,16100000,9300000,16300000,7000000,Approved,48700000,2.2931030529132665,0.2731006104086117
3,0t Graduate,1,6700000,15800000,4,445,10500000,7600000,14100000,9100000,Rejected,41300000,2.3582086032524474,0.38256657669330324
2,Graduate,0,7300000,28700000,14,634,5900000,3800000,21200000,10800000,Approved,41700000,3.9315063107525603,0.6882493839748349
4,0t Graduate,0,3300000,9700000,14,782,2500000,0,10400000,2200000,Approved,15100000,2.939393048668773,0.6423840634182739
0,Graduate,0,3000000,7000000,10,781,7200000,600000,11700000,2700000,Approved,22200000,2.3333325555558146,0.31531530111192335
4,0t Graduate,0,7900000,17200000,14,318,14200000,9500000,23200000,9000000,Rejected,55900000,2.1772149142765933,0.3076923021879731
5,0t Graduate,0,7600000,24100000,18,721,21900000,11500000,22900000,7200000,Approved,63500000,3.171052214335235,0.37952755307830627
5,0t Graduate,0,3700000,9800000,4,563,9500000,5100000,11200000,3000000,Approved,28800000,2.648647932797856,0.3402777659625776
2,0t Graduate,0,8400000,26300000,4,419,22900000,7900000,29200000,6200000,Approved,66200000,3.130952008219999,0.3972809607661486
0,Graduate,1,8200000,20800000,14,372,3800000,100000,26100000,5200000,Rejected,35200000,2.5365850565140176,0.5909090741219013
0,0t Graduate,0,2900000,9500000,18,885,4300000,2300000,6500000,3500000,Approved,16600000,3.2758609393582967,0.5722891221512577
1,0t Graduate,1,9900000,38400000,12,596,10000000,9300000,36500000,6800000,Approved,62600000,3.878787486991163,0.6134185205524199
0,Graduate,0,4400000,14100000,2,349,3300000,1300000,8800000,6200000,Approved,19600000,3.2045447262398348,0.7193877183985858
1,0t Graduate,1,9000000,32200000,16,468,4500000,16400000,28600000,10900000,Rejected,60400000,3.5777773802469577,0.5331125739550898
3,0t Graduate,1,6800000,26900000,16,818,14700000,10400000,26300000,7300000,Approved,58700000,3.955881771193857,0.4582623431301134
2,0t Graduate,0,8700000,28000000,12,543,16900000,6000000,22900000,6700000,Rejected,52500000,3.218390434667766,0.5333333231746034
3,Graduate,0,9400000,21900000,16,685,8100000,5600000,34500000,5000000,Approved,53200000,2.329786986192874,0.4116541276004863
3,0t Graduate,1,6000000,12500000,18,851,14600000,5000000,16800000,5000000,Approved,41400000,2.083332986111169,0.3019323598567063
1,0t Graduate,1,9400000,29800000,10,377,24100000,18500000,30900000,11700000,Rejected,85200000,3.1702124287008053,0.34976525411073645
0,0t Graduate,1,1000000,4000000,10,620,2400000,1300000,3700000,1100000,Approved,8500000,3.999996000004,0.4705881799308024
3,Graduate,1,900000,2300000,20,611,600000,1500000,1900000,500000,Approved,4500000,2.5555527160525378,0.5111109975308894
4,0t Graduate,0,2100000,7700000,4,767,1200000,1700000,6900000,1300000,Approved,11100000,3.666664920635752,0.6936936311987719
5,Graduate,1,1100000,3200000,20,592,3200000,700000,3500000,500000,Approved,7900000,2.9090882644652143,0.40506323986541265
0,Graduate,1,600000,2300000,4,319,1600000,800000,2300000,700000,Approved,5400000,3.8333269444550924,0.4259258470507691
4,0t Graduate,1,9200000,25500000,10,900,9400000,10500000,27400000,12800000,Approved,60100000,2.771738829158823,0.42429283819812247
2,0t Graduate,1,3600000,12800000,18,814,8600000,4100000,10300000,4100000,Approved,27100000,3.555554567901509,0.4723247058182765
5,0t Graduate,1,1300000,5000000,10,755,2100000,2200000,4800000,1900000,Approved,11000000,3.8461508875762402,0.45454541322314423
5,Graduate,1,7700000,16800000,20,584,8600000,4800000,23400000,8000000,Approved,44800000,2.181817898465208,0.37499999162946446
4,Graduate,1,9500000,23500000,14,380,22900000,6700000,25100000,7300000,Rejected,62000000,2.4736839501385317,0.3790322519510927
2,0t Graduate,1,5000000,17600000,20,465,6200000,5200000,16500000,5200000,Rejected,33100000,3.5199992960001407,0.5317220383165547
0,0t Graduate,0,500000,1800000,2,531,1300000,500000,1900000,700000,Approved,4400000,3.5999928000144,0.4090908161157236
1,Graduate,1,8300000,32100000,16,814,18500000,2700000,28900000,7500000,Approved,57600000,3.867469413557902,0.5572916569914643
0,Graduate,0,5300000,17900000,6,678,4700000,3900000,14400000,3600000,Approved,26600000,3.3773578533287067,0.6729323055288607
2,0t Graduate,1,9300000,29000000,12,655,7900000,6800000,29900000,4900000,Approved,49500000,3.1182792345936305,0.5858585740230591
3,0t Graduate,0,2300000,7400000,2,682,6500000,2400000,7600000,2100000,Approved,18600000,3.2173899054826496,0.3978494409758365
1,0t Graduate,0,400000,1300000,6,695,200000,500000,800000,100000,Approved,1600000,3.2499918750203123,0.8124994921878174
3,0t Graduate,0,3200000,10800000,4,833,2600000,1000000,8700000,2600000,Approved,14900000,3.3749989453128295,0.7248321661186465
5,0t Graduate,1,9400000,35300000,16,302,4100000,12500000,37000000,12900000,Rejected,66500000,3.7553187494341755,0.5308270596868111
1,Graduate,0,2300000,6600000,2,357,5900000,200000,6000000,2200000,Rejected,14300000,2.869563969754796,0.4615384292630469
5,0t Graduate,0,4300000,14500000,12,302,12500000,4300000,12500000,5100000,Rejected,34400000,3.3720922390483166,0.42151161565373213
0,Graduate,1,6200000,22400000,18,873,15700000,6600000,15800000,8200000,Approved,46300000,3.612902643080219,0.4838012854470565
0,0t Graduate,1,7200000,19800000,12,658,12700000,8100000,25000000,7300000,Approved,53100000,2.7499996180556088,0.3728813489099558
5,Graduate,1,2400000,8700000,18,877,2800000,2900000,7100000,1100000,Approved,13900000,3.624998489583963,0.6258992355468176
3,0t Graduate,0,2900000,6300000,8,648,3400000,3400000,7600000,1400000,Approved,15800000,2.172413043995502,0.39873415197885115
1,Graduate,0,1400000,5200000,12,730,2900000,0,3700000,700000,Approved,7300000,3.714283061226385,0.7123286695440179
4,0t Graduate,1,2200000,8200000,14,737,5800000,2800000,8200000,1400000,Approved,18200000,3.727271033058621,0.4505494257939876
2,Graduate,1,800000,3200000,10,584,0,200000,2100000,700000,Rejected,3000000,3.99999500000625,1.0666663111112296
0,Graduate,0,600000,1700000,2,621,400000,400000,2000000,200000,Approved,3000000,2.8333286111189815,0.5666664777778407
4,Graduate,1,700000,2700000,16,583,1100000,1200000,1400000,300000,Approved,4000000,3.8571373469466472,0.6749998312500421
2,0t Graduate,0,8400000,25900000,16,621,8600000,13400000,33500000,4200000,Approved,59700000,3.083332966269885,0.43383583862921543
2,0t Graduate,0,7100000,21500000,16,610,5800000,12100000,14200000,9300000,Approved,41400000,3.028168587581889,0.5193236589535348
4,Graduate,0,5400000,15700000,18,452,13700000,2600000,16500000,6600000,Rejected,39400000,2.907406868998728,0.3984771472467729
5,Graduate,0,3700000,7300000,18,339,9300000,100000,13900000,5300000,Rejected,28600000,1.9729724397371784,0.2552447463201138
3,Graduate,1,5200000,15200000,16,650,1300000,5700000,13500000,4100000,Approved,24600000,2.9230763609468537,0.6178861537444653
4,0t Graduate,1,200000,700000,10,672,200000,200000,300000,300000,Approved,1000000,3.4999825000874996,0.6999993000007
3,Graduate,0,500000,1000000,20,501,800000,800000,900000,200000,Rejected,2700000,1.999996000008,0.37037023319620993
2,0t Graduate,1,1800000,5700000,4,809,1200000,1900000,6300000,2400000,Approved,11800000,3.166664907408385,0.4830508065211181
5,Graduate,1,9200000,29400000,8,318,18000000,5900000,33800000,5400000,Rejected,63100000,3.195651826559584,0.4659270924575738
4,0t Graduate,0,900000,3300000,10,649,0,400000,1800000,1200000,Approved,3400000,3.6666625925971195,0.9705879498270735
3,0t Graduate,0,7500000,28300000,12,367,9200000,11300000,22700000,7000000,Rejected,50200000,3.7733328302222895,0.5637450086903385
5,0t Graduate,0,3000000,11800000,6,847,8200000,2200000,7100000,2300000,Approved,19800000,3.9333320222226593,0.595959565860628
5,Graduate,0,7100000,18900000,12,360,10700000,1100000,19800000,8500000,Rejected,40100000,2.6619714560603582,0.4713216840069405
1,Graduate,1,3500000,7200000,2,865,4100000,3200000,11900000,4200000,Approved,23400000,2.057142269387923,0.30769229454306435
4,0t Graduate,0,4900000,18800000,16,880,4200000,4700000,13200000,2600000,Approved,24700000,3.8367339108706306,0.761133572423742
1,Graduate,0,4100000,8400000,20,608,1400000,8000000,10000000,4400000,Approved,23800000,2.0487799881024418,0.35294116164112765
0,Graduate,1,800000,2100000,6,760,300000,100000,1600000,600000,Approved,2600000,2.6249967187541015,0.8076919970415396
3,Graduate,1,1700000,4600000,12,385,1500000,1300000,5200000,1700000,Rejected,9700000,2.705880761246611,0.47422675523435515
0,Graduate,1,6100000,23300000,12,478,3800000,2300000,17700000,4900000,Rejected,28700000,3.8196715049718843,0.8118466616081302
1,Graduate,1,2100000,7700000,16,327,5000000,500000,4700000,2300000,Rejected,12500000,3.666664920635752,0.6159999507200039
0,Graduate,0,3100000,9300000,6,663,1300000,1400000,8100000,3800000,Approved,14600000,2.9999990322583767,0.6369862577406673
2,0t Graduate,1,1700000,3500000,20,693,2200000,1400000,4800000,1700000,Approved,10100000,2.058822318339813,0.3465346191549882
3,Graduate,0,1700000,5400000,6,710,4800000,700000,5800000,1700000,Approved,13000000,3.1764687197242827,0.4153845834319551
4,0t Graduate,1,4000000,14500000,6,711,2400000,5700000,10900000,4100000,Approved,23100000,3.6249990937502266,0.6277056005322251
5,Graduate,0,5600000,18400000,8,386,11300000,6700000,11300000,5600000,Rejected,34900000,3.2857136989796967,0.5272206152658849
4,Graduate,1,3900000,11900000,10,855,10200000,4000000,10200000,2800000,Approved,27200000,3.0512812689022386,0.43749998391544176
4,Graduate,1,6100000,15300000,14,573,1100000,9900000,13300000,8400000,Approved,32700000,2.5081963101317526,0.4678898939483213
0,Graduate,1,1100000,2800000,18,431,500000,300000,4300000,1400000,Rejected,6500000,2.5454522314070624,0.4307691644970516
2,Graduate,0,5500000,14800000,8,364,13000000,4500000,12600000,4500000,Rejected,34600000,2.6909086016529815,0.4277456523772933
4,Graduate,1,1100000,3600000,14,711,2500000,500000,3600000,600000,Approved,7200000,3.2727242975233657,0.4999999305555652
4,0t Graduate,1,400000,900000,20,771,1000000,500000,1600000,500000,Approved,3600000,2.2499943750140625,0.24999993055557485
3,Graduate,0,9200000,36400000,18,669,3100000,12700000,30900000,12300000,Approved,59000000,3.9565213090737705,0.6169491420856078
4,0t Graduate,1,9300000,27500000,18,338,21500000,500000,34900000,6600000,Rejected,63500000,2.956988929356029,0.43307085932171874
1,Graduate,0,1100000,3500000,8,562,2300000,1200000,3200000,500000,Approved,7200000,3.181815289258828,0.4861110435956884
3,0t Graduate,0,5600000,18700000,2,769,8000000,8200000,17300000,4800000,Approved,38300000,3.3392851179848004,0.48825063999345586
0,Graduate,1,6300000,21500000,8,629,600000,3400000,22000000,5200000,Approved,31200000,3.4126978710003377,0.6891025420159441
3,Graduate,0,8800000,18100000,6,699,6400000,2100000,18500000,9400000,Approved,36400000,2.0568179480888698,0.4972527335919579
0,0t Graduate,0,8400000,20800000,20,590,5100000,8900000,32100000,10800000,Approved,56900000,2.4761901814059306,0.36555359638745877
3,Graduate,1,1600000,5700000,4,707,3300000,2700000,6200000,2300000,Approved,14500000,3.5624977734388916,0.3931034211652813
3,0t Graduate,1,4500000,11400000,8,391,8500000,6800000,9900000,4500000,Rejected,29700000,2.5333327703704955,0.383838370914533
5,0t Graduate,0,6500000,18500000,4,891,13600000,3300000,23600000,7100000,Approved,47600000,2.846153408284091,0.3886554540198434
3,Graduate,1,9500000,20600000,2,731,13400000,3800000,20700000,9200000,Approved,47100000,2.1684208243767555,0.43736729432341204
3,0t Graduate,0,4700000,16700000,12,775,4000000,1700000,17300000,3500000,Approved,26500000,3.5531907333636736,0.630188655464579
5,Graduate,1,9600000,32400000,2,897,3500000,15400000,26800000,6200000,Approved,51900000,3.3749996484375364,0.6242774446189318
5,Graduate,0,8000000,26700000,20,794,8000000,14700000,29900000,7800000,Approved,60400000,3.337499582812552,0.4420529728136925
2,Graduate,0,7700000,16700000,6,555,12900000,2900000,18100000,8500000,Approved,42400000,2.1688308871648196,0.39386791523896425
1,0t Graduate,1,3600000,10300000,12,536,6800000,500000,12200000,2700000,Rejected,22200000,2.8611103163582454,0.46396394306468725
2,0t Graduate,0,700000,1700000,10,839,100000,700000,2000000,900000,Approved,3700000,2.4285679591886296,0.45945933528126076
0,Graduate,1,1400000,5100000,6,890,4100000,1900000,5200000,1900000,Approved,13100000,3.642854540818185,0.38931294738069105
1,Graduate,1,8600000,27900000,20,415,12200000,14800000,27100000,7900000,Rejected,62000000,3.244185669280736,0.4499999927419356
4,Graduate,0,4700000,15700000,4,868,3300000,2500000,13800000,4800000,Approved,24400000,3.3404248211862084,0.6434425965802214
3,Graduate,1,2900000,5800000,12,353,8400000,2600000,10100000,3100000,Rejected,24200000,1.9999993103450655,0.23966941158390861
4,0t Graduate,0,9000000,29000000,16,590,4600000,15600000,29200000,12300000,Approved,61700000,3.2222218641975706,0.4700161998376629
5,Graduate,1,500000,900000,18,618,1400000,600000,1200000,400000,Approved,3600000,1.7999964000072,0.24999993055557485
2,0t Graduate,1,700000,1700000,10,539,1400000,1000000,1900000,900000,Rejected,5200000,2.4285679591886296,0.3269230140532665
0,Graduate,0,6800000,27000000,4,429,17100000,7600000,21400000,9400000,Approved,55500000,3.970587651384169,0.48648647772096437
2,Graduate,0,1800000,4700000,8,792,4500000,1200000,4100000,2200000,Approved,12000000,2.611109660494633,0.3916666340277805
0,0t Graduate,0,6000000,12400000,2,608,3000000,2100000,17900000,6800000,Approved,29800000,2.0666663222222796,0.41610736858700104
4,Graduate,1,5400000,21500000,14,555,4300000,1500000,14300000,7500000,Approved,27600000,3.9814807441702325,0.7789854790222652
5,Graduate,1,8400000,17500000,12,620,15300000,13600000,26000000,5800000,Approved,60700000,2.08333308531749,0.28830312539863057
0,Graduate,0,7400000,20900000,6,635,15600000,14000000,21000000,7200000,Approved,57800000,2.8243239426589266,0.3615916892458185
2,Graduate,0,3200000,12500000,10,457,6100000,2000000,8200000,4300000,Rejected,20600000,3.9062487792972567,0.6067960870487337
1,Graduate,1,5400000,21400000,8,350,2600000,1000000,19700000,6800000,Rejected,30100000,3.962962229081069,0.7109634315294541
5,Graduate,1,1000000,2500000,14,885,2200000,100000,2300000,1100000,Approved,5700000,2.4999975000025,0.43859641428133084
0,Graduate,0,4400000,14700000,16,638,4000000,2700000,14400000,2700000,Approved,23800000,3.3409083316117427,0.6176470328719734
1,Graduate,1,3800000,10500000,12,710,1800000,6200000,12500000,2500000,Approved,23000000,2.763157167590219,0.4565217192816644
3,0t Graduate,1,6100000,20900000,18,470,500000,8500000,18000000,7500000,Rejected,34500000,3.4262289465198448,0.6057970838899396
5,0t Graduate,1,5500000,17300000,16,874,1000000,2900000,13700000,7900000,Approved,25500000,3.145453973553823,0.6784313459438688
5,0t Graduate,1,500000,1800000,18,411,1000000,500000,1300000,200000,Rejected,3000000,3.5999928000144,0.5999998000000667
0,0t Graduate,1,300000,1100000,2,482,200000,100000,1100000,400000,Approved,1800000,3.666654444485185,0.6111107716051268
1,Graduate,1,6200000,16900000,2,396,10600000,7500000,23700000,7600000,Rejected,49400000,2.7258060119667724,0.3421052562326871
0,0t Graduate,0,300000,900000,20,436,0,400000,600000,200000,Rejected,1200000,2.9999900000333333,0.7499993750005208
0,0t Graduate,1,6900000,22100000,20,303,13600000,4600000,22000000,6900000,Rejected,47100000,3.2028980865365093,0.46921442740521385
4,Graduate,0,3700000,11400000,12,728,4200000,5800000,7300000,2300000,Approved,19600000,3.0810802483566895,0.5816326233860907
3,0t Graduate,1,8800000,28600000,10,775,5200000,5000000,32000000,9600000,Approved,51800000,3.24999963068186,0.5521235414647965
5,Graduate,1,8200000,23500000,12,402,15100000,1500000,24300000,5800000,Rejected,46700000,2.8658533090422793,0.5032119806592724
1,0t Graduate,1,9200000,31500000,18,698,5300000,6100000,20400000,8300000,Approved,40100000,3.42391267131384,0.7855361400115676
0,0t Graduate,0,2400000,7800000,14,665,5200000,2900000,6200000,2900000,Approved,17200000,3.2499986458338976,0.45348834572742175
4,0t Graduate,0,4100000,13500000,18,490,4700000,6200000,13900000,2000000,Rejected,26800000,3.2926821237360673,0.5037313244876371
1,Graduate,0,8000000,31900000,12,504,23800000,1500000,22100000,6000000,Rejected,53400000,3.9874995015625623,0.5973782659666992
3,0t Graduate,1,3600000,8600000,8,790,5400000,5900000,9800000,5200000,Approved,26300000,2.3888882253088264,0.32699618528531615
1,0t Graduate,1,700000,2700000,20,669,100000,1000000,2600000,500000,Approved,4200000,3.8571373469466472,0.6428569897959548
4,0t Graduate,0,8300000,30700000,6,381,21700000,2300000,26700000,4600000,Rejected,55300000,3.6987947350849715,0.5551536970134955
0,Graduate,1,5300000,15000000,2,900,1700000,2100000,21000000,5800000,Approved,30600000,2.83018814524752,0.4901960624118934
4,Graduate,0,8300000,24900000,16,506,15400000,5600000,26700000,7000000,Rejected,54700000,2.9999996385542604,0.4552102293380214
3,0t Graduate,1,2500000,8800000,12,538,4900000,1800000,9100000,3300000,Rejected,19100000,3.5199985920005634,0.4607329601710492
3,Graduate,1,5400000,14400000,8,677,11000000,7900000,20800000,3100000,Approved,42800000,2.6666661728395975,0.33644859026989277
4,Graduate,0,1600000,4900000,8,685,3200000,2000000,3800000,1500000,Approved,10500000,3.0624980859386963,0.46666662222222643
2,0t Graduate,0,2400000,6200000,12,860,4900000,3700000,9500000,1100000,Approved,19200000,2.583332256944893,0.32291664984809115
5,0t Graduate,0,6300000,14800000,6,608,16100000,10500000,21800000,5400000,Approved,53800000,2.3492059763165116,0.2750929316897225
4,Graduate,1,2500000,5300000,10,540,2300000,2800000,7100000,1700000,Rejected,13900000,2.1199991520003394,0.3812949365974866
0,Graduate,1,7500000,16800000,16,492,21500000,4800000,25400000,11100000,Rejected,62800000,2.2399997013333732,0.26751591930707136
3,0t Graduate,0,2900000,8500000,14,834,1200000,4500000,8800000,1800000,Approved,16300000,2.9310334720574236,0.5214723606458674
3,Graduate,1,1000000,3500000,16,834,800000,1700000,3000000,700000,Approved,6200000,3.4999965000035,0.5645160379812842
2,Graduate,1,8600000,28800000,8,890,23300000,5900000,21200000,7200000,Approved,57600000,3.3488368199026954,0.4999999913194446
1,0t Graduate,0,300000,1100000,12,443,600000,400000,1200000,200000,Rejected,2400000,3.666654444485185,0.45833314236119066
5,0t Graduate,0,2300000,5700000,18,329,5600000,3300000,4900000,2700000,Rejected,16500000,2.47825979206096,0.3454545245179076
2,0t Graduate,1,2400000,5400000,12,739,300000,2500000,5000000,3000000,Approved,10800000,2.2499990625003905,0.499999953703708
5,Graduate,1,9800000,30300000,6,867,20800000,16000000,30200000,7600000,Approved,74600000,3.0918364192003653,0.40616621439455475
2,0t Graduate,0,8100000,24800000,6,307,200000,4000000,31100000,10500000,Rejected,45800000,3.061728017070615,0.5414847043343951
3,Graduate,0,6700000,15500000,18,492,2100000,2000000,26300000,9400000,Rejected,39800000,2.313432490532464,0.3894472263957983
1,0t Graduate,1,8400000,24700000,18,698,23000000,13200000,32700000,12200000,Approved,81100000,2.940475840419543,0.30456226504855405
2,Graduate,0,200000,700000,8,851,400000,200000,800000,200000,Approved,1600000,3.4999825000874996,0.4374997265626709
2,Graduate,0,4700000,12500000,14,375,1300000,6300000,10100000,5400000,Rejected,23100000,2.6595739022183187,0.541125517700194
0,Graduate,1,4300000,14300000,14,601,3800000,900000,16700000,5700000,Approved,27100000,3.325580621957995,0.5276752572813558
4,0t Graduate,0,2200000,7000000,20,756,3600000,3900000,5700000,1200000,Approved,14400000,3.1818167355378475,0.4861110773533974
4,Graduate,1,8600000,19200000,4,868,20400000,1500000,32800000,9300000,Approved,64000000,2.2325578799351304,0.2999999953125001
4,Graduate,1,2000000,7200000,10,838,2500000,300000,7600000,1000000,Approved,11400000,3.5999982000009,0.6315788919667639
4,0t Graduate,1,4200000,15900000,14,375,7200000,7900000,16200000,3000000,Rejected,34300000,3.785713384353956,0.4635568377971767
0,0t Graduate,1,5100000,12500000,18,778,3300000,1000000,14800000,3200000,Approved,22300000,2.4509799115725666,0.560538091455691
2,Graduate,1,4100000,11200000,6,442,12200000,4100000,10000000,4500000,Rejected,30800000,2.7317066508032557,0.3636363518299886
1,Graduate,1,9900000,39500000,12,808,11800000,3700000,30200000,13500000,Approved,59200000,3.9898985868789305,0.6672297184589575
1,0t Graduate,1,3200000,9000000,20,372,2700000,2800000,7200000,3800000,Rejected,16500000,2.8124991210940244,0.5454545123966962
2,Graduate,0,5500000,19000000,4,597,1100000,4000000,18700000,5300000,Approved,29100000,3.454544826446395,0.652920939762167
0,Graduate,1,7800000,29100000,20,435,21100000,13000000,17300000,9700000,Rejected,61100000,3.7307687524655444,0.47626840464372494
3,Graduate,1,3400000,9700000,20,728,1500000,1500000,7300000,2400000,Approved,12700000,2.852940337370489,0.7637794674189395
4,Graduate,1,7900000,25900000,14,373,10900000,14300000,27700000,7600000,Rejected,60500000,3.2784805976606837,0.42809916647769974
3,Graduate,1,8900000,18500000,10,367,6100000,0,32000000,10300000,Rejected,48400000,2.0786514518369157,0.3822313970613348
2,Graduate,0,7300000,19100000,14,552,2000000,13400000,16800000,4000000,Approved,36200000,2.6164379977482195,0.5276242948170085
4,0t Graduate,1,3300000,10600000,8,465,500000,4400000,7300000,2800000,Rejected,15000000,3.2121202387514427,0.7066666195555587
4,Graduate,1,2900000,10500000,8,607,4400000,5500000,7600000,3800000,Approved,21300000,3.6206884066591702,0.4929577233353182
2,Graduate,1,500000,1300000,4,427,1400000,500000,1800000,600000,Rejected,4300000,2.5999948000104,0.30232551108709044
3,0t Graduate,0,7200000,21200000,4,711,10800000,4200000,24900000,5700000,Approved,45600000,2.944444035493884,0.46491227050630984
3,0t Graduate,0,8300000,24100000,14,823,5900000,700000,24000000,7700000,Approved,38300000,2.9036141079983,0.629242803414026
1,0t Graduate,1,8700000,20500000,6,523,19300000,6500000,23700000,4800000,Rejected,54300000,2.3563215682389003,0.3775322214082464
4,0t Graduate,1,7100000,27900000,10,328,9000000,13400000,26500000,7700000,Rejected,56600000,3.9295769113271954,0.4929328534817517
3,Graduate,1,9800000,28200000,12,721,15800000,6500000,21900000,9600000,Approved,53800000,2.8775507267805382,0.5241635590304171
0,Graduate,1,6900000,17000000,20,599,18100000,9400000,26600000,4300000,Approved,58400000,2.463767758874238,0.2910958854264403
0,0t Graduate,0,2400000,5000000,14,580,5900000,4400000,5500000,3200000,Approved,19000000,2.0833324652781395,0.26315788088642733
1,0t Graduate,1,2100000,4900000,10,744,200000,2000000,5400000,1000000,Approved,8600000,2.3333322222227513,0.5697673756084447
2,Graduate,1,7200000,23900000,4,559,4200000,12200000,17800000,10800000,Approved,45000000,3.319443983410558,0.5311110993086422
2,Graduate,0,4600000,13500000,16,587,7700000,5900000,10600000,5000000,Approved,29200000,2.9347819706995715,0.46232875129011125
5,Graduate,1,9900000,31800000,18,817,23400000,700000,32600000,11500000,Approved,68200000,3.2121208876645566,0.4662756529871605
4,0t Graduate,1,300000,1000000,20,655,0,100000,1100000,400000,Approved,1600000,3.3333222222592593,0.6249996093752441
5,Graduate,1,6900000,23900000,6,382,17100000,6900000,21500000,8900000,Rejected,54400000,3.4637676139467226,0.4393382272180473
2,Graduate,1,1700000,4300000,6,765,5000000,1500000,3400000,900000,Approved,10800000,2.5294102768174844,0.39814811128258226
2,Graduate,1,4400000,10000000,20,516,7400000,7600000,12200000,5100000,Rejected,32300000,2.2727267561984643,0.3095975136347519
4,0t Graduate,1,4300000,15000000,8,383,4700000,100000,9000000,4900000,Rejected,18700000,3.4883712817741204,0.8021389945380217
2,0t Graduate,0,3700000,14100000,6,633,800000,200000,11300000,3400000,Approved,15700000,3.8108097808622214,0.898089114771394
1,Graduate,0,5900000,15200000,2,547,17100000,2000000,14700000,3600000,Rejected,37400000,2.576270749784619,0.4064171014326978
5,0t Graduate,1,8600000,26300000,10,843,23300000,9800000,18100000,11300000,Approved,62500000,3.058139179286142,0.42079999326720013
3,0t Graduate,1,3400000,13200000,8,783,6500000,300000,13000000,4900000,Approved,24700000,3.882351799308294,0.5344129338294359
3,0t Graduate,1,1000000,3200000,14,790,1900000,100000,3600000,1100000,Approved,6700000,3.1999968000032,0.4776118690131539
1,0t Graduate,1,4400000,14200000,16,409,12700000,1300000,12600000,4500000,Rejected,31100000,3.2272719938018195,0.4565916251899799
0,0t Graduate,0,3600000,7800000,14,376,9800000,6900000,11900000,3000000,Rejected,31600000,2.166666064814982,0.24683543522672674
3,0t Graduate,0,1400000,2700000,8,625,3100000,1800000,3400000,1000000,Approved,9300000,1.9285700510213921,0.2903225494276829
0,0t Graduate,0,5300000,10900000,18,707,12900000,2600000,12700000,7600000,Approved,35800000,2.056603385546531,0.30446926523828866
3,Graduate,1,9400000,20500000,6,645,17400000,13000000,24500000,10200000,Approved,65100000,2.1808508318243796,0.31490014877265515
4,0t Graduate,1,6600000,22100000,6,887,3600000,3500000,19800000,4700000,Approved,31600000,3.3484843411387364,0.6993670664757258
5,Graduate,0,9800000,37600000,18,319,19200000,5100000,19900000,5100000,Rejected,49300000,3.836734302374051,0.7626774693168871
1,0t Graduate,0,1900000,4900000,20,647,4100000,2100000,6800000,1700000,Approved,14700000,2.578946011081047,0.3333333106575979
2,0t Graduate,1,5800000,22500000,6,888,11900000,2600000,17100000,4800000,Approved,36400000,3.8793096759810903,0.6181318511502238
2,0t Graduate,0,3100000,10400000,10,420,6900000,5900000,10000000,3500000,Rejected,26300000,3.354837627471733,0.39543724732177765
0,Graduate,0,6800000,18400000,2,791,4000000,900000,20200000,9900000,Approved,35000000,2.7058819550173596,0.525714270693878
5,0t Graduate,0,4600000,16200000,12,891,5900000,1200000,10800000,3700000,Approved,21600000,3.5217383648394858,0.7499999652777793
2,0t Graduate,1,200000,700000,16,641,600000,200000,600000,100000,Approved,1500000,3.4999825000874996,0.46666635555576297
3,0t Graduate,1,9500000,22800000,6,319,200000,18800000,34100000,9400000,Rejected,62500000,2.399999747368448,0.3647999941632001
5,0t Graduate,1,6200000,22200000,20,819,13500000,6600000,21700000,8700000,Approved,50500000,3.5806445837670027,0.43960395169101085
4,0t Graduate,1,9700000,32300000,18,387,11600000,14300000,20000000,5400000,Rejected,51300000,3.3298965639281892,0.6296296173561479
5,Graduate,1,4200000,12300000,2,686,10500000,200000,15600000,4200000,Approved,30500000,2.928570731292683,0.4032786753023385
1,Graduate,1,5700000,12000000,4,415,15700000,900000,17300000,7400000,Rejected,41300000,2.105262788550388,0.29055689369111637
2,Graduate,1,200000,500000,6,885,0,0,300000,200000,Rejected,500000,2.4999875000625,0.999998000004
4,Graduate,0,8000000,25500000,4,722,17200000,13900000,26200000,4900000,Approved,62200000,3.18749960156255,0.4099678390680412
4,Graduate,0,5200000,20400000,20,761,4700000,1600000,14300000,6200000,Approved,26800000,3.923076168639198,0.761194001447985
1,Graduate,1,7100000,15200000,8,389,5900000,900000,24300000,5900000,Rejected,37000000,2.140844768895103,0.4108107997078162
1,Graduate,1,9300000,27900000,12,600,2100000,4200000,29000000,6600000,Approved,41900000,2.9999996774193893,0.6658711058264652
5,Graduate,0,2000000,6100000,2,407,1900000,1900000,4600000,2000000,Approved,10400000,3.0499984750007627,0.586538405140538
3,Graduate,1,3900000,14000000,18,829,5200000,4000000,11600000,2700000,Approved,23500000,3.5897426692967516,0.5957446555002274
2,0t Graduate,0,2800000,5900000,6,895,1000000,3900000,10900000,1500000,Approved,17300000,2.1071421045921057,0.3410404427144253
5,Graduate,1,3000000,11100000,12,441,8500000,2500000,7300000,2000000,Rejected,20300000,3.6999987666670777,0.546798002620788
4,0t Graduate,0,4500000,9800000,16,895,9800000,8200000,13900000,5500000,Approved,37400000,2.177777293827268,0.26203207855529204
4,Graduate,0,1900000,4300000,4,826,2400000,0,7000000,900000,Approved,10300000,2.263156703601735,0.41747568762371967
1,Graduate,0,2300000,7200000,8,453,3000000,2100000,8100000,3400000,Rejected,16600000,3.1304334215506864,0.4337349136304269
0,Graduate,0,4700000,17500000,2,701,5400000,2300000,11700000,7000000,Approved,26400000,3.723403463105646,0.6628787627697438
2,0t Graduate,1,1300000,2700000,8,627,100000,300000,2600000,1300000,Approved,4300000,2.07692147929117,0.6279068307193417
3,Graduate,0,3100000,11000000,2,543,5900000,2200000,9000000,2400000,Approved,19500000,3.5483859521335637,0.5641025351742289
0,Graduate,0,8400000,17500000,18,411,13200000,5300000,31300000,10400000,Rejected,60200000,2.08333308531749,0.2906976695897397
5,Graduate,1,1700000,5800000,4,583,2000000,1800000,6000000,2300000,Approved,12100000,3.4117626989631185,0.4793388033604295
2,0t Graduate,0,1900000,7500000,2,889,600000,1100000,7100000,2600000,Approved,11400000,3.947366343491398,0.6578946791320457
3,0t Graduate,0,2400000,8600000,8,684,3400000,2400000,6200000,1600000,Approved,13600000,3.5833318402784,0.6323528946799342
5,Graduate,0,6800000,20500000,10,578,500000,11800000,27200000,3400000,Approved,42900000,3.014705439013906,0.4778554667166558
1,Graduate,0,2900000,10900000,20,445,6600000,2800000,9300000,2600000,Rejected,21300000,3.7586193935795196,0.5117370651766636
4,Graduate,1,8900000,26300000,10,369,23900000,7000000,27400000,12100000,Rejected,70400000,2.955055847746534,0.3735795401480179
1,0t Graduate,0,8800000,22200000,18,794,8400000,11900000,21000000,10500000,Approved,51800000,2.5227269860537516,0.428571420297849
0,Graduate,1,8200000,19200000,16,492,16500000,9200000,20000000,7200000,Rejected,52900000,2.3414631290898624,0.36294895344141864
3,0t Graduate,1,3600000,13200000,16,557,9800000,4000000,9900000,2100000,Approved,25800000,3.666665648148431,0.5116278871462059
4,Graduate,1,9500000,31800000,6,519,5900000,1300000,28400000,12200000,Rejected,47800000,3.347368068698098,0.6652719526093733
0,0t Graduate,1,1900000,5700000,18,699,5500000,200000,6500000,2000000,Approved,14200000,2.9999984210534625,0.4014084224360266
3,0t Graduate,1,9100000,24600000,2,741,8000000,4000000,35500000,13600000,Approved,61100000,2.703296406231164,0.4026186513483036
5,Graduate,0,1100000,3800000,18,508,200000,1800000,2300000,900000,Rejected,5200000,3.454542314052442,0.7307690902367134
5,0t Graduate,1,1100000,2800000,10,647,2700000,2000000,4300000,1400000,Approved,10400000,2.5454522314070624,0.26923074334319774
1,Graduate,0,9300000,28600000,14,656,17300000,9100000,27400000,12500000,Approved,66300000,3.07526848653027,0.43137254251323465
4,Graduate,1,3900000,10600000,2,439,300000,7600000,14800000,2500000,Rejected,25200000,2.717948021038969,0.42063490394305936
5,0t Graduate,1,1500000,4000000,12,350,2900000,1900000,4400000,1200000,Rejected,10400000,2.666664888890074,0.38461534763313965
5,Graduate,0,800000,2200000,6,493,900000,500000,2800000,1000000,Rejected,5200000,2.749996562504297,0.42307684171599197
4,Graduate,0,600000,1800000,6,851,100000,1100000,2100000,800000,Approved,4100000,2.9999950000083335,0.43902428316480896
2,Graduate,0,4400000,12500000,18,492,7900000,1200000,10100000,2700000,Rejected,21900000,2.840908445248081,0.570776229644921
4,Graduate,1,2700000,5400000,6,861,6300000,2400000,6700000,2700000,Approved,18100000,1.9999992592595337,0.29834252495345165
3,0t Graduate,1,6200000,14600000,2,664,18300000,8400000,16800000,6600000,Approved,50100000,2.3548383298647857,0.2914171598519529
5,Graduate,1,700000,1300000,16,362,2100000,1300000,2000000,1000000,Rejected,6400000,1.8571402040854228,0.20312496826172372
0,Graduate,0,3400000,9400000,6,703,600000,6000000,8600000,2600000,Approved,17800000,2.7647050692043913,0.5280898579724799
1,0t Graduate,1,4900000,16800000,12,758,1700000,2700000,11100000,5900000,Approved,21400000,3.4285707288631166,0.7850466922875378
3,0t Graduate,1,4200000,9700000,2,396,700000,8200000,8600000,4300000,Rejected,21800000,2.309523259637319,0.4449541080296281
0,Graduate,1,5300000,10600000,2,828,8100000,6700000,17400000,5800000,Approved,38000000,1.9999996226415806,0.2789473610803326
5,Graduate,1,3700000,10000000,20,709,8000000,800000,12000000,2200000,Approved,23000000,2.70270197224271,0.4347825897920613
4,0t Graduate,1,5600000,17500000,10,528,14200000,2300000,12100000,7200000,Rejected,35800000,3.1249994419643854,0.48882680198807815
2,Graduate,1,4300000,16000000,14,623,9800000,6700000,17000000,4500000,Approved,38000000,3.7209293672257284,0.42105262049861525
4,0t Graduate,1,7100000,24500000,14,599,9100000,7000000,20400000,6800000,Approved,43300000,3.4507037393375013,0.5658198483644377
4,Graduate,1,5400000,12700000,4,622,11000000,3300000,15100000,6500000,Approved,35900000,2.351851416323812,0.3537604358284001
0,0t Graduate,0,6000000,13100000,6,385,16600000,7600000,22000000,7400000,Rejected,53600000,2.183332969444505,0.24440298051486978
4,Graduate,1,4100000,12500000,2,579,10900000,7200000,12200000,2000000,Approved,32300000,3.0487797442000626,0.3869968920434399
4,0t Graduate,0,8300000,17900000,20,846,12700000,1300000,26800000,12200000,Approved,53000000,2.156626246189609,0.3377358426842294
3,Graduate,0,8100000,23900000,10,449,7100000,6100000,28300000,8900000,Rejected,50400000,2.9506169196769236,0.47420633979749327
1,0t Graduate,0,7200000,24900000,14,666,3600000,11600000,16600000,5800000,Approved,37600000,3.458332853009326,0.6622340249405845
5,Graduate,0,7200000,17500000,4,380,2300000,400000,17500000,6200000,Rejected,26400000,2.430555217978442,0.6628787627697438
2,Graduate,1,3500000,8100000,4,589,3800000,6700000,12500000,2700000,Approved,25700000,2.3142850530614134,0.31517508501264263
1,Graduate,0,6200000,19500000,12,845,9100000,2900000,15300000,4000000,Approved,31300000,3.1451607830385835,0.6230031749839241
3,0t Graduate,0,5200000,17300000,10,401,2600000,1400000,12700000,6400000,Rejected,23100000,3.3269224371303006,0.7489177164970685
0,0t Graduate,0,4500000,14500000,2,766,6100000,8400000,17200000,6600000,Approved,38300000,3.2222215061729984,0.3785900684441235
5,0t Graduate,0,5400000,15100000,12,522,5200000,4700000,13900000,5700000,Rejected,29500000,2.7962957784637448,0.5118643894283258
3,0t Graduate,1,2000000,6900000,6,834,2200000,2800000,6400000,3000000,Approved,14400000,3.4499982750008624,0.479166633391206
3,Graduate,0,8900000,25400000,8,588,19400000,12100000,18800000,4500000,Approved,54800000,2.8539322636031166,0.4635036411769409
2,Graduate,0,5000000,10600000,4,570,11900000,900000,14800000,7100000,Approved,34700000,2.119999576000085,0.30547549551943814
2,Graduate,0,4900000,17600000,6,860,13600000,7500000,12700000,5600000,Approved,39400000,3.591836001666122,0.44670049627663716
4,Graduate,1,5300000,19200000,4,655,14200000,6900000,17800000,3900000,Approved,42800000,3.6226408259168252,0.448598120359857
3,0t Graduate,1,8500000,27700000,4,457,3600000,400000,18900000,5200000,Approved,28100000,3.258823146020806,0.985765089474552
5,Graduate,1,700000,2100000,14,863,100000,1200000,2700000,600000,Approved,4600000,2.9999957142918365,0.45652163988660005
3,0t Graduate,1,5900000,18900000,4,742,10800000,4500000,23200000,8000000,Approved,46500000,3.2033892875611376,0.4064516041623311
3,Graduate,0,3500000,13300000,4,798,7400000,5300000,12100000,3600000,Approved,28400000,3.7999989142860247,0.46830984266514636
5,0t Graduate,1,7700000,18900000,16,552,15600000,6100000,23900000,6600000,Approved,52200000,2.454545135773359,0.3620689585810544
2,0t Graduate,1,4500000,12500000,12,418,400000,4300000,12400000,4300000,Rejected,21400000,2.7777771604939643,0.5841121222377513
0,Graduate,0,9100000,22200000,6,419,7400000,600000,18200000,9800000,Rejected,36000000,2.4395601714769044,0.6166666495370375
1,0t Graduate,1,9000000,29900000,2,668,22100000,7200000,24400000,4700000,Approved,58400000,3.322221853086461,0.5119862926029745
2,0t Graduate,0,8900000,29200000,8,608,10800000,5200000,33500000,11700000,Approved,61200000,3.2808985077642125,0.4771241752103893
5,0t Graduate,0,6500000,13800000,10,342,15300000,2300000,14400000,7300000,Rejected,39300000,2.123076596449754,0.35114502923295093
4,0t Graduate,1,8100000,18000000,8,817,1400000,7800000,16900000,10800000,Approved,36900000,2.2222219478738334,0.48780486482913643
1,0t Graduate,0,8400000,29900000,16,476,16100000,2400000,32700000,7500000,Rejected,58700000,3.5595233857710253,0.5093696676427655
0,0t Graduate,0,5300000,20000000,6,881,15900000,3700000,19500000,4000000,Approved,43100000,3.7735841936633596,0.4640371122033153
2,Graduate,0,4100000,15600000,12,838,5500000,4800000,15100000,2700000,Approved,28100000,3.804877120761678,0.5551601225921664
3,0t Graduate,0,6900000,27400000,4,406,10200000,6500000,23900000,5300000,Approved,45900000,3.9710139172443597,0.5969498780620942
1,Graduate,1,5200000,19500000,12,778,5200000,4300000,19900000,5800000,Approved,35200000,3.7499992788462926,0.5539772569892825
5,0t Graduate,1,2000000,7400000,14,799,3600000,3700000,4300000,1100000,Approved,12700000,3.699998150000925,0.5826771194742426
3,Graduate,0,4600000,17800000,20,716,12600000,2600000,10800000,4500000,Approved,30500000,3.8695643761816574,0.5836065382424086
0,Graduate,1,7100000,20100000,16,756,8000000,5000000,17600000,5400000,Approved,36000000,2.8309855167626035,0.5583333178240745
0,0t Graduate,0,9300000,20100000,10,743,4800000,1800000,21900000,13600000,Approved,42100000,2.1612900901838614,0.47743466799442597
3,0t Graduate,0,5400000,19400000,20,731,13800000,3200000,20000000,4300000,Approved,41300000,3.592591927297791,0.4697336448006381
3,0t Graduate,0,4100000,8500000,2,833,12000000,0,16200000,3400000,Approved,31600000,2.0731702260560425,0.2689873332598945
4,0t Graduate,0,4900000,11400000,8,470,12000000,7500000,14700000,4800000,Rejected,39000000,2.326530137442829,0.2923076848126235
5,Graduate,1,5400000,21200000,20,734,7300000,1800000,11500000,7500000,Approved,28100000,3.925925198902741,0.754448371727816
0,Graduate,0,3000000,9600000,12,620,7900000,0,8600000,3600000,Approved,20100000,3.199998933333689,0.4776119165367206
0,0t Graduate,1,6800000,14400000,8,812,15200000,4500000,21100000,6400000,Approved,47200000,2.11764674740489,0.3050847392990521
4,Graduate,1,5100000,14000000,12,459,9800000,0,10400000,6800000,Rejected,27000000,2.745097500961274,0.5185184993141296
0,Graduate,1,9800000,32600000,10,704,7000000,12100000,30000000,4900000,Approved,54000000,3.3265302728030335,0.6037036925240057
1,Graduate,1,1600000,4100000,6,391,4300000,1400000,5700000,700000,Rejected,12100000,2.562498398438501,0.33884294720306224
4,Graduate,0,8000000,29100000,4,421,3100000,12000000,27000000,8800000,Approved,50900000,3.637499545312557,0.5717092225597402
5,Graduate,0,2900000,6700000,14,796,3800000,3700000,9700000,4200000,Approved,21400000,2.3103440309158514,0.3130840975194347
4,Graduate,0,9200000,30300000,10,607,24000000,16600000,29600000,8900000,Approved,79100000,3.2934779028828367,0.38305941361492524
3,0t Graduate,0,9500000,20400000,14,376,2300000,6600000,25900000,8400000,Rejected,43200000,2.147368195013874,0.4722222112911525
0,Graduate,1,3700000,8500000,8,424,1900000,5600000,14800000,4100000,Rejected,26400000,2.2972966764063036,0.32196968477387555
5,Graduate,1,7100000,20800000,6,442,2900000,7100000,28200000,7100000,Rejected,45300000,2.929577052172246,0.4591611377668623
5,0t Graduate,0,5600000,17600000,14,448,6700000,3500000,18900000,6800000,Rejected,35900000,3.142856581632753,0.4902506827228222
0,Graduate,1,1200000,2700000,2,638,1500000,500000,2700000,1500000,Approved,6200000,2.2499981250015626,0.43548380072841925
3,0t Graduate,0,1600000,5600000,6,710,3100000,800000,6000000,1600000,Approved,11500000,3.499997812501367,0.48695647939508874
4,0t Graduate,1,1600000,4800000,20,641,4200000,1000000,4100000,1400000,Approved,10700000,2.999998125001172,0.44859808891606645
2,0t Graduate,0,5300000,20200000,10,348,9200000,9500000,17300000,6100000,Rejected,42100000,3.8113200355999934,0.4798099648501196
5,0t Graduate,0,9100000,19900000,20,519,9300000,16400000,28900000,10500000,Rejected,65100000,2.1868129465040718,0.3056835590524799
4,0t Graduate,1,9400000,35000000,10,517,10700000,15100000,27500000,6700000,Rejected,60000000,3.7234038592123553,0.5833333236111112
3,0t Graduate,0,5900000,22400000,6,375,6500000,10500000,18100000,4800000,Rejected,39900000,3.7966095259983854,0.5614034947016668
2,Graduate,1,1100000,3400000,10,426,300000,800000,3900000,1400000,Rejected,6400000,3.09090628099429,0.5312499169922005
4,Graduate,1,3100000,11500000,14,785,3200000,3100000,9100000,4200000,Approved,19600000,3.7096762226850895,0.5867346639421089
4,0t Graduate,0,2200000,8600000,20,373,4100000,1300000,5900000,1400000,Rejected,12700000,3.9090891322322125,0.6771653010106062
1,Graduate,0,6000000,20100000,6,476,13900000,10000000,15200000,5500000,Rejected,44600000,3.3499994416667596,0.4506726356351427
1,Graduate,1,2000000,5600000,18,320,2400000,2300000,4600000,2100000,Rejected,11400000,2.7999986000006998,0.49122802708526075
4,Graduate,0,7200000,22900000,18,657,14600000,400000,17400000,8800000,Approved,41200000,3.18055511381179,0.555825229227543
1,0t Graduate,1,500000,1900000,12,868,200000,500000,1800000,300000,Approved,2800000,3.7999924000152,0.6785711862245764
1,0t Graduate,1,5800000,13900000,6,345,4000000,9300000,20900000,5500000,Rejected,39700000,2.396551310939429,0.35012593576508977
0,0t Graduate,0,200000,300000,6,472,400000,100000,700000,0,Rejected,1200000,1.4999925000374998,0.24999979166684028
4,0t Graduate,1,4600000,9500000,20,613,5200000,5900000,13700000,3000000,Approved,27800000,2.065216942344143,0.341726606412712
5,0t Graduate,1,4600000,12800000,14,769,13100000,8600000,12100000,3500000,Approved,37300000,2.7826080907373716,0.3431635296739
1,Graduate,0,6500000,23100000,20,741,11400000,8500000,25700000,7900000,Approved,53500000,3.553845607100676,0.43177569286400574
4,0t Graduate,1,4400000,16600000,14,889,800000,1400000,14900000,5900000,Approved,23000000,3.772726415289451,0.7217390990548218
0,0t Graduate,1,900000,3600000,10,683,1400000,700000,3500000,400000,Approved,6000000,3.999995555560494,0.5999999000000167
0,0t Graduate,1,3200000,7400000,18,780,4200000,2600000,9000000,2800000,Approved,18600000,2.3124992773439756,0.3978494409758365
3,Graduate,0,600000,1100000,8,538,500000,800000,1400000,300000,Rejected,3000000,1.8333302777828704,0.3666665444444852
1,0t Graduate,0,5200000,12600000,10,721,1100000,8700000,13900000,3600000,Approved,27300000,2.4230764571006813,0.4615384446322914
3,0t Graduate,1,6400000,15200000,14,467,15500000,9100000,18400000,3200000,Rejected,46200000,2.374999628906308,0.3290043218830233
2,0t Graduate,0,1000000,2500000,6,551,1700000,200000,3700000,900000,Approved,6500000,2.4999975000025,0.38461532544379606
2,0t Graduate,0,6800000,14800000,14,803,11300000,3300000,19600000,6600000,Approved,40800000,2.176470268166137,0.3627450891484047
0,Graduate,0,3000000,8400000,10,361,7700000,200000,7300000,1800000,Rejected,17000000,2.799999066666978,0.4941176179930813
1,0t Graduate,1,8700000,30700000,6,708,20600000,4500000,27600000,9300000,Approved,62000000,3.5287352265821577,0.49516128233610834
4,Graduate,1,8800000,20900000,18,766,13500000,15400000,34500000,13100000,Approved,76500000,2.374999730113667,0.273202610807809
1,0t Graduate,1,3900000,11500000,2,464,9300000,5700000,12400000,5100000,Rejected,32500000,2.948717192636617,0.3538461429585802
5,Graduate,0,1700000,4300000,2,517,100000,200000,6200000,1600000,Rejected,8100000,2.5294102768174844,0.5308641319920825
3,0t Graduate,1,900000,2300000,6,747,1200000,200000,2900000,600000,Approved,4900000,2.5555527160525378,0.46938765930864096
1,0t Graduate,0,7200000,24700000,6,596,8800000,1400000,21700000,5800000,Approved,37700000,3.4305550790895722,0.6551723964145253
0,Graduate,0,9200000,25400000,2,783,25400000,2000000,19600000,12400000,Approved,59400000,2.760869265122906,0.42760942041061584
3,0t Graduate,0,5700000,19400000,2,335,7400000,10600000,20600000,7100000,Approved,45700000,3.403508174823127,0.4245076493543184
5,0t Graduate,1,1100000,2700000,4,889,1900000,1000000,2200000,500000,Approved,5600000,2.4545432231425246,0.4821427710459337
2,0t Graduate,1,1100000,2200000,4,874,1900000,1300000,2100000,900000,Approved,6200000,1.9999981818198347,0.35483865244537866
0,Graduate,1,6000000,23900000,4,394,6700000,5800000,21900000,4500000,Approved,38900000,3.983332669444555,0.6143958710952219
2,Graduate,1,8100000,28500000,20,420,1500000,1400000,31800000,10000000,Rejected,44700000,3.5185180841335697,0.6375838783538282
2,0t Graduate,1,6500000,25100000,20,848,11500000,8600000,17400000,4400000,Approved,41900000,3.861537867455713,0.5990453317650278
0,Graduate,1,7600000,17900000,16,788,1700000,7800000,27100000,5900000,Approved,42500000,2.3552628479917304,0.4211764606782009
1,Graduate,0,2200000,4900000,8,509,3800000,0,5400000,2900000,Rejected,12100000,2.227271714876493,0.40495864421829386
4,Graduate,1,6300000,23900000,6,899,0,11400000,20600000,6700000,Approved,38700000,3.7936501914840965,0.6175710434736165
4,0t Graduate,1,6700000,15800000,12,466,7500000,4600000,19900000,6600000,Rejected,38600000,2.3582086032524474,0.40932641426615507
5,Graduate,1,1300000,4300000,2,595,1300000,500000,2900000,1500000,Approved,6200000,3.3076897633155666,0.6935482752341492
1,0t Graduate,0,2800000,6700000,12,322,1900000,2000000,8600000,2100000,Rejected,14600000,2.3928562882656115,0.4589040781572549
3,Graduate,0,7000000,18900000,2,691,6300000,7400000,15200000,3900000,Approved,32800000,2.6999996142857694,0.5762194946274545
3,0t Graduate,1,8800000,26700000,10,379,10100000,15500000,27000000,9700000,Rejected,62300000,3.0340905643078906,0.4285714216922725
0,Graduate,0,8900000,25800000,18,531,12400000,3400000,22900000,5400000,Rejected,44100000,2.8988760787779686,0.585034000339365
5,0t Graduate,0,7000000,21800000,4,631,8100000,7100000,14600000,10000000,Approved,39800000,3.1142852693878185,0.5477386797050583
0,Graduate,1,6900000,18600000,10,330,19600000,9400000,16400000,4500000,Rejected,49900000,2.695651783238872,0.37274548351211456
5,Graduate,0,9200000,29200000,16,383,17700000,13300000,30400000,5700000,Rejected,67100000,3.1739126984877504,0.4351713795056426
0,Graduate,1,6100000,19700000,16,678,13700000,2300000,19300000,5500000,Approved,40800000,3.229507667293825,0.4828431254205116
1,Graduate,1,4400000,14700000,8,894,11400000,6300000,9400000,2400000,Approved,29500000,3.3409083316117427,0.4983050678540655
4,0t Graduate,0,9900000,22700000,12,567,28300000,9900000,29700000,5400000,Approved,73300000,2.292929061320297,0.30968621678463554
5,0t Graduate,0,3900000,14000000,4,708,700000,1800000,15600000,5200000,Approved,23300000,3.5897426692967516,0.6008583433108007
3,Graduate,0,6800000,21200000,2,433,10700000,1900000,23200000,6300000,Approved,42100000,3.117646600346088,0.5035629334070563
4,0t Graduate,0,3600000,8700000,14,302,6400000,3700000,7800000,4100000,Rejected,22000000,2.4166659953705567,0.3954545274793397
4,Graduate,0,700000,2600000,14,736,2100000,600000,1900000,400000,Approved,5000000,3.7142804081708456,0.5199998960000208
2,0t Graduate,1,4000000,8500000,6,323,11200000,1000000,14300000,4100000,Rejected,30600000,2.124999468750133,0.2777777687000729
4,Graduate,0,1800000,4100000,12,670,1900000,2900000,4700000,2200000,Approved,11700000,2.277776512346382,0.3504273204762974
3,0t Graduate,0,5600000,21000000,12,609,8800000,11000000,15800000,4900000,Approved,40500000,3.7499993303572623,0.5185185057155924
4,0t Graduate,0,6800000,24200000,18,349,18800000,0,15800000,9400000,Rejected,44000000,3.5588230060554404,0.5499999875000002
5,0t Graduate,1,600000,1500000,2,319,100000,1100000,2100000,600000,Rejected,3900000,2.499995833340278,0.3846152859960805
1,0t Graduate,0,4200000,16200000,14,391,5800000,2100000,14100000,2600000,Rejected,24600000,3.857141938775729,0.6585365585960749
4,0t Graduate,0,5000000,18700000,10,755,3600000,600000,13000000,2600000,Approved,19800000,3.7399992520001497,0.9444443967452325
1,0t Graduate,0,4100000,12200000,6,354,7300000,5600000,16300000,3500000,Rejected,32700000,2.975609030339261,0.37308867360585096
3,0t Graduate,1,2200000,8800000,2,877,5000000,1300000,6400000,3100000,Approved,15800000,3.9999981818190085,0.5569619900656968
1,0t Graduate,0,3400000,8600000,16,312,6400000,6100000,8400000,3000000,Rejected,23900000,2.5294110207614646,0.3598326209275054
0,Graduate,0,7100000,15900000,14,746,9500000,3900000,23500000,8000000,Approved,44900000,2.239436304304746,0.3541202593737136
3,Graduate,0,5800000,19600000,16,313,11100000,8100000,22700000,6300000,Rejected,48200000,3.379309762187972,0.4066389957128839
2,Graduate,0,3400000,12900000,14,857,3400000,2500000,8700000,1900000,Approved,16500000,3.7941165311421967,0.7818181344352646
2,0t Graduate,0,7700000,18300000,20,504,14600000,500000,18300000,4600000,Rejected,38000000,2.37662306797103,0.48157893469529117
0,Graduate,0,500000,1200000,14,556,900000,0,1800000,500000,Approved,3200000,2.3999952000096,0.3749998828125366
2,Graduate,1,5300000,11000000,14,393,6800000,2400000,20500000,5200000,Rejected,34900000,2.075471306514848,0.31518623738721385
0,Graduate,0,4700000,14400000,14,881,11000000,6100000,17600000,2400000,Approved,37100000,3.063829135355503,0.3881401512630687
2,Graduate,1,4300000,12200000,14,719,5100000,2600000,14000000,5700000,Approved,27400000,2.837208642509618,0.4452554582023555
2,Graduate,1,900000,2500000,16,458,0,100000,3200000,1100000,Rejected,4400000,2.777774691361454,0.5681816890496161
4,Graduate,0,2000000,7500000,14,857,4300000,1500000,4200000,2100000,Approved,12100000,3.7499981250009373,0.6198346595177967
2,Graduate,1,2000000,7600000,16,429,5300000,3100000,5800000,2200000,Rejected,16400000,3.79999810000095,0.4634146058893533
3,0t Graduate,0,4100000,15900000,12,538,3900000,800000,8800000,5700000,Rejected,19200000,3.878047834622479,0.8281249568684919
1,0t Graduate,0,6900000,14400000,10,828,4600000,13000000,26700000,9000000,Approved,53300000,2.0869562192817073,0.27016885046587524
5,Graduate,1,2300000,6100000,6,339,5100000,2500000,8300000,2400000,Rejected,18300000,2.6521727599248868,0.3333333151183981
5,Graduate,1,5800000,16600000,18,376,2500000,7500000,21100000,2800000,Rejected,33900000,2.86206847205716,0.4896755017794837
5,0t Graduate,0,8000000,30000000,14,549,14800000,200000,17300000,7000000,Rejected,39300000,3.7499995312500585,0.7633587592020672
3,0t Graduate,1,3700000,12700000,18,587,11000000,3100000,8800000,4100000,Approved,27000000,3.432431504748242,0.4703703529492462
0,0t Graduate,0,2600000,8400000,18,861,0,3500000,6200000,3800000,Approved,13500000,3.2307679881661584,0.6222221761316906
0,0t Graduate,0,3000000,7000000,12,409,6400000,4900000,8000000,3500000,Rejected,22800000,2.3333325555558146,0.30701753039396795
4,Graduate,0,2700000,10200000,4,528,7800000,2200000,10000000,1600000,Approved,21600000,3.777776378601341,0.47222220036008333
4,0t Graduate,0,5700000,19600000,8,691,8800000,2200000,12100000,3000000,Approved,26100000,3.4385958879656338,0.7509578256337998
2,Graduate,0,1500000,3600000,4,584,3900000,1300000,4800000,1700000,Approved,11700000,2.3999984000010666,0.3076922813938221
5,0t Graduate,0,6800000,20000000,4,459,14500000,3000000,25000000,4900000,Rejected,47400000,2.9411760380623475,0.42194091936833505
1,Graduate,1,8100000,31700000,10,755,0,12700000,30100000,4700000,Approved,47500000,3.913579763755585,0.6673684070027703
3,0t Graduate,1,9200000,27700000,20,688,4800000,16300000,25800000,11200000,Approved,58100000,3.010869237948996,0.4767641914498418
1,0t Graduate,1,7600000,26000000,6,384,2600000,1200000,20000000,7900000,Rejected,31700000,3.4210521814405026,0.8201892485744716
4,Graduate,0,600000,1600000,20,869,1400000,1000000,1700000,200000,Approved,4300000,2.6666622222296295,0.3720929367225729
1,0t Graduate,1,4700000,18700000,20,445,2100000,0,11100000,4000000,Rejected,17200000,3.978722557718605,1.087209239115742
0,Graduate,0,1400000,5500000,6,393,500000,1500000,5400000,1800000,Rejected,9200000,3.928568622450984,0.5978260219754324
3,Graduate,1,9400000,24600000,10,414,8800000,13400000,23800000,5600000,Rejected,51600000,2.6170209981892554,0.47674417680728337
2,Graduate,0,9700000,19900000,16,395,2800000,13700000,37000000,10800000,Rejected,64300000,2.0515461802529713,0.30948677590222745
3,0t Graduate,1,8900000,21000000,14,815,200000,10800000,21600000,6400000,Approved,39000000,2.359550296679742,0.5384615246548327
5,Graduate,0,4600000,10500000,8,758,3900000,4300000,15800000,2900000,Approved,26900000,2.282608199433,0.39033455798012795
5,0t Graduate,1,5600000,14500000,10,457,6900000,7800000,20600000,4600000,Rejected,39900000,2.589285251913348,0.36340851219527537
0,Graduate,1,1000000,3200000,10,854,2600000,800000,2900000,1200000,Approved,7500000,3.1999968000032,0.42666660977778537
3,Graduate,0,3500000,10300000,16,324,2400000,900000,12600000,2400000,Rejected,18300000,2.9428563020410565,0.5628414992982788
0,0t Graduate,0,7900000,31500000,14,849,19400000,10300000,26600000,10600000,Approved,66900000,3.987341267425156,0.4708520108990731
3,Graduate,1,6100000,24200000,12,672,300000,11100000,23500000,5000000,Approved,39900000,3.967212464391399,0.6065162755259079
3,0t Graduate,1,8900000,20900000,6,859,9600000,16500000,29300000,11100000,Approved,66500000,2.3483143428860287,0.3142857095596134
4,Graduate,0,5300000,15400000,8,584,5100000,1700000,14000000,5000000,Approved,25800000,2.905659829120787,0.5968992016705735
5,0t Graduate,0,1300000,4800000,4,346,3200000,1600000,3400000,1600000,Approved,9800000,3.6923048520731907,0.4897958683881767
3,Graduate,0,4000000,12800000,18,635,6000000,7000000,12900000,4200000,Approved,30100000,3.1999992000002,0.42524915530733703
2,0t Graduate,0,8700000,22700000,4,365,8200000,14800000,30200000,7200000,Rejected,60400000,2.6091951023913675,0.37582780834722174
1,0t Graduate,0,9500000,20000000,16,856,24900000,0,35700000,6200000,Approved,66800000,2.105262936288112,0.2994011931227366
5,Graduate,1,9000000,20000000,2,440,17100000,1000000,28500000,7600000,Rejected,54200000,2.2222219753086696,0.36900368322871435
0,Graduate,1,7300000,23300000,2,616,15700000,5900000,25800000,4100000,Approved,51500000,3.1917803846876187,0.4524271756810257
3,Graduate,1,7400000,25700000,2,461,5700000,2900000,15100000,5100000,Approved,28800000,3.472972503652364,0.8923610801263514
5,0t Graduate,0,3100000,10800000,10,681,5100000,1700000,7400000,1500000,Approved,15700000,3.4838698439129536,0.6878980453568124
2,Graduate,0,4300000,9400000,2,485,11000000,8100000,11000000,2200000,Rejected,32300000,2.1860460032451154,0.2910216628166668
1,Graduate,1,2400000,8300000,6,684,5500000,3500000,5300000,2300000,Approved,16600000,3.4583318923617115,0.4999999698795199
1,Graduate,0,5400000,17900000,14,727,13100000,0,12300000,4700000,Approved,30100000,3.314814200960333,0.5946843656251042
2,0t Graduate,0,1600000,5100000,6,784,1400000,2400000,4500000,1400000,Approved,9700000,3.187498007813745,0.525773141672872
3,0t Graduate,1,9900000,20400000,4,865,26300000,3600000,36500000,12800000,Approved,79200000,2.060605852464055,0.25757575432353846
3,0t Graduate,0,5800000,20100000,18,791,1400000,10800000,16300000,5600000,Approved,34100000,3.4655166438764407,0.5894427979635544
4,0t Graduate,0,2200000,8500000,16,866,4000000,1900000,6800000,2800000,Approved,15500000,3.8636346074388146,0.5483870613943831
0,Graduate,0,5000000,14400000,2,761,0,7300000,12600000,4500000,Approved,24400000,2.879999424000115,0.590163910239184
2,0t Graduate,1,600000,2100000,18,572,400000,500000,1400000,300000,Approved,2600000,3.4999941666763887,0.8076919970415396
4,Graduate,0,2200000,8600000,6,601,2700000,2900000,6700000,3300000,Approved,15600000,3.9090891322322125,0.5512820159434605
1,Graduate,1,2600000,5500000,14,820,2700000,2400000,9300000,2000000,Approved,16400000,2.1153838017754607,0.3353658332094004
4,0t Graduate,0,1200000,4300000,8,598,1600000,1800000,3200000,1300000,Approved,7900000,3.5833303472247104,0.5443037285691483
2,Graduate,0,3100000,8700000,18,544,5300000,1100000,12200000,1500000,Rejected,20100000,2.806450707596546,0.43283579936140304
5,0t Graduate,1,4600000,14500000,14,561,2300000,6200000,10200000,5800000,Approved,24500000,3.152173227788429,0.5918367105372772
4,Graduate,1,9300000,35500000,6,547,2800000,17800000,27000000,13900000,Rejected,61500000,3.8172038906232375,0.5772357629717763
4,Graduate,0,6300000,13400000,2,504,10500000,10900000,14500000,9400000,Rejected,45300000,2.1269837893676526,0.2958057329844209
2,0t Graduate,0,5900000,20800000,14,530,7100000,5800000,13100000,8800000,Rejected,34800000,3.525423131284215,0.5977011322499675
2,Graduate,1,2900000,10600000,6,614,1000000,300000,7600000,3600000,Approved,12500000,3.6551711533892575,0.8479999321600055
4,0t Graduate,0,6100000,22400000,18,351,11800000,5000000,24400000,4800000,Rejected,46000000,3.6721305455523696,0.48695651115311933
4,Graduate,1,5900000,19700000,10,431,3300000,9200000,22700000,5300000,Rejected,40500000,3.338982484918223,0.4864197410760558
1,0t Graduate,1,4600000,18400000,10,403,200000,8800000,17300000,2900000,Rejected,29200000,3.9999991304349716,0.6301369647213368
2,0t Graduate,0,7000000,20200000,8,668,16600000,5000000,26100000,9100000,Approved,56800000,2.8857138734694465,0.355633796555743
3,0t Graduate,1,5100000,10400000,18,399,8000000,4300000,20100000,4600000,Rejected,37000000,2.0392152864283752,0.2810810734842953
1,Graduate,0,3100000,10600000,14,665,6200000,800000,9500000,3900000,Approved,20400000,3.419353735692343,0.5196078176662835
2,Graduate,0,4100000,12800000,16,344,10300000,7000000,15800000,4100000,Rejected,37200000,3.121950458060864,0.34408601225575236
0,Graduate,0,1800000,5400000,16,555,3900000,2900000,5100000,1700000,Approved,13600000,2.9999983333342595,0.39705879433391217
4,0t Graduate,1,8200000,26900000,20,301,23800000,13600000,31000000,9900000,Rejected,78300000,3.2804874048186092,0.34355044261110546
2,0t Graduate,1,800000,2100000,6,726,2000000,0,2600000,600000,Approved,5200000,2.6249967187541015,0.40384607618344687
2,Graduate,0,8400000,23100000,6,689,5700000,2500000,18900000,11900000,Approved,39000000,2.7499996726190865,0.592307677120316
0,0t Graduate,0,8500000,33900000,4,665,8500000,12800000,17900000,4500000,Approved,43700000,3.98823482491355,0.7757436893422497
3,0t Graduate,1,3300000,12700000,16,608,3600000,6200000,12600000,4500000,Approved,26900000,3.848483682277672,0.4721189415569167
3,0t Graduate,0,5800000,12800000,20,335,4400000,3000000,15300000,8000000,Rejected,30700000,2.206896171224798,0.4169380971681402
3,0t Graduate,0,4400000,10500000,18,677,100000,2000000,12100000,5000000,Approved,19200000,2.3863630940083875,0.5468749715169285
1,0t Graduate,0,2600000,8500000,2,491,1700000,1800000,5300000,2600000,Approved,11400000,3.269229511834803,0.7456139696829851
2,0t Graduate,1,9600000,28100000,20,763,23000000,11800000,27500000,10300000,Approved,72600000,2.9270830284288514,0.38705233626649677
5,0t Graduate,1,5200000,18100000,8,809,2400000,6900000,14000000,5500000,Approved,28800000,3.4807685613906614,0.6284722004002709
5,0t Graduate,1,9700000,36400000,16,544,3500000,15000000,31300000,5200000,Rejected,55000000,3.7525769327240277,0.6618181697851242
1,Graduate,1,200000,800000,14,624,600000,0,600000,0,Approved,1200000,3.9999800000999994,0.666666111111574
3,Graduate,0,6500000,16800000,10,388,9500000,800000,14900000,7200000,Rejected,32400000,2.58461498698231,0.518518502514861
4,Graduate,1,7200000,23100000,14,644,13300000,3500000,18300000,4200000,Approved,39300000,3.2083328877315433,0.5877862445855917
0,0t Graduate,0,5200000,18400000,14,600,7300000,9700000,16500000,3600000,Approved,37100000,3.5384608579882966,0.49595685994725447
2,0t Graduate,0,6500000,14100000,2,709,1000000,12700000,20900000,4000000,Approved,38600000,2.16923043550301,0.3652849646299232
5,Graduate,1,2300000,5600000,8,642,2600000,1900000,8600000,2500000,Approved,15600000,2.434781550094978,0.35897433596318357
0,0t Graduate,1,3300000,10400000,4,423,7400000,4700000,11600000,3200000,Approved,26900000,3.1515141965108495,0.38661708599936484
0,0t Graduate,1,2000000,5900000,12,900,3800000,2400000,7100000,3000000,Approved,16300000,2.9499985250007374,0.36196316797771977
2,Graduate,1,8300000,19500000,4,415,2300000,9400000,21700000,8600000,Rejected,42000000,2.3493973073015293,0.46428570323129276
4,Graduate,1,3800000,14300000,4,645,1300000,1100000,10900000,4600000,Approved,17900000,3.7631569044323934,0.7988826369339309
0,0t Graduate,0,5700000,15600000,16,742,700000,5800000,11400000,6800000,Approved,24700000,2.7368416251155043,0.6315789217984242
4,0t Graduate,0,7300000,19800000,8,724,5500000,6000000,29000000,10300000,Approved,50800000,2.7123283955714528,0.38976377185504385
1,Graduate,0,1600000,5400000,12,707,600000,1700000,6200000,800000,Approved,9300000,3.3749978906263185,0.5806450988553657
5,0t Graduate,1,800000,2500000,4,780,500000,900000,1700000,400000,Approved,3500000,3.124996093754883,0.71428551020414
4,0t Graduate,0,6300000,21900000,10,538,9600000,5400000,19300000,7800000,Rejected,42100000,3.4761899244142977,0.5201900113969118
2,Graduate,0,8800000,17700000,14,706,22900000,4300000,30300000,9200000,Approved,66700000,2.0113634077996125,0.2653673123633087
0,Graduate,0,7300000,14500000,16,811,1000000,12400000,16100000,9600000,Approved,39100000,1.9863010977669728,0.3708439802853202
2,Graduate,1,3800000,9100000,14,849,6300000,2400000,9500000,2500000,Approved,20700000,2.394736211911523,0.4396135053326809
3,Graduate,0,6200000,16700000,10,880,15800000,8200000,20100000,9100000,Approved,53200000,2.693547952653556,0.31390976853553065
5,0t Graduate,1,3500000,9500000,4,664,9500000,500000,7800000,5200000,Approved,23000000,2.714284938775732,0.41304346030245825
5,Graduate,1,1400000,5000000,2,465,0,2600000,5300000,1500000,Approved,9400000,3.5714260204099855,0.5319148370303365
3,0t Graduate,1,3500000,12000000,2,786,600000,6400000,10700000,1700000,Approved,19400000,3.4285704489798716,0.6185566691465635
1,Graduate,1,600000,2000000,10,326,400000,1000000,2400000,700000,Rejected,4500000,3.333327777787037,0.4444443456790343
0,0t Graduate,0,4100000,10800000,16,399,5900000,7600000,12700000,5300000,Rejected,31500000,2.634145698988854,0.34285713197278944
2,0t Graduate,1,5400000,11500000,6,841,6800000,100000,11100000,6600000,Approved,24600000,2.1296292352538453,0.4674796557935099
2,0t Graduate,1,2000000,6700000,14,638,4900000,200000,4900000,2300000,Approved,12300000,3.3499983250008376,0.5447154028686665
4,Graduate,1,3500000,8900000,4,478,4000000,3900000,11300000,3800000,Rejected,23000000,2.542856416326738,0.38695650491493455
0,Graduate,1,8300000,30000000,4,600,14600000,12500000,24800000,12000000,Approved,63900000,3.6144573958485067,0.4694835607279568
0,Graduate,1,6700000,15600000,16,768,300000,1800000,26000000,3800000,Approved,31900000,2.3283578614391254,0.4890281978361066
0,0t Graduate,0,1900000,6500000,10,523,2400000,1100000,6200000,1100000,Rejected,10800000,3.4210508310258785,0.6018517961248336
2,Graduate,1,6500000,20900000,14,327,8200000,100000,22800000,4700000,Rejected,35800000,3.2153841207101355,0.5837988663743333
1,Graduate,1,600000,1800000,8,799,1000000,700000,2200000,800000,Approved,4700000,2.9999950000083335,0.38297864191943787
5,Graduate,0,7000000,23000000,18,803,18700000,6300000,27800000,4100000,Approved,56900000,3.2857138163265978,0.40421791908228616
2,Graduate,0,7700000,15400000,18,524,12900000,5100000,21000000,6600000,Rejected,45600000,1.999999740259774,0.33771929083948926
1,Graduate,0,2600000,6600000,6,506,2300000,1900000,9600000,2100000,Rejected,15900000,2.538460562130553,0.4150943135160809
1,Graduate,0,9200000,18800000,2,351,22400000,2200000,31500000,13000000,Rejected,69100000,2.043478038752387,0.27206946060680953
2,Graduate,1,1800000,4200000,8,648,1200000,3100000,6200000,1600000,Approved,12100000,2.3333320370377573,0.34710740932996614
1,0t Graduate,0,4900000,18500000,4,612,6100000,5900000,16400000,2900000,Approved,31300000,3.7755094335695034,0.5910542942155178
1,Graduate,0,5700000,12400000,14,396,5400000,7500000,17600000,5600000,Rejected,36100000,2.175438214835401,0.3434902951941746
3,0t Graduate,0,300000,800000,2,458,500000,0,1100000,200000,Rejected,1800000,2.666657777807407,0.4444441975310014
3,Graduate,1,1700000,3400000,6,488,100000,500000,4500000,1600000,Rejected,6700000,1.9999988235301038,0.507462610826476
4,Graduate,0,7000000,18900000,6,475,1300000,6100000,14700000,5200000,Rejected,27300000,2.6999996142857694,0.6923076669484372
1,0t Graduate,0,2200000,7000000,18,417,2000000,3900000,6500000,1900000,Rejected,14300000,3.1818167355378475,0.4895104552789891
2,0t Graduate,0,6800000,18700000,8,781,17600000,900000,23700000,5400000,Approved,47600000,2.749999595588295,0.3928571346038417
1,0t Graduate,1,2400000,6200000,12,337,3400000,2100000,9400000,2300000,Rejected,17200000,2.583332256944893,0.36046509532179677
0,0t Graduate,1,600000,1800000,12,511,300000,200000,2200000,400000,Rejected,3100000,2.9999950000083335,0.5806449739854923
4,Graduate,0,6200000,17300000,6,837,12600000,3700000,24700000,4600000,Approved,45600000,2.790322130593205,0.37938595659241325
1,0t Graduate,0,7600000,24600000,12,810,1300000,10500000,30300000,5200000,Approved,47300000,3.236841679362937,0.5200845556007494
2,0t Graduate,0,4800000,10600000,8,588,3700000,5200000,15000000,4500000,Approved,28400000,2.2083328732639846,0.37323942347748507
5,Graduate,0,4200000,9200000,12,870,3200000,2400000,12300000,5700000,Approved,23600000,2.1904756689343645,0.38983049195633507
0,0t Graduate,1,7200000,20700000,10,733,15600000,12000000,19200000,9900000,Approved,56700000,2.8749996006945,0.36507935864057567
5,0t Graduate,1,6400000,20300000,16,348,10000000,10900000,20400000,6900000,Rejected,48200000,3.1718745043946086,0.42116181698834404
0,0t Graduate,1,8900000,23000000,12,741,5600000,11200000,27100000,7100000,Approved,51000000,2.584269372554003,0.4509803833141101
3,0t Graduate,0,5100000,14500000,12,306,700000,8800000,11600000,2900000,Rejected,24000000,2.843136697424177,0.6041666414930567
2,Graduate,1,6300000,19500000,18,428,15900000,7200000,19900000,6500000,Rejected,49500000,3.095237603930539,0.3939393859810225
3,Graduate,0,6600000,22100000,4,455,3800000,3000000,25100000,7400000,Approved,39300000,3.3484843411387364,0.5623409526121895
1,0t Graduate,1,4800000,14700000,2,356,7100000,8800000,13400000,5500000,Approved,34800000,3.0624993619792997,0.4224137809651212
0,Graduate,0,200000,400000,4,594,500000,0,400000,100000,Approved,1000000,1.9999900000499997,0.3999996000004
0,0t Graduate,1,7500000,25800000,18,844,9100000,600000,18600000,6500000,Approved,34800000,3.4399995413333944,0.7413792890408251
4,Graduate,0,9000000,34700000,4,771,4800000,9500000,34100000,7700000,Approved,56100000,3.8555551271605415,0.618538313395039
2,Graduate,0,5400000,12500000,4,622,14400000,2900000,11800000,5400000,Approved,34500000,2.314814386145484,0.3623188300777151
1,0t Graduate,1,1700000,4500000,20,480,200000,600000,5400000,1900000,Rejected,8100000,2.647057266436902,0.5555554869684584
4,Graduate,0,4300000,11500000,20,337,11100000,6000000,17000000,5200000,Rejected,39300000,2.6744179826934924,0.29262085769412577
1,Graduate,0,5200000,11200000,6,698,14100000,7600000,18800000,2700000,Approved,43200000,2.15384573964505,0.2592592532578877
4,0t Graduate,0,4400000,17000000,18,302,1000000,2100000,14000000,5700000,Rejected,22800000,3.86363548553739,0.7456140023853508
1,0t Graduate,1,3900000,7800000,14,349,11200000,500000,11800000,3600000,Rejected,27100000,1.9999994871796187,0.2878228676080123
0,Graduate,0,1100000,3300000,10,482,2800000,300000,2900000,1600000,Rejected,7600000,2.999997272729752,0.434210469182833
2,Graduate,0,2500000,8200000,10,429,1500000,4100000,5900000,2200000,Rejected,13700000,3.279998688000525,0.5985401022963429
4,Graduate,0,500000,1300000,8,471,500000,300000,1500000,700000,Rejected,3000000,2.5999948000104,0.433333188888937
0,Graduate,1,9000000,32400000,10,895,16800000,5800000,20700000,9500000,Approved,52800000,3.5999996000000443,0.613636352014463
1,0t Graduate,1,5100000,20300000,18,757,11800000,3400000,13400000,3200000,Approved,31800000,3.9803913763938477,0.6383647597998503
2,Graduate,0,5200000,13500000,2,777,7000000,5200000,15500000,6100000,Approved,33800000,2.5961533468935873,0.3994082722068559
5,0t Graduate,1,4400000,8900000,4,761,8100000,1000000,14200000,3000000,Approved,26300000,2.0227268130166336,0.33840302895805974
1,Graduate,0,1900000,4200000,12,821,5200000,1500000,5000000,2700000,Approved,14400000,2.2105251523551828,0.29166664641203843
4,0t Graduate,1,9200000,26500000,6,662,1000000,400000,26900000,5300000,Approved,33600000,2.8804344695179926,0.788690452717546
2,0t Graduate,1,4800000,16500000,10,350,2000000,6500000,11400000,2900000,Rejected,22800000,3.437499283854316,0.7236841787857816
4,0t Graduate,0,4900000,10700000,20,321,1200000,400000,11100000,6500000,Rejected,19200000,2.1836730237401993,0.5572916376410605
3,Graduate,1,4800000,10100000,4,368,9100000,5100000,16500000,3500000,Rejected,34200000,2.1041662282987024,0.29532162879176527
4,Graduate,0,9300000,24900000,14,455,27600000,4700000,35100000,13900000,Rejected,81300000,2.677419066944186,0.306273058963431
5,0t Graduate,1,7500000,24600000,8,744,1600000,3600000,16700000,9300000,Approved,31200000,3.279999562666725,0.7884615131903361
1,Graduate,0,5900000,16800000,4,806,11200000,9700000,22800000,7100000,Approved,50800000,2.8474571444987893,0.33070865490730994
0,Graduate,0,9400000,27900000,6,456,21400000,18500000,35600000,7800000,Rejected,83300000,2.9680847906292778,0.3349339695686198
5,Graduate,0,5300000,13400000,8,719,1600000,200000,11400000,5300000,Approved,18500000,2.528301409754451,0.7243242851716603
4,Graduate,0,3700000,9000000,18,668,7800000,1600000,13400000,3100000,Approved,25900000,2.432431775018439,0.34749033407373225
0,Graduate,1,2500000,5800000,18,494,5100000,4400000,8500000,2300000,Rejected,20300000,2.319999072000371,0.28571427163969104
4,0t Graduate,0,2800000,10800000,2,841,700000,2600000,7100000,4100000,Approved,14500000,3.857141479592329,0.7448275348394804
0,Graduate,1,5400000,21400000,8,721,8200000,6400000,16700000,7400000,Approved,38700000,3.962962229081069,0.5529715619387193
5,Graduate,0,3100000,9400000,10,414,200000,5300000,8000000,2800000,Rejected,16300000,3.032257086368682,0.5766870811848417
5,0t Graduate,0,4800000,15500000,10,812,9500000,1500000,17800000,3500000,Approved,32300000,3.2291659939237514,0.4798761461338654
1,0t Graduate,0,8800000,17500000,20,832,1800000,3600000,24000000,7400000,Approved,36800000,1.9886361376549844,0.4755434653384928
2,Graduate,0,4100000,14900000,12,571,0,5200000,13000000,3400000,Approved,21600000,3.6341454550864745,0.6898147828789453
5,0t Graduate,0,9700000,37000000,14,459,28700000,17900000,22800000,5600000,Rejected,75000000,3.814432596450248,0.49333332675555563
2,Graduate,1,6400000,24100000,6,592,2500000,6300000,20200000,6000000,Approved,35000000,3.765624411621186,0.6885714088979598
5,Graduate,0,3400000,13100000,20,527,900000,4500000,8600000,4000000,Rejected,18000000,3.8529400432529286,0.7277777373456813
4,0t Graduate,0,3500000,10200000,12,333,7600000,6400000,8100000,3400000,Rejected,25500000,2.914284881632891,0.39999998431372613
3,0t Graduate,0,3200000,10000000,18,532,3300000,100000,9800000,2100000,Rejected,15300000,3.1249990234378053,0.6535947285232203
2,Graduate,1,4900000,13100000,18,754,8200000,3300000,16500000,7200000,Approved,35200000,2.673468842149216,0.3721590803363898
0,Graduate,1,1300000,4800000,4,835,500000,100000,3300000,800000,Rejected,4700000,3.6923048520731907,1.0212763784518344
4,Graduate,0,2500000,5400000,10,592,3400000,1500000,9900000,2900000,Approved,17700000,2.1599991360003457,0.30508472852628654
0,Graduate,0,7500000,27300000,20,553,11600000,2800000,26200000,6100000,Approved,46700000,3.6399995146667314,0.5845824285956653
2,Graduate,0,700000,2000000,8,806,1900000,1100000,2200000,400000,Approved,5600000,2.857138775516035,0.3571427933673583
4,Graduate,1,8200000,28500000,2,378,6800000,11200000,26400000,11500000,Approved,55900000,3.4756093322427644,0.5098389890905368
1,0t Graduate,0,6900000,26200000,4,534,14500000,11900000,14900000,9400000,Approved,50700000,3.7971008989708843,0.5167652758034462
1,0t Graduate,1,1500000,5900000,16,400,4200000,2400000,4800000,1500000,Rejected,12900000,3.9333307111128595,0.457364305630674
3,Graduate,0,6300000,18300000,18,543,1800000,9400000,17700000,3500000,Rejected,32400000,2.9047614436886597,0.5648147973822594
0,0t Graduate,1,8800000,25600000,10,715,25300000,2500000,34900000,8600000,Approved,71300000,2.9090905785124344,0.35904627827424573
4,Graduate,1,8900000,20700000,6,684,1100000,9200000,20400000,6700000,Approved,37400000,2.3258424352986027,0.5534759210300556
3,0t Graduate,1,2100000,6100000,8,346,5500000,600000,4500000,2900000,Rejected,13500000,2.9047605215426087,0.4518518183813468
1,Graduate,1,9200000,29200000,6,669,9900000,12900000,23400000,11700000,Approved,57900000,3.1739126984877504,0.5043177805817309
2,0t Graduate,0,3600000,8000000,12,566,10500000,3000000,8900000,2700000,Approved,25100000,2.222221604938443,0.31872508690338297
0,0t Graduate,1,8600000,23600000,2,361,25800000,5300000,24700000,7500000,Rejected,63300000,2.7441857274202643,0.37282779821757034
5,Graduate,0,3000000,8000000,6,333,3200000,400000,8200000,2200000,Rejected,14000000,2.666665777778074,0.5714285306122479
3,0t Graduate,1,5200000,16300000,8,335,9500000,7000000,13600000,7300000,Rejected,37400000,3.1346147818048498,0.43582886535216936
3,Graduate,1,7200000,20400000,10,558,0,13200000,27200000,10600000,Approved,51000000,2.8333329398148694,0.3999999921568629
1,0t Graduate,1,4000000,15600000,12,436,10400000,2800000,14800000,3200000,Rejected,31200000,3.899999025000244,0.49999998397435946
1,0t Graduate,0,2400000,5200000,2,371,6100000,3100000,8500000,1400000,Rejected,19100000,2.1666657638892652,0.2722512946465291
2,0t Graduate,1,5500000,18400000,10,515,6800000,4400000,18500000,4100000,Rejected,33800000,3.345453937190193,0.5443786821189739
0,0t Graduate,1,9000000,24300000,10,599,12900000,3400000,26900000,6400000,Approved,49600000,2.6999997000000335,0.4899193449613035
0,0t Graduate,1,7900000,24000000,20,728,18600000,15600000,21800000,7400000,Approved,63400000,3.037974298990595,0.3785488899282509
2,0t Graduate,1,6200000,21600000,20,679,18600000,2500000,24500000,9100000,Approved,54700000,3.483870405827354,0.39488116279924745
3,Graduate,1,7900000,29200000,4,399,23200000,5500000,30200000,6900000,Approved,65800000,3.696202063771891,0.44376899021627675
3,0t Graduate,0,1200000,4500000,6,819,1400000,1100000,4400000,900000,Approved,7800000,3.749996875002604,0.5769230029585893
1,Graduate,0,4700000,11700000,6,308,11800000,1100000,15100000,3700000,Rejected,31700000,2.4893611724763463,0.36908516185851226
5,Graduate,1,5900000,15600000,2,730,12600000,4700000,15900000,5900000,Approved,39100000,2.644067348463161,0.39897697189317205
4,0t Graduate,1,1400000,5100000,14,312,4000000,1000000,3200000,1400000,Rejected,9600000,3.642854540818185,0.5312499446614641
3,0t Graduate,1,4700000,12800000,16,740,2200000,8600000,11700000,6100000,Approved,28600000,2.7234036758715585,0.44755243190376115
5,Graduate,1,7600000,20000000,10,522,21500000,1400000,20400000,4300000,Rejected,47600000,2.6315786011080786,0.4201680583998307
4,Graduate,0,7200000,16900000,4,702,15900000,7100000,22000000,9600000,Approved,54600000,2.347221896219181,0.3095238038548754
4,0t Graduate,1,1400000,4300000,16,447,3600000,1200000,5300000,1000000,Rejected,11100000,3.0714263775525876,0.3873873524876259
5,Graduate,0,1400000,2900000,4,829,800000,600000,5400000,1600000,Approved,8400000,2.0714270918377915,0.34523805413832687
2,Graduate,0,7900000,18500000,18,727,20200000,12400000,19600000,7100000,Approved,59300000,2.341771855471917,0.3119730132888193
5,0t Graduate,1,7600000,18700000,14,509,8500000,8500000,22200000,3700000,Rejected,42900000,2.460525992036054,0.43589742573665674
3,Graduate,1,9600000,34200000,2,745,2500000,2000000,33000000,6700000,Approved,44200000,3.5624996289062887,0.7737556386028136
1,0t Graduate,0,2300000,6600000,18,513,4600000,900000,9000000,1600000,Rejected,16100000,2.869563969754796,0.40993786273677874
2,0t Graduate,0,8100000,18500000,6,372,19100000,10200000,31000000,7900000,Rejected,68200000,2.283950335314773,0.2712609930900148
2,Graduate,1,300000,700000,4,411,600000,0,1200000,100000,Rejected,1900000,2.3333255555814816,0.36842085872586383
4,Graduate,0,4700000,10800000,20,495,11300000,6800000,17000000,4500000,Rejected,39600000,2.297871851516627,0.27272726584022056
5,0t Graduate,0,1100000,2500000,4,827,2400000,1000000,4100000,600000,Approved,8100000,2.2727252066134485,0.3086419372046991
4,0t Graduate,0,8600000,25100000,6,820,14400000,5000000,26000000,8300000,Approved,53700000,2.918604311790196,0.46741153691971066
5,Graduate,1,8700000,28100000,10,660,25500000,800000,25900000,10100000,Approved,62300000,3.229884686220151,0.4510433314439273
0,0t Graduate,0,2200000,8600000,4,563,900000,1000000,4400000,2800000,Approved,9100000,3.9090891322322125,0.9450548412027647
1,0t Graduate,1,500000,1400000,10,883,900000,0,1700000,300000,Approved,2900000,2.7999944000112,0.48275845422122265
0,0t Graduate,1,9100000,22000000,12,387,25300000,15600000,31700000,7000000,Rejected,79600000,2.4175821519140492,0.2763819060756042
1,Graduate,0,2200000,8700000,12,613,500000,1800000,5700000,2400000,Approved,10400000,3.9545436570256105,0.8365383811020788
0,0t Graduate,1,2200000,8000000,14,335,2800000,3700000,6900000,2900000,Rejected,16300000,3.6363619834718257,0.4907975159019929
1,Graduate,1,9600000,34500000,2,795,9500000,900000,32000000,9300000,Approved,51700000,3.5937496256510806,0.6673113990848859
1,Graduate,1,6500000,13900000,8,369,9600000,300000,17200000,8300000,Rejected,35400000,2.1384612094675064,0.3926553561396792
4,Graduate,1,2400000,7400000,18,888,2700000,1600000,7600000,3200000,Approved,15100000,3.0833320486116462,0.49006619271084817
4,0t Graduate,0,5500000,12300000,6,742,12900000,2700000,19800000,4300000,Approved,39700000,2.23636322975214,0.30982366977774134
0,Graduate,0,5000000,14400000,4,874,3000000,9300000,14100000,3900000,Approved,30300000,2.879999424000115,0.475247509067739
1,Graduate,0,2700000,8100000,16,691,2000000,3600000,8100000,2100000,Approved,15800000,2.9999988888893006,0.51265819540138
3,0t Graduate,1,8500000,30300000,12,762,12700000,3700000,20000000,4200000,Approved,40600000,3.564705462975828,0.7463054003373054
1,Graduate,0,4400000,10700000,18,324,2200000,3300000,12700000,5400000,Rejected,23600000,2.431817629132357,0.45338981129704187
4,0t Graduate,0,500000,1800000,20,777,900000,300000,1300000,200000,Approved,2700000,3.5999928000144,0.6666664197531779
0,Graduate,0,8300000,21400000,2,662,6100000,12300000,24500000,10200000,Approved,53100000,2.5783129423719346,0.40301317508449763
2,0t Graduate,1,6000000,13000000,12,462,2100000,2500000,14600000,5600000,Rejected,24800000,2.1666663055556157,0.524193527250261
3,0t Graduate,1,4000000,10400000,14,609,2100000,6900000,11700000,4600000,Approved,25300000,2.5999993500001626,0.4110671774281748
5,Graduate,1,4400000,11700000,20,590,900000,2700000,15500000,2300000,Approved,21400000,2.6590903047522034,0.5467289464145352
3,Graduate,1,4400000,15800000,18,779,7200000,5400000,14900000,3600000,Approved,31100000,3.590908274793574,0.508038568873358
2,Graduate,1,1900000,5000000,14,641,1000000,900000,5500000,2400000,Approved,9800000,2.6315775623275988,0.5102040295710174
0,Graduate,1,5000000,18400000,12,752,14600000,4000000,10500000,6500000,Approved,35600000,3.679999264000147,0.5168539180659012
0,Graduate,0,8000000,23700000,10,305,22200000,11600000,17200000,12000000,Rejected,63000000,2.9624996296875463,0.3761904702191989
4,0t Graduate,0,8200000,20700000,10,546,10800000,7000000,25000000,10600000,Rejected,53400000,2.524389936050008,0.38764044217901794
2,Graduate,0,7000000,24200000,8,833,13700000,4100000,26100000,9100000,Approved,53000000,3.4571423632653766,0.4566037649697403
2,0t Graduate,0,2400000,8800000,18,421,3200000,1500000,6700000,1400000,Rejected,12800000,3.6666651388895253,0.6874999462890667
5,Graduate,0,6600000,18800000,4,639,3200000,1100000,25100000,4300000,Approved,33700000,2.8484844168963006,0.5578634849298669
3,Graduate,0,3200000,6900000,20,735,1500000,3700000,9200000,3100000,Approved,17500000,2.1562493261720856,0.3942856917551033
0,0t Graduate,1,2600000,5400000,2,377,100000,4900000,6100000,2700000,Rejected,13800000,2.076922278106816,0.3913043194707015
3,0t Graduate,0,6900000,15600000,20,310,4500000,3600000,20400000,4800000,Rejected,33300000,2.260869237555183,0.46846845440034673
4,Graduate,0,4800000,14000000,2,695,11300000,1700000,15400000,4600000,Approved,33000000,2.9166660590279045,0.4242424113865936
1,0t Graduate,1,300000,1200000,4,355,700000,300000,800000,200000,Approved,2000000,3.999986666711111,0.59999970000015
1,0t Graduate,1,4300000,14100000,12,525,2100000,1100000,14100000,5500000,Rejected,22800000,3.279069004867673,0.6184210255078497
5,0t Graduate,0,700000,2400000,20,330,1300000,700000,2500000,500000,Rejected,5000000,3.428566530619242,0.4799999040000192
5,Graduate,0,9400000,25800000,14,625,28200000,15400000,30800000,11100000,Approved,85500000,2.7446805590765364,0.30175438243562125
3,0t Graduate,1,800000,2900000,10,644,600000,500000,2900000,400000,Approved,4400000,3.6249954687556643,0.6590907592975547
5,0t Graduate,0,4400000,14900000,4,865,8200000,6200000,14900000,3500000,Approved,32800000,3.386362866735712,0.4542682788332842
1,Graduate,1,4700000,14800000,6,661,8500000,6000000,13600000,6400000,Approved,34500000,3.1489355002264894,0.42898549481201464
2,0t Graduate,0,2300000,5000000,8,884,1400000,1700000,6100000,1500000,Approved,10700000,2.1739120982990876,0.4672896759542359
5,Graduate,1,8500000,26700000,10,803,500000,16600000,24400000,9600000,Approved,51100000,3.1411761010381056,0.5225048821427616
2,Graduate,0,7600000,28300000,12,800,19700000,14800000,15600000,7800000,Approved,57900000,3.7236837205679314,0.48877373939941726
2,Graduate,0,3200000,12600000,18,796,6200000,3500000,9600000,2000000,Approved,21300000,3.9374987695316346,0.5915492680023818
4,0t Graduate,0,2400000,5000000,4,716,1500000,2800000,6900000,1400000,Approved,12600000,2.0833324652781395,0.39682536533132023
0,Graduate,1,500000,1100000,18,479,1500000,500000,1800000,600000,Rejected,4400000,2.1999956000088,0.2499999431818311
3,0t Graduate,1,8500000,28300000,2,810,25200000,4300000,18500000,10700000,Approved,58700000,3.329411373010427,0.4821124279026844
0,Graduate,1,8900000,20900000,18,568,18800000,700000,32700000,5300000,Approved,57500000,2.3483143428860287,0.36347825454820426
0,Graduate,0,2800000,5600000,8,842,0,1300000,6100000,1900000,Approved,9300000,1.9999992857145408,0.6021504728870459
3,0t Graduate,1,2900000,7000000,4,806,5700000,5600000,5900000,3000000,Approved,20200000,2.4137922711061135,0.3465346363101665
1,Graduate,1,4900000,17700000,8,722,9200000,7300000,16400000,3000000,Approved,35900000,3.612244160766498,0.4930361979655655
5,0t Graduate,0,9600000,20700000,14,442,25800000,9800000,31800000,8200000,Rejected,75600000,2.1562497753906484,0.27380952018770477
3,Graduate,1,3300000,9800000,6,360,4500000,600000,11000000,4400000,Rejected,20500000,2.96969606978907,0.4780487571683533
3,0t Graduate,0,2800000,5900000,4,461,1600000,400000,8900000,2800000,Rejected,13700000,2.1071421045921057,0.4306569028717589
2,Graduate,0,7800000,22200000,10,735,9700000,4600000,23000000,6900000,Approved,44200000,2.846153481262374,0.5022624320755106
4,Graduate,1,2500000,8400000,12,761,6300000,1300000,8400000,1600000,Approved,17600000,3.3599986560005375,0.4772727001549602
0,Graduate,0,4400000,10600000,20,653,6800000,4600000,16800000,5400000,Approved,33600000,2.4090903615703723,0.3154761810870184
0,0t Graduate,0,7900000,30800000,4,726,5000000,14600000,23800000,5500000,Approved,48900000,3.898733683704597,0.6298568378352385
1,Graduate,0,8900000,22600000,18,617,8400000,15500000,27900000,11700000,Approved,63500000,2.5393255573791507,0.3559055062062125
0,Graduate,0,5600000,13400000,2,460,3400000,4100000,14800000,4100000,Rejected,26400000,2.392856715561301,0.5075757383494038
1,0t Graduate,0,1400000,3300000,8,306,3200000,800000,2700000,800000,Rejected,7500000,2.3571411734705903,0.43999994133334114
5,Graduate,1,500000,1400000,4,471,500000,100000,1300000,300000,Rejected,2200000,2.7999944000112,0.6363633471075695
1,Graduate,1,5100000,15300000,4,628,6900000,3300000,17600000,2700000,Approved,30500000,2.999999411764821,0.501639327815104
3,Graduate,0,9800000,25600000,10,404,24400000,6700000,37000000,11500000,Rejected,79600000,2.612244631403609,0.32160803616070305
2,Graduate,1,8600000,21600000,16,804,15400000,300000,26800000,7100000,Approved,49600000,2.5116276149270216,0.43548386218782537
3,0t Graduate,0,1600000,3900000,20,804,900000,2500000,3200000,800000,Approved,7400000,2.437498476563452,0.5270269558071682
1,0t Graduate,1,2500000,6700000,2,502,3400000,2600000,9400000,1400000,Rejected,16800000,2.679998928000429,0.3988095000708631
0,Graduate,0,9500000,22600000,6,861,24700000,13200000,29000000,5600000,Approved,72500000,2.3789471180055664,0.3117241336313913
2,0t Graduate,1,3000000,7800000,14,555,6600000,2700000,9600000,1700000,Approved,20600000,2.5999991333336223,0.37864075831840976
0,0t Graduate,0,5100000,13600000,18,351,1700000,3700000,14400000,7600000,Rejected,27400000,2.6666661437909522,0.49635034684852747
2,0t Graduate,1,7600000,23600000,6,358,20200000,2900000,22100000,10900000,Rejected,56100000,3.105262749307533,0.4206773543551274
5,Graduate,0,8800000,18800000,14,836,17300000,10100000,32700000,5400000,Approved,65500000,2.1363633935950688,0.28702289638132983
4,0t Graduate,1,1100000,2900000,4,554,2800000,1000000,4100000,1600000,Approved,9500000,2.6363612396716003,0.3052631257617762
3,Graduate,0,8700000,30500000,2,443,11800000,1800000,24600000,8100000,Approved,46300000,3.505746723477388,0.6587472859881796
5,0t Graduate,0,6100000,23600000,4,725,17400000,5100000,15600000,4800000,Approved,42900000,3.8688518247783894,0.5501165372933208
2,0t Graduate,1,1900000,7000000,14,818,4800000,3500000,4500000,2100000,Approved,14900000,3.684208587258638,0.46979862618801166
1,0t Graduate,0,9900000,38700000,6,670,19400000,12600000,35800000,6500000,Approved,74300000,3.9090905142332812,0.5208613658026734
0,Graduate,0,5800000,21100000,6,414,7900000,2400000,16000000,5600000,Rejected,31900000,3.637930407253378,0.661441985534734
2,0t Graduate,1,9500000,37000000,8,887,21800000,18300000,19200000,11700000,Approved,71000000,3.894736432133007,0.5211267532235668
3,Graduate,1,7900000,26600000,12,409,17100000,1400000,22500000,8700000,Rejected,49700000,3.3670881813812428,0.5352112568367956
1,0t Graduate,1,1300000,4500000,14,679,2700000,2100000,3700000,1600000,Approved,10100000,3.461535798818616,0.44554451034212766
4,Graduate,1,700000,2600000,18,478,600000,600000,2100000,300000,Rejected,3600000,3.7142804081708456,0.722222021604994
3,Graduate,0,600000,1200000,2,752,1100000,500000,2300000,700000,Approved,4600000,1.9999966666722222,0.2608695085066286
0,Graduate,0,9400000,33000000,4,616,15400000,5000000,25100000,7800000,Approved,53300000,3.510637924400221,0.6191369489842974
2,0t Graduate,1,3800000,12500000,14,842,3700000,6700000,14600000,5300000,Approved,30300000,3.289472818559785,0.4125412405101901
3,Graduate,1,7800000,26300000,20,840,1200000,11300000,24100000,5300000,Approved,41900000,3.3717944395135335,0.6276849492199296
3,Graduate,1,7800000,27700000,6,430,2000000,8000000,26100000,5300000,Rejected,41400000,3.551281595989539,0.6690821094424612
4,0t Graduate,0,2700000,7000000,4,351,1100000,2300000,8300000,2700000,Rejected,14400000,2.5925916323734697,0.4861110773533974
5,0t Graduate,0,600000,2300000,4,347,0,0,1900000,200000,Rejected,2100000,3.8333269444550924,1.0952375736963935
3,0t Graduate,1,8000000,28800000,10,576,18800000,7500000,16300000,11900000,Approved,54500000,3.599999550000056,0.5284403572763238
0,0t Graduate,1,4000000,11000000,8,799,4400000,6100000,14700000,4200000,Approved,29400000,2.749999312500172,0.3741496471377671
1,0t Graduate,1,3300000,10800000,2,550,6000000,3800000,11000000,4700000,Approved,25500000,3.272726280992036,0.42352939515571
2,Graduate,0,5800000,13300000,4,878,8400000,5400000,18600000,4500000,Approved,36900000,2.2931030529132665,0.3604335945681953
3,Graduate,1,2400000,4800000,12,895,6800000,300000,7300000,3300000,Approved,17700000,1.9999991666670138,0.2711864253566991
4,0t Graduate,0,7600000,29700000,6,603,3200000,2900000,27800000,11000000,Approved,44900000,3.907894222645497,0.6614699184527858
2,0t Graduate,1,2500000,6900000,12,325,5800000,1600000,6400000,3600000,Rejected,17400000,2.759998896000442,0.39655170134760337
2,Graduate,0,3300000,11800000,4,393,5700000,3700000,6800000,2600000,Approved,18800000,3.5757564921950022,0.6276595410819393
3,Graduate,0,9800000,30300000,2,612,10700000,4600000,32100000,5600000,Approved,53000000,3.0918364192003653,0.5716981024207906
0,Graduate,1,1000000,3800000,8,553,2500000,1000000,2100000,1300000,Approved,6900000,3.7999962000038,0.5507245578660062
0,0t Graduate,1,2500000,8800000,14,389,7300000,1400000,8500000,3600000,Rejected,20800000,3.5199985920005634,0.42307690273668735
0,Graduate,0,1900000,6800000,4,782,100000,3400000,4900000,2400000,Approved,10800000,3.5789454847655344,0.6296295713305953
3,Graduate,0,3100000,8500000,12,493,8700000,5100000,12000000,2000000,Rejected,27800000,2.7419345993759356,0.3057553846850581
5,Graduate,1,6000000,11900000,2,629,2500000,0,19200000,4200000,Approved,25900000,1.9833330027778329,0.4594594417197127
5,0t Graduate,0,6500000,21600000,10,419,1600000,10900000,22300000,6600000,Rejected,41400000,3.323076411834398,0.5217391178323885
2,0t Graduate,1,5900000,15800000,2,444,14300000,4300000,20300000,5500000,Rejected,44400000,2.6779656478024325,0.3558558478410845
5,0t Graduate,1,6500000,15800000,16,301,9200000,9900000,17400000,7100000,Rejected,43600000,2.430768856804791,0.3623853127893277
0,Graduate,1,3800000,11200000,20,479,1100000,6400000,12000000,5400000,Rejected,24900000,2.947367645429567,0.4497991787229246
3,0t Graduate,1,3000000,11400000,10,424,1800000,4200000,10900000,1500000,Rejected,18400000,3.7999987333337555,0.6195651837192835
0,Graduate,0,4300000,16900000,18,469,200000,5800000,12000000,6200000,Rejected,24200000,3.9302316441321756,0.6983470785806992
4,0t Graduate,1,3500000,8300000,2,897,7900000,5500000,12600000,1800000,Approved,27800000,2.3714278938777444,0.29856114033952735
3,0t Graduate,0,300000,500000,2,477,700000,200000,800000,400000,Rejected,2100000,1.6666611111296297,0.23809512471660726
3,0t Graduate,1,600000,1400000,16,509,600000,300000,2400000,900000,Rejected,4200000,2.333329444450926,0.33333325396827285
0,Graduate,1,800000,1700000,4,752,2300000,1100000,3200000,400000,Approved,7000000,2.1249973437533205,0.24285710816327027
0,0t Graduate,1,5600000,19100000,14,875,16700000,4700000,15100000,7700000,Approved,44200000,3.410713676658272,0.4321266870559573
2,0t Graduate,1,1800000,3600000,4,343,3400000,1100000,6200000,1500000,Rejected,12200000,1.9999988888895062,0.29508194302607027
0,Graduate,0,6800000,20800000,20,819,16500000,11900000,26700000,8000000,Approved,63100000,3.0588230795848412,0.32963549398358966
2,Graduate,1,4200000,16800000,2,433,3300000,0,14100000,3700000,Approved,21100000,3.999999047619274,0.7962084930706875
1,0t Graduate,1,200000,400000,6,768,300000,100000,600000,0,Approved,1000000,1.9999900000499997,0.3999996000004
2,Graduate,1,8500000,31800000,6,714,17000000,900000,26600000,5600000,Approved,50100000,3.741176030449879,0.6347305262528837
2,0t Graduate,1,2800000,10100000,16,531,2900000,2900000,7200000,4100000,Rejected,17100000,3.6071415688780113,0.5906432403132608
0,Graduate,1,3600000,8600000,6,529,3500000,3300000,11300000,5200000,Rejected,23300000,2.3888882253088264,0.36909869660520617
1,0t Graduate,0,6200000,19500000,20,448,3300000,7100000,22400000,8000000,Rejected,40800000,3.1451607830385835,0.477941164756344
1,Graduate,0,2700000,10000000,2,584,6500000,2700000,7700000,3400000,Approved,20300000,3.7037023319620994,0.4926108131718811
1,Graduate,0,6800000,22900000,4,501,3900000,9400000,17300000,4400000,Approved,35000000,3.367646563581388,0.6542856955918372
2,0t Graduate,0,6300000,24500000,18,848,10200000,3500000,18200000,8200000,Approved,40100000,3.8888882716050364,0.6109725533423304
4,0t Graduate,0,8800000,19100000,6,586,17600000,8800000,20600000,12400000,Approved,59400000,2.1704542988120115,0.3215488161355418
1,Graduate,0,5900000,13000000,2,386,16300000,5000000,12000000,3800000,Rejected,37100000,2.2033894570526344,0.35040430322360366
5,0t Graduate,1,9800000,37900000,18,301,6700000,4900000,34300000,6200000,Rejected,52100000,3.8673465441483117,0.7274472029280767
2,Graduate,0,3300000,8300000,6,653,4700000,3100000,8300000,4600000,Approved,20700000,2.51515075298462,0.4009661642045331
4,Graduate,1,300000,500000,14,448,700000,100000,800000,100000,Rejected,1700000,1.6666611111296297,0.29411747404854466
1,0t Graduate,1,4800000,11600000,16,696,1400000,9400000,11800000,6500000,Approved,29100000,2.416666163194549,0.3986254158547967
1,Graduate,0,7500000,28300000,16,707,9700000,1100000,16300000,6700000,Approved,33800000,3.7733328302222895,0.8372780817373349
2,0t Graduate,0,8600000,21700000,4,429,5500000,10800000,30900000,6000000,Rejected,53200000,2.523255520551684,0.4078947291749111
4,0t Graduate,0,8900000,21100000,6,631,4200000,200000,25800000,6200000,Approved,36400000,2.370786250473455,0.5796703137453211
5,0t Graduate,1,9600000,29600000,4,446,22900000,3500000,36600000,13200000,Approved,76200000,3.0833330121528113,0.3884514384717659
0,Graduate,1,7700000,18100000,18,705,6100000,5100000,23800000,6300000,Approved,41300000,2.350649045370254,0.4382566479841005
3,0t Graduate,1,7000000,15200000,2,709,10300000,12500000,20700000,4000000,Approved,47500000,2.171428261224534,0.31999999326315803
4,0t Graduate,1,7800000,19500000,14,739,1900000,9000000,20400000,4400000,Approved,35700000,2.4999996794872206,0.5462184720947206
3,Graduate,0,5100000,11000000,6,336,0,5800000,11600000,7500000,Rejected,24900000,2.1568623221838585,0.4417670505314438
4,Graduate,0,9400000,32600000,4,898,18200000,4000000,22000000,10200000,Approved,54400000,3.468084737437794,0.5992646948664578
4,0t Graduate,1,600000,2100000,6,558,1300000,1000000,2200000,300000,Approved,4800000,3.4999941666763887,0.43749990885418566
3,Graduate,0,5100000,13300000,4,589,11200000,2700000,20200000,6100000,Approved,40200000,2.607842625913211,0.3308457629142845
2,Graduate,1,3800000,14400000,2,301,2300000,1400000,7600000,2400000,Rejected,13700000,3.7894726869808717,1.0510948137886997
2,0t Graduate,1,5300000,21200000,14,516,2200000,5000000,20900000,7700000,Rejected,35800000,3.999999245283161,0.5921787544084147
5,0t Graduate,0,1100000,3600000,12,315,1300000,700000,3100000,1400000,Rejected,6500000,3.2727242975233657,0.5538460686390664
3,0t Graduate,0,6400000,14400000,10,546,10600000,10000000,21200000,5100000,Rejected,46900000,2.249999648437555,0.30703624078813985
0,0t Graduate,1,5100000,14500000,14,559,11000000,1100000,12300000,6000000,Approved,30400000,2.843136697424177,0.476973668520603
3,Graduate,1,5300000,16900000,2,350,15800000,3100000,14300000,6800000,Approved,40000000,3.188678643645539,0.4224999894375003
1,Graduate,0,6700000,18700000,8,583,9300000,4100000,17100000,6900000,Approved,37400000,2.791044359545618,0.4999999866310164
2,0t Graduate,0,4000000,9400000,8,874,4400000,3700000,10200000,4800000,Approved,23100000,2.349999412500147,0.4069263893105459
2,0t Graduate,1,3900000,11600000,8,808,5800000,3100000,12900000,5000000,Approved,26800000,2.9743582117030227,0.43283580474493266
1,Graduate,1,1600000,4900000,16,487,4300000,1100000,3900000,2000000,Rejected,11300000,3.0624980859386963,0.4336282802098867
3,Graduate,0,2700000,7800000,14,870,5400000,5300000,5700000,2100000,Approved,18500000,2.8888878189304372,0.42162159883126493
3,Graduate,0,1400000,3800000,8,840,1700000,200000,5300000,1500000,Approved,8700000,2.7142837755115887,0.43678155899062543
4,0t Graduate,1,8000000,19200000,18,682,2500000,8900000,19000000,5300000,Approved,35700000,2.3999997000000377,0.5378151109855711
3,Graduate,1,8200000,28900000,10,668,23800000,4500000,28700000,10900000,Approved,67900000,3.5243898140988033,0.4256259142028584
5,Graduate,1,4800000,10300000,8,781,4800000,6800000,11100000,4300000,Approved,27000000,2.1458328862848153,0.38148146735253824
4,Graduate,0,8100000,19000000,6,375,4100000,14500000,19100000,11900000,Rejected,49600000,2.3456787227557134,0.3830645084059575
4,0t Graduate,0,5900000,14900000,14,857,2600000,9500000,16000000,3500000,Approved,31600000,2.525423300775712,0.4715189724202857
5,Graduate,1,8100000,32100000,6,823,18200000,1800000,24100000,6500000,Approved,50600000,3.9629624737083367,0.6343873392413569
0,Graduate,0,1400000,5000000,8,686,1800000,1900000,3200000,1500000,Approved,8400000,3.5714260204099855,0.5952380243764257
1,Graduate,0,1600000,6300000,2,721,3000000,600000,5200000,900000,Approved,9700000,3.937497539064038,0.6494844691253124
4,Graduate,0,4600000,9400000,18,545,800000,2400000,11500000,6300000,Rejected,21000000,2.0434778166352574,0.4476190263038559
1,0t Graduate,0,2900000,8900000,6,523,900000,5600000,9700000,1800000,Rejected,18000000,3.068964458977773,0.49444441697531016
2,Graduate,1,8600000,24900000,20,607,13600000,7600000,31800000,5400000,Approved,58400000,2.895348500540872,0.4263698557128449
4,0t Graduate,0,3800000,14900000,20,428,6500000,3500000,12200000,2500000,Rejected,24700000,3.9210515997232633,0.6032388419741359
0,0t Graduate,0,8200000,20300000,4,666,13100000,10200000,25900000,7800000,Approved,57000000,2.475609454193969,0.35614034462911676
3,Graduate,0,3200000,10100000,20,704,3400000,4800000,9000000,3900000,Approved,21100000,3.1562490136721832,0.4786729630960681
0,0t Graduate,1,8100000,23800000,10,794,5400000,15500000,20700000,8800000,Approved,50400000,2.9382712421887356,0.47222221285273386
1,Graduate,1,9800000,23300000,12,430,3200000,12600000,30500000,13900000,Rejected,60200000,2.3775507778009413,0.38704318293948203
0,0t Graduate,0,200000,500000,20,615,500000,200000,600000,200000,Approved,1500000,2.4999875000625,0.33333311111125924
0,0t Graduate,0,6600000,14100000,20,360,6800000,5100000,25400000,7800000,Rejected,45100000,2.1363633126722252,0.3126385739991447
0,0t Graduate,0,9100000,18300000,14,458,6100000,9200000,34100000,10000000,Rejected,59400000,2.0109887900012318,0.3080808028942626
2,0t Graduate,0,5500000,20400000,12,887,8800000,9400000,12300000,3300000,Approved,33800000,3.7090902347108665,0.6035502780014711
4,0t Graduate,0,7200000,27400000,8,735,14100000,14200000,19400000,9500000,Approved,57200000,3.805555027006246,0.4790209706464865
1,0t Graduate,0,2400000,5600000,16,379,3700000,600000,7200000,3400000,Rejected,14900000,2.333332361111516,0.37583890095040934
4,Graduate,0,9600000,25500000,20,544,4000000,11400000,23800000,11100000,Rejected,50300000,2.6562497233073206,0.5069582404183253
1,Graduate,1,5800000,16700000,12,721,1100000,9700000,17200000,7500000,Approved,35500000,2.8793098483948536,0.47042252195992895
4,0t Graduate,0,2300000,6000000,8,676,6000000,400000,4800000,2200000,Approved,13400000,2.6086945179589054,0.4477611606148388
1,0t Graduate,0,300000,1200000,4,342,800000,100000,1100000,200000,Approved,2200000,3.999986666711111,0.5454542975207739
0,0t Graduate,0,9900000,27000000,16,566,3500000,17300000,36900000,11500000,Approved,69200000,2.7272724517906615,0.39017340476628026
2,0t Graduate,0,3500000,14000000,2,355,8700000,1600000,11800000,2900000,Approved,25000000,3.9999988571431837,0.5599999776000009
2,Graduate,0,4800000,18500000,20,605,5700000,5500000,14700000,5800000,Approved,31700000,3.854165863715445,0.5835961961010664
2,0t Graduate,0,1600000,5200000,16,525,300000,2900000,5600000,1600000,Rejected,10400000,3.2499979687512695,0.49999995192308155
5,Graduate,1,800000,2500000,12,403,500000,0,3200000,800000,Rejected,4500000,3.124996093754883,0.5555554320987929
1,Graduate,1,9000000,33500000,18,727,18800000,10500000,28100000,5300000,Approved,62700000,3.722221808642021,0.5342902626110005
1,Graduate,0,8300000,28900000,12,529,18300000,3900000,32500000,5800000,Rejected,60500000,3.481927291334061,0.4776859425175877
4,Graduate,0,2800000,6100000,18,415,2200000,4200000,8400000,2000000,Rejected,16800000,2.178570650510482,0.3630952164824276
1,Graduate,1,6400000,17300000,10,879,10000000,1100000,15400000,8200000,Approved,34700000,2.703124577636785,0.49855906344210194
2,0t Graduate,1,6000000,12600000,16,649,4800000,5300000,23900000,5100000,Approved,39100000,2.099999650000058,0.32225063114448516
0,Graduate,0,2900000,9800000,16,395,5400000,4300000,8600000,2400000,Rejected,20700000,3.379309179548559,0.4734299288198102
0,Graduate,0,6500000,24100000,20,488,3300000,6000000,22900000,9700000,Rejected,41900000,3.707691737278194,0.5751789838859431
1,Graduate,1,200000,400000,8,569,200000,200000,700000,300000,Approved,1400000,1.9999900000499997,0.2857140816327988
1,0t Graduate,0,8400000,24600000,14,817,1800000,13100000,31300000,8200000,Approved,54400000,2.928571079932014,0.4522058740403332
1,Graduate,1,6100000,17800000,20,706,16000000,10900000,16900000,4300000,Approved,48100000,2.918032308519294,0.37006236236876583
2,Graduate,1,8000000,31200000,8,553,6800000,3500000,21000000,10300000,Approved,41600000,3.899999512500061,0.7499999819711543
5,0t Graduate,1,900000,1800000,14,464,2300000,300000,1800000,700000,Rejected,5100000,1.999997777780247,0.35294110726644956
2,Graduate,0,7300000,20000000,6,729,13100000,10700000,17900000,9100000,Approved,50800000,2.7397256520923765,0.3937007796515595
4,0t Graduate,1,3700000,7400000,12,363,4800000,6800000,10500000,4400000,Rejected,26500000,1.9999994594596056,0.2792452724813105
2,Graduate,0,5200000,17200000,12,565,3500000,1300000,20000000,6300000,Approved,31100000,3.3076916715977553,0.5530546445963137
1,Graduate,0,7200000,21000000,14,421,3500000,11600000,21800000,4600000,Rejected,41500000,2.9166662615741306,0.5060240841921907
0,0t Graduate,1,9400000,34200000,10,512,13100000,15600000,32600000,6300000,Rejected,67600000,3.6382974852875014,0.5059171522793321
3,0t Graduate,1,3400000,12400000,2,730,2500000,3900000,12200000,4600000,Approved,23200000,3.6470577508653674,0.5344827355826407
0,Graduate,0,600000,2300000,8,627,1800000,500000,2200000,300000,Approved,4800000,3.8333269444550924,0.47916656684029857
0,0t Graduate,1,3300000,10000000,16,434,3000000,4100000,12900000,4100000,Rejected,24100000,3.030302112029663,0.4149377421187659
2,Graduate,1,5900000,14300000,2,410,11900000,4400000,16900000,4100000,Rejected,37300000,2.423728402757898,0.38337800580756015
3,0t Graduate,0,1300000,3600000,16,624,2400000,2300000,3300000,1900000,Approved,9900000,2.769228639054893,0.3636363269054215
4,Graduate,1,5700000,16900000,4,656,13000000,7400000,22000000,8400000,Approved,50800000,2.9649117605417965,0.33267715880556775
2,0t Graduate,0,7700000,27300000,16,758,7300000,4600000,24800000,9100000,Approved,45800000,3.545454085005963,0.5960698559810075
4,0t Graduate,1,7000000,23500000,18,336,15000000,9500000,19700000,7800000,Rejected,52000000,3.357142377551089,0.4519230682322487
5,Graduate,0,8100000,21900000,18,378,5200000,3400000,16200000,9600000,Rejected,34400000,2.703703369913164,0.6366278884701195
1,Graduate,1,1900000,4200000,4,620,4700000,2800000,7500000,900000,Approved,15900000,2.2105251523551828,0.2641509267829606
2,Graduate,0,4500000,9100000,18,593,0,600000,12400000,2500000,Approved,15500000,2.022221772839606,0.5870967363163396
0,0t Graduate,1,9600000,34000000,12,710,23800000,10300000,38100000,7800000,Approved,80000000,3.541666297743094,0.42499999468750005
1,0t Graduate,1,5400000,20700000,8,753,1900000,800000,19000000,3600000,Approved,25300000,3.8333326234569216,0.8181817858426171
1,0t Graduate,1,7800000,27200000,16,454,16100000,3400000,17100000,11400000,Rejected,48000000,3.4871790401052514,0.5666666548611113
1,Graduate,1,8200000,19100000,8,619,17200000,12200000,31500000,6600000,Approved,67500000,2.329268008625853,0.28296295877091915
2,Graduate,0,8900000,28500000,6,367,22200000,16600000,21500000,9300000,Rejected,69600000,3.202246831208221,0.40948275273731677
1,Graduate,0,1400000,3100000,20,384,200000,1200000,4200000,1800000,Rejected,7400000,2.214284132654191,0.41891886230826186
2,Graduate,0,1700000,5900000,16,610,3100000,300000,3700000,1300000,Approved,8400000,3.470586193772827,0.7023808687641823
0,Graduate,0,5300000,19500000,12,802,9800000,3300000,15200000,3200000,Approved,31500000,3.6792445888217755,0.6190475993953143
3,Graduate,0,6500000,25200000,10,858,15400000,10900000,14000000,8100000,Approved,48400000,3.8769224804734645,0.5206611462673317
2,Graduate,0,5900000,14000000,8,599,4700000,9500000,17800000,6700000,Approved,38700000,2.3728809537489908,0.3617570965954239
4,Graduate,1,9800000,27000000,2,395,18700000,3000000,23000000,9700000,Rejected,54400000,2.7551017596834937,0.49632352028817056
3,Graduate,1,7700000,16200000,6,380,11500000,15100000,22500000,6400000,Rejected,55500000,2.103895830662879,0.29189188663257865
1,Graduate,0,7900000,27100000,10,803,20000000,9800000,22200000,6600000,Approved,58600000,3.4303793126102136,0.46245732999219574
4,Graduate,0,3500000,8900000,20,809,7100000,1500000,13700000,3200000,Approved,25500000,2.542856416326738,0.34901959415609435
4,0t Graduate,0,2400000,6600000,2,722,6100000,3300000,5600000,3000000,Approved,18000000,2.7499988541671443,0.3666666462962974
5,Graduate,0,9900000,35700000,10,392,7900000,4300000,39200000,13000000,Rejected,64400000,3.606060241812097,0.5543478174790711
0,Graduate,0,3900000,14500000,8,545,5900000,3000000,10300000,3400000,Rejected,22600000,3.717947764628778,0.6415928919649163
2,0t Graduate,1,7300000,28500000,10,799,21500000,3100000,15800000,4300000,Approved,44700000,3.9041090542316366,0.6375838783538282
0,Graduate,1,6400000,21900000,12,727,15400000,10100000,24000000,5300000,Approved,54800000,3.421874465332115,0.39963502920374033
4,Graduate,0,7100000,19800000,18,530,7100000,3400000,20900000,7100000,Rejected,38500000,2.788732001587042,0.5142857009276441
2,0t Graduate,0,8800000,19000000,14,637,13700000,13900000,27100000,6100000,Approved,60800000,2.1590906637396974,0.31249999486019747
5,Graduate,0,7400000,21000000,4,561,21300000,3800000,26400000,3900000,Approved,55400000,2.83783745434629,0.3790613649988923
2,0t Graduate,0,4400000,12000000,20,421,9300000,2700000,15700000,3400000,Rejected,31100000,2.7272721074381576,0.38585207762533513
3,Graduate,1,8600000,30300000,14,459,12000000,4100000,23800000,9100000,Rejected,49000000,3.5232554042726276,0.618367334319034
3,0t Graduate,0,6900000,26000000,14,828,14800000,4200000,18500000,3600000,Approved,41100000,3.768115395925305,0.632603390934224
4,Graduate,0,9600000,27500000,20,679,23400000,7500000,37800000,6300000,Approved,75000000,2.864583034939267,0.36666666177777785
2,Graduate,1,8100000,25700000,8,455,22300000,11500000,19800000,9500000,Rejected,63100000,3.1728391144643067,0.40729000939318527
0,0t Graduate,0,2600000,9400000,18,879,2800000,1400000,5100000,2300000,Approved,11600000,3.615383224852606,0.8103447577289002
3,Graduate,1,9300000,26100000,14,636,4700000,16100000,34500000,11600000,Approved,66900000,2.8064513111342677,0.3901345233163748
2,0t Graduate,1,2100000,5600000,16,426,400000,300000,7100000,1200000,Rejected,9000000,2.6666653968260015,0.6222221530864275
4,0t Graduate,1,9000000,21500000,14,508,16600000,17300000,24300000,13100000,Rejected,71300000,2.3888886234568196,0.30154277276938607
3,0t Graduate,1,7000000,19200000,4,768,8600000,13700000,19200000,7700000,Approved,49200000,2.7428567510204642,0.3902438945072379
3,0t Graduate,0,2200000,6400000,20,667,6300000,3900000,8300000,2900000,Approved,21400000,2.9090895867774607,0.29906540658572867
5,Graduate,1,7500000,28200000,2,440,8200000,5800000,24400000,6000000,Approved,44400000,3.7599994986667333,0.6351351208302901
1,Graduate,1,8300000,16800000,2,366,22000000,6600000,27300000,4500000,Rejected,60400000,2.0240961416751637,0.2781456907591773
2,0t Graduate,0,300000,600000,2,383,600000,300000,1100000,400000,Rejected,2400000,1.9999933333555555,0.24999989583337673
0,0t Graduate,1,300000,800000,4,603,800000,200000,600000,200000,Approved,1800000,2.666657777807407,0.4444441975310014
3,Graduate,0,3900000,14900000,4,728,4700000,4000000,14900000,5500000,Approved,29100000,3.8205118408943997,0.5120274738134889
0,0t Graduate,0,6600000,20300000,6,549,10800000,900000,23100000,9800000,Rejected,44600000,3.0757571097337713,0.4551569404673332
0,Graduate,0,4100000,10700000,8,855,11500000,700000,11200000,3100000,Approved,26500000,2.6097554610352534,0.4037735696689219
5,Graduate,1,1800000,5300000,12,461,2800000,2000000,4700000,2000000,Rejected,11500000,2.944442808642884,0.4608695251417804
3,0t Graduate,1,7000000,16100000,16,379,2000000,5200000,23000000,10000000,Rejected,40200000,2.299999671428618,0.4004975024751865
2,0t Graduate,1,5100000,13700000,6,559,7800000,9800000,12700000,5100000,Approved,35400000,2.6862739830835327,0.38700563878515143
1,0t Graduate,1,300000,600000,8,816,600000,300000,1100000,200000,Approved,2200000,1.9999933333555555,0.27272714876038695
4,0t Graduate,1,4300000,11400000,2,560,10000000,3900000,8900000,3300000,Approved,26100000,2.6511621741483316,0.4367815924604754
0,Graduate,1,3200000,12000000,14,645,5200000,1400000,12100000,3400000,Approved,22100000,3.7499988281253662,0.5429864007698462
4,0t Graduate,1,4200000,11500000,6,551,10600000,7600000,11300000,5000000,Approved,34500000,2.7380945861679558,0.33333332367149787
0,0t Graduate,1,9600000,22900000,8,515,4300000,14700000,33300000,7800000,Rejected,60100000,2.3854164181857898,0.3810316076367453
4,Graduate,0,1300000,3600000,10,657,3200000,1900000,2900000,1100000,Approved,9100000,2.769228639054893,0.3956043521313899
3,0t Graduate,0,2400000,9300000,2,682,3100000,4400000,5200000,1500000,Approved,14200000,3.8749983854173395,0.6549295313429907
0,Graduate,0,600000,1600000,10,588,1600000,100000,1100000,300000,Approved,3100000,2.6666622222296295,0.516128865764882
5,Graduate,1,9600000,38000000,10,359,2100000,13600000,38200000,9400000,Rejected,63300000,3.9583329210069875,0.6003159462825285
0,Graduate,0,400000,1200000,4,766,900000,300000,1200000,300000,Approved,2700000,2.99999250001875,0.4444442798354519
4,Graduate,0,5900000,19900000,14,469,14200000,6800000,22100000,3200000,Rejected,46300000,3.3728807842574944,0.4298056062676975
0,Graduate,1,700000,1400000,10,618,1300000,200000,1700000,500000,Approved,3700000,1.9999971428612244,0.37837827611397945
0,0t Graduate,1,8600000,17700000,20,711,22000000,0,30800000,7400000,Approved,60200000,2.0581392955651983,0.2940199286707653
0,Graduate,1,9000000,34000000,4,549,2000000,8900000,20000000,12400000,Approved,43300000,3.777777358024738,0.7852193814037094
3,Graduate,1,5100000,20400000,6,754,1700000,2600000,11800000,7600000,Approved,23700000,3.999999215686428,0.8607594573519216
4,0t Graduate,1,500000,1500000,6,461,1300000,500000,1700000,200000,Rejected,3700000,2.999994000012,0.40540529583640655
2,Graduate,0,1600000,3800000,10,837,3800000,1100000,5500000,1600000,Approved,12000000,2.374998515625928,0.31666664027777996
0,Graduate,1,9800000,23900000,14,459,1000000,13400000,21100000,7200000,Rejected,42700000,2.438775261349463,0.5597189564468629
4,Graduate,0,7800000,29700000,20,614,22000000,700000,26800000,6300000,Approved,55800000,3.80769181952669,0.5322580549774543
4,0t Graduate,0,6500000,24000000,16,373,5600000,5100000,15600000,6700000,Rejected,33000000,3.6923071242604424,0.7272727052341604
5,Graduate,1,7500000,26500000,12,512,16500000,2900000,23700000,6000000,Rejected,49100000,3.533332862222285,0.539714856624952
4,Graduate,1,8900000,23400000,18,781,16500000,3100000,24900000,5800000,Approved,50300000,2.629213187728855,0.4652087382662279
4,Graduate,1,1800000,5800000,14,305,600000,3300000,3600000,2000000,Rejected,9500000,3.22222043209976,0.6105262515235524
1,0t Graduate,1,7600000,27800000,6,447,1300000,700000,20100000,10900000,Rejected,33000000,3.6578942555402296,0.8424242168962358
4,Graduate,1,1200000,4600000,6,757,1900000,200000,4800000,1500000,Approved,8400000,3.833330138891551,0.5476189824263116
5,Graduate,1,2700000,10400000,2,723,2800000,700000,10300000,1400000,Approved,15200000,3.8518504252405834,0.6842104813019421
1,0t Graduate,1,4600000,10900000,12,463,1200000,1200000,10900000,6600000,Rejected,19900000,2.369564702268543,0.5477386659427806
2,0t Graduate,0,6900000,18700000,10,699,12800000,5700000,21200000,5200000,Approved,44900000,2.7101445347616617,0.41648105976656885
4,Graduate,1,8400000,25200000,2,308,8100000,9300000,27700000,10500000,Approved,55600000,2.9999996428571856,0.45323740192019063
0,Graduate,0,300000,500000,18,702,300000,400000,1200000,100000,Approved,2000000,1.6666611111296297,0.2499998750000625
2,0t Graduate,1,9500000,37500000,4,456,10200000,16800000,34100000,12900000,Approved,74000000,3.94736800554021,0.5067567499086926
3,Graduate,1,1900000,5900000,8,651,700000,2100000,6200000,1500000,Approved,10500000,3.1052615235465666,0.5619047083900278
3,0t Graduate,0,4200000,14500000,20,840,4500000,5900000,8900000,4600000,Approved,23900000,3.4523801303856834,0.6066945352847475
4,Graduate,1,2200000,7900000,18,848,5100000,1700000,8500000,1600000,Approved,16900000,3.5909074586784278,0.4674555936416808
5,Graduate,1,7100000,19700000,4,727,7700000,12900000,23600000,5800000,Approved,50000000,2.7746474965285217,0.39399999212000014
4,Graduate,0,3500000,11600000,10,335,6300000,5200000,10300000,2300000,Rejected,24100000,3.314284767347209,0.48132778085776845
5,0t Graduate,0,400000,800000,18,304,900000,500000,1400000,400000,Rejected,3200000,1.9999950000125,0.24999992187502443
2,Graduate,1,8800000,34400000,2,712,10500000,12500000,29300000,5900000,Approved,58200000,3.9090904648760834,0.591065281940459
0,0t Graduate,0,1800000,6600000,10,737,5000000,2000000,6000000,1500000,Approved,14500000,3.6666646296307612,0.45517238240190466
1,Graduate,1,7600000,29300000,14,690,13900000,4000000,30000000,9100000,Approved,57000000,3.8552626506233354,0.514035078701139
1,Graduate,1,1000000,3200000,4,888,2000000,1500000,2200000,1300000,Approved,7000000,3.1999968000032,0.457142791836744
2,0t Graduate,1,8200000,27200000,10,839,9200000,6400000,25500000,6000000,Approved,47100000,3.317072766210638,0.5774946798833401
5,0t Graduate,1,3600000,12400000,8,333,8800000,1000000,10700000,4000000,Rejected,24500000,3.4444434876545866,0.5061224283215335
5,Graduate,0,9400000,23700000,18,862,21500000,3500000,22400000,5600000,Approved,53000000,2.521276327523795,0.44716980288358865
5,0t Graduate,0,2600000,9100000,4,309,6400000,1400000,5900000,3400000,Approved,17100000,3.4999986538466716,0.5321637115693736
5,0t Graduate,0,9500000,30700000,10,823,16300000,3700000,30300000,13100000,Approved,63400000,3.231578607202252,0.4842271216998877
0,Graduate,1,3500000,11700000,14,649,2700000,700000,11400000,4800000,Approved,19600000,3.342856187755375,0.5969387450541457
5,0t Graduate,1,9800000,35700000,10,726,9400000,18900000,31200000,12000000,Approved,71500000,3.642856771137064,0.4993006923174728
4,Graduate,0,800000,3100000,18,712,400000,700000,1900000,1100000,Approved,4100000,3.8749951562560545,0.7560973765616155
0,0t Graduate,0,9700000,37300000,20,701,12100000,16200000,24100000,10500000,Approved,62900000,3.845360428313358,0.593004760047619
3,Graduate,0,6200000,21300000,12,655,6500000,11600000,19200000,5000000,Approved,42300000,3.4354833168575296,0.5035460873866173
1,0t Graduate,1,4400000,16600000,18,385,800000,5300000,13400000,5100000,Rejected,24600000,3.772726415289451,0.6747967205367187
2,Graduate,0,1800000,3800000,4,777,5100000,2700000,4600000,1400000,Approved,13800000,2.1111099382722567,0.2753622988867899
3,Graduate,0,1700000,5300000,14,696,300000,700000,4500000,800000,Approved,6300000,3.1176452249145736,0.841269707734967
3,Graduate,0,3900000,14100000,16,496,2500000,2200000,13700000,2900000,Rejected,21300000,3.6153836883631567,0.6619717999074273
2,Graduate,1,2200000,7900000,6,659,3400000,1800000,8600000,2400000,Approved,16200000,3.5909074586784278,0.4876542908855376
3,0t Graduate,1,6300000,17700000,2,542,16800000,900000,16400000,5300000,Rejected,39400000,2.80952336356772,0.44923856727820893
2,0t Graduate,0,2200000,8700000,18,729,3900000,3300000,7600000,1300000,Approved,16100000,3.9545436570256105,0.5403726372439356
1,Graduate,0,8100000,28400000,6,744,20300000,10500000,21800000,7700000,Approved,60300000,3.506172406645382,0.47097843331710726
4,0t Graduate,0,6800000,17000000,2,749,18000000,3800000,27100000,9400000,Approved,58300000,2.499999632352995,0.2915951922539418
0,Graduate,0,4700000,14800000,20,755,12300000,5000000,15400000,3700000,Approved,36400000,3.1489355002264894,0.40659339542325834
3,Graduate,1,2200000,5300000,2,506,1600000,1700000,5800000,2800000,Rejected,11900000,2.4090898140500845,0.44537811383377196
3,Graduate,1,3500000,13000000,6,391,6100000,3500000,13300000,4300000,Rejected,27200000,3.7142846530615277,0.4779411588992221
1,0t Graduate,1,3500000,11600000,10,898,3100000,2700000,9000000,4500000,Approved,19300000,3.314284767347209,0.6010362382882778
5,0t Graduate,0,500000,1500000,12,527,100000,600000,1100000,200000,Rejected,2000000,2.999994000012,0.7499996250001875
5,0t Graduate,0,9900000,35800000,20,470,9500000,18400000,39100000,14700000,Rejected,81700000,3.616161250892803,0.4381884891286599
1,Graduate,0,8400000,25000000,12,694,5300000,14900000,23000000,7700000,Approved,50900000,2.9761901218821283,0.49115912591042976
1,Graduate,0,5000000,18800000,14,325,13100000,5700000,12800000,4300000,Rejected,35900000,3.7599992480001503,0.5236768656357419
4,0t Graduate,1,5500000,13400000,10,880,300000,800000,19900000,2800000,Approved,23800000,2.43636319338851,0.5630251864275132
5,Graduate,1,3000000,11900000,14,459,6000000,4800000,11700000,4200000,Rejected,26700000,3.9666653444448854,0.44569286720251433
3,0t Graduate,1,9400000,21400000,10,323,5100000,15500000,29600000,11300000,Rejected,61500000,2.2765955024898403,0.347967474016789
4,Graduate,0,7600000,29000000,8,739,22100000,8100000,22100000,8800000,Approved,61100000,3.815788971606714,0.47463174345938225
0,0t Graduate,1,5500000,16300000,10,724,11900000,1500000,11900000,6200000,Approved,31500000,2.9636358247934864,0.5174603010330063
1,Graduate,0,3100000,7400000,18,487,8400000,1200000,9200000,4500000,Rejected,23300000,2.3870960041625793,0.3175965528928518
3,Graduate,0,7700000,27700000,4,439,13900000,7500000,27100000,6200000,Approved,54700000,3.5974021302075156,0.5063985282194053
2,Graduate,0,9800000,25400000,2,655,19900000,4600000,21300000,7900000,Approved,53700000,2.5918364702207684,0.47299812899444826
3,0t Graduate,0,3200000,9200000,14,443,3300000,1100000,7200000,4500000,Rejected,16100000,2.8749991015627807,0.5714285359361158
2,Graduate,0,700000,2600000,20,489,100000,200000,2400000,900000,Rejected,3600000,3.7142804081708456,0.722222021604994
4,0t Graduate,1,3100000,8600000,14,427,3100000,3800000,9900000,3700000,Rejected,20500000,2.774192653486241,0.4195121746579427
0,Graduate,1,4500000,10500000,20,417,9800000,2000000,9600000,5800000,Rejected,27200000,2.33333281481493,0.38602939757244864
5,0t Graduate,1,8900000,24800000,18,842,16200000,5000000,20000000,8100000,Approved,49300000,2.786516540840838,0.5030425861451808
3,0t Graduate,0,5900000,23200000,2,307,15500000,10000000,21100000,6300000,Approved,52900000,3.932202723355471,0.4385633187417142
2,0t Graduate,0,1500000,4500000,18,428,4500000,1200000,5600000,1100000,Rejected,12400000,2.9999980000013333,0.3629031965400648
4,0t Graduate,1,6300000,15200000,16,415,15500000,1800000,20700000,7900000,Rejected,45900000,2.4126980297304716,0.33115467688116174
3,0t Graduate,1,6500000,18200000,20,405,10400000,2800000,21300000,6700000,Rejected,41200000,2.7999995692308355,0.4417475620935058
4,Graduate,0,8000000,31500000,18,683,10300000,7900000,30100000,9600000,Approved,57900000,3.9374995078125616,0.5440414413809769
1,Graduate,1,3300000,10600000,14,742,300000,600000,8400000,4500000,Approved,13800000,3.2121202387514427,0.768115886368414
4,0t Graduate,0,3900000,10000000,10,530,10900000,200000,12300000,1900000,Rejected,25300000,2.564101906640537,0.395256901373245
3,Graduate,0,1600000,3500000,10,844,4500000,2200000,5200000,1600000,Approved,13500000,2.1874986328133543,0.2592592400548711
2,0t Graduate,1,3900000,13900000,18,715,5000000,5600000,9900000,2100000,Approved,22600000,3.564101650230346,0.6150442205732646
3,Graduate,1,8000000,26300000,12,476,21700000,6600000,16400000,9000000,Rejected,53700000,3.2874995890625516,0.48975790521866097
2,Graduate,0,2200000,4800000,6,721,1800000,100000,6900000,2200000,Approved,11000000,2.1818171900830956,0.4363635966942185
4,0t Graduate,0,7600000,30300000,12,339,20400000,8000000,22200000,5800000,Rejected,56400000,3.9868415806787394,0.5372340330277654
5,0t Graduate,1,2700000,6800000,6,461,4500000,2000000,8200000,1700000,Rejected,16400000,2.5185175857342275,0.4146341210588951
2,Graduate,1,6300000,23200000,12,556,7000000,8300000,24200000,5300000,Approved,44800000,3.682539098009667,0.5178571312978318
3,0t Graduate,0,7700000,18700000,8,483,15100000,5600000,24600000,10200000,Rejected,55500000,2.4285711131725827,0.33693693086600124
2,Graduate,0,4500000,17200000,18,406,4100000,6300000,13800000,3300000,Rejected,27500000,3.822221372839695,0.6254545227107446
2,Graduate,1,9400000,24800000,14,513,24200000,18200000,37200000,7500000,Rejected,87100000,2.638297591670469,0.28473019190895305
0,0t Graduate,0,4600000,12600000,16,574,3400000,6200000,15100000,3600000,Approved,28300000,2.7391298393196,0.44522966624630156
0,Graduate,1,5200000,15700000,6,692,3800000,7000000,12800000,5500000,Approved,29100000,3.019230188609579,0.5395188818034748
5,Graduate,1,8000000,29800000,18,867,17700000,14100000,22800000,9200000,Approved,63800000,3.7249995343750584,0.46708463217735685
1,0t Graduate,1,9900000,38500000,2,875,19600000,2900000,20200000,6500000,Approved,49200000,3.888888496071869,0.7825203092983677
4,Graduate,1,8500000,18600000,10,597,16600000,3200000,21000000,11600000,Approved,52400000,2.188235036678231,0.35496182528698805
2,Graduate,1,4900000,12000000,20,513,14200000,8100000,18300000,4800000,Rejected,45400000,2.448979092045083,0.2643171747947759
3,Graduate,1,7000000,24200000,2,354,18200000,7000000,15900000,7900000,Approved,49000000,3.4571423632653766,0.4938775409412747
2,0t Graduate,0,9600000,25900000,18,647,11800000,9900000,35600000,11500000,Approved,68800000,2.6979163856337096,0.37645348290038544
1,Graduate,0,9700000,23700000,6,875,11500000,14400000,38100000,10400000,Approved,74400000,2.4432987171856992,0.3185483828152099
1,Graduate,0,6200000,14300000,20,819,7500000,11700000,16700000,4300000,Approved,40200000,2.3064512408949613,0.3557213841860352
4,0t Graduate,1,4100000,9600000,10,521,11900000,7100000,14100000,4900000,Rejected,38000000,2.341462843545648,0.25263157229916916
0,Graduate,1,6100000,19900000,20,761,4500000,3700000,12700000,7100000,Approved,28000000,3.2622945471648284,0.7107142603316335
0,Graduate,0,700000,1900000,18,572,1400000,1000000,2000000,300000,Approved,4700000,2.7142818367402333,0.4042552331371844
3,Graduate,0,6400000,24100000,12,571,19000000,11500000,13200000,7500000,Approved,51200000,3.765624411621186,0.47070311580657975
4,Graduate,1,3800000,7800000,20,891,4600000,7000000,14300000,3300000,Approved,29200000,2.0526310387813056,0.2671232785231754
1,0t Graduate,0,4900000,14800000,12,895,8600000,8200000,18300000,5200000,Approved,40300000,3.0204075468556026,0.36724564845544294
2,Graduate,0,2100000,6600000,20,580,3800000,4100000,6200000,2100000,Approved,16200000,3.142855646259216,0.4074073822588036
2,Graduate,0,6200000,23400000,8,605,10000000,10800000,21800000,9200000,Approved,51800000,3.7741929396463,0.4517374430166517
4,0t Graduate,0,1600000,5100000,8,705,2400000,800000,5100000,1900000,Approved,10200000,3.187498007813745,0.49999995098039696
1,0t Graduate,1,1300000,5000000,20,423,900000,800000,3900000,1600000,Rejected,7200000,3.8461508875762402,0.6944443479938406
5,0t Graduate,1,7300000,22500000,2,846,9800000,4700000,20300000,5700000,Approved,40500000,3.0821913586039233,0.5555555418381347
2,0t Graduate,0,2100000,5000000,4,542,700000,600000,6600000,3100000,Rejected,11000000,2.380951247166073,0.45454541322314423
5,0t Graduate,0,600000,2400000,18,631,600000,300000,2100000,900000,Approved,3900000,3.9999933333444444,0.6153844575937288
4,Graduate,0,7000000,24500000,18,318,4300000,1700000,16300000,3600000,Rejected,25900000,3.4999995000000714,0.9459459094229379
1,0t Graduate,1,3000000,6800000,10,541,5800000,5700000,10700000,2900000,Rejected,25100000,2.266665911111363,0.27091632386787556
1,Graduate,0,900000,2900000,20,782,0,1500000,3500000,800000,Approved,5800000,3.222218641979287,0.4999999137931183
2,Graduate,0,9600000,35000000,2,888,12600000,6500000,37900000,5800000,Approved,62800000,3.6458329535590672,0.557324831889732
0,Graduate,0,1500000,3600000,14,747,200000,1400000,3000000,1200000,Approved,5800000,2.3999984000010666,0.6206895481569744
0,Graduate,1,5000000,18900000,6,641,4300000,8500000,19600000,6700000,Approved,39100000,3.7799992440001513,0.4833759467167277
3,Graduate,1,500000,1700000,4,640,400000,700000,1300000,200000,Approved,2600000,3.3999932000136,0.6538459023669606
4,0t Graduate,0,7600000,28100000,12,324,12500000,8500000,19900000,11100000,Rejected,52000000,3.697367934556851,0.5403846049926038
4,Graduate,0,5500000,21200000,20,359,4200000,5300000,18600000,6400000,Rejected,34500000,3.8545447537191357,0.6144927358118047
0,0t Graduate,1,6600000,23300000,12,338,2400000,800000,18900000,9300000,Rejected,31400000,3.530302495408713,0.74203819292872
0,Graduate,0,1400000,3200000,14,384,3100000,800000,3400000,2000000,Rejected,9300000,2.2857126530623906,0.3440859845068834
5,0t Graduate,1,8800000,26600000,16,545,19100000,16600000,30400000,7600000,Rejected,73700000,3.022726929235576,0.3609226545329355
5,0t Graduate,0,6200000,24200000,18,610,10200000,7800000,19600000,8300000,Approved,45900000,3.903225176899165,0.5272331039818496
2,Graduate,1,8300000,27900000,18,840,12600000,3500000,19100000,9200000,Approved,44400000,3.361445378139111,0.6283783642257125
3,0t Graduate,0,2400000,8100000,6,630,5100000,2900000,9100000,2300000,Approved,19400000,3.3749985937505858,0.4175257516739303
1,Graduate,0,9100000,31200000,4,508,12800000,11700000,31100000,7800000,Approved,63400000,3.428571051805379,0.49211355690672626
0,0t Graduate,1,9500000,34900000,4,535,800000,14100000,25600000,14000000,Approved,54500000,3.6736838238227554,0.6403669607272118
1,Graduate,0,1200000,3400000,20,717,3100000,1500000,2500000,900000,Approved,8000000,2.8333309722241897,0.42499994687500664
2,Graduate,1,7700000,19300000,8,735,1200000,1900000,23800000,10400000,Approved,37300000,2.5064931809749114,0.5174262595864274
5,Graduate,1,7800000,22000000,20,528,5800000,8800000,24700000,4900000,Rejected,44200000,2.820512458908659,0.49773754530005554
0,Graduate,1,9400000,20000000,4,350,3300000,1400000,37200000,4700000,Rejected,46600000,2.127659348121346,0.4291845401462545
0,0t Graduate,0,1700000,5700000,12,422,3400000,1100000,6500000,900000,Rejected,11900000,3.3529392041534094,0.47899155638726415
5,Graduate,0,4000000,13700000,6,496,0,1400000,15800000,3700000,Rejected,20900000,3.424999143750214,0.6555023609807483
4,0t Graduate,0,4200000,15500000,18,794,7300000,700000,13400000,2200000,Approved,23600000,3.6904753117915923,0.6567796331873037
2,Graduate,0,2400000,7700000,6,719,6000000,1700000,6700000,1600000,Approved,16000000,3.208331996528335,0.48124996992187685
3,0t Graduate,1,2700000,6100000,14,630,3900000,2800000,10600000,2300000,Approved,19600000,2.2592584224968806,0.31122447391711866
3,0t Graduate,1,600000,1800000,4,843,1400000,300000,1700000,400000,Approved,3800000,2.9999950000083335,0.47368408587260896
2,Graduate,0,4600000,15600000,2,764,7700000,1500000,16000000,5800000,Approved,31000000,3.3913036105861716,0.5032257902185229
3,Graduate,0,7200000,17700000,4,662,13100000,11500000,16300000,5300000,Approved,46200000,2.4583329918981955,0.38311687482431006
0,0t Graduate,0,4700000,15500000,16,311,12800000,200000,17500000,2700000,Rejected,33200000,3.297871638750715,0.4668674558172453
4,0t Graduate,0,4300000,10100000,2,606,9900000,1800000,8900000,5500000,Approved,26100000,2.348836663061241,0.3869731652500703
5,Graduate,0,4700000,10200000,16,874,10800000,7700000,11100000,7000000,Approved,36600000,2.170212304210148,0.27868851697572355
4,0t Graduate,1,8700000,30000000,4,370,17600000,15600000,34600000,12100000,Approved,79900000,3.4482754657154637,0.3754693319715979
1,Graduate,0,7000000,20500000,10,414,19700000,7500000,20700000,5100000,Rejected,53000000,2.9285710102041413,0.38679244553221803
2,0t Graduate,0,600000,1100000,10,800,1200000,200000,2300000,900000,Approved,4600000,1.8333302777828704,0.23913038279774287
1,0t Graduate,0,6800000,16900000,12,779,13800000,10200000,23400000,4400000,Approved,51800000,2.4852937521626837,0.32625481995647065
1,0t Graduate,0,6400000,14100000,20,553,11700000,4500000,20000000,3600000,Approved,39800000,2.2031246557617727,0.35427134788262943
4,0t Graduate,0,7600000,29900000,18,445,4800000,13900000,18400000,5700000,Rejected,42800000,3.934210008656578,0.6985981145187357
3,0t Graduate,0,9000000,21400000,8,496,16400000,7300000,31800000,12500000,Rejected,68000000,2.377777513580276,0.31470587772491354
0,Graduate,1,2400000,5900000,10,650,5100000,3700000,5300000,2300000,Approved,16400000,2.4583323090282048,0.3597560756246295
3,0t Graduate,0,6800000,17900000,6,783,20000000,9800000,23600000,5500000,Approved,58900000,2.632352554065801,0.30390491843964484
5,Graduate,1,3500000,13500000,10,535,3100000,5700000,12500000,3100000,Rejected,24400000,3.8571417551023557,0.553278665849235
4,Graduate,1,8900000,34000000,20,415,13500000,3100000,33600000,12800000,Rejected,63000000,3.8202242898624394,0.5396825311161503
0,0t Graduate,0,6000000,15300000,8,709,8900000,1700000,16400000,3500000,Approved,30500000,2.549999575000071,0.501639327815104
3,0t Graduate,0,700000,2500000,14,819,1600000,1000000,2100000,900000,Approved,5600000,3.5714234693950435,0.4464284917091979
0,0t Graduate,1,6800000,17300000,18,841,10500000,8600000,16000000,8700000,Approved,43800000,2.5441172729239305,0.3949771599320283
4,0t Graduate,1,5300000,10700000,12,700,15800000,1900000,20500000,2900000,Approved,41100000,2.0188675436098973,0.2603406262690845
1,Graduate,1,1400000,4200000,4,881,2800000,1200000,5100000,1300000,Approved,10400000,2.999997857144388,0.4038461150147966
2,Graduate,1,1400000,4600000,4,804,1900000,2200000,5200000,700000,Approved,10000000,3.2857119387771867,0.4599999540000046
4,0t Graduate,0,9200000,21700000,6,653,22700000,4600000,29400000,8600000,Approved,65300000,2.358695395793979,0.3323123991988913
1,Graduate,1,7900000,29200000,2,663,19600000,12100000,28600000,10100000,Approved,70400000,3.696202063771891,0.4147727213810693
0,0t Graduate,0,4500000,17500000,10,495,10300000,3500000,9700000,6200000,Rejected,29700000,3.8888880246915503,0.5892255693863445
1,0t Graduate,0,3800000,9800000,8,335,100000,5100000,14200000,1800000,Rejected,21200000,2.5789466897508713,0.46226412913848447
5,Graduate,1,1500000,4900000,6,618,3400000,1000000,3200000,900000,Approved,8500000,3.2666644888903407,0.576470520415233
3,0t Graduate,0,1200000,2400000,12,480,3000000,100000,3100000,1700000,Rejected,7900000,1.9999983333347222,0.3037974298990595
4,0t Graduate,0,1700000,4900000,18,843,4800000,2200000,6200000,1800000,Approved,15000000,2.882351245675738,0.32666664488889036
4,Graduate,0,5200000,14100000,16,483,11800000,800000,19200000,2700000,Rejected,34500000,2.7115379400888577,0.4086956403276626
1,0t Graduate,0,1600000,5100000,12,548,2200000,2700000,3600000,800000,Rejected,9300000,3.187498007813745,0.5483870378078454
4,Graduate,1,6600000,16000000,16,379,6500000,12600000,24700000,4500000,Rejected,48300000,2.424242056933022,0.3312629331001463
5,0t Graduate,1,9400000,26600000,20,771,10200000,12600000,36900000,11700000,Approved,71400000,2.8297869330013903,0.3725490143900698
4,Graduate,1,300000,500000,2,353,600000,100000,1200000,400000,Rejected,2300000,1.6666611111296297,0.21739120982990878
5,0t Graduate,0,4600000,11500000,16,668,6500000,3100000,10200000,5500000,Approved,25300000,2.499999456521857,0.45454543657923174
3,0t Graduate,1,6100000,21300000,2,387,7100000,3100000,16300000,4100000,Approved,30600000,3.4918027062618515,0.6960784086248886
0,0t Graduate,1,1500000,4100000,12,789,3600000,1600000,5800000,1300000,Approved,12300000,2.733331511112326,0.3333333062330645
0,Graduate,1,400000,900000,2,855,0,500000,1300000,400000,Approved,2200000,2.2499943750140625,0.40909072314058037
0,0t Graduate,0,8700000,33600000,14,751,7100000,13700000,22800000,7000000,Approved,50600000,3.8620685216013193,0.6640316074302054
3,0t Graduate,0,7000000,21600000,12,739,1600000,7600000,24500000,8400000,Approved,42100000,3.0857138448980224,0.5130641208298309
4,Graduate,0,4700000,13100000,14,492,1000000,4500000,14100000,6400000,Rejected,26000000,2.787233449524798,0.5038461344674564
4,0t Graduate,1,7600000,23800000,16,896,3700000,4500000,15400000,6400000,Approved,30000000,3.1315785353186136,0.7933333068888898
1,0t Graduate,1,9200000,24500000,4,545,25700000,0,20600000,13300000,Rejected,59600000,2.6630431887996533,0.411073818606144
5,0t Graduate,0,9400000,36800000,20,891,13900000,16600000,19300000,8900000,Approved,58700000,3.9148932005432764,0.6269165140218652
0,Graduate,0,4800000,15100000,6,848,1300000,300000,18800000,3500000,Approved,23900000,3.1458326779515255,0.631799136744806
3,0t Graduate,1,600000,2400000,12,884,600000,800000,1400000,600000,Approved,3400000,3.9999933333444444,0.7058821453287808
3,Graduate,1,4900000,14300000,14,439,10300000,5600000,17400000,5100000,Rejected,38400000,2.9183667513537244,0.3723958236355254
3,Graduate,1,3300000,8500000,12,586,7500000,5100000,7800000,3900000,Approved,24300000,2.5757567952252134,0.34979422428830353
3,Graduate,1,9100000,18800000,20,308,14500000,10200000,20500000,4800000,Rejected,50000000,2.0659338389083692,0.37599999248000016
5,Graduate,0,6100000,23500000,16,300,300000,700000,22800000,4800000,Rejected,28600000,3.8524583848428877,0.8216782929483114
3,Graduate,1,8400000,19600000,2,741,21500000,200000,18700000,8300000,Approved,48700000,2.3333330555555887,0.4024640574442699
4,Graduate,0,7900000,31400000,8,698,16500000,11400000,28700000,5100000,Approved,61700000,3.974683041179362,0.5089140922380212
2,0t Graduate,1,6100000,22300000,10,733,12100000,9700000,17200000,5600000,Approved,44600000,3.655737105616868,0.4999999887892379
3,0t Graduate,1,2000000,4200000,16,571,1700000,3900000,5800000,1300000,Approved,12700000,2.099998950000525,0.3307086353772728
3,Graduate,1,9900000,29900000,20,490,10500000,9100000,27100000,7400000,Rejected,54100000,3.0202017151311398,0.5526802115955599
2,0t Graduate,0,9500000,25400000,16,451,19000000,2900000,33800000,11400000,Rejected,67100000,2.673683929085902,0.3785394876521686
4,Graduate,1,1900000,6800000,6,559,3600000,2200000,6200000,1200000,Approved,13200000,3.5789454847655344,0.5151514761248882
4,Graduate,1,6900000,21400000,10,577,12500000,2200000,14900000,6300000,Approved,35900000,3.101448825876982,0.5961002619470679
2,0t Graduate,1,1500000,5000000,4,613,4400000,1300000,5200000,2100000,Approved,13000000,3.3333311111125927,0.3846153550295881
4,0t Graduate,0,1900000,3800000,20,785,1000000,600000,6100000,1500000,Approved,9200000,1.999998947368975,0.4130434333648442
0,Graduate,1,2300000,6000000,8,690,5500000,2900000,6000000,2000000,Approved,16400000,2.6086945179589054,0.3658536362284368
2,0t Graduate,0,7800000,17100000,14,351,19000000,7200000,19300000,7100000,Rejected,52600000,2.1923074112426395,0.32509505085370627
4,0t Graduate,0,400000,1000000,10,447,0,300000,900000,300000,Rejected,1500000,2.499993750015625,0.6666662222225185
0,Graduate,1,9400000,19200000,20,708,21200000,16300000,23400000,13200000,Approved,74100000,2.042552974196492,0.2591093082441389
2,Graduate,0,9100000,21700000,12,549,25500000,11000000,34700000,12200000,Rejected,83400000,2.384615122569767,0.2601918434029755
1,Graduate,1,9000000,18800000,8,797,4100000,9400000,22900000,7500000,Approved,43900000,2.0888886567901492,0.4282460039123917
4,0t Graduate,0,7100000,14300000,14,537,13700000,10400000,18200000,6100000,Rejected,48400000,2.0140842233684193,0.29545453935011284
3,Graduate,0,800000,2500000,12,828,1700000,0,1500000,700000,Approved,3900000,3.124996093754883,0.6410254766601342
0,Graduate,1,4500000,9600000,14,471,3200000,7700000,11000000,3600000,Rejected,25500000,2.1333328592593648,0.37647057347174223
5,Graduate,0,8500000,25400000,4,336,8500000,1200000,30600000,9000000,Rejected,49300000,2.988234942560595,0.5152129712938546
3,0t Graduate,1,2500000,9800000,16,424,4700000,3200000,5800000,1300000,Rejected,15000000,3.9199984320006274,0.6533332897777807
2,Graduate,0,1500000,3300000,18,440,800000,2300000,3000000,1800000,Rejected,7900000,2.1999985333343113,0.4177214661112068
0,0t Graduate,0,6200000,17300000,8,583,3700000,3900000,13600000,3300000,Approved,24500000,2.790322130593205,0.7061224201582685
1,0t Graduate,1,1300000,2900000,6,480,2900000,300000,2900000,1400000,Rejected,7500000,2.2307675147942194,0.386666615111118
5,0t Graduate,0,6600000,25800000,10,670,4600000,7200000,20600000,8500000,Approved,40900000,3.9090903168044973,0.6308068305426203
0,Graduate,1,5300000,13700000,6,329,8800000,7600000,11200000,2800000,Rejected,30400000,2.5849051726594015,0.4506578799125697
5,0t Graduate,0,1400000,3000000,6,754,3500000,2700000,5300000,1400000,Approved,12900000,2.142855612245991,0.23255812150712235
2,0t Graduate,1,2900000,7800000,18,588,400000,100000,11600000,4200000,Approved,16300000,2.689654244946812,0.47852757800444307
3,0t Graduate,0,6500000,16500000,4,551,5300000,800000,18500000,7600000,Approved,32200000,2.538461147929054,0.5124223443347098
3,Graduate,0,8300000,18900000,4,316,20200000,9700000,21300000,8200000,Rejected,59400000,2.277108159384559,0.318181812825222
2,0t Graduate,1,8900000,32200000,12,382,0,11300000,20500000,5400000,Rejected,37200000,3.6179771215756045,0.865591374580877
3,Graduate,0,5300000,15000000,6,717,7000000,4100000,17100000,5300000,Approved,33500000,2.83018814524752,0.44776118066384535
0,Graduate,0,2800000,7300000,6,676,3500000,2200000,5700000,3200000,Approved,14600000,2.607141926020741,0.499999965753427
1,0t Graduate,0,8000000,27800000,6,667,6000000,12600000,22500000,9900000,Approved,51000000,3.4749995656250543,0.5450980285274897
3,0t Graduate,0,3900000,10500000,20,821,1600000,6300000,11000000,3900000,Approved,22800000,2.6923070019725635,0.46052629559095193
0,Graduate,0,6200000,20100000,20,345,9300000,5900000,17400000,4100000,Rejected,36700000,3.241934960978232,0.5476839087824548
3,0t Graduate,1,5900000,19200000,10,442,9500000,500000,18300000,4700000,Rejected,33000000,3.2542367365700446,0.5818181641873283
1,Graduate,1,6000000,23300000,12,672,2000000,11300000,19600000,6400000,Approved,39300000,3.883332686111219,0.5928753029802721
3,0t Graduate,1,9100000,29300000,2,508,19000000,5100000,31600000,11900000,Approved,67600000,3.2197798659582566,0.43343194625100673
5,Graduate,1,3400000,12300000,10,615,7000000,1600000,11400000,3500000,Approved,23500000,3.6176459948100015,0.5234042330466284
1,Graduate,1,1800000,4400000,8,689,3200000,2500000,3800000,1600000,Approved,11100000,2.4444430864205073,0.39639636068501255
1,Graduate,0,300000,1200000,18,747,100000,0,700000,200000,Rejected,1000000,3.999986666711111,1.1999988000012
1,Graduate,1,9000000,22800000,10,412,0,15600000,32000000,4700000,Rejected,52300000,2.533333051851883,0.4359464543796089
1,Graduate,0,6400000,16900000,2,703,6300000,7300000,15900000,7400000,Approved,36900000,2.6406245874024084,0.45799456753402257
5,0t Graduate,0,5800000,22200000,16,884,1200000,4800000,19500000,8500000,Approved,34000000,3.827585546968009,0.6529411572664365
5,Graduate,1,2600000,8600000,18,651,1000000,100000,7800000,2600000,Approved,11500000,3.307691035503448,0.747826021928172
4,0t Graduate,0,6600000,17300000,14,793,16700000,1400000,17500000,3900000,Approved,39500000,2.6212117240588295,0.4379746724563374
2,0t Graduate,0,6100000,21800000,4,407,9800000,100000,20200000,5800000,Approved,35900000,3.5737699059393595,0.6072423229180411
2,0t Graduate,0,4100000,11100000,8,390,800000,3100000,10100000,3400000,Rejected,17400000,2.7073164128496554,0.6379309978200576
3,0t Graduate,1,300000,1000000,12,469,600000,400000,700000,300000,Rejected,2000000,3.3333222222592593,0.499999750000125
4,Graduate,0,4700000,10400000,6,373,6800000,8600000,14300000,5400000,Rejected,35100000,2.212765486645641,0.2962962878548066
4,Graduate,1,1500000,5800000,2,304,2400000,1600000,3300000,1400000,Approved,8700000,3.8666640888906074,0.666666590038323
5,0t Graduate,0,2700000,8300000,8,833,4600000,1300000,6800000,3300000,Approved,16000000,3.0740729355285423,0.5187499675781271
2,Graduate,0,6900000,20900000,2,302,18700000,10700000,26900000,9200000,Approved,65500000,3.0289850682630335,0.31908396459413796
0,Graduate,0,7600000,28700000,6,397,11000000,13200000,24600000,3800000,Rejected,52600000,3.776315292590093,0.5456273660527117
1,Graduate,0,4100000,10000000,6,891,4900000,300000,12600000,3600000,Approved,21400000,2.43902379536005,0.467289697790201
3,0t Graduate,0,4100000,12200000,2,457,700000,500000,14100000,4900000,Rejected,20200000,2.975609030339261,0.6039603661405759
4,0t Graduate,0,1600000,3200000,16,657,200000,100000,5700000,1200000,Approved,7200000,1.9999987500007812,0.44444438271605796
2,0t Graduate,1,400000,1400000,2,480,200000,700000,1600000,200000,Approved,2700000,3.499991250021875,0.5185183264746939
5,Graduate,1,4400000,17300000,20,840,3600000,5100000,12900000,2300000,Approved,23900000,3.9318172882233435,0.7238493420983538
2,0t Graduate,1,3800000,8000000,12,866,6000000,600000,8400000,1900000,Approved,16900000,2.1052626038782623,0.4733727530548667
0,0t Graduate,0,4300000,17000000,8,619,4100000,6600000,17100000,3900000,Approved,31700000,3.9534874526773365,0.5362775856063853
1,Graduate,1,9000000,33500000,2,748,7900000,9800000,25700000,11500000,Approved,54900000,3.722221808642021,0.6102003531839644
3,0t Graduate,1,9500000,25500000,12,881,27000000,14100000,21600000,8900000,Approved,71600000,2.684210243767343,0.3561452464225524
2,Graduate,1,6900000,13900000,8,829,14300000,8100000,22400000,4600000,Approved,49400000,2.0144924616677593,0.28137651252274265
3,0t Graduate,0,4300000,11100000,6,312,4800000,3800000,10100000,3300000,Rejected,22000000,2.581394748512849,0.5045454316115713
3,0t Graduate,0,6600000,21400000,10,467,15200000,6000000,20300000,5200000,Rejected,46700000,3.2424237511479164,0.4582441015365289
1,Graduate,1,5200000,14300000,18,650,5400000,2300000,17600000,3600000,Approved,28900000,2.7499994711539477,0.494809671459873
3,Graduate,1,400000,1100000,6,711,100000,300000,1400000,100000,Approved,1900000,2.7499931250171876,0.5789470637120717
4,0t Graduate,0,1300000,4100000,18,886,2800000,500000,3800000,600000,Approved,7700000,3.153843727812517,0.5324674633159139
5,0t Graduate,0,9700000,28400000,4,494,5300000,12000000,24400000,10000000,Rejected,51700000,2.927834749707758,0.5493230067829206
2,Graduate,1,5400000,10900000,14,741,1300000,6000000,20400000,5600000,Approved,33300000,2.018518144718862,0.3273273174976781
4,0t Graduate,0,1200000,3300000,12,876,400000,100000,3800000,1000000,Approved,5300000,2.749997708335243,0.6226413919544543
0,Graduate,1,7000000,26400000,14,610,14300000,0,13900000,5300000,Approved,33500000,3.771428032653138,0.7880596779683678
5,Graduate,0,7600000,26000000,6,778,12900000,2400000,25500000,10900000,Approved,51700000,3.4210521814405026,0.502901344237885
5,Graduate,1,700000,1800000,14,571,200000,400000,1900000,400000,Approved,2900000,2.5714248979644316,0.620689441141572
3,Graduate,1,7500000,25100000,18,554,12500000,7900000,28500000,4700000,Approved,53600000,3.346666220444504,0.4682835733529184
0,0t Graduate,1,2300000,6200000,8,712,6800000,1700000,8800000,1500000,Approved,18800000,2.6956510018908686,0.32978721650068
5,0t Graduate,1,5600000,11500000,4,695,9500000,7100000,11700000,7800000,Approved,36100000,2.05357106186231,0.3185595479623394
0,0t Graduate,1,5400000,10900000,20,366,3700000,500000,21000000,4800000,Rejected,30000000,2.018518144718862,0.3633333212222226
1,0t Graduate,1,1800000,5500000,10,426,5000000,1500000,5900000,1600000,Rejected,14000000,3.0555538580256343,0.3928571147959204
0,0t Graduate,0,2900000,6900000,10,320,5100000,500000,7700000,1500000,Rejected,14800000,2.3793095243760263,0.46621618471512266
3,0t Graduate,1,1400000,4600000,8,543,1500000,1200000,2700000,2000000,Rejected,7400000,3.2857119387771867,0.6216215376187111
2,Graduate,0,2800000,11000000,16,525,8200000,1800000,5800000,2400000,Rejected,18200000,3.928570025510705,0.6043955711870566
0,0t Graduate,1,3300000,13100000,12,812,4800000,4900000,7500000,4300000,Approved,21500000,3.9696957667588584,0.6093022972417537
0,0t Graduate,0,7000000,25300000,14,697,15100000,10400000,14300000,6700000,Approved,46500000,3.6142851979592576,0.544086009804602
1,0t Graduate,0,3900000,15100000,12,527,10600000,5100000,11100000,3800000,Rejected,30600000,3.8717938790272104,0.493464036161306
1,0t Graduate,0,5700000,17200000,4,512,4300000,7000000,21400000,3000000,Approved,35700000,3.017543330255556,0.4817927035912408
0,Graduate,0,4100000,9200000,4,671,3400000,6300000,10400000,4900000,Approved,25000000,2.243901891731246,0.3679999852800006
1,Graduate,1,2200000,8700000,20,539,1000000,4000000,8200000,2600000,Rejected,15800000,3.9545436570256105,0.550632876542223
5,0t Graduate,0,2200000,7200000,10,532,2700000,300000,7500000,1600000,Rejected,12100000,3.272725785124643,0.5950412731370849
3,0t Graduate,1,2500000,7700000,16,485,2000000,3600000,5600000,3200000,Rejected,14400000,3.0799987680004928,0.5347221850887371
0,0t Graduate,1,900000,2100000,6,521,100000,1700000,2100000,700000,Rejected,4600000,2.3333307407436212,0.45652163988660005
1,0t Graduate,0,2900000,7400000,10,874,400000,1200000,10100000,3300000,Approved,15000000,2.551723258026463,0.4933333004444466
2,0t Graduate,0,9800000,22900000,10,788,1300000,10300000,27200000,14000000,Approved,52800000,2.3367344554352596,0.43371211299787665
2,0t Graduate,0,5200000,14800000,12,659,11500000,5200000,18100000,4100000,Approved,38900000,2.8461532988166733,0.38046271515520014
1,Graduate,1,8600000,19600000,16,498,14800000,3000000,21000000,5300000,Rejected,44100000,2.279069502433779,0.44444443436633935
2,Graduate,1,4800000,13200000,20,310,11800000,4600000,12900000,4200000,Rejected,33500000,2.749999427083453,0.3940298389841839
0,Graduate,0,2000000,4700000,6,785,2900000,1800000,6700000,1700000,Approved,13100000,2.3499988250005877,0.35877859856651917
0,Graduate,0,3600000,8700000,10,309,6300000,1000000,8600000,3300000,Rejected,19200000,2.4166659953705567,0.4531249763997408
3,0t Graduate,1,5300000,19600000,2,433,14700000,9900000,10800000,3000000,Approved,38400000,3.6981125097900924,0.5104166533745663
1,0t Graduate,1,400000,1300000,18,801,100000,0,1500000,600000,Approved,2200000,3.2499918750203123,0.5909088223141716
3,Graduate,1,6500000,22400000,6,488,16800000,11700000,21700000,6800000,Rejected,57000000,3.446153315976413,0.39298244924592196
0,0t Graduate,1,2300000,6000000,16,756,2900000,2100000,7500000,1200000,Approved,13700000,2.6086945179589054,0.4379561724119582
3,Graduate,0,1000000,2800000,4,757,2500000,100000,3800000,900000,Approved,7300000,2.7999972000028,0.3835615912929327
5,0t Graduate,0,3200000,10100000,6,828,8500000,6000000,8700000,3000000,Approved,26200000,3.1562490136721832,0.38549616849251267
3,Graduate,1,3400000,7200000,12,733,4800000,2700000,8100000,2200000,Approved,17800000,2.1176464359863423,0.4044943592980697
0,0t Graduate,0,9600000,38200000,8,421,1600000,14100000,33600000,13800000,Rejected,63100000,3.9791662521701823,0.6053882629890925
3,0t Graduate,0,5300000,20300000,4,872,4300000,7300000,18400000,7600000,Approved,37600000,3.83018795656831,0.5398936026624042
3,Graduate,0,4700000,17400000,10,393,12400000,5300000,18700000,5300000,Rejected,41700000,3.7021268718878995,0.41726617704397656
3,Graduate,0,9700000,37800000,12,700,13400000,6100000,25800000,11900000,Approved,57200000,3.896906814751875,0.6608391492860288
5,Graduate,0,8800000,21600000,18,613,15400000,12100000,30000000,8400000,Approved,65900000,2.4545451756198666,0.32776934252246825
5,Graduate,0,5900000,13400000,6,455,3200000,11200000,21600000,6900000,Rejected,42900000,2.271186055731177,0.31235430507332623
4,Graduate,1,2400000,7100000,16,871,7000000,300000,8500000,3500000,Approved,19300000,2.958332100694958,0.3678756286074804
4,Graduate,1,7900000,21500000,16,497,2200000,5200000,23100000,7700000,Rejected,38200000,2.7215186428457416,0.5628272103971934
0,Graduate,0,1400000,2700000,2,649,2600000,1000000,5500000,1100000,Approved,10200000,1.9285700510213921,0.2647058564013866
0,Graduate,1,3500000,10000000,14,709,5300000,1800000,9200000,5000000,Approved,21300000,2.85714204081656,0.46948354603363635
4,Graduate,0,3400000,13500000,12,705,10000000,1100000,8300000,4900000,Approved,24300000,3.970587067474392,0.5555555326931879
2,Graduate,0,6100000,23600000,2,476,4600000,2900000,22500000,3800000,Approved,33800000,3.8688518247783894,0.6982248314134665
2,0t Graduate,1,3000000,7100000,4,819,5400000,4800000,6000000,2100000,Approved,18300000,2.3666658777780407,0.38797812087551253
5,0t Graduate,1,3400000,9400000,16,535,3100000,5600000,12900000,3200000,Rejected,24800000,2.7647050692043913,0.37903224278095793
0,Graduate,1,400000,1200000,14,889,1100000,200000,700000,200000,Approved,2200000,2.99999250001875,0.5454542975207739
0,Graduate,0,5900000,11800000,12,468,9100000,10000000,17500000,6200000,Rejected,42800000,1.9999996610170065,0.27570092813782876
5,Graduate,1,400000,800000,2,759,100000,500000,1300000,300000,Approved,2200000,1.9999950000125,0.3636361983471826
3,Graduate,1,9000000,33600000,2,426,21600000,16200000,20700000,11900000,Approved,70400000,3.7333329185185646,0.47727272049328523
0,Graduate,1,8800000,23600000,8,712,400000,11300000,19300000,11100000,Approved,42100000,2.6818178770661505,0.5605700579437041
4,Graduate,1,2000000,4700000,2,615,500000,100000,6700000,3000000,Approved,10300000,2.3499988250005877,0.45631063530964705
2,Graduate,0,4700000,14000000,12,784,13400000,2700000,14800000,6900000,Approved,37800000,2.978722770484517,0.3703703605722127
4,0t Graduate,0,2700000,6100000,16,677,100000,3300000,6500000,3800000,Approved,13700000,2.2592584224968806,0.44525544195215755
1,0t Graduate,0,2600000,7900000,12,306,2000000,2400000,7600000,3300000,Rejected,15300000,3.0384603698229347,0.5163398355333441
1,0t Graduate,1,9000000,25400000,16,655,22000000,8800000,29100000,7200000,Approved,67100000,2.82222190864201,0.3785394876521686
4,0t Graduate,0,5100000,19400000,8,755,2200000,300000,14900000,5300000,Approved,22700000,3.803920822760623,0.8546255130120919
2,Graduate,0,6600000,25800000,18,598,3800000,3100000,16400000,5900000,Approved,29200000,3.9090903168044973,0.8835616135766571
2,Graduate,0,4400000,9800000,18,712,5400000,200000,8800000,6400000,Approved,20800000,2.2272722210744953,0.47115382350222
4,0t Graduate,1,1500000,4600000,6,524,3700000,2000000,5000000,1400000,Rejected,12100000,3.0666646222235854,0.380165257837582
1,0t Graduate,0,6200000,23100000,16,838,9100000,1400000,23500000,7000000,Approved,41000000,3.7258058506764757,0.5634146204045215
4,Graduate,1,900000,2900000,6,560,1500000,900000,3100000,900000,Approved,6400000,3.222218641979287,0.4531249291992298
3,0t Graduate,0,7700000,26400000,12,759,3400000,2900000,21900000,10800000,Approved,39000000,3.42857098330247,0.6769230595660753
2,Graduate,1,600000,2400000,6,454,100000,600000,2300000,300000,Rejected,3300000,3.9999933333444444,0.7272725068871191
4,0t Graduate,0,4300000,16500000,4,539,10600000,6100000,9300000,2100000,Approved,28100000,3.8372084099515327,0.587188591203253
2,0t Graduate,1,8200000,27800000,16,827,11500000,8700000,26000000,10700000,Approved,56900000,3.3902434889946966,0.48857644132554584
0,0t Graduate,0,3500000,11900000,12,686,4400000,4800000,10100000,2500000,Approved,21800000,3.399999028571706,0.5458715345930488
1,Graduate,1,9900000,34100000,14,371,24400000,7100000,29300000,6200000,Rejected,67000000,3.4444440965207983,0.5089552162842506
5,Graduate,0,700000,1900000,4,784,500000,1000000,2100000,600000,Approved,4200000,2.7142818367402333,0.45238084467122747
1,Graduate,1,2100000,7300000,16,826,1600000,3500000,7700000,1400000,Approved,14200000,3.476188820862466,0.5140844708391218
2,0t Graduate,0,3200000,10500000,12,502,4300000,1500000,10000000,4500000,Rejected,20300000,3.2812489746096953,0.5172413538304752
0,Graduate,0,2900000,7800000,8,367,700000,3700000,7700000,3600000,Rejected,15700000,2.689654244946812,0.4968152549799201
0,0t Graduate,0,7000000,18300000,6,541,6300000,6400000,20800000,8300000,Rejected,41800000,2.6142853408163798,0.4377990325885399
1,Graduate,0,3700000,13600000,16,608,400000,2200000,13400000,2800000,Approved,18800000,3.675674682250086,0.7234042168402013
3,0t Graduate,1,4500000,13100000,12,570,10500000,2000000,10100000,5800000,Approved,28400000,2.911110464197675,0.4612675893919863
3,Graduate,0,200000,800000,18,752,200000,200000,300000,200000,Approved,900000,3.9999800000999994,0.8888879012356653
5,0t Graduate,1,5600000,20500000,8,873,5500000,9500000,19400000,7800000,Approved,42200000,3.660713632015423,0.4857819790099057
5,Graduate,0,5400000,18600000,2,538,7700000,2700000,18800000,4000000,Approved,33200000,3.4444438065844802,0.5602409469806944
4,0t Graduate,0,300000,1000000,10,819,700000,300000,900000,200000,Approved,2100000,3.3333222222592593,0.47619024943321453
1,Graduate,1,7500000,29800000,18,770,1400000,5200000,28000000,8700000,Approved,43300000,3.973332803555626,0.688221693112663
5,0t Graduate,1,2500000,9600000,6,345,1900000,1900000,6800000,2600000,Rejected,13200000,3.8399984640006144,0.7272726721763128
4,Graduate,1,3100000,8100000,12,730,6300000,4500000,9000000,4500000,Approved,24300000,2.612902382934715,0.3333333196159128
1,Graduate,1,7600000,19300000,20,835,5800000,2300000,22000000,8200000,Approved,38300000,2.539473350069296,0.5039164359290748
3,0t Graduate,1,500000,1700000,2,811,500000,500000,1400000,200000,Approved,2600000,3.3999932000136,0.6538459023669606
2,0t Graduate,0,2700000,5900000,14,662,3200000,1600000,7300000,3800000,Approved,15900000,2.1851843758576384,0.3710691590522541
2,0t Graduate,1,3500000,13300000,4,420,6400000,1700000,8000000,2300000,Approved,18400000,3.7999989142860247,0.7228260476724974
5,0t Graduate,0,3700000,11700000,4,413,8400000,5500000,12000000,2700000,Approved,28600000,3.162161307523971,0.40909089478703164
2,0t Graduate,1,5600000,20000000,10,367,13700000,5000000,19100000,6000000,Rejected,43800000,3.5714279336735832,0.4566209941410732
5,0t Graduate,1,4800000,16400000,14,390,8400000,2400000,9500000,4000000,Rejected,24300000,3.4166659548612595,0.6748970915680209
4,0t Graduate,1,5200000,12200000,2,602,10300000,800000,20500000,7700000,Approved,39300000,2.346153394970501,0.31043256207550735
3,Graduate,0,2900000,11500000,16,843,2300000,2600000,10700000,4300000,Approved,19900000,3.9655158739600433,0.5778894181965116
1,Graduate,0,2700000,6800000,20,713,500000,3300000,6100000,1900000,Approved,11800000,2.5185175857342275,0.5762711376041408
3,Graduate,0,5000000,16200000,8,591,1900000,3400000,14000000,5000000,Approved,24300000,3.2399993520001296,0.6666666392318256
2,0t Graduate,1,2700000,9400000,14,701,400000,3400000,9900000,1900000,Approved,15600000,3.481480192044373,0.602564063938201
4,0t Graduate,1,2800000,10000000,12,655,4900000,3600000,8500000,3300000,Approved,20300000,3.5714272959188227,0.4926108131718811
3,0t Graduate,1,7300000,20000000,18,720,15500000,9900000,23000000,9800000,Approved,58200000,2.7397256520923765,0.3436426057793367
0,Graduate,1,5900000,15100000,10,794,6000000,4300000,14900000,5400000,Approved,30600000,2.559321600114983,0.493464036161306
0,Graduate,0,8100000,21300000,2,392,14200000,6600000,31500000,11000000,Rejected,63300000,2.6296293049840362,0.33649288567941726
3,Graduate,1,1900000,7100000,6,583,400000,2800000,6500000,2000000,Approved,11700000,3.7368401385051904,0.6068375549711491
5,Graduate,0,1800000,6800000,18,457,2200000,1100000,3800000,1400000,Rejected,8500000,3.7777756790135117,0.799999905882364
0,0t Graduate,1,7600000,17800000,14,570,15200000,12100000,21500000,9900000,Approved,58700000,2.34210495498619,0.30323679210840215
1,Graduate,0,9100000,30100000,14,890,17800000,12400000,32500000,7500000,Approved,70200000,3.3076919442096764,0.4287749226670239
2,0t Graduate,1,5300000,12300000,14,472,10000000,1600000,20400000,3300000,Rejected,35300000,2.320754279102966,0.34844191647473327
2,0t Graduate,0,3700000,10900000,12,788,1700000,700000,12200000,2600000,Approved,17200000,2.945945149744554,0.6337208933883202
0,0t Graduate,0,9500000,35300000,6,605,10000000,12700000,31100000,7000000,Approved,60800000,3.715789082548518,0.5805920957139458
3,Graduate,0,8300000,30500000,10,473,13300000,9400000,23300000,11800000,Rejected,57800000,3.6746983524459815,0.5276816517702136
5,Graduate,0,6400000,21500000,16,728,300000,5200000,17400000,9600000,Approved,32500000,3.3593744750977383,0.6615384411834325
5,Graduate,1,5300000,17800000,16,505,9200000,8500000,14600000,4100000,Rejected,36400000,3.3584899323603903,0.48901097557662154
0,Graduate,1,5600000,19300000,6,407,3400000,3600000,14200000,8400000,Rejected,29600000,3.446427955995008,0.6520270049990877
1,Graduate,1,900000,1700000,18,464,1300000,0,1900000,700000,Rejected,3900000,1.8888867901257886,0.43589732412889126
0,Graduate,1,2400000,7200000,20,514,4100000,2100000,6700000,1800000,Rejected,14700000,2.999998750000521,0.48979588504789895
1,Graduate,0,9500000,23000000,10,627,28500000,11500000,21700000,9100000,Approved,70800000,2.421052376731329,0.32485875247374646
2,0t Graduate,1,7400000,14900000,20,627,15900000,10100000,19000000,10300000,Approved,55300000,2.0135132414171295,0.26943941646583336
4,0t Graduate,1,1500000,3200000,10,858,1500000,0,4700000,1700000,Approved,7900000,2.133331911112059,0.40506323986541265
3,Graduate,1,8800000,30200000,8,607,13600000,12700000,21500000,5900000,Approved,53700000,3.4318177918388875,0.5623836021902495
5,0t Graduate,1,4900000,14300000,4,663,8500000,6100000,19600000,5500000,Approved,39700000,2.9183667513537244,0.3602015022619269
1,0t Graduate,1,8100000,26900000,6,522,23000000,2100000,18700000,4200000,Rejected,48000000,3.3209872443225623,0.5604166549913197
2,0t Graduate,1,2300000,9100000,20,610,3700000,600000,7800000,3400000,Approved,15500000,3.9565200189043397,0.5870967363163396
5,0t Graduate,1,3000000,6600000,16,462,5500000,3500000,9100000,3600000,Rejected,21700000,2.1999992666669113,0.3041474514217764
2,0t Graduate,1,3900000,9300000,8,591,10900000,2700000,9600000,3300000,Approved,26500000,2.384614773175699,0.35094338298326855
4,Graduate,1,1700000,6500000,20,636,1700000,900000,6200000,2300000,Approved,11100000,3.823527162631081,0.5855855328301321
0,0t Graduate,1,2100000,4900000,10,359,1000000,800000,6100000,1000000,Rejected,8900000,2.3333322222227513,0.5505617358919398
4,Graduate,1,9700000,25000000,4,542,9800000,12000000,29300000,13400000,Rejected,64500000,2.577319321925843,0.387596893215552
5,0t Graduate,1,3500000,11800000,4,642,2300000,2900000,11900000,3600000,Approved,20700000,3.3714276081635406,0.5700482816401796
5,0t Graduate,1,1500000,5500000,4,414,800000,1400000,2900000,1200000,Approved,6300000,3.6666642222238517,0.8730157344419469
3,0t Graduate,1,8800000,26200000,20,865,19300000,9800000,27700000,12500000,Approved,69300000,2.9772723889463193,0.37806637261087483
3,Graduate,0,900000,3100000,10,369,1400000,100000,1700000,500000,Rejected,3700000,3.444440617288203,0.8378376113952402
0,Graduate,1,3500000,10800000,14,838,4700000,6800000,13900000,1700000,Approved,27100000,3.0857134040818845,0.3985239705341708
5,0t Graduate,0,5500000,21200000,4,582,12100000,8300000,17100000,3100000,Approved,40600000,3.8545447537191357,0.5221674748234613
5,0t Graduate,1,9800000,23200000,10,416,11000000,17300000,21600000,8500000,Rejected,58400000,2.3673466972095207,0.3972602671702009
5,Graduate,0,2100000,5500000,20,705,5400000,1400000,4600000,1200000,Approved,12600000,2.61904637188268,0.4365079018644522
0,Graduate,0,1800000,5700000,18,306,500000,700000,5600000,1700000,Rejected,8500000,3.166664907408385,0.6705881564013934
5,Graduate,1,5800000,13000000,8,851,6700000,8700000,17700000,4100000,Approved,37200000,2.2413789239001853,0.34946235619724847
5,Graduate,0,6700000,17200000,18,613,9700000,6800000,24600000,7100000,Approved,48200000,2.567163795945702,0.356846465625592
3,Graduate,0,4300000,16300000,10,366,6900000,6700000,12300000,5500000,Rejected,31400000,3.790696792861211,0.5191082637226667
1,Graduate,0,1200000,2800000,12,431,900000,400000,2900000,900000,Rejected,5100000,2.3333313888905094,0.5490195001922549
5,0t Graduate,1,9700000,25900000,2,754,9000000,10000000,28500000,6700000,Approved,54200000,2.6701028175151733,0.47785976978118505
5,Graduate,1,5400000,11200000,10,447,300000,7900000,21400000,6000000,Rejected,35600000,2.0740736899863537,0.31460673273576595
1,0t Graduate,1,5300000,14100000,14,510,13300000,10400000,18900000,7800000,Rejected,50400000,2.6603768565326686,0.2797618992110734
1,Graduate,0,7300000,24200000,20,324,12900000,3700000,18400000,9000000,Rejected,44000000,3.3150680390317753,0.5499999875000002
5,Graduate,0,9500000,19200000,2,523,13500000,1500000,21000000,6700000,Rejected,42700000,2.0210524188365877,0.44964870141337937
0,0t Graduate,1,7200000,15600000,2,362,2700000,2400000,20800000,5900000,Rejected,31800000,2.1666663657407828,0.49056602230924456
3,Graduate,1,9000000,32900000,6,657,9900000,600000,29200000,12000000,Approved,51700000,3.6555551493827614,0.6363636240548622
5,0t Graduate,0,6500000,23300000,12,790,600000,9700000,15500000,9500000,Approved,35300000,3.5846148331361793,0.6600566385253077
1,Graduate,1,9500000,30500000,18,500,1300000,3300000,20500000,5500000,Rejected,30600000,3.210525977839371,0.9967319935708499
2,0t Graduate,1,9900000,33200000,4,465,26300000,17000000,24400000,5000000,Approved,72700000,3.353535014794443,0.45667124543780957
4,0t Graduate,0,2900000,8700000,6,409,3700000,5500000,8200000,2200000,Rejected,19600000,2.999998965517598,0.4438775283735955
4,Graduate,1,700000,1800000,20,626,500000,600000,1400000,300000,Approved,2800000,2.5714248979644316,0.6428569132653881
5,0t Graduate,0,4200000,13400000,16,545,9800000,8200000,12500000,3500000,Rejected,34000000,3.190475430839183,0.39411763546712836
3,0t Graduate,0,4200000,11400000,10,654,8800000,400000,16200000,5700000,Approved,31100000,2.714285068027365,0.3665594737440684
0,0t Graduate,0,7600000,26500000,6,515,6200000,14900000,22000000,4000000,Rejected,47100000,3.4868416464682044,0.5626326844451659
2,Graduate,1,7100000,18800000,12,838,1100000,5200000,16600000,4900000,Approved,27800000,2.647886951001838,0.6762589684798932
1,0t Graduate,1,4700000,16000000,14,406,4000000,5300000,14300000,3300000,Rejected,26900000,3.404254594839448,0.5947955169220998
0,Graduate,1,9800000,23200000,10,573,23900000,3300000,23600000,14600000,Approved,65400000,2.3673466972095207,0.3547400557379196
0,Graduate,1,9800000,38700000,2,611,6600000,10400000,33000000,6000000,Approved,56000000,3.9489791888796746,0.6910714162308675
0,0t Graduate,0,5100000,13400000,16,649,6800000,1600000,15700000,3900000,Approved,28000000,2.6274504652057913,0.4785714114795924
0,0t Graduate,1,3300000,7700000,12,775,8200000,2100000,7400000,4200000,Approved,21900000,2.3333326262628407,0.3515981574612713
3,Graduate,0,4500000,12500000,12,469,4100000,7600000,14200000,3400000,Rejected,29300000,2.7777771604939643,0.42662114584910765
0,Graduate,1,3900000,12800000,18,587,4500000,5300000,12600000,5000000,Approved,27400000,3.282050440499887,0.46715326762214354
3,Graduate,1,3200000,9900000,10,316,9100000,5500000,8800000,3600000,Rejected,27000000,3.093749033203427,0.36666665308642027
2,Graduate,0,3200000,10400000,10,556,8200000,5600000,11500000,4500000,Approved,29800000,3.2499989843753174,0.3489932768794202
2,0t Graduate,0,9600000,31200000,12,578,9900000,2200000,26500000,13500000,Approved,52100000,3.2499996614583684,0.5988483570278627
2,0t Graduate,1,8700000,18900000,2,554,3900000,1900000,18000000,11500000,Approved,35300000,2.1724135434007423,0.535410749705078
2,0t Graduate,1,1900000,6800000,6,892,2600000,2200000,6400000,900000,Approved,12100000,3.5789454847655344,0.561983424629469
2,0t Graduate,1,2900000,10200000,10,315,8100000,400000,6500000,1600000,Rejected,16600000,3.517240166468908,0.6144577943097714
0,0t Graduate,0,6200000,12900000,10,695,1900000,3700000,22200000,4200000,Approved,32000000,2.0806448257024477,0.40312498740234415
0,0t Graduate,0,5900000,20300000,4,806,300000,3700000,16400000,4800000,Approved,25200000,3.4406773829360366,0.8055555235890666
4,0t Graduate,1,3200000,12800000,8,638,4300000,2600000,8000000,3800000,Approved,18700000,3.999998750000391,0.6844919420057785
1,0t Graduate,1,1300000,5000000,4,610,3400000,800000,4500000,900000,Approved,9600000,3.8461508875762402,0.5208332790798668
2,0t Graduate,1,1300000,3200000,4,810,3800000,2100000,4300000,800000,Approved,11000000,2.461536568048794,0.29090906446281234
1,Graduate,0,8700000,33200000,4,866,19600000,15900000,23700000,10500000,Approved,69700000,3.81609151539178,0.4763271093783772
3,0t Graduate,0,6300000,23800000,10,760,12700000,1300000,18400000,8800000,Approved,41200000,3.7777771781306067,0.5776698888915075
3,Graduate,0,4300000,11200000,6,556,11000000,4300000,14500000,5100000,Approved,34900000,2.60465055705801,0.32091689624879954
3,0t Graduate,1,6400000,23500000,12,684,17200000,10300000,25300000,7400000,Approved,60200000,3.671874426269621,0.3903654420205076
5,0t Graduate,1,7700000,25800000,18,578,5000000,7700000,27200000,10600000,Approved,50500000,3.3506489155001407,0.5108910789922558
2,0t Graduate,0,6900000,23900000,12,814,13000000,1900000,26600000,6000000,Approved,47500000,3.4637676139467226,0.5031578841440445
0,0t Graduate,0,4200000,14800000,20,510,9200000,5700000,11900000,2600000,Rejected,29400000,3.523808684807456,0.503401343421723
4,0t Graduate,0,3900000,9000000,2,674,8700000,5700000,14000000,3100000,Approved,31500000,2.307691715976483,0.28571427664399124
0,Graduate,1,2000000,4900000,14,570,3800000,300000,6600000,1300000,Approved,12000000,2.4499987750006125,0.4083332993055584
1,0t Graduate,0,500000,1700000,2,680,700000,800000,1400000,700000,Approved,3600000,3.3999932000136,0.47222209104941915
0,Graduate,0,3500000,8800000,12,803,5400000,300000,8400000,3400000,Approved,17500000,2.5142849959185725,0.5028571141224506
2,0t Graduate,1,3100000,10700000,16,357,9200000,1900000,7700000,3800000,Rejected,22600000,3.4516117898026484,0.4734513064844555
3,0t Graduate,1,4900000,19000000,4,575,14100000,9100000,16500000,4600000,Approved,44300000,3.8775502290713817,0.42889389551029583
1,0t Graduate,0,1000000,3600000,4,546,2500000,0,2600000,500000,Approved,5600000,3.5999964000036,0.642857028061245
2,Graduate,0,6700000,21400000,8,370,3200000,11800000,20100000,8600000,Rejected,43700000,3.1940293740254666,0.4897025059564644
1,Graduate,0,4100000,9400000,6,713,0,1000000,11100000,3100000,Approved,15200000,2.292682367638447,0.6184210119459861
4,0t Graduate,1,1600000,3800000,2,896,1200000,400000,4800000,2000000,Approved,8400000,2.374998515625928,0.4523808985260835
3,Graduate,1,2400000,9200000,14,626,300000,3600000,8500000,2000000,Approved,14400000,3.8333317361117767,0.638888844521608
0,Graduate,0,2200000,6400000,4,854,900000,1600000,6500000,1300000,Approved,10300000,2.9090895867774607,0.6213591629748385
4,Graduate,0,3200000,8400000,18,802,400000,0,9100000,4700000,Approved,14200000,2.6249991796877565,0.5915492541162497
4,0t Graduate,1,1600000,4400000,20,382,1700000,300000,5200000,1900000,Rejected,9100000,2.749998281251074,0.48351643038280984
2,0t Graduate,0,3900000,14900000,6,415,2200000,4300000,9500000,4600000,Rejected,20600000,3.8205118408943997,0.7233009357620905
5,Graduate,1,2000000,6300000,4,366,5300000,2200000,5400000,2800000,Approved,15700000,3.1499984250007875,0.4012738597914739
1,Graduate,1,7600000,25400000,10,595,7900000,400000,24900000,11000000,Approved,44200000,3.34210482340726,0.5746606204827914
1,0t Graduate,0,9800000,21300000,2,356,23000000,12300000,25700000,14600000,Rejected,75600000,2.1734691659725343,0.28174602801923243
5,0t Graduate,0,7900000,29900000,6,568,5800000,13900000,15900000,8700000,Approved,44300000,3.7848096474924495,0.6749435513556761
1,Graduate,0,1600000,4000000,10,615,2200000,2700000,5500000,1400000,Approved,11800000,2.4999984375009765,0.33898302212008286
1,Graduate,1,6400000,13900000,12,313,18600000,6300000,18600000,4900000,Rejected,48400000,2.1718746606445842,0.2871900767109488
1,Graduate,1,6400000,17900000,6,575,6600000,7600000,23100000,5300000,Approved,42600000,2.7968745629883496,0.42018778356366704
4,Graduate,0,1600000,5500000,10,577,400000,1200000,4100000,1400000,Approved,7100000,3.4374978515638426,0.7746477782186227
0,Graduate,0,9200000,30700000,10,455,24900000,2000000,32900000,5200000,Rejected,65000000,3.3369561590265047,0.47230768504142023
1,0t Graduate,0,7800000,24900000,6,500,15300000,10000000,16500000,4500000,Rejected,46300000,3.1923072830375276,0.5377969646264155
1,0t Graduate,1,4000000,9400000,8,509,1000000,4100000,10800000,5500000,Rejected,21400000,2.349999412500147,0.43925231592278896
2,0t Graduate,1,6100000,19400000,8,379,5300000,10800000,14300000,4100000,Rejected,34500000,3.18032734748732,0.5623188242806137
5,Graduate,0,7100000,14500000,14,664,5300000,12900000,15700000,9200000,Approved,43100000,2.04225323348546,0.3364269063474036
0,0t Graduate,1,2500000,9900000,6,623,6000000,1800000,6200000,1800000,Approved,15800000,3.9599984160006336,0.626582238823909
5,Graduate,0,3200000,8700000,16,558,2600000,2500000,9100000,1800000,Approved,16000000,2.7187491503908907,0.5437499660156271
4,Graduate,0,1700000,4300000,18,580,1500000,2400000,6600000,1700000,Approved,12200000,2.5294102768174844,0.3524589875033617
4,Graduate,0,6300000,17600000,6,612,16000000,3300000,23500000,3200000,Approved,46000000,2.79365035021423,0.38260868733459374
4,Graduate,1,700000,2400000,14,705,0,100000,2000000,700000,Approved,2800000,3.428566530619242,0.8571425510205175
4,Graduate,1,1100000,2700000,18,301,2800000,1600000,3300000,1500000,Rejected,9200000,2.4545432231425246,0.2934782289697577
1,0t Graduate,1,8900000,32000000,16,711,4300000,1200000,22100000,5200000,Approved,32800000,3.595505213988178,0.975609726353362
3,Graduate,0,300000,700000,20,735,900000,200000,900000,400000,Approved,2400000,2.3333255555814816,0.2916665451389395
1,0t Graduate,0,2200000,5200000,14,682,2600000,600000,6100000,1800000,Approved,11100000,2.3636352892566865,0.46846842626410573
3,0t Graduate,0,3400000,13500000,10,348,7900000,3700000,8200000,4700000,Rejected,24500000,3.970587067474392,0.5510203856726373
0,Graduate,1,7900000,23500000,20,750,16800000,15300000,21200000,4000000,Approved,57300000,2.9746831677616243,0.41012215689141085
3,0t Graduate,1,5800000,18200000,16,835,1000000,6100000,14600000,7900000,Approved,29600000,3.1379304934602597,0.6148648440924039
0,Graduate,1,9400000,20000000,6,389,16000000,7100000,19400000,10200000,Rejected,52700000,2.127659348121346,0.3795066341649595
2,Graduate,0,4800000,18900000,4,866,10200000,6000000,13900000,5900000,Approved,36000000,3.937499179687671,0.524999985416667
3,0t Graduate,0,7600000,26600000,4,689,5300000,600000,24300000,8600000,Approved,38800000,3.4999995394737446,0.685566992640026
0,0t Graduate,0,5900000,17600000,16,645,13000000,3100000,23400000,8600000,Approved,48100000,2.9830503418558743,0.3659043582972067
1,Graduate,1,4300000,10100000,2,797,4400000,4500000,16300000,4700000,Approved,29900000,2.348836663061241,0.33779263084305583
5,Graduate,0,6100000,17800000,6,849,2900000,10900000,16100000,7800000,Approved,37700000,2.918032308519294,0.4721485285902247
5,Graduate,0,5400000,19700000,20,423,6500000,10000000,15700000,7300000,Rejected,39500000,3.6481474725652827,0.4987341645890085
1,0t Graduate,1,5200000,11200000,2,370,9900000,10200000,16700000,6400000,Rejected,43200000,2.15384573964505,0.2592592532578877
5,0t Graduate,0,8500000,31300000,12,378,21400000,13100000,30400000,8800000,Rejected,73700000,3.6823525079585284,0.42469470251431884
4,0t Graduate,0,900000,1900000,20,417,1000000,800000,2800000,900000,Rejected,5500000,2.111108765434705,0.3454544826446395
1,0t Graduate,0,1400000,4100000,20,530,1200000,1100000,3000000,1900000,Rejected,7200000,2.9285693367361882,0.5694443653549492
1,0t Graduate,1,2400000,9300000,20,543,700000,800000,5000000,3400000,Rejected,9900000,3.8749983854173395,0.9393938445056723
4,Graduate,0,6300000,15000000,18,750,800000,6500000,15400000,7700000,Approved,30400000,2.3809520030234914,0.4934210364006238
1,Graduate,0,3100000,7600000,20,346,700000,4600000,8100000,4400000,Rejected,17800000,2.4516121123831898,0.42696626814796246
4,Graduate,1,6900000,19000000,14,330,9300000,7100000,18800000,8400000,Rejected,43600000,2.7536227893300307,0.43577980651881176
2,0t Graduate,1,3000000,7400000,10,712,5100000,1000000,11600000,3800000,Approved,21500000,2.4666658444447185,0.3441860305029753
0,0t Graduate,0,3100000,10100000,14,376,6400000,2600000,11600000,4300000,Rejected,24900000,3.258063465140818,0.40562247366978016
4,0t Graduate,0,600000,1200000,14,338,500000,500000,2300000,500000,Rejected,3800000,1.9999966666722222,0.3157893905817393
4,0t Graduate,1,4700000,13700000,14,600,12100000,8400000,17700000,5000000,Approved,43200000,2.914892996831277,0.31712962228866615
1,Graduate,0,2500000,6900000,20,495,4800000,3300000,5700000,3700000,Rejected,17500000,2.759998896000442,0.3942856917551033
0,Graduate,0,9700000,30400000,4,300,17100000,16600000,38100000,9200000,Approved,81000000,3.1340202954618253,0.3753086373418687
4,0t Graduate,1,7600000,20000000,18,691,5000000,8700000,23400000,11200000,Approved,48300000,2.6315786011080786,0.41407866637518287
1,Graduate,0,8400000,24700000,8,519,12900000,16700000,17300000,6000000,Rejected,52900000,2.940475840419543,0.46691870572932503
3,Graduate,1,3800000,15100000,20,540,9400000,1000000,9300000,3600000,Rejected,23300000,3.97368316482022,0.6480686417137922
3,0t Graduate,1,3100000,11400000,16,562,3600000,3600000,7200000,3100000,Approved,17500000,3.677418168574784,0.6514285342040838
2,0t Graduate,0,5700000,21300000,10,323,1600000,11200000,16200000,5100000,Rejected,34100000,3.7368414496769384,0.6246334127673486
1,Graduate,1,5500000,19700000,10,312,12800000,4800000,19500000,3300000,Rejected,40400000,3.581817530578631,0.4876237503063428
1,0t Graduate,1,200000,600000,2,511,500000,100000,800000,200000,Approved,1600000,2.9999850000749997,0.3749997656251465
3,0t Graduate,1,3700000,13800000,10,621,4000000,800000,11900000,5300000,Approved,22000000,3.72972872169494,0.6272726987603319
2,0t Graduate,1,1600000,4300000,20,512,3200000,2500000,6300000,900000,Rejected,12900000,2.6874983203135496,0.33333330749354206
4,Graduate,0,3900000,11000000,2,786,7900000,1600000,10700000,2100000,Approved,22300000,2.8205120973045905,0.49327352048100803
3,0t Graduate,1,700000,1600000,18,303,600000,500000,2000000,600000,Rejected,3700000,2.285711020412828,0.43243231555883366
3,Graduate,1,5800000,16700000,18,633,8100000,8400000,14700000,3700000,Approved,34900000,2.8793098483948536,0.47851001494240647
4,Graduate,1,3800000,14000000,6,711,9500000,7300000,14500000,3100000,Approved,34400000,3.684209556786959,0.40697673235532755
2,Graduate,0,6400000,16900000,16,472,11100000,6000000,16300000,4500000,Rejected,37900000,2.6406245874024084,0.4459102784720243
1,Graduate,1,5500000,12100000,4,350,6300000,9200000,17200000,6900000,Rejected,39600000,2.1999996000000728,0.3055555478395064
1,0t Graduate,1,6800000,13700000,10,879,500000,2600000,22000000,6800000,Approved,31900000,2.014705586072708,0.42946707117658084
4,0t Graduate,0,6700000,13400000,10,436,3600000,1200000,23200000,7500000,Rejected,35500000,1.9999997014925819,0.37746477809958373
1,Graduate,1,5300000,11500000,14,848,1300000,3600000,14700000,5700000,Approved,25300000,2.1698109113564317,0.45454543657923174
2,Graduate,0,6600000,23200000,16,555,9900000,6500000,23300000,3300000,Approved,43000000,3.5151509825528815,0.5395348711736077
2,Graduate,0,6600000,13100000,20,885,10900000,4300000,20600000,6200000,Approved,42000000,1.9848481841139114,0.3119047544784582
0,0t Graduate,0,7600000,25200000,6,888,12700000,10900000,24500000,7500000,Approved,55600000,3.315789037396179,0.45323740192019063
4,0t Graduate,1,2500000,6100000,20,478,5900000,800000,9500000,3200000,Rejected,19400000,2.4399990240003904,0.31443297348283644
4,0t Graduate,0,1100000,2500000,4,603,1900000,1400000,3900000,500000,Approved,7700000,2.2727252066134485,0.32467528250970357
1,0t Graduate,0,2300000,8200000,8,784,2000000,0,7600000,1100000,Approved,10700000,3.5652158412105037,0.7663550685649468
1,Graduate,1,3300000,11700000,4,682,3500000,5500000,12300000,1600000,Approved,22900000,3.5454534710747057,0.5109170082568992
4,Graduate,1,2600000,5900000,6,471,3500000,1900000,7300000,3400000,Rejected,16100000,2.2692298964500397,0.3664596045677264
4,0t Graduate,1,9300000,36700000,20,808,16500000,14700000,26500000,7100000,Approved,64800000,3.946236134813319,0.5663580159512652
4,0t Graduate,0,5300000,18500000,8,470,2900000,9300000,14900000,4900000,Rejected,32000000,3.4905653791386078,0.5781249819335943
2,0t Graduate,0,5400000,13800000,20,574,900000,9200000,10900000,3700000,Approved,24700000,2.5555550823046143,0.558704430821683
4,0t Graduate,1,3500000,12000000,8,314,7700000,100000,12600000,2700000,Rejected,23100000,3.4285704489798716,0.5194804969921862
2,Graduate,0,4200000,10200000,14,407,5900000,4500000,12000000,2500000,Rejected,24900000,2.428570850340274,0.40963853776552056
0,0t Graduate,1,9200000,34900000,4,702,16900000,16000000,24100000,9800000,Approved,66800000,3.7934778485350167,0.5224550819991755
2,Graduate,0,4300000,9800000,2,499,4400000,4500000,12600000,5100000,Rejected,26600000,2.279069237425759,0.36842103878116395
1,Graduate,1,7500000,19900000,10,669,1800000,8800000,18100000,7300000,Approved,36000000,2.6533329795556027,0.5527777624228399
5,0t Graduate,1,5400000,18800000,20,326,9700000,10100000,14800000,3200000,Rejected,37800000,3.481480836762808,0.4973544841969713
3,0t Graduate,0,5500000,16200000,18,778,4700000,10700000,15300000,6100000,Approved,36800000,2.945454009917453,0.440217379341919
2,0t Graduate,1,2100000,4500000,2,787,4800000,2800000,6000000,2100000,Approved,15700000,2.1428561224494653,0.2866241855653385
0,Graduate,0,3700000,12300000,16,831,8000000,2200000,11200000,2400000,Approved,23800000,3.3243234258585335,0.5168067009745083
0,Graduate,0,8800000,32900000,18,576,1300000,8700000,32600000,5600000,Approved,48200000,3.738635938791371,0.6825725999466266
5,0t Graduate,0,5800000,22800000,12,600,16000000,1100000,20700000,5700000,Approved,43500000,3.9310338049941715,0.5241379189853352
4,Graduate,0,7900000,30600000,2,569,7600000,3400000,20100000,7400000,Approved,38500000,3.8734172312130086,0.7948051741609046
1,0t Graduate,1,3100000,6300000,20,867,1900000,6100000,6600000,4000000,Approved,18600000,2.032257408949223,0.33870965920915813
0,0t Graduate,0,4100000,14500000,12,441,9900000,300000,15700000,3900000,Rejected,29800000,3.5365845032720724,0.4865771648799609
2,0t Graduate,1,9800000,32700000,2,304,4700000,19000000,24500000,8600000,Approved,56800000,3.3367343533944536,0.5757042152164751
5,0t Graduate,0,3300000,8400000,18,520,500000,6300000,11000000,4000000,Rejected,21800000,2.545453774104917,0.38532108324215214
0,Graduate,0,2000000,6200000,14,613,100000,1800000,5400000,1300000,Approved,8600000,3.099998450000775,0.7209301487290525
2,0t Graduate,1,600000,1100000,8,885,700000,0,1200000,300000,Approved,2200000,1.8333302777828704,0.49999977272737606
4,0t Graduate,1,3600000,9500000,2,841,4900000,4400000,13500000,2100000,Approved,24900000,2.638888155864401,0.3815260890953378
2,0t Graduate,0,7500000,29100000,20,815,12400000,9500000,25300000,9100000,Approved,56300000,3.8799994826667357,0.5168738806949578
5,Graduate,1,200000,400000,18,822,200000,300000,600000,300000,Approved,1400000,1.9999900000499997,0.2857140816327988
4,0t Graduate,0,9900000,29100000,18,772,24100000,19400000,26800000,11700000,Approved,82000000,2.9393936424854905,0.35487804445270676
5,Graduate,1,6100000,22500000,6,776,17600000,9900000,13800000,4800000,Approved,46100000,3.6885239854878713,0.488069403729514
4,0t Graduate,1,3500000,10300000,10,337,9000000,5600000,10500000,4500000,Rejected,29600000,2.9428563020410565,0.3479729612171297
0,0t Graduate,1,7800000,19000000,12,333,15400000,14900000,30600000,9600000,Rejected,70500000,2.435897123602933,0.2695035422765455
3,0t Graduate,1,8700000,29300000,4,312,9000000,2800000,30000000,4900000,Approved,46700000,3.3678157048487694,0.6274089801411353
2,Graduate,1,5500000,12400000,14,842,0,6800000,15800000,5800000,Approved,28400000,2.254545044628174,0.43661970293592595
3,Graduate,1,1800000,5100000,8,790,100000,0,3700000,2000000,Approved,5800000,2.8333317592601337,0.8793101932223805
2,Graduate,0,8000000,31900000,16,806,19900000,1800000,23200000,5400000,Approved,50300000,3.9874995015625623,0.6341948184056696
5,0t Graduate,1,7500000,17000000,8,300,7800000,8300000,18900000,6700000,Rejected,41700000,2.2666663644444847,0.40767385113491966
5,Graduate,1,3700000,12000000,12,605,4900000,1800000,13200000,3100000,Approved,23000000,3.2432423666912524,0.5217391077504736
2,Graduate,1,1600000,4700000,12,582,1500000,1300000,5200000,1000000,Approved,9000000,2.9374981640636473,0.5222221641975373
5,Graduate,0,1300000,2700000,6,607,800000,1500000,4700000,1600000,Approved,8600000,2.07692147929117,0.3139534518658777
5,Graduate,1,2400000,8200000,10,709,2100000,3700000,8800000,2800000,Approved,17400000,3.4166652430561486,0.47126434073193446
4,Graduate,1,4100000,11600000,14,854,500000,6900000,12700000,5700000,Approved,25800000,2.8292676026176578,0.4496123856739385
2,0t Graduate,1,7300000,15200000,20,776,14700000,9600000,26400000,4100000,Approved,54800000,2.082191495590206,0.2773722577121851
1,Graduate,1,8000000,24600000,12,649,10800000,1600000,21800000,9200000,Approved,43400000,3.074999615625048,0.5668202634373212
3,0t Graduate,0,7900000,28000000,4,394,22800000,13200000,18200000,3900000,Approved,58100000,3.544303348822361,0.48192770254857653
4,0t Graduate,0,7200000,18900000,16,371,6600000,14100000,18900000,4900000,Rejected,44500000,2.6249996354167173,0.42471909157934623
3,0t Graduate,0,6200000,13200000,14,707,17200000,8900000,23100000,4200000,Approved,53400000,2.129031914672272,0.24719100660690999
2,0t Graduate,1,5700000,18100000,20,491,6800000,100000,17700000,3900000,Rejected,28500000,3.1754380393968353,0.6350876970144668
0,Graduate,1,5800000,14100000,16,570,8200000,4200000,16400000,3700000,Approved,32500000,2.4310340636148164,0.43384614049704184
1,0t Graduate,0,900000,3500000,18,395,2500000,800000,3000000,1300000,Rejected,7600000,3.8888845679060355,0.46052625519391377
0,0t Graduate,1,2200000,7500000,10,497,2300000,2100000,5700000,1800000,Rejected,11900000,3.4090893595048364,0.6302520478779792
3,0t Graduate,1,1800000,5300000,14,440,2000000,100000,3700000,1000000,Rejected,6800000,2.944442808642884,0.779411650086522
0,0t Graduate,1,800000,2400000,16,825,700000,0,3100000,1100000,Approved,4900000,2.9999962500046875,0.48979581840901665
2,Graduate,1,7600000,18100000,14,320,14700000,2600000,28100000,8500000,Rejected,53900000,2.3815786340028113,0.33580704386257804
2,Graduate,1,4100000,13500000,4,846,8900000,7800000,11400000,2400000,Approved,30500000,3.2926821237360673,0.4426229363074447
3,Graduate,1,4600000,10900000,12,856,13500000,5100000,9400000,3300000,Approved,31300000,2.369564702268543,0.3482428003756294
3,Graduate,0,2300000,6800000,10,418,2800000,2700000,6300000,1400000,Rejected,13200000,2.956520453686759,0.5151514761248882
0,0t Graduate,1,8000000,21100000,6,306,16100000,11800000,28200000,8700000,Rejected,64800000,2.637499670312541,0.3256172789256593
2,0t Graduate,1,3800000,14500000,16,567,2400000,2600000,10500000,3000000,Approved,18500000,3.81578846952935,0.7837837414170951
2,0t Graduate,1,9500000,36800000,6,493,24100000,13800000,32100000,6200000,Rejected,76200000,3.873683802770126,0.4829396262081414
2,Graduate,0,9300000,21200000,2,509,2800000,2600000,35800000,6600000,Rejected,47800000,2.2795696473581026,0.4435146350729156
4,Graduate,0,4700000,17000000,4,364,2900000,4600000,18800000,6200000,Approved,32500000,3.6170205070169135,0.5230769069822491
5,0t Graduate,0,6000000,24000000,20,639,300000,7300000,15100000,6600000,Approved,29300000,3.9999993333334443,0.8191126000302867
2,Graduate,1,5500000,21700000,2,309,11800000,1000000,21600000,7600000,Approved,42000000,3.945453828099304,0.5166666543650796
0,0t Graduate,1,4600000,14800000,6,433,12100000,4600000,11100000,6700000,Rejected,34500000,3.217390604915086,0.42898549481201464
5,0t Graduate,0,9900000,33600000,20,580,7000000,10800000,37400000,14700000,Approved,69900000,3.3939390511172673,0.4806866884021933
1,Graduate,1,6200000,16200000,4,888,0,12000000,24300000,4000000,Approved,40300000,2.6129028043705156,0.4019851016877146
4,0t Graduate,1,400000,1100000,6,644,1000000,300000,1600000,400000,Approved,3300000,2.7499931250171876,0.33333323232326295
1,0t Graduate,1,7800000,22200000,10,763,11200000,1400000,27000000,4900000,Approved,44500000,2.846153481262374,0.49887639328367656
0,Graduate,1,2900000,10800000,20,694,6400000,200000,10600000,2100000,Approved,19300000,3.724136646849432,0.5595854632339138
3,0t Graduate,0,500000,1200000,6,757,1300000,100000,1200000,600000,Approved,3200000,2.3999952000096,0.3749998828125366
0,0t Graduate,0,2500000,6900000,12,471,7100000,4000000,5200000,1500000,Rejected,17800000,2.759998896000442,0.38764042766065016
5,0t Graduate,0,9000000,35200000,2,437,18400000,17800000,18300000,10400000,Approved,64900000,3.911110676543258,0.5423728729988772
4,0t Graduate,1,5200000,11400000,10,406,14700000,2000000,13000000,4400000,Rejected,34100000,2.19230727071014,0.3343108406360457
5,0t Graduate,0,6000000,19700000,20,376,14700000,10700000,17100000,5500000,Rejected,48000000,3.2833327861112025,0.4104166581163196
1,Graduate,0,5100000,13800000,14,350,6200000,2200000,12600000,3600000,Rejected,24600000,2.705881822376113,0.560975586952212
5,0t Graduate,1,8000000,22500000,20,784,7600000,7300000,26000000,10800000,Approved,51700000,2.812499648437544,0.43520308635970817
4,Graduate,1,9200000,25400000,14,765,21200000,6600000,25100000,5600000,Approved,58500000,2.760869265122906,0.43418802676601664
4,0t Graduate,0,9800000,32200000,18,593,9500000,400000,34000000,14300000,Approved,58200000,3.285713950437352,0.553264595304732
3,Graduate,1,7600000,30000000,10,344,19000000,13700000,27600000,11100000,Rejected,71400000,3.947367901662118,0.42016806134218404
1,Graduate,0,5100000,11800000,12,314,14700000,7600000,12400000,4900000,Rejected,39600000,2.313725036524503,0.2979797904550558
4,Graduate,1,1500000,3300000,16,382,200000,2400000,3200000,1100000,Rejected,6900000,2.1999985333343113,0.4782608002520579
2,0t Graduate,1,6200000,16500000,4,510,14100000,4700000,18200000,6300000,Rejected,43300000,2.66128989334034,0.38106234685768253
2,Graduate,1,6300000,24600000,8,464,7700000,2200000,13000000,6900000,Rejected,29800000,3.9047612849585263,0.825503328003244
1,Graduate,1,5500000,14900000,2,403,7400000,8900000,19700000,4100000,Rejected,40100000,2.709090416529015,0.3715710630530907
3,0t Graduate,0,8100000,30400000,12,606,900000,1100000,31900000,11600000,Approved,45500000,3.753085956409141,0.6681318534476516
1,Graduate,0,6300000,22000000,20,646,9500000,7900000,13500000,5500000,Approved,36400000,3.4920629377677876,0.60439558779133
1,Graduate,0,1100000,3600000,20,495,1600000,1100000,3100000,500000,Rejected,6300000,3.2727242975233657,0.571428480725638
3,0t Graduate,1,7200000,21600000,2,626,10600000,1600000,26900000,3700000,Approved,42800000,2.9999995833333912,0.5046728854048391
1,0t Graduate,1,3000000,6000000,16,518,3800000,1700000,11600000,3900000,Rejected,21000000,1.9999993333335555,0.2857142721088442
5,Graduate,0,2700000,7600000,8,746,900000,2200000,7200000,3400000,Approved,13700000,2.8148137722911954,0.5547444850551471
0,0t Graduate,0,5000000,16300000,12,737,2600000,3400000,11800000,4400000,Approved,22200000,3.2599993480001306,0.7342342011606215
0,0t Graduate,0,8400000,22300000,14,371,8300000,3700000,22300000,9100000,Rejected,43400000,2.6547615887188587,0.5138248729533439
1,Graduate,0,7700000,27300000,8,509,10100000,2200000,20200000,10800000,Rejected,43300000,3.545454085005963,0.630484973891802
1,Graduate,0,4700000,14000000,2,411,4600000,5100000,10600000,3700000,Rejected,24000000,2.978722770484517,0.5833333090277788
2,0t Graduate,0,4300000,11800000,20,701,11600000,4600000,14200000,3300000,Approved,33700000,2.744185408328975,0.3501483575623633
5,0t Graduate,0,2500000,8800000,10,769,3700000,1600000,8200000,2700000,Approved,16200000,3.5199985920005634,0.5432098430117381
5,0t Graduate,1,4400000,12500000,6,740,8200000,2300000,9900000,5400000,Approved,25800000,2.840908445248081,0.48449610525208897
5,0t Graduate,0,5700000,11600000,4,892,10200000,6100000,19800000,7400000,Approved,43500000,2.035087362265375,0.2666666605363986
2,0t Graduate,0,5300000,13100000,14,417,4900000,6200000,18200000,6800000,Rejected,36100000,2.4716976468495004,0.36288087637449096
5,Graduate,0,4600000,14400000,6,785,6500000,6300000,14700000,6200000,Approved,33700000,3.130434102079543,0.4272996905845789
3,0t Graduate,0,400000,1100000,16,504,200000,400000,800000,400000,Rejected,1800000,2.7499931250171876,0.6111107716051268
0,0t Graduate,0,2100000,5900000,14,402,4400000,0,4800000,1000000,Rejected,10200000,2.8095224716559657,0.5784313158400671
2,Graduate,1,1200000,3500000,16,540,3100000,1800000,3500000,800000,Rejected,9200000,2.9166642361131365,0.38043474125709337
2,Graduate,1,8000000,28400000,10,607,11400000,3800000,29000000,11600000,Approved,55800000,3.5499995562500555,0.5089605643555455
1,Graduate,1,5000000,19400000,10,410,11600000,6200000,11700000,4500000,Rejected,34000000,3.879999224000155,0.5705882185121112
0,0t Graduate,0,8500000,17200000,12,624,6500000,8400000,18600000,5100000,Approved,38600000,2.02352917370245,0.445595843378346
4,Graduate,0,4600000,16600000,16,805,4800000,8000000,11500000,2800000,Approved,27100000,3.6086948676750286,0.6125461028580774
2,Graduate,0,4600000,16100000,18,709,7100000,9000000,13800000,5400000,Approved,35300000,3.4999992391306,0.456090638637659
2,0t Graduate,1,8500000,30900000,14,511,23300000,4400000,21900000,5500000,Rejected,55100000,3.635293689965448,0.560798537916542
1,Graduate,1,7800000,25100000,18,766,6900000,7200000,16600000,10200000,Approved,40900000,3.2179483053912428,0.6136919165356499
3,0t Graduate,1,1400000,3800000,16,451,3100000,1300000,4300000,1300000,Rejected,10000000,2.7142837755115887,0.3799999620000038
1,0t Graduate,1,3700000,10200000,4,447,300000,2000000,14500000,3200000,Rejected,20000000,2.7567560116875645,0.5099999745000012
3,0t Graduate,1,1000000,2500000,18,763,400000,1100000,2100000,1400000,Approved,5000000,2.4999975000025,0.49999990000002
5,0t Graduate,0,900000,3100000,20,834,1000000,900000,2100000,1300000,Approved,5300000,3.444440617288203,0.5849055500178207
2,Graduate,0,5600000,19500000,8,429,6100000,2200000,21100000,7200000,Rejected,36600000,3.4821422353317435,0.5327868706888833
4,0t Graduate,0,3200000,10600000,16,693,7800000,4900000,10400000,1800000,Approved,24900000,3.3124989648440737,0.42570279414848217
1,Graduate,0,2900000,11100000,20,478,4200000,2900000,8500000,3000000,Rejected,18600000,3.827584887039694,0.5967741614637547
2,Graduate,1,300000,800000,10,752,600000,300000,1000000,400000,Approved,2300000,2.666657777807407,0.34782593572785403
0,Graduate,1,2400000,5900000,14,319,2000000,4200000,9500000,3300000,Rejected,19000000,2.4583323090282048,0.31052629944598426
3,Graduate,0,5000000,17600000,8,303,6300000,9600000,12800000,6900000,Rejected,35600000,3.5199992960001407,0.49438200858477505
3,0t Graduate,1,5000000,16700000,20,420,1100000,5000000,18700000,6900000,Rejected,31700000,3.3399993320001338,0.5268138635074491
2,0t Graduate,1,200000,600000,8,552,400000,200000,700000,200000,Approved,1500000,2.9999850000749997,0.39999973333351113
3,0t Graduate,1,6000000,16000000,12,606,2600000,11600000,19300000,7800000,Approved,41300000,2.6666662222222963,0.3874091915881552
2,0t Graduate,0,5600000,13700000,2,558,7500000,9300000,12100000,6700000,Approved,35600000,2.4464281345664047,0.38483144986428514
1,0t Graduate,0,4500000,12400000,6,504,12000000,3200000,13100000,2200000,Rejected,30500000,2.755554943210013,0.4065573637194307
5,0t Graduate,1,200000,300000,8,412,0,100000,500000,100000,Rejected,700000,1.4999925000374998,0.42857081632740524
4,0t Graduate,1,6200000,18300000,4,900,16900000,3400000,15300000,6400000,Approved,42000000,2.951612427159286,0.4357142753401363
4,0t Graduate,1,9800000,23800000,8,634,12800000,9300000,37600000,6100000,Approved,65800000,2.4285711807580426,0.36170212216258174
5,Graduate,1,3900000,9000000,8,340,4900000,6800000,9000000,5200000,Rejected,25900000,2.307691715976483,0.34749033407373225
3,0t Graduate,1,8300000,20900000,4,615,4400000,200000,19000000,9600000,Approved,33200000,2.5180719857744593,0.6295180533277694
2,Graduate,1,4900000,12200000,18,353,7000000,200000,14400000,3600000,Rejected,25200000,2.4897954102458346,0.48412696491559665
4,Graduate,1,6900000,16300000,8,606,5800000,900000,23700000,3600000,Approved,34000000,2.3623184982147105,0.47941175060553676
2,0t Graduate,0,4500000,14500000,18,498,7900000,200000,13500000,4800000,Rejected,26400000,3.2222215061729984,0.5492424034377877
4,0t Graduate,0,7500000,21900000,2,585,6800000,12200000,27500000,8100000,Approved,54600000,2.9199996106667188,0.4010988937527675
1,0t Graduate,1,2300000,6400000,8,578,3600000,1800000,7000000,3000000,Approved,15400000,2.7826074858228322,0.41558438859841634
1,Graduate,0,7400000,15500000,2,693,3000000,12800000,21800000,9300000,Approved,46900000,2.094594311541309,0.3304903980705672
4,Graduate,0,4800000,14300000,6,795,5900000,0,11100000,2600000,Approved,19600000,2.979166046007074,0.7295917995106225
1,Graduate,0,2600000,9900000,6,594,2900000,4300000,6700000,2500000,Approved,16400000,3.8076908431958296,0.6036584997769208
3,0t Graduate,1,2700000,10600000,8,840,500000,3000000,9000000,1900000,Approved,14400000,3.925924471879825,0.7361110599922875
3,0t Graduate,0,3700000,10900000,16,301,7800000,2300000,9600000,3400000,Rejected,23100000,2.945945149744554,0.4718614514345692
4,Graduate,1,2600000,9400000,18,481,2700000,4400000,8600000,2400000,Rejected,18100000,3.615383224852606,0.5193369878819344
5,0t Graduate,1,8800000,23100000,16,531,20800000,2600000,22100000,8000000,Rejected,53500000,2.624999701704579,0.43177569286400574
2,0t Graduate,0,7500000,15400000,8,332,8300000,3100000,23700000,5400000,Rejected,40500000,2.053333059555592,0.3802469041914345
0,Graduate,0,4700000,18500000,4,516,1000000,8400000,10400000,6100000,Approved,25900000,3.9361693752831117,0.7142856867071163
2,0t Graduate,0,7100000,26600000,6,727,16500000,9800000,21100000,7900000,Approved,55300000,3.7464783455664303,0.4810126495296085
3,0t Graduate,1,5500000,19300000,10,344,14400000,1300000,12400000,6600000,Rejected,34700000,3.5090902710744962,0.5561959493891657
2,Graduate,0,9500000,31500000,12,650,17600000,16600000,22200000,11400000,Approved,67800000,3.3157891246537763,0.46460176305897105
3,Graduate,1,4200000,15400000,8,362,9900000,5300000,15500000,5600000,Rejected,36300000,3.6666657936510014,0.4242424125553054
5,Graduate,1,6900000,18600000,18,307,3500000,4800000,25300000,4200000,Rejected,37800000,2.695651783238872,0.4920634790459397
5,Graduate,0,9900000,24600000,2,530,24200000,12800000,20400000,13000000,Rejected,70400000,2.4848482338537137,0.3494318132182981
5,Graduate,0,6700000,17700000,6,482,3200000,10400000,18500000,5700000,Rejected,37800000,2.6417906504790074,0.4682539558662975
0,0t Graduate,1,9300000,22200000,14,701,600000,10100000,35900000,5700000,Approved,52300000,2.3870965175165035,0.42447417926435604
2,Graduate,0,5600000,17200000,16,586,13700000,2100000,14300000,4300000,Approved,34400000,3.0714280229592816,0.4999999854651167
0,Graduate,1,8100000,17600000,16,384,15200000,13300000,31700000,10200000,Rejected,70400000,2.1728392379210817,0.2499999964488637
4,0t Graduate,0,6000000,18000000,18,882,6700000,2500000,12200000,7500000,Approved,28900000,2.9999995000000834,0.6228373486907491
5,0t Graduate,1,4200000,11200000,2,758,5300000,6500000,9600000,3800000,Approved,25200000,2.6666660317461828,0.44444442680776086
5,Graduate,0,1600000,4000000,18,529,300000,1200000,5300000,2000000,Rejected,8800000,2.4999984375009765,0.45454540289256784
3,Graduate,1,800000,1500000,2,589,1500000,1100000,1800000,400000,Approved,4800000,1.8749976562529296,0.3124999348958469
1,Graduate,0,500000,1300000,6,670,1000000,500000,1400000,700000,Approved,3600000,2.5999948000104,0.361111010802497
5,0t Graduate,1,4300000,14100000,12,532,12600000,5700000,12000000,4600000,Rejected,34900000,3.279069004867673,0.40401144974179226
0,0t Graduate,0,4000000,12500000,18,868,11000000,800000,14400000,2300000,Approved,28500000,3.124999218750195,0.43859647583872013
2,0t Graduate,0,2900000,7300000,2,776,8300000,3000000,8500000,3400000,Approved,23200000,2.5172405112963756,0.31465515885107076
5,Graduate,1,2300000,9100000,16,644,4000000,2600000,6600000,3100000,Approved,16300000,3.9565200189043397,0.5582821743385169
0,Graduate,1,1800000,6000000,12,658,2900000,2300000,4500000,2400000,Approved,12100000,3.33333148148251,0.49586772761423736
1,Graduate,1,8700000,33900000,10,766,16300000,700000,19500000,9000000,Approved,45500000,3.896551276258474,0.7450549286801115
3,0t Graduate,0,7800000,21100000,12,717,1200000,10700000,19900000,6200000,Approved,38000000,2.705127858316941,0.5552631432825489
2,Graduate,0,3200000,6300000,10,339,300000,4900000,7300000,2700000,Rejected,15200000,1.9687493847658173,0.4144736569425226
0,0t Graduate,0,1600000,4500000,18,463,100000,2000000,4100000,1800000,Rejected,8000000,2.8124982421885987,0.5624999296875088
4,0t Graduate,0,2400000,7300000,4,540,2500000,300000,7800000,2200000,Approved,12800000,3.041665399306084,0.5703124554443394
1,Graduate,0,1800000,5900000,16,804,800000,2500000,5000000,1000000,Approved,9300000,3.2777759567911353,0.6344085339345662
1,Graduate,0,7500000,16000000,10,541,16300000,4500000,22400000,5100000,Rejected,48300000,2.1333330488889266,0.3312629331001463
4,0t Graduate,1,6700000,18400000,10,371,1900000,1400000,15700000,4400000,Rejected,23400000,2.7462682468256348,0.7863247527211644
5,Graduate,0,5800000,13700000,6,369,10500000,2700000,12100000,3000000,Rejected,28300000,2.3620685582640415,0.4840989228233596
0,0t Graduate,0,500000,1800000,2,651,700000,0,1700000,200000,Approved,2600000,3.5999928000144,0.6923074260356054
0,Graduate,1,9400000,30700000,10,477,17400000,900000,27500000,6200000,Rejected,52000000,3.265957099366266,0.5903846040310653
4,0t Graduate,0,1600000,6200000,18,554,3200000,800000,5500000,1100000,Approved,10600000,3.874997578126514,0.5849056051975844
0,Graduate,1,9300000,25000000,14,362,14900000,16100000,32300000,11000000,Rejected,74300000,2.6881717539600265,0.33647375051852285
5,Graduate,0,3700000,14000000,2,469,3800000,600000,8000000,2800000,Approved,15200000,3.7837827611397943,0.9210525709833834
3,0t Graduate,0,900000,1900000,12,547,2400000,400000,3000000,400000,Rejected,6200000,2.111108765434705,0.3064515634755543
4,0t Graduate,0,500000,1300000,6,809,200000,300000,900000,500000,Approved,1900000,2.5999948000104,0.6842101662051757
1,Graduate,1,7800000,16200000,2,335,4900000,7900000,28700000,6400000,Rejected,47900000,2.0769228106509217,0.33820458584124036
5,0t Graduate,1,5300000,13700000,18,708,7600000,900000,19200000,5900000,Approved,33600000,2.5849051726594015,0.4077380831030332
0,Graduate,0,300000,700000,16,779,200000,0,1000000,400000,Approved,1600000,2.3333255555814816,0.4374997265626709
0,Graduate,1,5000000,19900000,6,748,8300000,8500000,11300000,3000000,Approved,31100000,3.9799992040001593,0.6398713620620141
0,Graduate,0,7900000,28600000,18,541,400000,3900000,22300000,6700000,Rejected,33300000,3.620252706297126,0.8588588330673023
4,Graduate,0,5300000,15800000,2,527,3800000,5200000,19700000,3900000,Rejected,32600000,2.9811315129940543,0.4846625618201668
0,0t Graduate,1,5500000,15300000,4,859,4600000,9500000,21400000,2900000,Approved,38400000,2.7818176760331497,0.3984374896240237
0,Graduate,0,1500000,5600000,18,604,2000000,2400000,4400000,1800000,Approved,10600000,3.7333308444461037,0.5283018369526569
5,Graduate,0,6600000,20100000,18,348,6900000,2500000,22500000,7200000,Rejected,39100000,3.0454540840221083,0.5140664830162025
4,Graduate,1,6200000,16200000,20,734,8800000,4000000,14600000,4400000,Approved,31800000,2.6129028043705156,0.5094339462442156
3,Graduate,0,6300000,17000000,16,388,11700000,2100000,16100000,3200000,Rejected,33100000,2.6984122700932907,0.5135951506466722
0,Graduate,1,3800000,8100000,20,831,6500000,1700000,7700000,2000000,Approved,17900000,2.1315783864267406,0.4525139412003385
5,0t Graduate,0,500000,1500000,6,433,0,700000,1900000,700000,Rejected,3300000,2.999994000012,0.45454531680444943
2,Graduate,1,5000000,15900000,16,699,8800000,5900000,18100000,7200000,Approved,40000000,3.1799993640001274,0.39749999006250025
0,0t Graduate,0,4500000,17100000,8,303,7400000,8200000,17400000,4200000,Rejected,37200000,3.799999155555743,0.45967740699791915
4,0t Graduate,0,1000000,3800000,2,611,1700000,1800000,2500000,600000,Approved,6600000,3.7999962000038,0.5757574885215927
2,Graduate,0,1700000,3700000,20,558,4100000,1400000,5000000,2500000,Approved,13000000,2.1764693079592305,0.2846153627218952
4,Graduate,1,1200000,4800000,2,752,2800000,900000,3000000,600000,Approved,7300000,3.9999966666694444,0.6575341565021704
5,0t Graduate,1,8500000,25800000,14,786,13900000,11000000,32400000,11300000,Approved,68600000,3.0352937605536754,0.37609328897823197
0,Graduate,0,8600000,29000000,18,481,21200000,2600000,27700000,5400000,Rejected,56900000,3.37209263115202,0.5096660718863608
2,Graduate,0,400000,1300000,16,507,200000,200000,1500000,300000,Rejected,2200000,3.2499918750203123,0.5909088223141716
4,Graduate,0,8700000,19800000,14,715,13500000,13400000,32000000,8500000,Approved,67400000,2.275861807372206,0.29376854163548155
0,0t Graduate,0,1800000,5700000,20,392,3800000,2400000,3500000,1400000,Rejected,11100000,3.166664907408385,0.513513467251039
0,Graduate,1,4700000,17700000,16,887,1300000,4900000,13200000,6700000,Approved,26100000,3.7659566455411393,0.6781608935570539
0,0t Graduate,0,7300000,21600000,2,479,17900000,12300000,15900000,7500000,Rejected,53600000,2.9589037042597663,0.4029850671084875
2,Graduate,0,8400000,32100000,20,328,16300000,4600000,19500000,8000000,Rejected,48400000,3.821428116496653,0.6632231267929106
2,Graduate,1,4800000,12900000,8,740,9300000,900000,11000000,3700000,Approved,24900000,2.687499440104283,0.5180722683505113
2,Graduate,0,9200000,34200000,2,456,12200000,11300000,25800000,5700000,Approved,55000000,3.717390900283598,0.6218181705123969
1,0t Graduate,0,6200000,21100000,10,467,15600000,10500000,23500000,5300000,Rejected,54900000,3.4032252575443134,0.3843351478263179
0,Graduate,1,200000,700000,10,587,0,100000,500000,100000,Rejected,700000,3.4999825000874996,0.9999985714306122
0,0t Graduate,1,2500000,6700000,16,569,4500000,3400000,6200000,1300000,Approved,15400000,2.679998928000429,0.4350649068139671
3,0t Graduate,1,8000000,24400000,14,399,19100000,5400000,20600000,11600000,Rejected,56700000,3.0499996187500478,0.43033508941207954
1,0t Graduate,0,4600000,15200000,4,593,13800000,3800000,11700000,3900000,Approved,33200000,3.304347107750629,0.45783131151110507
3,0t Graduate,1,4900000,12700000,8,409,2000000,2500000,19300000,4700000,Rejected,28500000,2.591836205747713,0.4456140194521397
4,0t Graduate,0,9500000,21300000,18,353,22900000,2300000,21400000,11100000,Rejected,57700000,2.2421050271468395,0.3691507734982535
5,Graduate,1,4500000,11600000,20,306,4800000,1900000,11900000,5700000,Rejected,24300000,2.577777204938399,0.4773662354993319
2,Graduate,1,5900000,14200000,12,499,9200000,11600000,20200000,4400000,Rejected,45400000,2.406779253088262,0.3127753235071515
4,Graduate,0,4200000,14600000,6,324,6300000,5900000,11700000,3000000,Rejected,26900000,3.476189648526274,0.542750909191416
2,0t Graduate,1,3300000,11300000,6,647,5100000,6000000,12800000,4400000,Approved,28300000,3.4242413865935193,0.3992932721097784
2,Graduate,1,4900000,12600000,2,767,1100000,7400000,13000000,3800000,Approved,25300000,2.5714280466473376,0.4980236957302887
4,0t Graduate,0,5300000,10700000,12,821,15400000,10200000,17600000,2600000,Approved,45800000,2.0188675436098973,0.23362444904750113
4,0t Graduate,0,7200000,17700000,6,338,9900000,9300000,27800000,7200000,Rejected,54200000,2.4583329918981955,0.3265682596574122
0,Graduate,0,8400000,24300000,4,785,11900000,10100000,26600000,8500000,Approved,57100000,2.892856798469429,0.42556916942961176
3,Graduate,0,3800000,11800000,4,694,0,500000,8300000,5100000,Approved,13900000,3.1052623407204365,0.8489208022359135
0,0t Graduate,0,9900000,22300000,20,613,28400000,8900000,23600000,4900000,Approved,65800000,2.2525250249974724,0.33890576992544424
4,Graduate,1,2900000,8300000,10,318,8700000,4100000,10900000,2100000,Rejected,25800000,2.8620679785972487,0.32170541388738705
3,0t Graduate,1,6000000,18700000,18,783,2800000,8500000,20300000,8800000,Approved,40400000,3.116666147222309,0.4628712756715031
2,0t Graduate,0,1700000,5300000,20,761,2500000,500000,3700000,1200000,Approved,7900000,3.1176452249145736,0.6708859910270898
4,Graduate,1,5300000,12000000,10,329,15300000,9300000,17300000,6100000,Rejected,48000000,2.2641505161980158,0.24999999479166676
5,0t Graduate,1,7500000,15000000,14,661,12100000,5800000,29900000,4400000,Approved,52200000,1.9999997333333688,0.2873563163341702
4,0t Graduate,0,400000,900000,18,339,700000,200000,800000,200000,Rejected,1900000,2.2499943750140625,0.4736839612189678
1,Graduate,1,8300000,17700000,10,673,23700000,5300000,28700000,4200000,Approved,61900000,2.132529863550619,0.28594506807843184
3,Graduate,0,4500000,16900000,18,748,8500000,7200000,15100000,6600000,Approved,37400000,3.7555547209878397,0.45187164567188115
3,Graduate,0,4600000,10000000,4,702,6800000,1500000,16100000,4500000,Approved,28900000,2.1739125708885716,0.34602074927263843
4,0t Graduate,0,4700000,10300000,12,710,7500000,7700000,16900000,6600000,Approved,38700000,2.1914888954278946,0.26614986392377615
0,Graduate,1,900000,3500000,6,331,2400000,1400000,3500000,1100000,Rejected,8400000,3.8888845679060355,0.41666661706349795
1,0t Graduate,0,2400000,7600000,12,372,5700000,4400000,6600000,1400000,Rejected,18100000,3.166665347222772,0.41988947956411715
0,0t Graduate,1,3900000,9600000,10,783,9900000,2100000,10900000,3900000,Approved,26800000,2.4615378303749154,0.35820894185787533
0,Graduate,0,8300000,31400000,18,558,13300000,2900000,25900000,6300000,Approved,48400000,3.7831320743214367,0.6487603171743737
4,Graduate,1,4700000,13000000,6,552,5600000,8300000,11900000,2400000,Approved,28200000,2.7659568583070513,0.4609928914541528
4,0t Graduate,0,3900000,10600000,20,544,4100000,3100000,10900000,4900000,Rejected,23000000,2.717948021038969,0.460869545179585
2,0t Graduate,0,400000,1000000,6,425,800000,300000,800000,200000,Rejected,2100000,2.499993750015625,0.47619024943321453
2,0t Graduate,1,1700000,5100000,18,321,2000000,2800000,5100000,1500000,Rejected,11400000,2.9999982352951555,0.44736838180979105
2,Graduate,1,6100000,15500000,8,758,8900000,4000000,13300000,7200000,Approved,33400000,2.5409831900027555,0.4640718423930586
5,Graduate,1,7300000,19600000,10,373,10400000,4700000,19500000,10600000,Rejected,45200000,2.684931139050529,0.4336283089905241
3,0t Graduate,1,300000,500000,6,876,300000,100000,1100000,300000,Approved,1800000,1.6666611111296297,0.27777762345687584
2,0t Graduate,0,4300000,14500000,10,594,11400000,700000,14000000,5300000,Approved,31400000,3.3720922390483166,0.4617834247839674
3,0t Graduate,0,7000000,18400000,18,837,2800000,7900000,15400000,5700000,Approved,31800000,2.628571053061278,0.5786163340057756
0,0t Graduate,1,4900000,16500000,4,600,11100000,2200000,12000000,6500000,Approved,31800000,3.3673462515619894,0.518867908211701
4,Graduate,0,6200000,12400000,20,547,14200000,10800000,17200000,8000000,Rejected,50200000,1.9999996774194069,0.24701194727067835
1,0t Graduate,0,4100000,15800000,12,431,9700000,7300000,15200000,5700000,Rejected,37900000,3.853657596668879,0.4168865325359754
0,0t Graduate,1,7300000,22600000,12,851,3300000,3400000,24800000,5300000,Approved,36800000,3.0958899868643854,0.6141304180942821
4,0t Graduate,1,9200000,28100000,12,760,23200000,9700000,22300000,12900000,Approved,68100000,3.0543474940926636,0.4126284814592
0,0t Graduate,0,800000,2400000,2,716,700000,1200000,3100000,400000,Approved,5400000,2.9999962500046875,0.44444436213993294
4,0t Graduate,0,2900000,11200000,10,744,6600000,4000000,7300000,1600000,Approved,19500000,3.8620676337697812,0.5743589449046695
3,0t Graduate,0,8100000,21600000,4,740,22400000,3700000,16900000,9900000,Approved,52900000,2.6666663374486004,0.40831757262159596
0,Graduate,0,9300000,20300000,14,759,27000000,11600000,26500000,10900000,Approved,76000000,2.1827954642155416,0.26710525964335186
4,Graduate,1,9200000,29400000,14,517,4900000,0,33500000,10100000,Rejected,48500000,3.195651826559584,0.606185554511638
3,0t Graduate,1,3100000,6300000,18,895,2300000,3400000,10500000,4200000,Approved,20400000,2.032257408949223,0.30882351427335714
3,0t Graduate,1,7000000,15400000,20,315,19900000,7600000,16400000,5900000,Rejected,49800000,2.1999996857143307,0.30923694158158754
4,0t Graduate,0,3900000,8800000,14,527,4600000,4900000,14900000,3100000,Rejected,27500000,2.2564096778436724,0.3199999883636368
3,Graduate,0,5500000,19800000,14,853,7300000,3000000,15500000,3100000,Approved,28900000,3.5999993454546644,0.6851210835598242
0,Graduate,0,6600000,13700000,20,747,3600000,2400000,23900000,6000000,Approved,35900000,2.0757572612488997,0.3816155882558332
2,0t Graduate,0,9900000,31600000,16,892,4200000,17500000,31400000,12700000,Approved,65800000,3.1919188695031444,0.48024315379569676
4,Graduate,1,6600000,20500000,8,856,18800000,5400000,15100000,9400000,Approved,48700000,3.1060601354454342,0.42094454987793534
3,Graduate,0,8600000,23600000,4,324,13800000,3800000,28500000,4300000,Rejected,50400000,2.7441857274202643,0.4682539589632151
5,Graduate,0,7900000,28600000,12,812,12100000,14400000,30000000,11700000,Approved,68200000,3.620252706297126,0.4193548325607796
5,Graduate,1,6800000,22600000,2,804,3500000,12500000,18200000,9900000,Approved,44100000,3.3235289230104526,0.512471643708126
4,Graduate,0,700000,1800000,8,874,1600000,1000000,1300000,300000,Approved,4200000,2.5714248979644316,0.42857132653063656
2,0t Graduate,1,3800000,10000000,12,516,2400000,4200000,14200000,5100000,Rejected,25900000,2.6315782548478275,0.38610037119303586
5,Graduate,1,6900000,18300000,4,402,12600000,13100000,23200000,6100000,Rejected,55000000,2.6521735286705033,0.33272726667768604
1,Graduate,1,3700000,12400000,12,330,3400000,1000000,10400000,2800000,Rejected,17600000,3.3513504455809606,0.7045454145144651
1,Graduate,0,7900000,24000000,12,867,20500000,10000000,30700000,9400000,Approved,70600000,3.037974298990595,0.3399433379611425
4,Graduate,1,8800000,34200000,16,844,18700000,11000000,20700000,10700000,Approved,61100000,3.886363194731455,0.5597381250452025
5,0t Graduate,1,3300000,7800000,8,310,3000000,3900000,8300000,4200000,Rejected,19400000,2.3636356473831373,0.40206183494526626
4,0t Graduate,0,5800000,14200000,20,535,10200000,4000000,21100000,3400000,Rejected,38700000,2.44827543995251,0.3669250551182156
1,Graduate,1,7400000,29500000,16,323,10000000,4400000,29400000,8100000,Rejected,51900000,3.9864859477721692,0.5684007597610644
1,Graduate,0,8200000,25600000,4,686,2000000,5900000,17300000,4400000,Approved,29600000,3.121950838786483,0.8648648356464582
0,0t Graduate,1,3300000,9600000,8,465,6100000,700000,9700000,2000000,Rejected,18500000,2.9090900275484763,0.5189188908692491
4,Graduate,1,5300000,10700000,12,547,1000000,10200000,11600000,5700000,Rejected,28500000,2.0188675436098973,0.37543858331794444
1,0t Graduate,0,5700000,19100000,12,649,9400000,10200000,16400000,4500000,Approved,40500000,3.3508766051093675,0.47160492662703885
2,0t Graduate,0,9000000,31000000,14,670,21300000,5400000,31100000,12900000,Approved,70700000,3.4444440617284378,0.4384724124685656
3,Graduate,0,5900000,14400000,10,408,2400000,5100000,23000000,3700000,Rejected,34200000,2.4406775524275335,0.4210526192674673
2,0t Graduate,0,5400000,11900000,6,303,15000000,9200000,15400000,6900000,Rejected,46500000,2.203703295610501,0.25591397299109736
0,Graduate,0,9800000,34800000,14,497,3000000,2200000,23800000,9600000,Rejected,38600000,3.551020045814281,0.9015543807887466
4,Graduate,1,9800000,34100000,14,740,6500000,16900000,27100000,5100000,Approved,55600000,3.4795914816743387,0.613309341487242
4,0t Graduate,1,3800000,8200000,4,309,10900000,3900000,10200000,3300000,Rejected,28300000,2.157894168975219,0.28975263993806927
0,0t Graduate,0,9500000,24400000,14,769,14400000,2400000,30800000,14200000,Approved,61800000,2.5684207822714966,0.39482200008378643
3,Graduate,1,2500000,7100000,6,420,3800000,3300000,8700000,3000000,Rejected,18800000,2.8399988640004543,0.3776595543798109
1,Graduate,0,1900000,6000000,20,540,1100000,1400000,4300000,1300000,Rejected,8100000,3.1578930747931184,0.7407406492912779
5,Graduate,1,4400000,10600000,20,806,9700000,3600000,10800000,2500000,Approved,26600000,2.4090903615703723,0.3984962256204426
4,Graduate,1,1400000,2900000,6,723,3800000,0,4700000,1600000,Approved,10100000,2.0714270918377915,0.2871286844427045
5,0t Graduate,1,3200000,11800000,16,565,8100000,2700000,9200000,1800000,Approved,21800000,3.68749884765661,0.5412843788401661
1,Graduate,1,3100000,9200000,16,374,2400000,3500000,7100000,3500000,Rejected,16500000,2.9677409781480715,0.5575757237832895
4,Graduate,0,4500000,9900000,10,509,11100000,3100000,12200000,2700000,Rejected,29100000,2.1999995111112196,0.3402061738760765
3,0t Graduate,1,9300000,23500000,16,728,3500000,9900000,27300000,9800000,Approved,50500000,2.526881448722425,0.46534652543868266
2,Graduate,0,6900000,18200000,20,396,15600000,4300000,22900000,5400000,Rejected,48200000,2.6376807771477133,0.37759335316196363
0,0t Graduate,1,3900000,8600000,2,667,4300000,6600000,13500000,2000000,Approved,26400000,2.2051276397108617,0.3257575634182741
5,0t Graduate,0,3200000,7400000,12,583,9400000,5500000,10600000,3600000,Approved,29100000,2.3124992773439756,0.2542955239073703
1,0t Graduate,1,5600000,21100000,10,459,9700000,1400000,13900000,8100000,Rejected,33100000,3.7678564700256305,0.6374622163908696
4,0t Graduate,1,3700000,11900000,18,635,6100000,6400000,11200000,4700000,Approved,28400000,3.2162153469688253,0.4190140697530257
3,0t Graduate,0,8400000,27200000,12,604,21400000,8800000,23700000,4700000,Approved,58600000,3.2380948526077558,0.46416381460471307
0,0t Graduate,1,4200000,8900000,14,796,3000000,1600000,13300000,4800000,Approved,22700000,2.119047114512592,0.39207046730967104
4,Graduate,0,3800000,8500000,10,416,6200000,4800000,14900000,4100000,Rejected,30000000,2.2368415166206534,0.2833333238888892
3,Graduate,0,3200000,8200000,8,311,4900000,5600000,10700000,1600000,Rejected,22800000,2.5624991992190003,0.3596491070329339
1,Graduate,0,9700000,33900000,10,833,24600000,16200000,28300000,6600000,Approved,75700000,3.494845000531443,0.447820337545306
1,0t Graduate,1,4300000,9400000,6,543,7400000,5200000,14800000,4200000,Rejected,31600000,2.1860460032451154,0.2974683450168245
5,Graduate,1,8100000,20300000,18,751,1600000,7900000,31700000,7400000,Approved,48600000,2.5061725301021567,0.4176954646564719
5,0t Graduate,1,9400000,23200000,14,885,16900000,1200000,34900000,4700000,Approved,57700000,2.4680848438207614,0.4020797157351869
4,0t Graduate,1,8100000,19400000,6,346,7800000,9300000,29300000,4500000,Rejected,50900000,2.395061432708465,0.3811394817064935
4,Graduate,0,6500000,14500000,4,588,10300000,9500000,22800000,6400000,Approved,49000000,2.2307688875740173,0.29591836130778854
2,Graduate,0,9400000,23100000,4,488,20100000,3500000,28600000,10900000,Rejected,63100000,2.4574465470801545,0.36608557264523656
1,0t Graduate,1,2600000,6600000,20,765,2100000,200000,5200000,1300000,Approved,8800000,2.538460562130553,0.749999914772737
3,0t Graduate,1,8000000,25600000,6,337,8800000,500000,18900000,9800000,Rejected,38000000,3.19999960000005,0.6736841927977844
1,Graduate,0,4700000,9300000,8,515,1000000,4700000,14600000,5700000,Rejected,26000000,1.9787229832504292,0.35769229393491175
2,Graduate,1,7600000,22300000,12,555,2100000,13800000,17700000,7100000,Approved,40700000,2.934210140235508,0.547911534449348
1,Graduate,1,6800000,27200000,2,702,4600000,2400000,27100000,6300000,Approved,40400000,3.9999994117647923,0.6732673100676408
2,0t Graduate,1,6600000,17000000,2,457,100000,1800000,23300000,6700000,Rejected,31900000,2.5757571854913355,0.5329153437957572
2,Graduate,0,8200000,27200000,10,425,11400000,4900000,29300000,4500000,Rejected,50100000,3.317072766210638,0.5429141608200766
1,Graduate,1,4400000,12300000,6,583,2400000,7900000,17200000,6600000,Approved,34100000,2.7954539101241114,0.36070380173889144
1,0t Graduate,0,8300000,29200000,6,877,13700000,9900000,31500000,9500000,Approved,64600000,3.5180718652925465,0.45201237690383317
0,Graduate,0,9200000,36500000,14,522,10500000,5300000,22400000,13200000,Rejected,51400000,3.9673908731096876,0.7101167177020093
5,0t Graduate,1,2700000,8700000,20,687,2600000,1200000,9000000,1300000,Approved,14100000,3.2222210288070263,0.6170212328353736
0,Graduate,0,6100000,23600000,20,856,3300000,5200000,17700000,6400000,Approved,32600000,3.8688518247783894,0.7239263581617682
4,0t Graduate,1,9100000,33000000,8,543,15700000,14400000,19500000,11200000,Rejected,60800000,3.626373227871074,0.5427631489677114
5,0t Graduate,1,7600000,15400000,14,576,2300000,2800000,24500000,4700000,Approved,34300000,2.0263155228532206,0.44897957874695105
2,0t Graduate,0,7200000,17000000,10,856,18100000,12700000,15800000,6000000,Approved,52600000,2.361110783179058,0.323193910205439
0,Graduate,1,2600000,8200000,8,722,3500000,4200000,7100000,3200000,Approved,18000000,3.153844940828869,0.455555530246915
4,Graduate,1,6500000,20200000,12,653,18600000,1400000,23800000,6400000,Approved,50200000,3.1076918295858724,0.4023904302312663
5,Graduate,0,8900000,35500000,16,480,17200000,11300000,25200000,4900000,Rejected,58600000,3.9887635967681354,0.6058020374436512
2,Graduate,1,5400000,14300000,14,477,10200000,700000,11100000,5500000,Rejected,27500000,2.648147657750434,0.5199999810909097
0,Graduate,0,300000,500000,2,885,200000,400000,700000,200000,Approved,1500000,1.6666611111296297,0.33333311111125924
0,0t Graduate,0,8400000,19600000,18,530,17000000,3600000,24200000,12300000,Rejected,57100000,2.3333330555555887,0.343257437070798
3,Graduate,0,8300000,17200000,8,870,4700000,8800000,18300000,10000000,Approved,41800000,2.0722889069531436,0.41148324374442
4,0t Graduate,0,1700000,5600000,8,395,2700000,800000,3500000,2400000,Rejected,9400000,3.2941157093437003,0.5957446174739769
2,0t Graduate,0,1500000,4200000,16,771,2500000,800000,5700000,1100000,Approved,10100000,2.7999981333345776,0.41584154298598586
1,0t Graduate,1,200000,500000,2,579,500000,100000,500000,100000,Approved,1200000,2.4999875000625,0.4166663194447338
1,Graduate,1,1000000,3700000,14,798,2000000,200000,3800000,1400000,Approved,7400000,3.6999963000037,0.49999993243244156
3,0t Graduate,1,8800000,25100000,8,473,17200000,600000,24400000,12400000,Rejected,54600000,2.8522724031508635,0.45970695128741845
0,Graduate,1,1000000,3200000,8,304,500000,600000,3700000,700000,Rejected,5500000,3.1999968000032,0.5818180760330771
0,0t Graduate,1,8600000,23000000,14,678,18800000,16400000,22900000,12000000,Approved,70100000,2.6744182936722916,0.3281027057331996
5,Graduate,1,2400000,8900000,2,745,1700000,2000000,9200000,2100000,Approved,15000000,3.708331788195088,0.5933332937777804
1,Graduate,0,2400000,8900000,8,835,2400000,1200000,5500000,1100000,Approved,10200000,3.708331788195088,0.8725489340638299
5,0t Graduate,1,6000000,12100000,20,848,13900000,4800000,18000000,3600000,Approved,40300000,2.0166663305556116,0.3002481315074905
5,0t Graduate,0,7600000,16300000,18,872,5100000,1900000,20700000,5000000,Approved,32700000,2.1447365599030843,0.498470932768473
3,0t Graduate,0,8000000,20100000,10,608,9800000,15500000,26100000,5200000,Approved,56600000,2.5124996859375393,0.35512366863739103
0,Graduate,1,5400000,19500000,16,758,2600000,2700000,18300000,6000000,Approved,29600000,3.611110442386955,0.6587837615275757
0,0t Graduate,1,1400000,3700000,4,841,3000000,1000000,4600000,1000000,Approved,9600000,2.642855255103389,0.3854166265191014
0,0t Graduate,1,800000,2600000,2,618,300000,1200000,2000000,500000,Approved,4000000,3.249995937505078,0.6499998375000406
4,Graduate,1,300000,1100000,4,457,700000,100000,1100000,400000,Approved,2300000,3.666654444485185,0.4782606616257993
0,Graduate,0,4100000,14400000,4,844,2700000,6000000,9900000,4200000,Approved,22800000,3.5121942653184717,0.6315789196675913
2,0t Graduate,0,1500000,3800000,4,776,2800000,0,5300000,1400000,Approved,9500000,2.5333316444455702,0.3999999578947413
1,0t Graduate,0,4600000,13900000,8,520,13300000,6400000,9800000,2200000,Rejected,31700000,3.0217384735351143,0.43848579058404447
1,Graduate,1,3300000,7500000,12,648,6400000,1700000,8700000,1600000,Approved,18400000,2.2727265840222475,0.4076086734995286
4,0t Graduate,1,7900000,31400000,10,654,16500000,15200000,25400000,5000000,Approved,62100000,3.974683041179362,0.5056360627111746
0,0t Graduate,0,8100000,26500000,20,342,5800000,5600000,23700000,5800000,Rejected,40900000,3.2716045343698106,0.6479217445495906
5,0t Graduate,0,900000,2800000,16,808,2100000,900000,3100000,800000,Approved,6900000,3.1111076543248286,0.4057970426381098
1,Graduate,1,4900000,15200000,10,429,5700000,7300000,14400000,3300000,Rejected,30700000,3.1020401832571056,0.4951139903871664
3,Graduate,1,6100000,18100000,14,538,11800000,4200000,16200000,7500000,Rejected,39700000,2.9672126283257985,0.4559193839818795
3,0t Graduate,0,4500000,16400000,6,533,1800000,5600000,12200000,3900000,Rejected,23500000,3.644443634568081,0.6978723107288378
2,Graduate,1,2900000,7300000,8,394,7700000,2600000,7700000,4000000,Rejected,22000000,2.5172405112963756,0.3318181667355379
1,0t Graduate,0,7900000,29300000,2,771,17600000,12800000,20400000,4000000,Approved,54800000,3.708860290017685,0.5346715230899357
5,Graduate,1,4100000,10100000,4,792,4400000,6100000,8600000,4900000,Approved,24000000,2.4634140333136503,0.42083331579861183
5,0t Graduate,1,7700000,15500000,8,407,6500000,9100000,26300000,4600000,Rejected,46500000,2.0129867515601623,0.3333333261648747
0,0t Graduate,0,5600000,19300000,18,544,6400000,2800000,19900000,6400000,Rejected,35500000,3.446427955995008,0.5436619565165646
5,Graduate,0,9000000,18000000,18,509,24600000,5200000,20000000,6100000,Rejected,55900000,1.9999997777778025,0.32200357205718116
4,0t Graduate,1,6400000,18400000,16,320,17700000,3600000,13900000,8300000,Rejected,43500000,2.8749995507813204,0.42298849602325295
4,Graduate,0,6900000,14700000,2,496,12000000,7000000,15500000,4000000,Rejected,38500000,2.1304344738500762,0.38181817190082673
3,0t Graduate,0,9100000,27400000,18,652,8500000,7300000,31700000,6800000,Approved,54300000,3.010988680111134,0.5046040422724855
2,Graduate,1,1100000,3700000,2,806,2700000,800000,2900000,500000,Approved,6900000,3.363633305787904,0.5362318063432164
4,0t Graduate,0,1700000,4500000,12,821,3200000,1900000,4900000,1500000,Approved,11500000,2.647057266436902,0.3913043137996249
5,Graduate,1,9200000,28800000,20,618,14300000,10800000,33900000,10600000,Approved,69600000,3.1304344423440824,0.4137930975029727
2,0t Graduate,1,8300000,20600000,12,729,22400000,9000000,31400000,8400000,Approved,71200000,2.4819274118159744,0.28932583863306405
5,0t Graduate,1,5000000,10600000,6,839,12600000,8600000,19800000,3500000,Approved,44500000,2.119999576000085,0.23820224183815186
3,Graduate,0,2200000,6400000,2,318,1400000,2100000,4300000,1500000,Rejected,9300000,2.9090895867774607,0.6881719690137668
2,Graduate,0,4500000,9600000,16,404,1800000,6000000,17000000,2700000,Rejected,27500000,2.1333328592593648,0.34909089639669466
5,0t Graduate,1,4100000,9000000,6,581,6600000,1500000,11300000,3400000,Approved,22800000,2.195121415824045,0.39473682479224453
1,0t Graduate,0,2800000,6800000,18,596,7900000,400000,7300000,1500000,Approved,17100000,2.4285705612247996,0.397660795458433
1,0t Graduate,0,6600000,20700000,4,415,12800000,11900000,17700000,3900000,Approved,46300000,3.136363161157097,0.44708422360509237
3,0t Graduate,1,3200000,7200000,6,728,4800000,2000000,8000000,4600000,Approved,19400000,2.24999929687522,0.37113400148793807
0,0t Graduate,0,6300000,13300000,2,666,8800000,4000000,14200000,4900000,Approved,31900000,2.1111107760141627,0.4169278866166807
2,Graduate,0,4700000,17700000,14,675,5800000,7200000,13100000,6500000,Approved,32600000,3.7659566455411393,0.5429447686213261
0,Graduate,0,4100000,15400000,16,304,3000000,5200000,16200000,3100000,Rejected,27500000,3.756096644854477,0.5599999796363644
5,Graduate,1,7100000,15500000,4,474,7600000,9000000,22400000,9400000,Rejected,48400000,2.183098284070664,0.3202479272676048
4,Graduate,1,4900000,10200000,18,370,10900000,2200000,13700000,6600000,Rejected,33400000,2.0816322282383206,0.30538921241349665
4,Graduate,0,5600000,20300000,20,596,5100000,10900000,12700000,7900000,Approved,36600000,3.624999352678687,0.55464479358894
4,Graduate,0,3400000,8300000,2,567,5700000,1900000,10200000,2700000,Approved,20500000,2.441175752595367,0.40487802903034004
3,0t Graduate,0,4500000,16100000,16,671,10500000,3600000,12400000,5800000,Approved,32300000,3.5777769827162262,0.4984519969519506
2,Graduate,0,300000,800000,18,819,300000,300000,900000,400000,Approved,1900000,2.666657777807407,0.42105240997241583
5,0t Graduate,1,7600000,23000000,10,829,3100000,7300000,17600000,7300000,Approved,35300000,3.0263153912742906,0.6515580551966557
5,Graduate,0,500000,1200000,12,454,1400000,500000,1000000,300000,Rejected,3200000,2.3999952000096,0.3749998828125366
0,Graduate,1,5900000,15200000,16,399,15200000,3200000,12200000,6500000,Rejected,37100000,2.576270749784619,0.4097034929999058
0,Graduate,0,7100000,20700000,10,784,9500000,11400000,27900000,8600000,Approved,57400000,2.915492547113726,0.3606271714176451
2,0t Graduate,1,8500000,26900000,6,538,21300000,16400000,21500000,4600000,Rejected,63800000,3.1647055100346457,0.4216300874352651
0,Graduate,1,6400000,16900000,16,759,16200000,7100000,15200000,3100000,Approved,41600000,2.6406245874024084,0.40624999023437525
2,Graduate,0,7100000,21400000,12,699,11400000,13400000,22600000,4800000,Approved,52200000,3.0140840825233686,0.4099616779700828
5,0t Graduate,0,1800000,5400000,14,347,3800000,1300000,4900000,1700000,Rejected,11700000,2.9999983333342595,0.46153842209073315
3,0t Graduate,1,6600000,25200000,20,598,13100000,3600000,20700000,8600000,Approved,46000000,3.818181239669509,0.5478260750472592
4,Graduate,1,8800000,27100000,2,406,16300000,6200000,26100000,5800000,Approved,54400000,3.0795451045971474,0.4981617555484971
2,0t Graduate,0,4800000,15800000,20,860,1700000,3300000,13400000,5100000,Approved,23500000,3.2916659809029207,0.6723403969216852
5,Graduate,1,4400000,16500000,10,806,3500000,4400000,11200000,2800000,Approved,21900000,3.7499991477274666,0.7534246231312958
0,0t Graduate,0,2000000,6900000,2,448,2700000,3800000,7100000,1600000,Approved,15200000,3.4499982750008624,0.45394733855609615
2,Graduate,0,6800000,22600000,20,393,2100000,2200000,20300000,8200000,Rejected,32800000,3.3235289230104526,0.6890243692370619
5,0t Graduate,1,6600000,16000000,12,811,13100000,5000000,14700000,5000000,Approved,37800000,2.424242056933022,0.42328041208252876
2,Graduate,0,3300000,7900000,20,829,4800000,2100000,13200000,2600000,Approved,22700000,2.393938668503434,0.3480176058142024
3,0t Graduate,0,7400000,23400000,16,700,19300000,3000000,20700000,8900000,Approved,51900000,3.162161734843009,0.4508670433358951
0,0t Graduate,1,4500000,12400000,18,719,10300000,200000,9200000,3100000,Approved,22800000,2.755554943210013,0.5438596252693146
1,0t Graduate,1,9500000,30500000,12,430,5400000,8000000,30800000,10500000,Rejected,54700000,3.210525977839371,0.5575868271007892
1,Graduate,0,800000,3000000,4,338,900000,1000000,2600000,400000,Approved,4900000,3.749995312505859,0.6122447730112708
2,Graduate,0,4000000,13000000,4,695,6400000,6900000,15400000,4300000,Approved,33000000,3.2499991875002032,0.3939393820018369
2,0t Graduate,0,7000000,25700000,18,374,3400000,13700000,14900000,4500000,Rejected,36500000,3.6714280469388503,0.7041095697504227
3,Graduate,0,3500000,8500000,18,609,7300000,0,12700000,2500000,Approved,22500000,2.428570734694076,0.3777777609876551
3,Graduate,1,9700000,36000000,6,631,3500000,5500000,28500000,7500000,Approved,45000000,3.7113398235732142,0.7999999822222226
0,0t Graduate,0,3400000,10800000,6,439,5300000,1400000,11600000,1900000,Rejected,20200000,3.1764696539795136,0.5346534388785427
1,Graduate,1,4600000,13500000,20,837,5600000,7700000,11900000,2500000,Approved,27700000,2.9347819706995715,0.48736460334423815
4,Graduate,0,3800000,10400000,10,833,7500000,2500000,14100000,4200000,Approved,28300000,2.736841385041741,0.3674911530921854
4,0t Graduate,1,4200000,9600000,20,863,7400000,900000,9100000,3400000,Approved,20800000,2.2857137414967283,0.4615384393491135
2,Graduate,0,2500000,8700000,4,684,0,600000,9700000,2600000,Approved,12900000,3.4799986080005567,0.6744185523706548
0,0t Graduate,1,7000000,24600000,6,542,6400000,2600000,24500000,4700000,Rejected,38200000,3.5142852122449697,0.643979040733533
1,0t Graduate,0,5300000,11500000,8,753,10000000,4200000,14400000,3000000,Approved,31600000,2.1698109113564317,0.36392403911632787
0,0t Graduate,0,6400000,14200000,2,512,1600000,9200000,23100000,3500000,Rejected,37400000,2.2187496533203666,0.37967913423317823
3,0t Graduate,0,3400000,8100000,12,385,6100000,4000000,10700000,4000000,Rejected,24800000,2.3823522404846353,0.32661289005593186
4,0t Graduate,0,6700000,18800000,2,749,15600000,7900000,19900000,8600000,Approved,52000000,2.805969730452279,0.361538454585799
1,0t Graduate,1,4600000,10100000,4,618,2200000,100000,12900000,4300000,Approved,19500000,2.1956516965974573,0.5179486913872466
4,Graduate,1,900000,2500000,4,583,1300000,800000,1800000,1100000,Approved,5000000,2.777774691361454,0.49999990000002
0,Graduate,0,5100000,19900000,18,655,4400000,0,17100000,7100000,Approved,28600000,3.9019600192235258,0.6958041714753787
0,0t Graduate,1,7000000,20900000,20,380,11800000,10800000,21100000,6200000,Rejected,49900000,2.9857138591837344,0.41883766695716096
3,Graduate,1,4100000,14700000,6,679,6600000,3700000,10500000,5600000,Approved,26400000,3.5853649791792734,0.5568181607265849
2,Graduate,0,4600000,14800000,6,410,12900000,6800000,16100000,5800000,Rejected,41600000,3.217390604915086,0.355769222217086
2,Graduate,1,3600000,11500000,8,590,1600000,5200000,10900000,3000000,Approved,20700000,3.194443557099012,0.5555555287171242
5,Graduate,0,5900000,13800000,14,397,12400000,600000,20400000,3000000,Rejected,36400000,2.3389826544097194,0.3791208687054706
2,Graduate,0,600000,2100000,16,425,900000,500000,2300000,300000,Rejected,4000000,3.4999941666763887,0.5249998687500328
0,Graduate,0,4900000,16400000,2,383,3300000,3500000,15000000,5800000,Approved,27600000,3.3469380924616137,0.5942028770216349
5,Graduate,1,6400000,23900000,6,406,14700000,12400000,25400000,4300000,Rejected,56800000,3.7343744165039974,0.42077464047931973
2,Graduate,0,7000000,19800000,10,563,3900000,9400000,22800000,8000000,Approved,44100000,2.8285710244898534,0.4489795816557918
3,Graduate,1,6700000,13400000,14,782,4900000,4000000,25800000,9600000,Approved,44300000,1.9999997014925819,0.3024830631493665
1,0t Graduate,1,800000,2200000,4,852,900000,200000,2200000,1000000,Approved,4300000,2.749996562504297,0.5116277879935377
5,0t Graduate,0,7600000,27800000,2,753,18400000,12200000,16900000,8000000,Approved,55500000,3.6578942555402296,0.5009008918756596
5,Graduate,1,3200000,7600000,4,489,5000000,2900000,10600000,1900000,Rejected,20400000,2.374999257812732,0.3725490013456372
2,0t Graduate,1,4900000,13800000,2,586,9900000,1400000,9900000,7000000,Approved,28200000,2.8163259558518456,0.48936168477440833
3,0t Graduate,0,7200000,20800000,16,560,2100000,10700000,21100000,3600000,Approved,37500000,2.8888884876543766,0.554666651875556
3,Graduate,0,5600000,20600000,6,487,6400000,9700000,20200000,4100000,Rejected,40400000,3.6785707716837908,0.5099009774776986
4,Graduate,1,7300000,18300000,8,434,10000000,2900000,26800000,6700000,Rejected,46400000,2.5068489716645246,0.3943965432242124
4,0t Graduate,0,3300000,7000000,20,504,8200000,3200000,7300000,2500000,Rejected,21200000,2.121211478420764,0.33018866367034605
2,Graduate,1,9200000,25300000,4,827,25900000,15900000,19300000,11000000,Approved,72100000,2.749999701086989,0.35090152079193454
3,0t Graduate,1,8100000,23300000,20,657,15700000,2900000,28100000,6200000,Approved,52900000,2.876542854747796,0.44045367787422157
5,Graduate,0,6600000,21400000,10,447,12700000,11100000,20200000,6400000,Rejected,50400000,3.2424237511479164,0.42460316617850863
0,Graduate,1,4200000,13600000,4,834,8700000,3400000,12000000,3100000,Approved,27200000,3.238094467120365,0.49999998161764775
2,Graduate,0,5800000,21700000,8,354,12500000,2300000,12200000,6800000,Rejected,33800000,3.7413786652795404,0.6420118153250942
2,Graduate,1,5600000,21000000,18,883,9800000,1600000,20900000,6000000,Approved,38300000,3.7499993303572623,0.5483028577466617
0,0t Graduate,1,3600000,9900000,12,641,10300000,2400000,9100000,2700000,Approved,24500000,2.7499992361113232,0.40408161615993404
1,Graduate,1,7700000,16900000,6,621,22600000,7900000,27400000,10200000,Approved,68100000,2.194804909765596,0.2481644603793765
0,Graduate,1,7800000,23300000,10,587,12500000,9300000,27500000,9700000,Approved,59000000,2.987179104207807,0.39491524754380936
3,0t Graduate,0,5700000,15400000,16,424,4700000,3000000,16400000,5600000,Rejected,29700000,2.701753911972998,0.5185185010599831
5,Graduate,0,6300000,20500000,14,515,4300000,3600000,18300000,9100000,Rejected,35300000,3.2539677374654383,0.5807365274578887
5,0t Graduate,1,2300000,4700000,18,592,1600000,3900000,6200000,2800000,Approved,14500000,2.0434773724011426,0.32413790868014425
4,Graduate,1,9600000,19900000,6,319,3200000,16500000,28100000,6600000,Rejected,54400000,2.07291645073787,0.365808816804985
1,0t Graduate,1,1000000,3900000,16,360,2500000,300000,2100000,600000,Rejected,5500000,3.8999961000039,0.7090907801653127
5,Graduate,1,7200000,27100000,12,535,8400000,12800000,28100000,4800000,Rejected,54100000,3.763888366126616,0.5009242051585174
2,0t Graduate,1,3800000,11400000,16,666,9000000,2400000,8000000,3800000,Approved,23200000,2.9999992105265236,0.4913792891646858
4,0t Graduate,1,9300000,24600000,16,419,18100000,0,26700000,5100000,Rejected,49900000,2.645161005896666,0.4929859620644096
2,0t Graduate,1,7200000,21900000,12,640,0,11400000,14600000,3800000,Approved,29800000,3.0416662442130216,0.73489930419801
0,Graduate,0,7600000,19700000,12,545,4300000,5200000,29500000,7300000,Rejected,46300000,2.592104922091458,0.42548595193334876
4,Graduate,0,4500000,15300000,10,843,13200000,6900000,10800000,2200000,Approved,33100000,3.3999992444446123,0.462235635582005
1,0t Graduate,1,9900000,30900000,20,559,12100000,6100000,38600000,12100000,Approved,68900000,3.1212118059382012,0.44847604574055083
0,0t Graduate,1,700000,2000000,18,650,400000,1300000,2800000,500000,Approved,5000000,2.857138775516035,0.399999920000016
0,Graduate,0,3500000,12300000,16,479,9700000,6000000,7900000,4700000,Rejected,28300000,3.5142847102043686,0.4346289599071039
1,Graduate,1,300000,1000000,14,324,100000,100000,1100000,100000,Rejected,1400000,3.3333222222592593,0.7142852040819971
5,0t Graduate,1,5400000,16700000,2,354,1100000,4500000,19300000,5200000,Approved,30100000,3.0925920198903665,0.5548172573150413
4,0t Graduate,1,2800000,8400000,10,521,1500000,1200000,9100000,3700000,Rejected,15500000,2.999998928571811,0.5419354489073904
5,0t Graduate,1,4900000,15900000,8,505,12400000,4900000,14900000,6100000,Rejected,38300000,3.2448972969597354,0.41514359229390096
4,0t Graduate,0,600000,1700000,12,436,400000,0,1700000,700000,Rejected,2800000,2.8333286111189815,0.6071426403061999
0,Graduate,0,3000000,8100000,6,683,3200000,4900000,10200000,3200000,Approved,21500000,2.6999991000003,0.37674416852352705
0,Graduate,0,1800000,5800000,18,348,2900000,700000,6700000,1000000,Rejected,11300000,3.22222043209976,0.5132742908606822
4,Graduate,1,5100000,15700000,6,867,11200000,8300000,19200000,3600000,Approved,42300000,3.0784307689351436,0.3711583836605583
5,Graduate,0,1400000,4100000,14,880,3700000,1800000,2800000,2100000,Approved,10400000,2.9285693367361882,0.39423073132396813
2,Graduate,1,6700000,25500000,10,673,11100000,8600000,25100000,5000000,Approved,49800000,3.80596958119857,0.5120481824889923
3,0t Graduate,0,4300000,12600000,18,482,9300000,900000,13200000,6100000,Rejected,29500000,2.9302318766902613,0.427118629589199
3,Graduate,1,7800000,19600000,4,767,18100000,10500000,20500000,7700000,Approved,56800000,2.512820190664078,0.3450704164600279
3,0t Graduate,0,5400000,15800000,18,760,12700000,2300000,16400000,7200000,Approved,38600000,2.925925384087892,0.40932641426615507
0,0t Graduate,0,500000,1900000,2,857,1100000,500000,1800000,300000,Approved,3700000,3.7999924000152,0.5135133747261149
1,Graduate,0,8600000,26700000,10,735,11800000,9100000,20700000,11200000,Approved,52800000,3.1046508017847905,0.5056818086045112
3,Graduate,0,2500000,9300000,4,810,2700000,3300000,9400000,3700000,Approved,19100000,3.719998512000595,0.486910969271677
4,0t Graduate,0,3000000,7200000,2,680,900000,3400000,9600000,1700000,Approved,15600000,2.399999200000267,0.46153843195266464
5,0t Graduate,1,7000000,26900000,4,889,1400000,4200000,22400000,7400000,Approved,35400000,3.8428565938776296,0.7598869841839835
1,0t Graduate,1,400000,1500000,16,688,400000,300000,1200000,200000,Approved,2100000,3.7499906250234374,0.7142853741498219
5,0t Graduate,0,5200000,13700000,16,531,8800000,4500000,15700000,2900000,Rejected,31900000,2.6346148779586773,0.42946707117658084
3,Graduate,0,3300000,11100000,2,660,6500000,3700000,12300000,4500000,Approved,27000000,3.363635344352926,0.41111109588477424
1,0t Graduate,1,2400000,8800000,18,414,3600000,2200000,7100000,2500000,Rejected,15400000,3.6666651388895253,0.5714285343228225
4,Graduate,1,5800000,15800000,14,528,6300000,100000,21400000,8700000,Rejected,36500000,2.72413746135561,0.4328767004691315
4,0t Graduate,1,9400000,20000000,12,817,3600000,1600000,34400000,8000000,Approved,47600000,2.127659348121346,0.4201680583998307
2,0t Graduate,0,6100000,15300000,2,799,7100000,5500000,17800000,5300000,Approved,35700000,2.5081963101317526,0.428571416566627
1,Graduate,1,7500000,21400000,20,655,13000000,10300000,28100000,8100000,Approved,59500000,2.8533329528889397,0.35966385950144775
2,0t Graduate,0,4100000,16200000,6,546,3500000,3100000,15100000,3700000,Rejected,25400000,3.951218548483281,0.6377952504805019
3,0t Graduate,0,8500000,30800000,14,745,11000000,8200000,19400000,7200000,Approved,45800000,3.6235289854671784,0.6724890682862649
0,Graduate,0,4300000,16900000,8,884,6500000,5400000,12000000,3700000,Approved,27600000,3.9302316441321756,0.6123188183942457
5,0t Graduate,0,9300000,22000000,4,822,20900000,10000000,24200000,12100000,Approved,67200000,2.3655911434848234,0.3273809475092121
4,0t Graduate,0,6000000,18700000,2,623,4300000,4000000,19100000,5700000,Approved,33100000,3.116666147222309,0.5649546657113395
1,0t Graduate,1,5300000,18900000,16,361,300000,5000000,11900000,5500000,Rejected,22700000,3.566037063011875,0.8325990822643576
5,0t Graduate,1,7400000,16200000,2,778,17000000,2700000,19400000,9200000,Approved,48300000,2.1891888933528523,0.33540371976389816
1,0t Graduate,1,1100000,3800000,8,779,600000,1800000,4000000,1600000,Approved,8000000,3.454542314052442,0.47499994062500744
1,Graduate,1,6600000,20700000,4,594,4800000,200000,26400000,8900000,Approved,40300000,3.136363161157097,0.513647629934302
3,Graduate,0,8200000,28300000,2,530,15000000,10500000,20200000,12100000,Approved,57800000,3.451219091314745,0.4896193686917064
3,0t Graduate,0,3300000,9300000,12,324,5300000,2600000,7500000,2000000,Rejected,17400000,2.8181809641875866,0.5344827279032915
4,Graduate,1,2500000,9000000,10,394,6700000,2000000,7300000,3000000,Rejected,19000000,3.599998560000576,0.4736841855955692
3,Graduate,1,3300000,10400000,12,816,7100000,6300000,11800000,4900000,Approved,30100000,3.1515141965108495,0.34551493868721134
5,0t Graduate,0,1000000,2300000,16,423,1700000,700000,2900000,1400000,Rejected,6700000,2.2999977000023,0.34328353085320434
5,Graduate,1,6200000,12800000,2,539,5600000,9800000,22300000,4800000,Rejected,42500000,2.0645157960458396,0.3011764635017303
1,Graduate,0,7000000,21000000,20,554,16900000,6600000,14600000,5600000,Approved,43700000,2.9999995714286327,0.48054918808811925
2,Graduate,1,7000000,19000000,6,523,5300000,9300000,25800000,9500000,Rejected,49900000,2.7142853265306677,0.3807615154156009
1,0t Graduate,1,5300000,12000000,10,852,400000,10400000,18900000,5000000,Approved,34700000,2.2641505161980158,0.34582131568238283
0,0t Graduate,1,1800000,3700000,2,505,3900000,2400000,4500000,1400000,Rejected,12200000,2.0555544135808814,0.3032786636656833
0,Graduate,1,2300000,7900000,10,430,6600000,2800000,8100000,1900000,Rejected,19400000,3.4347811153125587,0.40721647385482096
2,Graduate,0,4000000,9200000,16,784,3200000,600000,13000000,4900000,Approved,21700000,2.2999994250001436,0.4239631141030823
1,0t Graduate,0,8900000,24000000,6,380,16500000,7400000,27700000,7500000,Rejected,59100000,2.6966289104911336,0.40609136368711735
3,Graduate,0,8000000,18600000,20,565,1600000,8600000,22500000,9400000,Approved,42100000,2.3249997093750365,0.441805215159021
4,Graduate,1,7900000,26900000,14,446,17900000,7300000,16500000,8200000,Rejected,49900000,3.4050628601186252,0.539078145509456
5,Graduate,1,6700000,20200000,8,406,6900000,4900000,15300000,7100000,Rejected,34200000,3.014924923145534,0.5906432575835305
4,0t Graduate,0,2400000,6000000,6,712,6800000,2200000,6000000,1200000,Approved,16200000,2.499998958333767,0.37037034750800324
4,0t Graduate,0,8600000,22600000,14,729,300000,16200000,20500000,11900000,Approved,48900000,2.6279066711736427,0.4621676797102724
1,0t Graduate,1,5300000,14600000,20,508,11200000,2800000,17000000,4600000,Rejected,35600000,2.7547164613742527,0.410112348030552
0,Graduate,0,7400000,24900000,20,648,7100000,7900000,23300000,6200000,Approved,44500000,3.364864410153458,0.5595505492235832
0,0t Graduate,1,8700000,18700000,10,346,1200000,1800000,30700000,8200000,Rejected,41900000,2.1494250402959723,0.44630070533888533
5,Graduate,0,8200000,18500000,4,394,9600000,5700000,27400000,11100000,Rejected,53800000,2.2560972858417943,0.3438661646121531
0,0t Graduate,1,3700000,9700000,12,501,2600000,6600000,9200000,4600000,Rejected,23000000,2.621620913075429,0.42173911209829945
5,0t Graduate,1,9200000,36300000,2,655,3000000,1200000,32200000,8700000,Approved,45100000,3.945651745037854,0.8048780309339683
4,0t Graduate,0,6100000,20900000,4,662,10200000,7000000,23300000,4100000,Approved,44600000,3.4262289465198448,0.4686098549639046
2,Graduate,1,8800000,30800000,20,820,700000,4800000,25900000,12700000,Approved,44100000,3.4999996022727724,0.6984126825756761
5,0t Graduate,0,9200000,18900000,10,521,8300000,14500000,23400000,6900000,Rejected,53100000,2.054347602788304,0.35593219668677595
3,Graduate,0,7200000,27900000,12,473,21100000,8800000,27800000,8700000,Rejected,66400000,3.8749994618056305,0.42018071656354344
1,Graduate,0,600000,1200000,10,561,900000,300000,1400000,600000,Approved,3200000,1.9999966666722222,0.3749998828125366
5,Graduate,0,8000000,23100000,20,461,5900000,2400000,29300000,7200000,Rejected,44800000,2.887499639062545,0.5156249884905136
4,Graduate,1,6900000,13800000,16,715,2100000,6100000,20900000,8200000,Approved,37300000,1.9999997101449696,0.3699731804296734
0,0t Graduate,1,4300000,15600000,18,440,6200000,1300000,10000000,4700000,Rejected,22200000,3.6279061330450855,0.7027026710494292
3,0t Graduate,1,8500000,24900000,18,749,9600000,1200000,31700000,10100000,Approved,52600000,2.9294114200692447,0.47338402141855473
4,0t Graduate,0,8600000,17400000,2,787,11700000,10600000,18400000,10600000,Approved,51300000,2.0232555786912116,0.33918127993798675
3,Graduate,0,6300000,13900000,18,748,17700000,8800000,21700000,8600000,Approved,56800000,2.206348856135102,0.24471830555073407
3,0t Graduate,1,5800000,13600000,12,321,1700000,3300000,22300000,3400000,Rejected,30700000,2.3448271819263478,0.44299672824114894
3,Graduate,1,1000000,2300000,10,303,1000000,400000,2500000,1000000,Rejected,4900000,2.2999977000023,0.46938765930864096
0,0t Graduate,1,1700000,5400000,8,682,2400000,1000000,3900000,2100000,Approved,9400000,3.1764687197242827,0.5744680239927634
2,0t Graduate,0,3200000,8600000,18,638,1000000,4900000,8600000,3500000,Approved,18000000,2.6874991601565124,0.4777777512345694
0,Graduate,1,7500000,16600000,14,440,17200000,14500000,24100000,10300000,Rejected,66100000,2.2133330382222614,0.25113464067874974
1,0t Graduate,1,2000000,6600000,10,873,1400000,200000,6300000,2400000,Approved,10300000,3.299998350000825,0.6407766368178023
3,0t Graduate,0,9100000,19700000,20,437,6300000,13700000,23700000,12900000,Rejected,56600000,2.164834926941217,0.3480565309530648
4,Graduate,1,8400000,19700000,8,796,17900000,9200000,20200000,7700000,Approved,55000000,2.345237816043117,0.3581818116694216
4,Graduate,0,7100000,27200000,16,824,2400000,8000000,22400000,3900000,Approved,36700000,3.8309853759175527,0.7411443939742672
2,0t Graduate,0,200000,800000,6,338,100000,0,400000,100000,Rejected,600000,3.9999800000999994,1.3333311111148147
0,0t Graduate,1,5000000,14900000,12,575,12800000,1500000,12300000,6600000,Approved,33200000,2.979999404000119,0.4487951672049648
0,0t Graduate,1,4500000,16900000,8,773,6300000,6800000,14000000,6000000,Approved,33100000,3.7555547209878397,0.5105740027016917
2,0t Graduate,1,5100000,19700000,2,733,0,4500000,12900000,6200000,Approved,23600000,3.8627443406383644,0.8347457273412827
3,Graduate,1,4100000,10600000,14,475,5400000,4300000,13900000,4500000,Rejected,28100000,2.585365223081653,0.377224185863908
1,0t Graduate,0,7200000,15000000,10,677,10600000,3900000,24500000,4100000,Approved,43100000,2.0833330439815216,0.34802783415248645
3,0t Graduate,0,7800000,17700000,6,403,12600000,3700000,24700000,10000000,Rejected,51000000,2.269230478303785,0.3470588167243369
3,Graduate,1,7500000,25300000,12,767,13200000,10800000,19400000,9600000,Approved,53000000,3.3733328835556153,0.4773584815592739
3,Graduate,1,6400000,21000000,2,813,3900000,10900000,20500000,4400000,Approved,39700000,3.2812494873047675,0.5289672410839485
4,Graduate,0,7000000,25700000,20,597,19900000,13500000,27500000,10100000,Approved,71000000,3.6714280469388503,0.36197182588772076
4,0t Graduate,1,9000000,31100000,8,896,7100000,4400000,23400000,13100000,Approved,48000000,3.455555171604981,0.6479166531684031
2,0t Graduate,1,4400000,13900000,6,810,13200000,4200000,15000000,5200000,Approved,37600000,3.1590901911158658,0.36968084123189254
2,0t Graduate,0,900000,2000000,14,337,1700000,0,2100000,600000,Rejected,4400000,2.2222197530891634,0.4545453512396929
1,Graduate,0,9800000,26900000,18,792,15900000,14100000,25200000,11900000,Approved,67100000,2.7448976790920736,0.4008941818048557
4,0t Graduate,0,600000,1600000,6,784,300000,100000,1900000,500000,Approved,2800000,2.6666622222296295,0.5714283673470116
5,Graduate,1,9700000,30100000,12,434,19600000,17900000,21000000,6900000,Rejected,65400000,3.103092463598715,0.460244641280663
2,Graduate,1,8400000,32600000,10,384,13900000,1600000,21600000,7000000,Rejected,44100000,3.8809519189342954,0.7392290081807481
1,Graduate,0,8300000,24900000,10,642,11500000,15400000,21600000,5800000,Approved,54300000,2.9999996385542604,0.45856352746660173
4,Graduate,0,7900000,29900000,8,314,22000000,4600000,26000000,8100000,Rejected,60700000,3.7848096474924495,0.4925864828239459
1,0t Graduate,0,8600000,25900000,2,606,3700000,14900000,32700000,12200000,Approved,63500000,3.0116275567874933,0.40787400932481876
5,0t Graduate,1,6700000,17600000,14,843,12700000,200000,19500000,5600000,Approved,38000000,2.626865279572346,0.4631578825484768
0,Graduate,0,2700000,7400000,10,778,6800000,800000,5600000,2800000,Approved,16000000,2.7407397256519537,0.4624999710937518
0,0t Graduate,0,6600000,25600000,8,718,12600000,12200000,21700000,9000000,Approved,55500000,3.8787872910928347,0.46126125295024767
1,Graduate,1,7100000,20800000,20,437,9600000,7300000,24700000,8800000,Rejected,50400000,2.929577052172246,0.41269840450995227
5,Graduate,1,300000,700000,10,586,0,400000,1000000,100000,Approved,1500000,2.3333255555814816,0.46666635555576297
2,Graduate,0,2200000,7000000,6,777,6100000,400000,4400000,3300000,Approved,14200000,3.1818167355378475,0.4929577117635414
1,Graduate,1,8700000,31700000,12,525,7800000,10200000,30300000,6100000,Rejected,54400000,3.6436777421060067,0.5827205775235188
4,Graduate,0,7200000,23100000,12,632,4600000,8500000,19400000,4400000,Approved,36900000,3.2083328877315433,0.6260162431973918
0,0t Graduate,0,2000000,4800000,20,337,1300000,2200000,5500000,1700000,Rejected,10700000,2.3999988000006,0.44859808891606645
4,Graduate,1,8600000,27900000,8,458,22400000,1800000,34000000,11700000,Rejected,69900000,3.244185669280736,0.39914162519110696
2,Graduate,1,2300000,5400000,8,364,4500000,500000,7000000,2000000,Rejected,14000000,2.347825066163015,0.38571425816326727
2,0t Graduate,1,9600000,29800000,16,499,28500000,6300000,31800000,7400000,Rejected,74000000,3.104166343316006,0.40270269726077434
2,Graduate,1,1900000,6500000,16,887,2000000,1200000,4500000,1700000,Approved,9400000,3.4210508310258785,0.6914892881394374
1,Graduate,0,2100000,6300000,16,882,3900000,2200000,7700000,2900000,Approved,16700000,2.9999985714292516,0.37724548639248584
1,0t Graduate,1,3900000,8700000,8,817,900000,2500000,10700000,2100000,Approved,16200000,2.230768658777267,0.5370370038866047
5,0t Graduate,1,200000,300000,10,704,500000,100000,800000,200000,Approved,1600000,1.4999925000374998,0.18749988281257324
1,0t Graduate,1,1900000,4500000,12,742,1200000,2000000,4400000,1200000,Approved,8800000,2.3684198060948387,0.5113635782541388
0,0t Graduate,1,3200000,11600000,4,393,4700000,300000,8000000,3100000,Approved,16100000,3.624998867187854,0.7204968496585807
0,0t Graduate,0,1100000,4300000,18,828,700000,800000,2900000,900000,Approved,5300000,3.9090873553751315,0.8113206016376223
5,Graduate,1,8000000,21500000,12,779,2600000,15100000,29800000,10400000,Approved,57900000,2.687499664062542,0.37132987268860324
4,Graduate,1,6100000,21700000,6,860,13900000,900000,14100000,5600000,Approved,34500000,3.557376466003858,0.6289854890149134
5,Graduate,0,3200000,10600000,2,432,6500000,3700000,11200000,3700000,Approved,25100000,3.3124989648440737,0.42231074014698244
4,Graduate,1,9000000,30400000,20,532,21000000,7400000,30500000,13100000,Rejected,72000000,3.3777774024691776,0.42222221635802476
0,0t Graduate,1,1200000,3200000,2,678,1500000,1000000,3400000,900000,Approved,6800000,2.666664444446296,0.47058816608997556
3,Graduate,0,7900000,27000000,6,601,17700000,7800000,27600000,11500000,Approved,64600000,3.4177210863644194,0.41795664987683206
3,Graduate,1,7700000,23100000,8,807,2900000,9800000,20400000,7000000,Approved,40100000,2.999999610389661,0.5760598360084829
2,0t Graduate,0,4400000,16500000,16,879,7800000,7500000,10300000,5400000,Approved,31000000,3.7499991477274666,0.5322580473465146
1,0t Graduate,0,3100000,11200000,18,665,2000000,5400000,12000000,2500000,Approved,21900000,3.612902060354174,0.5114155017618492
5,0t Graduate,1,2600000,9300000,16,697,5100000,1200000,7700000,3700000,Approved,17700000,3.576921701183961,0.5254236991286045
4,Graduate,0,5500000,21700000,14,867,5000000,8700000,15200000,3100000,Approved,32000000,3.945453828099304,0.6781249788085945
1,Graduate,0,5700000,15500000,8,544,10500000,8700000,20900000,7000000,Rejected,47100000,2.719297768544251,0.32908704184528575
5,Graduate,0,6100000,20700000,20,482,9400000,2000000,16900000,5900000,Rejected,34200000,3.3934420666488414,0.6052631401969842
2,Graduate,0,8200000,22500000,18,857,13400000,14300000,28400000,8400000,Approved,64500000,2.7439021044021823,0.34883720389399686
1,Graduate,0,6000000,21200000,12,549,17900000,8200000,16900000,6200000,Rejected,49200000,3.5333327444445426,0.4308943001850752
1,Graduate,1,8000000,30600000,10,720,23700000,8500000,24900000,9700000,Approved,66800000,3.8249995218750596,0.45808382547778703
4,0t Graduate,0,2000000,4800000,8,302,1500000,800000,4000000,2600000,Rejected,8900000,2.3999988000006,0.5393257820982267
5,Graduate,1,1300000,2900000,12,669,400000,1700000,3900000,1800000,Approved,7800000,2.2307675147942194,0.3717948241288687
1,Graduate,0,7000000,27100000,6,591,6700000,12200000,21500000,4900000,Approved,45300000,3.871428018367426,0.5982339823789408
3,Graduate,0,4100000,15300000,6,440,7500000,5100000,8200000,2000000,Rejected,22800000,3.7317064069008765,0.6710526021468157
3,Graduate,0,8000000,26200000,16,890,15800000,4300000,25000000,4000000,Approved,49100000,3.2749995906250513,0.5336048771159903
4,0t Graduate,0,8100000,28000000,8,663,8800000,11300000,26000000,5500000,Approved,51600000,3.45678969669263,0.542635648398534
4,Graduate,1,9500000,22600000,14,433,10000000,900000,23100000,13400000,Rejected,47400000,2.3789471180055664,0.4767932388862186
0,Graduate,0,9200000,22500000,10,317,14200000,17400000,28500000,10700000,Rejected,70800000,2.4456519080813144,0.3177966056808389
2,Graduate,0,3900000,14700000,16,360,2600000,200000,8300000,2900000,Rejected,14000000,3.769229802761589,1.0499999250000054
1,Graduate,0,9100000,26200000,8,727,20800000,7100000,27800000,8900000,Approved,64600000,2.879120562734004,0.40557274913974073
3,Graduate,1,3000000,8300000,4,685,2900000,5400000,11300000,3800000,Approved,23400000,2.7666657444447518,0.35470083954269915
4,Graduate,0,2000000,4300000,8,373,2000000,2700000,7700000,2200000,Rejected,14600000,2.1499989250005376,0.2945205277725666
5,Graduate,0,6300000,14600000,8,469,13300000,10100000,24500000,3800000,Rejected,51700000,2.317459949609532,0.2823984471489662
3,0t Graduate,1,4100000,10900000,8,548,8800000,5200000,13200000,4300000,Rejected,31500000,2.6585359369424544,0.3460317350466116
0,0t Graduate,0,9800000,29400000,20,618,1200000,14600000,33800000,8300000,Approved,57900000,2.9999996938775824,0.5077720119555784
2,Graduate,0,5200000,15400000,8,658,1200000,7500000,12800000,3200000,Approved,24700000,2.9615378920119437,0.6234817561343419
3,Graduate,0,7600000,28700000,18,781,21300000,12400000,29600000,8000000,Approved,71300000,3.776315292590093,0.4025245385340177
3,0t Graduate,0,9200000,35500000,2,715,11100000,11800000,19800000,11700000,Approved,54400000,3.8586952327505184,0.652573517415928
5,0t Graduate,0,2200000,8100000,4,409,300000,0,4900000,2400000,Rejected,7600000,3.6818165082652237,1.065789333448772
2,0t Graduate,1,8300000,20600000,10,504,100000,900000,33200000,6700000,Rejected,40900000,2.4819274118159744,0.5036674693479837
3,Graduate,1,6100000,21600000,16,428,2900000,6100000,15100000,7200000,Rejected,31300000,3.5409830260683566,0.6900958245975775
2,Graduate,0,4500000,16600000,20,704,6400000,4200000,16900000,2400000,Approved,29900000,3.6888880691359844,0.5551839279202699
3,0t Graduate,0,6600000,18800000,12,834,18800000,9300000,13700000,4800000,Approved,46600000,2.8484844168963006,0.40343346773747923
4,0t Graduate,0,8900000,34900000,14,694,15400000,2800000,20600000,9100000,Approved,47900000,3.921347874005857,0.7286012373987215
4,Graduate,1,3900000,13300000,20,453,9800000,500000,12300000,4700000,Rejected,27300000,3.4102555358319138,0.48717946933408535
3,Graduate,1,8900000,35400000,14,404,22300000,7700000,26400000,5900000,Rejected,62300000,3.977527642974422,0.5682182894346984
5,0t Graduate,0,6400000,22300000,12,776,500000,9100000,24100000,5800000,Approved,39500000,3.4843744555664915,0.5645569477327355
1,0t Graduate,1,9500000,28700000,16,526,24600000,4900000,31800000,6600000,Rejected,67900000,3.0210523135734406,0.4226804061460912
3,Graduate,1,300000,1000000,8,641,700000,200000,1100000,200000,Approved,2200000,3.3333222222592593,0.4545452479339782
5,0t Graduate,0,4100000,12300000,6,582,10900000,6100000,14100000,3500000,Approved,34600000,2.9999992682928616,0.3554913192054532
2,Graduate,0,8100000,20800000,18,778,4100000,15500000,16700000,10600000,Approved,46900000,2.5679009175430965,0.44349679224953537
4,Graduate,0,9900000,28400000,10,763,23700000,12700000,35800000,5800000,Approved,78000000,2.868686578920548,0.3641025594345826
0,0t Graduate,0,4800000,19000000,12,650,7000000,1000000,15600000,4800000,Approved,28400000,3.9583325086807273,0.6690140609502091
0,Graduate,1,2900000,9700000,2,820,6700000,1600000,9100000,3900000,Approved,21300000,3.3448264328184716,0.45539903965262724
1,0t Graduate,1,3500000,13500000,12,824,8400000,3900000,11600000,4100000,Approved,28000000,3.8571417551023557,0.48214283992347
1,0t Graduate,1,4900000,12600000,4,718,11800000,7300000,11800000,3800000,Approved,34700000,2.5714280466473376,0.363112381466502
2,0t Graduate,1,5100000,13300000,14,313,5900000,7900000,18000000,3900000,Rejected,35700000,2.607842625913211,0.37254900917229666
5,Graduate,0,7300000,26200000,10,751,1400000,12200000,26700000,10400000,Approved,50700000,3.589040604241013,0.5167652758034462
0,Graduate,1,200000,300000,18,520,100000,300000,600000,100000,Rejected,1100000,1.4999925000374998,0.2727270247936138
2,Graduate,0,1400000,4700000,4,355,2100000,600000,4400000,1400000,Approved,8500000,3.3571404591853864,0.5529411114186927
3,Graduate,1,8700000,33600000,14,314,7700000,10000000,21700000,6200000,Rejected,45600000,3.8620685216013193,0.7368420891043401
1,0t Graduate,1,2800000,5900000,20,728,1000000,3200000,10300000,1400000,Approved,15900000,2.1071421045921057,0.3710691590522541
3,Graduate,1,9100000,30100000,14,564,26600000,7300000,22700000,8200000,Approved,64800000,3.3076919442096764,0.4645061656712011
0,0t Graduate,1,6800000,15300000,14,699,19900000,2600000,13900000,8300000,Approved,44700000,2.2499996691176958,0.3422818715373183
0,0t Graduate,1,5000000,17000000,6,624,6700000,6200000,15400000,5900000,Approved,34200000,3.399999320000136,0.49707600885742664
0,Graduate,1,4400000,16800000,14,795,8700000,8700000,12600000,3400000,Approved,33400000,3.8181809504134203,0.5029939969163474
5,0t Graduate,1,8400000,18600000,20,703,2500000,7100000,28800000,9500000,Approved,47900000,2.2142854506803036,0.38830896892883154
4,Graduate,0,7800000,17300000,4,394,3600000,13100000,24300000,7200000,Rejected,48200000,2.2179484335963546,0.35892115437922917
4,Graduate,1,4800000,9900000,14,779,5200000,9300000,18600000,2900000,Approved,36000000,2.0624995703125895,0.27499999236111133
1,Graduate,0,3200000,8800000,4,405,1000000,2600000,10700000,3400000,Rejected,17700000,2.7499991406252686,0.4971751131539484
5,Graduate,1,2300000,6700000,16,612,6700000,3300000,8800000,2000000,Approved,20800000,2.9130422117207777,0.3221153691290688
5,0t Graduate,1,9200000,28100000,10,448,22300000,3300000,33200000,10700000,Rejected,69500000,3.0543474940926636,0.40431654094508573
2,0t Graduate,1,4700000,13700000,6,506,1300000,7900000,16700000,3500000,Rejected,29400000,2.914892996831277,0.4659863787079463
0,0t Graduate,1,8000000,30400000,2,776,16600000,1400000,29100000,7800000,Approved,54900000,3.7999995250000596,0.5537340518445528
1,Graduate,1,2600000,8600000,6,730,800000,2900000,6000000,3100000,Approved,12800000,3.307691035503448,0.6718749475097697
3,0t Graduate,0,200000,800000,20,730,0,300000,400000,300000,Approved,1000000,3.9999800000999994,0.7999992000008
5,Graduate,0,7300000,17200000,2,345,6100000,8400000,23200000,4900000,Rejected,42600000,2.356164060799444,0.40375585906676387
4,0t Graduate,0,3300000,11800000,2,847,7800000,2400000,12100000,3000000,Approved,25300000,3.5757564921950022,0.4664031436204291
4,0t Graduate,0,8300000,23300000,20,398,18500000,11500000,17100000,9900000,Rejected,57000000,2.80722857744234,0.4087719226531242
5,0t Graduate,1,4100000,9600000,2,307,8800000,7800000,8500000,3100000,Rejected,28200000,2.341462843545648,0.3404255198430667
1,0t Graduate,0,7300000,23700000,16,852,9400000,6800000,22600000,8500000,Approved,47300000,3.246574897729466,0.5010570718592585
1,0t Graduate,0,9300000,27500000,6,364,12200000,13800000,25300000,10800000,Rejected,62100000,2.956988929356029,0.442834131355328
2,Graduate,1,4300000,15200000,12,552,3400000,2100000,12700000,4800000,Approved,23000000,3.534882898864442,0.6608695364839332
3,0t Graduate,0,2600000,8100000,2,421,4200000,3100000,6200000,2500000,Approved,16000000,3.115383417160224,0.506249968359377
5,Graduate,0,2900000,9800000,12,588,5900000,2300000,6800000,2900000,Approved,17900000,3.379309179548559,0.5474860029337428
2,Graduate,1,900000,3500000,6,763,2300000,300000,2000000,600000,Approved,5200000,3.8888845679060355,0.6730767936390781
3,0t Graduate,1,4900000,17500000,20,823,12600000,8700000,14300000,4800000,Approved,40400000,3.5714278425657464,0.43316830610969537
0,Graduate,0,7700000,24800000,10,642,16800000,10700000,27400000,4500000,Approved,59400000,3.2207788024962594,0.41750841047965637
1,Graduate,0,4700000,16800000,12,647,10400000,8300000,10600000,3400000,Approved,32700000,3.5744673245814202,0.5137614521785488
5,0t Graduate,0,3000000,8900000,20,886,2600000,1000000,10600000,2800000,Approved,17000000,2.9666656777781073,0.5235293809688599
4,0t Graduate,0,9700000,26200000,4,518,26200000,0,22500000,14000000,Rejected,62700000,2.7010306493782834,0.4178628322509915
0,Graduate,1,6900000,26800000,20,515,10800000,2500000,16700000,8300000,Rejected,38300000,3.8840574081076222,0.699738885124311
2,0t Graduate,1,3800000,12400000,8,340,1800000,2600000,9700000,2600000,Rejected,16700000,3.2631570360113065,0.7425149255979087
3,0t Graduate,1,600000,1700000,14,521,0,1000000,1700000,600000,Rejected,3300000,2.8333286111189815,0.5151513590450427
2,0t Graduate,1,1200000,2900000,12,330,400000,1600000,3800000,600000,Rejected,6400000,2.416664652779456,0.4531249291992298
4,0t Graduate,1,7800000,26800000,2,474,8900000,11200000,18400000,5600000,Approved,44100000,3.435896995397821,0.6077097367866273
0,0t Graduate,0,9000000,35100000,6,898,500000,16200000,20700000,9100000,Approved,46500000,3.8999995666667147,0.7548386934443292
1,0t Graduate,0,2800000,9100000,12,436,3600000,500000,7800000,3600000,Rejected,15500000,3.2499988392861288,0.5870967363163396
1,0t Graduate,0,7800000,21300000,10,326,22800000,10700000,18500000,4500000,Rejected,56500000,2.7307688806706563,0.37699114377006826
4,Graduate,1,4700000,9500000,18,876,11800000,6600000,18000000,4100000,Approved,40500000,2.021276165685922,0.23456789544276802
2,Graduate,0,4600000,17500000,20,597,11400000,6100000,14100000,4100000,Approved,35700000,3.8043469990550003,0.49019606470039034
4,Graduate,0,5100000,16100000,14,436,11400000,2700000,13100000,6700000,Rejected,33900000,3.1568621261054655,0.47492623967769204
3,0t Graduate,1,6100000,22800000,18,640,16800000,7300000,19600000,6000000,Approved,49700000,3.7377043052943764,0.45875250586011057
0,0t Graduate,0,6000000,22900000,16,302,12200000,6500000,17700000,7100000,Rejected,43500000,3.8166660305556617,0.5264367695072008
2,0t Graduate,0,8400000,23200000,16,476,15200000,5400000,18700000,8600000,Rejected,47900000,2.761904433106615,0.48434236984671464
2,Graduate,0,9300000,22000000,14,393,4300000,3800000,28400000,13900000,Rejected,50400000,2.3655911434848234,0.43650792784706494
0,Graduate,0,4200000,10300000,10,506,9300000,4500000,12400000,6000000,Rejected,32200000,2.4523803684808647,0.31987576646348553
3,Graduate,0,9600000,37800000,10,418,6700000,5500000,34900000,11300000,Rejected,58400000,3.937499589843793,0.6472602628893791
3,Graduate,0,5600000,13400000,6,865,14900000,9700000,12300000,6000000,Approved,42900000,2.392856715561301,0.31235430507332623
4,Graduate,0,7800000,28600000,2,703,500000,12400000,29500000,10500000,Approved,52900000,3.666666196581257,0.5406427118971132
2,Graduate,1,4500000,12600000,2,568,6900000,3900000,17800000,2900000,Approved,31500000,2.799999377777916,0.3999999873015877
3,Graduate,0,2400000,5900000,2,425,1100000,500000,7400000,2500000,Rejected,11500000,2.4583323090282048,0.5130434336483971
0,0t Graduate,0,3900000,11300000,12,305,5000000,5900000,8800000,2100000,Rejected,21800000,2.8974351545038064,0.5183486000757523
5,Graduate,1,9600000,20600000,6,456,17300000,11000000,21700000,11600000,Rejected,61600000,2.145833109809051,0.33441557898676005
4,0t Graduate,0,900000,2600000,2,602,600000,800000,3200000,1000000,Approved,5600000,2.888885679015912,0.46428563137756584
3,Graduate,1,1100000,3800000,20,814,1400000,1500000,3200000,1100000,Approved,7200000,3.454542314052442,0.5277777044753188
4,0t Graduate,0,6400000,24900000,2,640,10000000,5700000,18700000,6300000,Approved,40700000,3.8906243920899386,0.6117935967618281
2,Graduate,0,4600000,15000000,4,817,7200000,2400000,13000000,6600000,Approved,29200000,3.2608688563328574,0.5136986125445681
4,Graduate,0,7600000,29800000,20,361,13800000,5800000,15300000,5900000,Rejected,40800000,3.9210521156510376,0.730392138960977
5,0t Graduate,0,6800000,20100000,14,839,1900000,600000,15600000,7500000,Approved,25600000,2.955881918252659,0.7851562193298351
5,Graduate,0,7100000,27000000,20,592,5100000,9600000,20200000,7600000,Approved,42500000,3.802816365800512,0.6352941026989622
4,0t Graduate,1,6700000,24700000,6,498,12900000,700000,18800000,8400000,Rejected,40800000,3.6865666139452813,0.6053921420247024
5,0t Graduate,1,5800000,12400000,6,847,5100000,9000000,14100000,7600000,Approved,35800000,2.137930665874023,0.34636870540869535
0,Graduate,1,8600000,29400000,16,643,1000000,14100000,33000000,12300000,Approved,60400000,3.4186042536506682,0.4867549588285603
0,Graduate,1,3500000,10600000,4,389,8300000,4800000,9100000,2500000,Approved,24700000,3.0285705632655535,0.4291497801963652
2,Graduate,1,4800000,17500000,20,381,400000,6900000,13400000,7000000,Rejected,27700000,3.6458325737848805,0.6317689302610494
5,Graduate,1,6100000,14400000,16,400,9200000,2800000,23800000,5600000,Rejected,41400000,2.3606553507122374,0.34782607855492564
5,Graduate,1,5200000,12700000,16,718,11700000,100000,18100000,7200000,Approved,37100000,2.4423072226332265,0.34231805007228977
5,0t Graduate,1,4100000,12400000,8,309,8200000,1000000,13000000,3300000,Rejected,25500000,3.024389506246462,0.4862744907343337
5,0t Graduate,0,3200000,7400000,2,838,2200000,2900000,10200000,3600000,Approved,18900000,2.3124992773439756,0.39153437081828724
3,0t Graduate,1,7500000,21600000,14,678,8800000,12100000,20100000,11200000,Approved,52200000,2.879999616000051,0.4137930955212051
2,0t Graduate,1,1500000,4500000,14,826,3200000,1700000,4600000,1600000,Approved,11100000,2.9999980000013333,0.4054053688823992
4,Graduate,1,1200000,3100000,16,348,1200000,2200000,3500000,1700000,Rejected,8600000,2.5833311805573493,0.36046507436452624
1,Graduate,1,8400000,19700000,6,476,24700000,16500000,31800000,12100000,Rejected,85100000,2.345237816043117,0.2314923592069053
0,0t Graduate,1,7900000,26300000,8,666,4600000,9200000,18400000,11800000,Approved,44000000,3.3291135026438603,0.5977272591425623
1,Graduate,1,2100000,4300000,20,896,100000,2300000,7500000,2300000,Approved,12200000,2.047618072562823,0.3524589875033617
2,Graduate,0,2500000,7000000,20,547,800000,1200000,5200000,2300000,Rejected,9500000,2.799998880000448,0.7368420277008392
2,0t Graduate,1,3700000,13900000,2,405,5900000,3200000,9100000,5500000,Approved,23700000,3.756755741417367,0.5864978655486133
5,Graduate,0,1100000,4000000,16,498,400000,100000,2300000,700000,Rejected,3500000,3.6363603305815175,1.142856816326624
5,Graduate,0,6500000,24800000,8,779,7000000,9600000,15700000,8800000,Approved,41100000,3.815384028402457,0.6034063113526444
0,0t Graduate,1,8200000,31500000,8,403,11500000,8800000,19000000,6100000,Rejected,45400000,3.8414629461630554,0.6938325838362867
2,0t Graduate,0,5000000,12400000,8,709,11300000,6800000,13300000,4200000,Approved,35600000,2.4799995040000993,0.34831459695745515
1,0t Graduate,0,1500000,6000000,6,507,2600000,2700000,4800000,1900000,Rejected,12000000,3.999997333335111,0.4999999583333368
5,0t Graduate,0,3700000,9100000,18,368,3400000,2400000,8400000,3300000,Rejected,17500000,2.459458794740866,0.519999970285716
3,Graduate,1,4100000,14600000,16,760,4700000,6600000,14900000,3000000,Approved,29200000,3.5609747412256727,0.49999998287671293
2,0t Graduate,0,7200000,16800000,6,796,6600000,6100000,14400000,9800000,Approved,36900000,2.333333009259304,0.455284540507194
1,Graduate,0,2000000,5000000,6,876,500000,2900000,5800000,1500000,Approved,10700000,2.499998750000625,0.4672896759542359
3,0t Graduate,0,2000000,4700000,14,673,800000,3400000,5900000,1500000,Approved,11600000,2.3499988250005877,0.4051723788644501
1,Graduate,1,5100000,11500000,4,747,5000000,8900000,14100000,7000000,Approved,35000000,2.254901518646761,0.3285714191836737
1,0t Graduate,0,6000000,13600000,12,589,9000000,300000,12600000,7100000,Approved,29000000,2.2666662888889517,0.4689655010701551
1,Graduate,0,4900000,18100000,8,382,13600000,400000,15500000,2400000,Rejected,31900000,3.6938767971680004,0.5673981013354827
3,0t Graduate,1,900000,2300000,12,900,1300000,0,3300000,1100000,Approved,5700000,2.5555527160525378,0.40350870113882437
1,Graduate,1,7500000,25000000,18,628,3500000,2200000,21700000,4700000,Approved,32100000,3.333332888888948,0.7788161751147609
2,Graduate,0,6400000,25000000,12,667,13500000,5500000,25500000,5400000,Approved,49900000,3.906249389648533,0.5010019939678959
2,Graduate,1,8700000,26400000,2,778,8500000,2400000,28800000,10300000,Approved,50000000,3.034482409829608,0.5279999894400003
4,Graduate,1,7300000,17200000,18,831,18500000,4300000,23000000,5200000,Approved,51000000,2.356164060799444,0.33725489534794323
5,Graduate,0,7400000,27100000,4,320,19800000,14600000,25200000,9400000,Approved,69000000,3.6621616672754502,0.39275361749632437
2,Graduate,0,2700000,9300000,16,656,7700000,2500000,6400000,3600000,Approved,20200000,3.4444431687247525,0.46039601681207837
3,Graduate,0,3400000,8900000,6,896,4200000,4800000,10200000,4200000,Approved,23400000,2.617646288927562,0.3803418640879545
3,0t Graduate,1,2100000,7400000,4,320,3300000,2700000,6300000,2200000,Approved,14500000,3.5238078458057878,0.5103447923900143
2,0t Graduate,0,3100000,10500000,10,751,5500000,5900000,9000000,1600000,Approved,22000000,3.3870956815820383,0.47727270557851337
5,0t Graduate,0,4700000,17400000,2,523,10600000,7000000,10900000,5200000,Approved,33700000,3.7021268718878995,0.5163204594563662
5,Graduate,0,3100000,10500000,6,584,7700000,2100000,10900000,2900000,Approved,23600000,3.3870956815820383,0.44491523538494765
2,0t Graduate,0,5700000,20400000,2,630,3000000,3100000,22600000,2900000,Approved,31600000,3.5789467405356596,0.6455695998237468
3,Graduate,1,2300000,8000000,14,472,4400000,3300000,7700000,1800000,Rejected,17200000,3.4782593572785405,0.4651162520281249
0,0t Graduate,1,6600000,18500000,16,802,14600000,1100000,21800000,9700000,Approved,47200000,2.803029878328806,0.3919491442383656
2,Graduate,1,2700000,6400000,18,547,5000000,1700000,9200000,1700000,Rejected,17600000,2.3703694924557435,0.3636363429752078
1,0t Graduate,1,800000,2800000,16,726,2000000,1300000,3100000,1200000,Approved,7600000,3.499995625005469,0.368421004155131
1,Graduate,0,6600000,18500000,8,712,2300000,3200000,24400000,7600000,Approved,37500000,2.803029878328806,0.49333332017777815
3,Graduate,0,3900000,10700000,6,790,10600000,1900000,12500000,2700000,Approved,27700000,2.743589040105374,0.38628157450247025
5,0t Graduate,0,200000,600000,16,396,0,0,500000,200000,Rejected,700000,2.9999850000749997,0.8571416326548105
3,Graduate,0,2000000,4200000,6,831,1300000,1700000,6900000,1200000,Approved,11100000,2.099998950000525,0.37837834429023925
2,Graduate,1,9100000,20900000,20,632,4200000,400000,30000000,13200000,Approved,47800000,2.2967030443183467,0.43723848457660075
3,Graduate,0,4700000,10800000,8,527,13300000,3100000,13600000,4800000,Rejected,34800000,2.297871851516627,0.31034481866825236
3,0t Graduate,1,3200000,11100000,6,708,8900000,5700000,8100000,1500000,Approved,24200000,3.4687489160159637,0.45867766699679063
2,0t Graduate,0,1700000,4200000,14,829,200000,1600000,4600000,1600000,Approved,8000000,2.4705867820077754,0.5249999343750082
1,0t Graduate,0,2600000,8100000,12,854,4500000,5100000,6300000,2500000,Approved,18400000,3.115383417160224,0.4402173673794909
3,0t Graduate,1,2700000,6700000,14,899,2400000,4200000,6000000,2000000,Approved,14600000,2.4814805624146064,0.4589040781572549
0,0t Graduate,1,3600000,13400000,6,589,3600000,0,11200000,4000000,Approved,18800000,3.722221188271892,0.7127659195337277
4,Graduate,1,7200000,26000000,6,571,4700000,0,22600000,4200000,Approved,31500000,3.611110609567971,0.8253967991937524
2,0t Graduate,1,2500000,6400000,6,708,6900000,200000,9900000,3500000,Approved,20500000,2.5599989760004096,0.3121951067221899
2,0t Graduate,0,5500000,19600000,16,328,2400000,4800000,10900000,3700000,Rejected,21800000,3.5636357157025973,0.8990825275650217
3,Graduate,1,9200000,33500000,8,564,20800000,15200000,29800000,11400000,Approved,77200000,3.641303952032179,0.4339378182132407
3,0t Graduate,0,9000000,19000000,8,693,18300000,4500000,29600000,7200000,Approved,59600000,2.111110876543236,0.31879194095986674
4,0t Graduate,1,5900000,15000000,14,626,16400000,4600000,17600000,8200000,Approved,46800000,2.5423724504453475,0.3205128136642561
4,Graduate,0,5600000,15600000,12,470,9900000,10700000,14600000,7000000,Rejected,42200000,2.785713788265395,0.36966823768558676
2,0t Graduate,1,3200000,12500000,8,849,400000,5300000,10400000,4400000,Approved,20500000,3.9062487792972567,0.6097560678167772
5,0t Graduate,0,9100000,27800000,16,547,21900000,7000000,31900000,9400000,Rejected,70200000,3.054944719236844,0.3960113903702081
0,0t Graduate,1,4600000,15100000,2,417,5600000,3900000,11800000,6600000,Approved,27900000,3.282607982041743,0.5412186185943147
4,Graduate,0,7300000,14900000,2,358,13600000,12300000,20400000,7300000,Rejected,53600000,2.0410956108088203,0.27798506944057705
5,0t Graduate,1,1300000,3100000,16,826,200000,1700000,5100000,1400000,Approved,8400000,2.384613550297269,0.36904757511338393
0,0t Graduate,0,1800000,4200000,6,836,1300000,1900000,6800000,2000000,Approved,12000000,2.3333320370377573,0.3499999708333358
3,Graduate,0,500000,1700000,10,509,400000,300000,1400000,300000,Rejected,2400000,3.3999932000136,0.7083330381945674
2,0t Graduate,1,5700000,20500000,20,581,15200000,7800000,11400000,8500000,Approved,42900000,3.596490597106913,0.4778554667166558
4,Graduate,0,300000,1100000,4,359,100000,0,1000000,200000,Approved,1300000,3.666654444485185,0.8461531952667729
5,Graduate,1,2100000,7100000,10,517,1200000,2900000,5400000,1400000,Rejected,10900000,3.3809507709758235,0.6513760870297168
1,0t Graduate,1,5700000,20100000,14,442,11700000,7300000,17900000,6500000,Rejected,43400000,3.5263151708219,0.4631336298817136
1,0t Graduate,1,1100000,2700000,16,346,1900000,300000,2200000,800000,Rejected,5200000,2.4545432231425246,0.5192306693787174
5,Graduate,0,9300000,34000000,6,742,4200000,600000,32800000,8200000,Approved,45800000,3.655913585385636,0.7423580623939288
1,Graduate,1,3500000,8100000,10,626,7100000,5500000,7200000,2900000,Approved,22700000,2.3142850530614134,0.35682817811329615
0,0t Graduate,1,8200000,28800000,4,619,9000000,1100000,23000000,6300000,Approved,39400000,3.5121946936347936,0.7309644484526789
2,0t Graduate,1,7500000,17900000,20,734,9100000,5500000,23000000,4900000,Approved,42500000,2.386666348444487,0.4211764606782009
1,Graduate,1,7000000,25600000,6,420,15100000,11500000,15300000,8700000,Rejected,50600000,3.657142334693952,0.505928843756347
5,0t Graduate,1,3900000,8300000,18,600,3900000,600000,10400000,5600000,Approved,20500000,2.1282045825116453,0.40487802903034004
3,Graduate,1,4700000,13200000,12,440,4000000,3300000,16600000,4300000,Rejected,28200000,2.8085100407425445,0.4680850897842167
5,0t Graduate,1,1700000,5200000,16,820,1700000,1200000,4000000,1000000,Approved,7900000,3.0588217301048646,0.6582277647812956
0,Graduate,0,2500000,7800000,8,437,5800000,0,5800000,3300000,Rejected,14900000,3.119998752000499,0.5234898977523559
1,0t Graduate,1,400000,1400000,12,468,700000,0,1500000,400000,Rejected,2600000,3.499991250021875,0.5384613313610264
0,0t Graduate,1,2400000,9100000,8,368,2200000,200000,5600000,3300000,Rejected,11300000,3.791665086806214,0.8053096632469324
4,Graduate,0,5700000,21900000,2,871,3200000,1700000,14400000,6100000,Approved,25400000,3.842104589104458,0.8622046904643823
1,Graduate,0,9800000,37900000,4,816,21800000,12200000,26100000,8500000,Approved,68600000,3.8673465441483117,0.5524781260571702
5,Graduate,0,9000000,32800000,4,773,10600000,4100000,18900000,11500000,Approved,45100000,3.644444039506218,0.7272727111469466
3,0t Graduate,0,800000,3000000,14,576,1200000,1300000,2600000,400000,Approved,5500000,3.749995312505859,0.5454544462810098
1,Graduate,0,1600000,4500000,14,673,1900000,2700000,3700000,1300000,Approved,9600000,2.8124982421885987,0.46874995117188006
0,Graduate,1,9800000,34100000,20,760,21500000,9400000,33400000,13600000,Approved,77900000,3.4795914816743387,0.43774068757714135
5,0t Graduate,1,2900000,7500000,12,678,3400000,3000000,10900000,3700000,Approved,21000000,2.58620600475655,0.35714284013605524
4,0t Graduate,1,3900000,12000000,14,893,6000000,4700000,12900000,5200000,Approved,28800000,3.076922287968644,0.41666665219907456
0,Graduate,1,3300000,9000000,18,754,6100000,3900000,6900000,4700000,Approved,21600000,2.727271900826697,0.41666664737654413
3,Graduate,1,700000,2200000,8,617,1600000,400000,2400000,900000,Approved,5300000,3.1428526530676386,0.41509426130296956
3,0t Graduate,1,8400000,29500000,20,661,14600000,3400000,28900000,10900000,Approved,57800000,3.5119043438209117,0.5103806140072558
1,Graduate,1,4000000,12100000,12,356,10500000,2500000,15600000,5000000,Rejected,33600000,3.024999243750189,0.36011903690121916
0,0t Graduate,1,1900000,6300000,16,811,1100000,100000,5100000,1900000,Approved,8200000,3.3157877285327744,0.7682925892326111
0,0t Graduate,0,3900000,14600000,2,730,9200000,4000000,14600000,5400000,Approved,33200000,3.7435887836951838,0.4397590228988246
5,0t Graduate,0,7400000,18000000,2,792,5300000,9400000,19900000,5300000,Approved,39900000,2.4324321037253913,0.45112780824241083
5,0t Graduate,1,5900000,16000000,6,798,15900000,5000000,12300000,3100000,Approved,36300000,2.711863947141704,0.4407713377197979
2,0t Graduate,0,1400000,2900000,12,490,600000,1600000,5500000,1300000,Rejected,9000000,2.0714270918377915,0.3222221864197571
2,Graduate,1,1800000,5500000,6,448,2900000,300000,5600000,1300000,Rejected,10100000,3.0555538580256343,0.5445544015292672
0,Graduate,1,1000000,3100000,6,525,1900000,1700000,2800000,1400000,Rejected,7800000,3.0999969000031,0.3974358464825838
1,Graduate,0,7400000,19200000,20,415,2200000,4800000,29200000,7000000,Rejected,43200000,2.594594243973751,0.44444443415637885
5,Graduate,0,2700000,10600000,16,496,800000,2900000,9700000,2400000,Rejected,15800000,3.925924471879825,0.6708860334882257
1,0t Graduate,1,3600000,13100000,8,543,2900000,100000,9900000,2700000,Rejected,15600000,3.6388878780867007,0.8397435359138758
5,Graduate,0,7000000,18400000,12,520,4700000,11900000,17000000,3800000,Rejected,37400000,2.628571053061278,0.49197859647116055
4,0t Graduate,1,5000000,18000000,14,307,5300000,5600000,12800000,3300000,Rejected,27000000,3.599999280000144,0.6666666419753096
2,Graduate,0,1800000,5700000,14,502,1400000,1100000,4400000,1300000,Rejected,8200000,3.166664907408385,0.6951218664485529
2,Graduate,1,4700000,12000000,6,505,3400000,3800000,18000000,2300000,Rejected,27500000,2.553190946129586,0.43636362049586835
2,0t Graduate,1,6700000,23100000,4,304,14400000,7100000,24300000,10000000,Approved,55800000,3.4477606794387046,0.4139784872046866
5,0t Graduate,0,5800000,17500000,10,719,5800000,1900000,12400000,3100000,Approved,23200000,3.0172408590964035,0.7543103123142106
0,Graduate,1,5900000,22700000,18,855,13400000,6300000,14500000,4000000,Approved,38200000,3.8474569750072924,0.5942408221402926
4,0t Graduate,0,6000000,15800000,18,593,6800000,4800000,13200000,6400000,Approved,31200000,2.633332894444518,0.5064102401791589
1,0t Graduate,1,700000,1400000,10,523,700000,1100000,1600000,900000,Rejected,4300000,1.9999971428612244,0.32558131963225123
0,0t Graduate,1,3700000,13100000,14,385,10600000,6800000,9200000,4900000,Rejected,31500000,3.5405395836379503,0.4158730026706983
0,Graduate,1,7100000,19300000,6,783,3900000,4800000,21800000,5000000,Approved,35500000,2.71830947629444,0.5436619565165646
5,Graduate,1,1100000,3900000,2,538,400000,1300000,4300000,1600000,Approved,7600000,3.5454513223169797,0.5131578272160754
3,0t Graduate,1,9500000,20100000,2,506,16800000,800000,32700000,11000000,Rejected,61300000,2.1157892509695526,0.32789559008326935
4,0t Graduate,1,2200000,8600000,2,461,1400000,3000000,4700000,2100000,Approved,11200000,3.9090891322322125,0.7678570742984755
4,0t Graduate,1,5500000,20000000,8,666,3800000,4700000,18000000,7900000,Approved,34400000,3.636362975206732,0.5813953319361822
3,0t Graduate,1,4400000,16300000,20,561,5500000,8000000,12000000,4000000,Approved,29500000,3.704544612603497,0.5525423541511066
5,0t Graduate,0,5000000,10800000,10,345,12300000,5000000,14100000,6300000,Rejected,37700000,2.1599995680000865,0.28647214094238355
4,0t Graduate,1,6100000,12500000,14,862,11300000,1500000,21900000,6800000,Approved,41500000,2.0491799919377063,0.30120481201916116
3,0t Graduate,0,8100000,22300000,10,686,20400000,8700000,19200000,6200000,Approved,54500000,2.7530860798659162,0.4091743044188201
4,Graduate,1,7000000,19600000,8,708,17600000,2600000,24300000,4500000,Approved,49000000,2.7999996000000573,0.39999999183673485
4,0t Graduate,0,5600000,14800000,20,656,9600000,9200000,11600000,6500000,Approved,36900000,2.6428566709184516,0.40108399997062333
4,Graduate,0,1800000,7000000,14,743,2600000,1000000,4500000,1500000,Approved,9600000,3.888886728396262,0.7291665907118134
2,Graduate,0,3600000,12100000,14,408,10100000,4200000,13000000,5400000,Rejected,32700000,3.361110177469395,0.3700305697238358
5,Graduate,0,600000,1300000,14,408,1000000,300000,1600000,900000,Rejected,3800000,2.1666630555615742,0.3421051731302176
1,Graduate,1,4900000,16500000,12,439,7500000,1400000,10300000,7200000,Rejected,26400000,3.3673462515619894,0.6249999763257584
3,Graduate,1,3000000,7100000,6,415,2000000,5700000,9500000,2500000,Rejected,19700000,2.3666658777780407,0.36040607307583383
0,0t Graduate,1,3800000,10600000,12,490,3300000,6500000,14400000,3100000,Rejected,27300000,2.7894729501386974,0.38827837405573723
1,Graduate,1,7600000,30000000,16,884,13300000,3600000,17200000,10800000,Approved,44900000,3.947367901662118,0.6681514327805917
4,Graduate,0,7800000,25400000,18,425,3000000,14000000,30500000,7200000,Rejected,54700000,3.2564098389218157,0.4643509969954114
0,Graduate,0,6800000,21700000,20,730,17500000,1300000,18600000,3600000,Approved,41000000,3.191176001297647,0.5292682797739444
4,Graduate,1,5900000,17300000,20,657,1500000,5600000,13000000,4100000,Approved,24200000,2.9322028928469672,0.7148760035175206
2,0t Graduate,0,4900000,16800000,10,480,2200000,8900000,12600000,2700000,Rejected,26400000,3.4285707288631166,0.6363636122589541
3,0t Graduate,1,1100000,3100000,16,356,1300000,100000,3000000,1600000,Rejected,6000000,2.818179256200676,0.5166665805555699
1,0t Graduate,1,9800000,36000000,12,629,28000000,4100000,29800000,11200000,Approved,73100000,3.673469012911325,0.49247605345449996
1,Graduate,1,1200000,4700000,2,667,1100000,300000,4200000,800000,Approved,6400000,3.9166634027804976,0.7343748852539241
0,0t Graduate,0,4700000,11500000,18,559,7500000,0,18700000,2600000,Approved,28800000,2.446807990040853,0.3993055416907798
4,Graduate,0,6700000,16000000,4,791,0,13000000,20700000,5200000,Approved,38900000,2.3880593450657694,0.41131104341102714
0,0t Graduate,1,3700000,11300000,6,538,6200000,400000,10400000,5400000,Rejected,22400000,3.0540532286342623,0.5044642631935596
2,Graduate,0,7400000,16000000,20,358,16700000,5500000,26800000,4300000,Rejected,53300000,2.1621618699781258,0.30018761162875024
2,0t Graduate,0,3300000,11700000,14,439,4000000,6300000,8300000,1700000,Rejected,20300000,3.5454534710747057,0.5763546514111009
2,Graduate,1,4800000,15300000,12,503,3300000,4000000,12000000,4300000,Rejected,23600000,3.1874993359376385,0.6483050572752095
4,Graduate,1,4600000,11900000,6,810,11200000,8200000,17500000,5200000,Approved,42100000,2.5869559593574003,0.2826603258275457
1,Graduate,1,8000000,30600000,14,302,12700000,13100000,23900000,6800000,Rejected,56500000,3.8249995218750596,0.5415929107682671
0,0t Graduate,0,4100000,8800000,18,300,10900000,6400000,8600000,3500000,Rejected,29400000,2.146340939916844,0.2993197177102137
4,0t Graduate,0,2600000,7200000,16,612,1300000,1000000,5800000,1400000,Approved,9500000,2.7692297041424214,0.7578946570637203
3,0t Graduate,0,1300000,5000000,6,686,2700000,2000000,4100000,900000,Approved,9700000,3.8461508875762402,0.5154638643851687
0,Graduate,1,2300000,4900000,12,409,3300000,2400000,4700000,3200000,Rejected,13600000,2.130433856333106,0.36029409115484623
5,Graduate,0,300000,900000,6,492,800000,300000,700000,400000,Rejected,2200000,2.9999900000333333,0.40909072314058037
0,Graduate,1,7000000,21700000,20,498,6600000,5500000,14700000,3900000,Rejected,30700000,3.09999955714292,0.7068403678553626
3,0t Graduate,1,4400000,10900000,18,611,8600000,6300000,8800000,3000000,Approved,26700000,2.4772721642563265,0.40823968508465597
5,0t Graduate,1,5100000,11800000,6,776,7600000,400000,10500000,4400000,Approved,22900000,2.313725036524503,0.5152838202932829
1,0t Graduate,0,5900000,13000000,6,779,10800000,11600000,13100000,6600000,Approved,42100000,2.2033894570526344,0.308788591240176
3,Graduate,1,7800000,27200000,16,560,3600000,8100000,21800000,8600000,Approved,42100000,3.4871790401052514,0.6460807447486759
4,Graduate,1,2200000,5100000,6,308,3200000,2600000,6600000,3100000,Rejected,15500000,2.318180764463289,0.32903223683662985
4,0t Graduate,0,5400000,12600000,18,786,300000,2500000,21000000,6600000,Approved,30400000,2.3333329012346478,0.414473670576524
1,0t Graduate,0,7400000,29100000,8,597,12100000,4800000,16300000,7000000,Approved,40200000,3.9324319010227162,0.7238805790079458
4,Graduate,0,5800000,12000000,12,811,9400000,8800000,14200000,3100000,Approved,35500000,2.068965160523248,0.3380281594921645
1,Graduate,1,5800000,13000000,12,862,11300000,8400000,12000000,3900000,Approved,35600000,2.2413789239001853,0.3651685290682997
3,0t Graduate,1,4800000,14200000,12,369,3200000,200000,14000000,3000000,Rejected,20400000,2.9583327170140175,0.6960783972510589
1,0t Graduate,1,7400000,23900000,4,687,20800000,10900000,26100000,5600000,Approved,63400000,3.229729293279825,0.37697160288688325
0,0t Graduate,1,9600000,19600000,12,500,21500000,700000,37600000,10900000,Rejected,70700000,2.0416664539930776,0.2772277188510931
2,0t Graduate,1,200000,500000,6,746,400000,0,500000,0,Approved,900000,2.4999875000625,0.5555549382722909
4,0t Graduate,0,700000,2100000,14,619,1900000,700000,2400000,1000000,Approved,6000000,2.9999957142918365,0.34999994166667636
2,0t Graduate,0,7600000,16700000,20,692,9900000,9600000,25100000,7400000,Approved,52000000,2.197368131925246,0.3211538399778108
1,0t Graduate,1,1400000,3300000,18,321,900000,1500000,3000000,700000,Rejected,6100000,2.3571411734705903,0.5409835178715544
2,0t Graduate,1,3800000,15000000,14,730,10800000,2900000,10700000,3600000,Approved,28000000,3.9473673822717417,0.5357142665816333
3,0t Graduate,0,2700000,10800000,6,480,4400000,0,10300000,3500000,Rejected,18200000,3.9999985185190674,0.5934065608018373
2,0t Graduate,1,5000000,10700000,2,753,12600000,9000000,11500000,5700000,Approved,38800000,2.1399995720000855,0.27577318876873225
4,Graduate,1,9000000,28900000,6,637,11300000,1200000,33000000,4800000,Approved,50300000,3.211110754321027,0.5745526724741019
3,Graduate,0,3700000,9000000,6,483,9300000,400000,9900000,3600000,Rejected,23200000,2.432431775018439,0.38793101776159405
4,0t Graduate,1,300000,1100000,4,315,700000,100000,900000,100000,Approved,1800000,3.666654444485185,0.6111107716051268
4,Graduate,0,1800000,4100000,8,777,2200000,2500000,3600000,1900000,Approved,10200000,2.277776512346382,0.4019607449058093
2,Graduate,0,7900000,17700000,4,402,20900000,11800000,25600000,8400000,Rejected,66700000,2.2405060455055636,0.2653673123633087
4,Graduate,1,2100000,7700000,8,493,4300000,400000,4400000,1300000,Rejected,10400000,3.666664920635752,0.7403845441937938
0,Graduate,1,900000,3100000,4,355,1700000,100000,3000000,500000,Approved,5300000,3.444440617288203,0.5849055500178207
3,Graduate,0,9900000,23600000,18,557,18300000,8600000,23000000,9100000,Approved,59000000,2.383838143046652,0.3999999932203391
0,0t Graduate,1,5600000,20000000,20,606,7100000,500000,20000000,7600000,Approved,35200000,3.5714279336735832,0.5681818020402897
1,0t Graduate,1,6000000,12200000,16,743,8800000,2600000,20600000,2900000,Approved,34900000,2.033332994444501,0.34957019055672806
5,0t Graduate,0,5700000,18400000,4,579,12800000,4000000,17200000,4900000,Approved,38900000,3.228069609110595,0.4730076999226812
0,Graduate,1,9000000,33100000,20,734,2800000,5900000,25300000,10300000,Approved,44300000,3.677777369135848,0.7471783127047785
0,Graduate,0,7300000,16100000,2,490,7600000,1400000,21800000,10700000,Rejected,41500000,2.205479149934363,0.38795179788067957
5,Graduate,0,5300000,20500000,16,802,11200000,7100000,21100000,4100000,Approved,43500000,3.8679237985049437,0.4712643569824286
1,0t Graduate,1,3500000,7400000,16,867,500000,6600000,9500000,2100000,Approved,18700000,2.1142851102042544,0.39572190397209067
0,0t Graduate,0,1000000,2200000,12,302,2200000,400000,3700000,1400000,Rejected,7700000,2.1999978000022,0.28571424860853917
0,0t Graduate,0,5100000,19900000,12,867,1800000,7100000,18300000,5700000,Approved,32900000,3.9019600192235258,0.6048632034995987
0,Graduate,1,2900000,9900000,8,312,1800000,4500000,11200000,3700000,Rejected,21200000,3.413791926278646,0.46698111004806087
3,0t Graduate,0,7600000,19100000,14,762,14800000,15000000,23500000,7300000,Approved,60600000,2.5131575640582153,0.3151815129508001
5,0t Graduate,1,6000000,14700000,18,462,15400000,9700000,13800000,3500000,Rejected,42400000,2.4499995916667348,0.3466981050307051
1,Graduate,0,6300000,18200000,18,849,4300000,5800000,15500000,5200000,Approved,30800000,2.88888843033517,0.5909090717237314
3,0t Graduate,0,1900000,7400000,18,592,2300000,3000000,6000000,1800000,Approved,13100000,3.8947347922448463,0.5648854530621792
4,Graduate,0,600000,1400000,4,507,200000,300000,1700000,400000,Rejected,2600000,2.333329444450926,0.5384613313610264
2,0t Graduate,1,4100000,11400000,14,505,8100000,7500000,10100000,5500000,Rejected,31200000,2.7804871267104567,0.3653846036735704
0,0t Graduate,1,800000,3200000,8,467,900000,400000,3100000,800000,Rejected,5200000,3.99999500000625,0.6153844970414428
2,0t Graduate,0,6600000,22900000,16,543,2500000,11000000,26300000,8500000,Rejected,48300000,3.4696964439853875,0.4741200729995844
4,Graduate,1,300000,1100000,12,674,600000,0,800000,200000,Approved,1600000,3.666654444485185,0.6874995703127685
3,Graduate,0,6100000,13500000,2,717,15700000,4200000,16100000,3400000,Approved,39400000,2.2131143912927227,0.3426395852121933
5,0t Graduate,1,4800000,17000000,10,666,6800000,5400000,12400000,2900000,Approved,27500000,3.541665928819598,0.6181817957024801
4,0t Graduate,0,4500000,17300000,18,830,200000,4200000,12000000,2500000,Approved,18900000,3.8444435901236464,0.9153438669130229
2,Graduate,0,3800000,9400000,16,383,8300000,500000,9200000,2300000,Rejected,20300000,2.473683559556958,0.46305416438156827
2,Graduate,1,7000000,18900000,8,584,13000000,13600000,20600000,5000000,Approved,52200000,2.6999996142857694,0.3620689585810544
2,0t Graduate,0,4400000,14200000,18,799,6300000,7800000,10800000,2400000,Approved,27300000,3.2272719938018195,0.5201465010935348
5,Graduate,0,5300000,19400000,6,510,14700000,7000000,13600000,3700000,Rejected,39000000,3.660376667853459,0.49743588468113115
0,0t Graduate,1,2600000,5900000,6,572,5800000,3100000,7300000,3800000,Approved,20000000,2.2692298964500397,0.29499998525000076
3,0t Graduate,0,3300000,13100000,2,554,6000000,2500000,6700000,3800000,Approved,19000000,3.9696957667588584,0.6894736479224396
1,0t Graduate,1,1200000,4800000,6,344,2900000,1700000,3200000,1300000,Rejected,9100000,3.9999966666694444,0.5274724695085198
3,Graduate,0,4300000,8600000,8,881,9100000,5200000,15000000,5500000,Approved,34800000,1.999999534883829,0.247126429680275
0,0t Graduate,1,8400000,27200000,10,514,2500000,6400000,20100000,7200000,Rejected,36200000,3.2380948526077558,0.7513811947132266
0,Graduate,0,600000,1800000,18,796,1000000,700000,1200000,500000,Approved,3400000,2.9999950000083335,0.5294116089965856
2,Graduate,1,4700000,16200000,12,802,2300000,5400000,14800000,6700000,Approved,29200000,3.446807777274941,0.5547945015481335
3,Graduate,0,4200000,12500000,20,375,1300000,5100000,10900000,2400000,Rejected,19700000,2.9761897675738647,0.6345177342884399
2,Graduate,0,4300000,14700000,2,871,4100000,7300000,13900000,4400000,Approved,29700000,3.4186038561386383,0.49494947828452934
0,0t Graduate,0,800000,2900000,2,439,100000,900000,2700000,1200000,Approved,4900000,3.6249954687556643,0.5918366139108951
0,0t Graduate,1,9300000,32000000,8,438,24800000,6400000,34900000,12400000,Rejected,78500000,3.4408598450688337,0.40764330690900247
5,0t Graduate,0,6200000,13700000,2,468,3300000,12300000,13900000,5500000,Rejected,35000000,2.2096770629553126,0.3914285602448983
3,Graduate,1,3500000,10200000,12,645,10400000,5700000,10000000,2400000,Approved,28500000,2.914284881632891,0.3578947242843956
2,Graduate,1,3600000,9200000,18,700,4400000,1800000,10700000,3500000,Approved,20400000,2.5555548456792097,0.45098037004998187
5,Graduate,1,9500000,36700000,16,348,3500000,2200000,31600000,11400000,Rejected,48700000,3.8631574880886856,0.7535934136839135
5,Graduate,1,600000,1400000,10,877,1400000,400000,2000000,700000,Approved,4500000,2.333329444450926,0.311111041975324
0,0t Graduate,1,3800000,14900000,6,899,7800000,600000,12400000,2800000,Approved,23600000,3.9210515997232633,0.6313559054510209
3,Graduate,1,1400000,3500000,12,610,1200000,600000,3800000,1400000,Approved,7000000,2.4999982142869897,0.49999992857143877
1,0t Graduate,0,6300000,23900000,4,742,1500000,7100000,21800000,4300000,Approved,34700000,3.7936501914840965,0.6887607870674125
1,0t Graduate,1,2800000,6600000,18,801,4000000,4900000,7100000,3700000,Approved,19700000,2.3571420153064233,0.33502536370429625
4,Graduate,1,5400000,17100000,2,533,13800000,5100000,12200000,4700000,Approved,35800000,3.166666080247022,0.4776536179426364
3,0t Graduate,1,6300000,23900000,16,656,12700000,9300000,15200000,5100000,Approved,42300000,3.7936501914840965,0.5650118069737161
3,Graduate,1,3900000,14300000,18,785,10900000,7600000,13900000,4900000,Approved,37300000,3.6666657264959674,0.38337800580756015
2,Graduate,1,4200000,15700000,2,332,7000000,700000,13300000,3000000,Approved,24000000,3.7380943480727744,0.6541666394097233
0,Graduate,0,3100000,8100000,18,768,400000,1600000,11600000,2400000,Approved,16000000,2.612902382934715,0.506249968359377
1,Graduate,0,3400000,8600000,6,640,7700000,1000000,7800000,4400000,Approved,20900000,2.5294110207614646,0.41148323390032376
4,0t Graduate,0,1500000,3100000,6,885,100000,2800000,3800000,1900000,Approved,8600000,2.0666652888898076,0.36046507436452624
3,0t Graduate,1,900000,2000000,18,772,2300000,700000,3500000,800000,Approved,7300000,2.2222197530891634,0.27397256520923763
4,Graduate,1,7800000,25600000,4,665,1000000,2300000,27300000,8200000,Approved,38800000,3.282050861275531,0.6597937974279949
1,0t Graduate,1,3500000,10500000,20,454,8300000,4000000,7600000,2100000,Rejected,22000000,2.9999991428573876,0.47727270557851337
1,0t Graduate,0,8400000,32500000,14,698,20600000,5900000,17300000,12200000,Approved,56000000,3.869047158446767,0.5803571324936226
4,0t Graduate,1,6400000,21300000,20,332,3600000,9100000,16200000,8000000,Rejected,36900000,3.32812447998055,0.5772357567144781
1,0t Graduate,0,9600000,28300000,6,536,18700000,9300000,27300000,6000000,Rejected,61300000,2.9479163595920457,0.46166394026649366
5,0t Graduate,1,2100000,6500000,10,796,2400000,2800000,7300000,2700000,Approved,15200000,3.0952366213158946,0.4276315508137138
2,0t Graduate,1,6000000,19900000,8,486,12100000,8100000,20100000,6600000,Rejected,46900000,3.316666113888981,0.42430702720027663
0,0t Graduate,1,8300000,16800000,18,422,8000000,10600000,23300000,11400000,Rejected,53300000,2.0240961416751637,0.31519699221018777
1,0t Graduate,1,5300000,18500000,6,501,6700000,8600000,16600000,4300000,Rejected,36200000,3.4905653791386078,0.5110497096395108
1,0t Graduate,1,9700000,23500000,4,666,15100000,9400000,23300000,8000000,Approved,55800000,2.4226801626102925,0.4211469458575816
3,0t Graduate,1,8200000,16500000,18,371,19000000,1200000,18500000,8200000,Rejected,46900000,2.0121948765616002,0.35181235923641024
5,Graduate,0,3400000,6900000,14,312,1800000,400000,10300000,3800000,Rejected,16300000,2.029411167820245,0.4233128574654689
5,Graduate,0,2800000,11000000,12,753,3900000,4600000,10700000,2400000,Approved,21600000,3.928570025510705,0.5092592356824428
0,0t Graduate,1,2400000,5200000,16,740,6300000,1000000,7500000,2900000,Approved,17700000,2.1666657638892652,0.29378529413642407
1,Graduate,0,8200000,24000000,4,366,10900000,15200000,25200000,10400000,Rejected,61700000,2.926828911362328,0.3889789240035831
4,0t Graduate,0,4200000,11100000,8,526,11600000,200000,16800000,4900000,Rejected,33500000,2.642856513605592,0.33134327369124555
4,Graduate,1,5500000,14800000,10,354,16000000,3400000,21200000,7700000,Rejected,48300000,2.6909086016529815,0.30641821311763534
5,0t Graduate,1,2900000,6300000,6,719,7900000,1600000,8000000,1600000,Approved,19100000,2.172413043995502,0.3298429146679102
5,0t Graduate,0,6300000,20100000,12,774,15600000,11800000,16200000,5800000,Approved,49400000,3.1904756840514787,0.4068825828566279
5,0t Graduate,1,9700000,29100000,18,732,4700000,7400000,35600000,12400000,Approved,60100000,2.9999996907216815,0.4841930035907986
1,0t Graduate,0,6500000,16000000,6,862,2000000,0,24000000,9700000,Approved,35700000,2.461538082840295,0.4481792591546426
5,0t Graduate,0,4900000,10800000,18,613,6800000,800000,14500000,5300000,Approved,27400000,2.204081182840575,0.3941605695561836
5,Graduate,1,6900000,16500000,6,447,4100000,400000,14100000,6600000,Rejected,25200000,2.3913040012602895,0.6547618787792905
4,0t Graduate,1,1100000,3000000,4,730,300000,600000,3600000,1100000,Approved,5600000,2.727270247936138,0.5357141900510375
2,0t Graduate,1,7800000,29600000,14,568,0,8600000,27000000,7200000,Approved,42800000,3.7948713083498324,0.6915887688881128
2,Graduate,1,8200000,23600000,6,495,23000000,10600000,27200000,6100000,Rejected,66900000,2.878048429506289,0.35276531610216266
5,0t Graduate,1,6700000,23600000,14,854,3000000,3300000,19400000,7500000,Approved,33200000,3.52238753397201,0.7108433520830315
3,Graduate,1,7400000,15200000,10,548,16700000,12800000,19300000,4800000,Rejected,53600000,2.0540537764792193,0.28358208426152826
1,0t Graduate,0,1200000,2700000,14,779,600000,2200000,2400000,600000,Approved,5800000,2.2499981250015626,0.46551716111773084
0,0t Graduate,0,9500000,24800000,2,564,17400000,16000000,19600000,12000000,Approved,65000000,2.610526040997259,0.38153845566863914
5,0t Graduate,1,4000000,8200000,2,571,3500000,7700000,9500000,4400000,Approved,25100000,2.049999487500128,0.3266932140759676
0,0t Graduate,1,8600000,32600000,8,778,21500000,14100000,33600000,11000000,Approved,80200000,3.7906972336398566,0.4064837854553144
4,Graduate,1,9100000,28400000,12,808,25800000,11800000,19300000,9700000,Approved,66600000,3.120878777925409,0.42642642002362735
0,0t Graduate,1,7100000,18600000,20,770,19200000,13100000,23100000,5100000,Approved,60500000,2.6197179408847973,0.3074380114473056
0,0t Graduate,0,9000000,28400000,4,612,0,7200000,26900000,13200000,Approved,47300000,3.1555552049383104,0.600422820287044
3,Graduate,1,1400000,2700000,14,819,1200000,1500000,4000000,1300000,Approved,8000000,1.9285700510213921,0.33749995781250525
1,Graduate,0,8800000,20200000,6,627,24200000,16100000,17600000,11900000,Approved,69800000,2.2954542846074677,0.28939827665618517
3,0t Graduate,1,5400000,14700000,4,359,12300000,9900000,15100000,6100000,Rejected,43400000,2.722221718107089,0.33870966961498455
1,Graduate,0,6100000,19100000,6,341,5700000,5900000,12400000,6300000,Rejected,30300000,3.1311470276808153,0.6303630154995704
1,Graduate,0,1000000,3600000,4,570,1000000,1300000,3700000,1000000,Approved,7000000,3.5999964000036,0.514285640816337
3,Graduate,1,7700000,18100000,20,736,7800000,14500000,29100000,10000000,Approved,61400000,2.350649045370254,0.2947882688145233
1,Graduate,1,6100000,12900000,2,302,8900000,7500000,15600000,7200000,Rejected,39200000,2.114753751679713,0.3290816242581218
2,0t Graduate,1,7700000,21000000,12,420,16100000,4300000,27400000,10500000,Rejected,58300000,2.72727237308151,0.36020582572545756
4,Graduate,1,4700000,12000000,2,416,5800000,8200000,13000000,6800000,Rejected,33800000,2.553190946129586,0.35502957529498297
2,Graduate,1,9100000,34800000,20,836,21300000,10900000,30600000,9900000,Approved,72700000,3.824175403936769,0.47867949822999317
0,Graduate,1,5800000,12700000,12,528,8400000,7300000,19600000,7600000,Rejected,42900000,2.189654794887104,0.29603728913665994
4,0t Graduate,0,8500000,24900000,2,405,1900000,400000,21700000,11400000,Rejected,35400000,2.9294114200692447,0.7033898106387059
2,Graduate,1,9900000,33400000,14,783,16600000,16100000,21000000,9500000,Approved,63200000,3.373737032955855,0.5284810042961866
4,0t Graduate,1,2000000,4000000,10,636,2100000,0,4000000,1700000,Approved,7800000,1.9999990000005,0.5128204470743016
1,0t Graduate,1,5000000,16800000,6,711,6300000,7600000,16000000,3200000,Approved,33100000,3.3599993280001343,0.5075528547567113
1,Graduate,1,3200000,11800000,16,848,5500000,3200000,7500000,2300000,Approved,18500000,3.68749884765661,0.6378378033601187
1,0t Graduate,1,8000000,27800000,8,804,7900000,1600000,27100000,11800000,Approved,48400000,3.4749995656250543,0.5743801534218976
0,0t Graduate,1,1200000,2800000,14,892,3200000,100000,3300000,1700000,Approved,8300000,2.3333313888905094,0.3373493569458606
2,0t Graduate,1,5800000,22800000,14,696,12100000,200000,20800000,4800000,Approved,37900000,3.9310338049941715,0.6015830975835594
1,Graduate,0,2500000,7600000,20,888,7400000,4200000,6400000,1900000,Approved,19900000,3.0399987840004865,0.38190952854725985
1,0t Graduate,1,600000,1400000,10,699,400000,500000,1300000,800000,Approved,3000000,2.333329444450926,0.466666511111163
5,Graduate,0,4900000,13000000,10,865,13300000,3700000,14700000,6500000,Approved,38200000,2.65306068304884,0.3403141272169077
2,Graduate,1,9400000,37300000,14,383,7800000,15900000,27100000,7700000,Rejected,58500000,3.96808468424631,0.6376068267075756
2,Graduate,0,5300000,19300000,16,368,14700000,400000,11600000,3700000,Rejected,30400000,3.641508746885142,0.6348684001688026
5,0t Graduate,0,5100000,15800000,4,607,6000000,7700000,12600000,7000000,Approved,33300000,3.098038608227724,0.4744744602259922
4,0t Graduate,1,2900000,8900000,18,827,400000,3400000,11200000,1600000,Approved,16600000,3.068964458977773,0.5361445460153887
1,Graduate,0,9100000,34000000,12,672,8600000,1600000,32700000,8800000,Approved,51700000,3.736263325685349,0.6576402193880035
3,0t Graduate,1,8800000,26700000,12,708,16000000,15300000,26900000,9600000,Approved,67800000,3.0340905643078906,0.39380530392617547
4,0t Graduate,0,2600000,8800000,10,682,4500000,4700000,10300000,1600000,Approved,21100000,3.3846140828407374,0.41706159160845535
1,Graduate,1,9700000,25500000,18,741,21900000,6200000,34800000,4900000,Approved,67800000,2.62886570836436,0.37610618914297655
5,0t Graduate,1,600000,1200000,8,343,100000,700000,1600000,600000,Rejected,3000000,1.9999966666722222,0.3999998666667111
0,Graduate,1,4100000,11100000,16,785,6800000,5300000,8500000,4800000,Approved,25400000,2.7073164128496554,0.4370078568107143
1,0t Graduate,1,8000000,28000000,20,830,22400000,12600000,25600000,10600000,Approved,71200000,3.499999562500055,0.3932584214429997
2,Graduate,0,8800000,26700000,16,696,12900000,15300000,20300000,10900000,Approved,59400000,3.0340905643078906,0.44949494192769457
1,Graduate,0,200000,300000,12,697,600000,300000,700000,100000,Approved,1700000,1.4999925000374998,0.1764704844291268
0,Graduate,1,3800000,11700000,2,351,100000,6700000,12500000,3100000,Approved,22400000,3.078946558171958,0.5223214052535087
3,Graduate,0,6800000,21800000,10,556,16400000,9300000,19100000,5400000,Approved,50200000,3.2058818814879584,0.4342629395565151
0,Graduate,0,8600000,31800000,2,895,22600000,15900000,19600000,5100000,Approved,63200000,3.6976739886425594,0.503164549000561
2,Graduate,1,2800000,8400000,10,534,8300000,4800000,10600000,1500000,Rejected,25200000,2.999998928571811,0.3333333201058206
0,Graduate,0,8000000,29800000,12,736,600000,15700000,30800000,8400000,Approved,55500000,3.7249995343750584,0.5369369272623977
2,Graduate,1,2300000,5500000,16,629,4600000,2900000,7000000,1900000,Approved,16400000,2.3913033081289963,0.3353658332094004
4,Graduate,1,7600000,16200000,20,657,1900000,9300000,28500000,5500000,Approved,45200000,2.131578666897544,0.3584070717166577
2,Graduate,0,2900000,11300000,12,839,700000,5100000,8100000,2600000,Approved,16500000,3.896550380499869,0.6848484433425186
4,0t Graduate,0,7900000,25700000,18,589,4300000,300000,25300000,9800000,Approved,39700000,3.2531641451690954,0.6473551474217847
2,0t Graduate,0,1900000,4500000,6,805,2200000,3100000,4800000,2300000,Approved,12400000,2.3684198060948387,0.3629031965400648
3,0t Graduate,1,4600000,13600000,20,729,1300000,8900000,17200000,5900000,Approved,33300000,2.956521096408457,0.408408396143892
1,0t Graduate,0,2600000,7700000,6,399,3700000,4300000,8900000,3500000,Rejected,20400000,2.961537322485645,0.3774509618896587
2,0t Graduate,0,2700000,6700000,8,413,7600000,800000,9200000,2300000,Rejected,19900000,2.4814805624146064,0.3366834001666633
5,Graduate,1,6300000,13200000,16,321,6700000,4000000,15200000,7100000,Rejected,33000000,2.0952377626606724,0.39999998787878827
0,Graduate,1,2600000,7500000,2,853,4200000,3900000,9600000,1400000,Approved,19100000,2.8846142751483557,0.39267013650941696
4,0t Graduate,1,7700000,23400000,6,400,3900000,3400000,20800000,10700000,Rejected,38800000,3.0389606442908255,0.6030927679615266
0,Graduate,1,7400000,16300000,16,630,11200000,13200000,28400000,5300000,Approved,58100000,2.2027024050402155,0.28055076969792136
3,Graduate,1,7300000,21600000,20,557,1900000,3800000,26400000,9300000,Approved,41400000,2.9589037042597663,0.5217391178323885
1,Graduate,0,2900000,7600000,2,358,800000,700000,10100000,2100000,Rejected,13700000,2.6206887514866373,0.5547444850551471
3,Graduate,1,6600000,16000000,10,510,1200000,4800000,13300000,6300000,Rejected,25600000,2.424242056933022,0.6249999755859384
2,Graduate,1,2700000,9600000,14,554,5800000,200000,10200000,1900000,Approved,18100000,3.5555542386836154,0.5303867110283585
3,Graduate,1,8300000,27700000,4,596,20500000,15400000,21400000,7400000,Approved,64700000,3.337348995500121,0.4281298233673907
0,Graduate,0,4900000,18500000,8,659,8800000,1700000,14700000,4900000,Approved,30100000,3.7755094335695034,0.6146179197801356
4,Graduate,1,7900000,30700000,10,322,10600000,13200000,30300000,6300000,Rejected,60400000,3.886075457458803,0.5082781372801632
5,Graduate,1,8800000,21300000,14,852,8000000,6400000,28500000,9900000,Approved,52800000,2.420454270402924,0.40340908326876734
5,0t Graduate,0,4000000,14100000,18,653,5800000,4100000,9400000,5400000,Approved,24700000,3.52499911875022,0.5708501793178065
4,Graduate,1,3900000,9200000,12,737,2800000,2300000,12300000,5200000,Approved,22600000,2.358973754109294,0.4070796280053262
3,Graduate,1,7700000,18900000,2,583,9300000,3000000,16700000,9300000,Approved,38300000,2.454545135773359,0.4934725719719955
1,Graduate,1,3800000,10000000,16,873,5100000,2800000,10300000,4000000,Approved,22200000,2.6315782548478275,0.45045043015989056
5,Graduate,0,8000000,27000000,20,595,4500000,5200000,24800000,10400000,Approved,44900000,3.3749995781250526,0.6013362895025325
5,Graduate,1,3400000,11300000,20,871,6500000,3900000,9700000,2400000,Approved,22500000,3.323528434256343,0.5022221999012355
5,Graduate,1,5500000,18800000,12,603,3300000,700000,21000000,5000000,Approved,30000000,3.418181196694328,0.6266666457777784
0,0t Graduate,0,7700000,29300000,14,801,6200000,11800000,23400000,4700000,Approved,46100000,3.8051943110137256,0.6355748235233227
5,Graduate,0,4000000,9400000,4,723,200000,0,12100000,2000000,Approved,14300000,2.349999412500147,0.6573426113746426
5,0t Graduate,1,5900000,22600000,18,630,2300000,4200000,16500000,6800000,Approved,29800000,3.8305078253376568,0.7583892362956632
0,0t Graduate,1,2600000,9900000,20,368,3600000,1500000,5200000,2000000,Rejected,12300000,3.8076908431958296,0.8048779833432533
3,Graduate,0,6600000,22200000,12,759,8900000,2200000,18700000,8500000,Approved,38300000,3.3636358539945674,0.5796344496178994
0,0t Graduate,1,1000000,3000000,18,382,2200000,700000,3500000,900000,Rejected,7300000,2.999997000003,0.41095884781385644
4,0t Graduate,1,800000,2800000,16,645,900000,1400000,2300000,600000,Approved,5200000,3.499995625005469,0.5384614349112625
0,Graduate,0,3200000,6300000,6,878,6700000,5200000,8100000,3600000,Approved,23600000,1.9687493847658173,0.2669491412309686
4,Graduate,0,8400000,23400000,12,350,18700000,9100000,27500000,6700000,Rejected,62000000,2.785713954081672,0.37741934875130084
3,Graduate,1,5800000,17600000,6,720,4900000,4200000,18800000,6600000,Approved,34500000,3.0344822354340972,0.5101449127494229
0,0t Graduate,1,7300000,28100000,10,673,13700000,1200000,16300000,8900000,Approved,40100000,3.8493145411897887,0.7007481122007952
1,Graduate,0,3900000,8000000,6,448,100000,1900000,9800000,4000000,Rejected,15800000,2.0512815253124295,0.5063290818779063
2,0t Graduate,1,4600000,16000000,4,720,0,4000000,12300000,4200000,Approved,20500000,3.4782601134217144,0.7804877668054748
0,Graduate,0,3600000,12300000,2,300,5200000,3000000,14300000,5400000,Approved,27900000,3.4166657175928563,0.4408601992523226
4,Graduate,0,7500000,28700000,20,520,4600000,3500000,15200000,5700000,Rejected,29000000,3.8266661564445124,0.9896551382877539
1,Graduate,0,5200000,15000000,12,794,3200000,7200000,16500000,5100000,Approved,32000000,2.8846148298817633,0.468749985351563
3,Graduate,1,4400000,10000000,8,875,5900000,5200000,11700000,4100000,Approved,26900000,2.2727267561984643,0.37174719807631235
1,0t Graduate,1,5100000,12900000,14,533,6700000,6700000,14400000,3900000,Rejected,31700000,2.5294112687428885,0.4069400502542571
0,Graduate,0,6000000,23600000,6,776,13800000,2700000,23400000,8800000,Approved,48700000,3.933332677777887,0.48459957937167186
2,Graduate,0,3800000,11400000,6,706,1000000,4000000,12100000,2800000,Approved,19900000,2.9999992105265236,0.5728642928208898
3,Graduate,0,2800000,10900000,2,710,600000,2400000,5600000,3600000,Approved,12200000,3.892855752551517,0.8934425497178238
5,Graduate,1,6500000,18300000,4,333,8100000,400000,21700000,7000000,Rejected,37200000,2.815384182248587,0.49193547064689597
2,0t Graduate,1,1600000,6400000,4,787,1000000,300000,5500000,1100000,Approved,7900000,3.9999975000015624,0.8101264797308253
4,Graduate,0,5500000,18600000,12,569,13500000,6200000,19700000,7300000,Approved,46700000,3.3818175669422605,0.3982869293728709
0,Graduate,1,9600000,20100000,16,427,7200000,2300000,34500000,7400000,Rejected,51400000,2.093749781901064,0.3910505760495997
0,Graduate,0,7000000,27800000,16,640,11500000,3700000,16000000,8200000,Approved,39400000,3.9714280040817136,0.705583738436961
2,0t Graduate,0,4000000,8100000,16,312,3500000,2100000,15100000,3100000,Rejected,23800000,2.0249994937501268,0.34033612015394454
1,0t Graduate,1,8100000,30900000,12,464,13600000,9800000,17900000,7500000,Rejected,48800000,3.814814343850081,0.6331967083361331
2,0t Graduate,1,6600000,22800000,8,490,6100000,10000000,18000000,6400000,Rejected,40500000,3.454544931129556,0.5629629490626432
5,Graduate,0,4100000,10200000,12,431,6200000,2200000,13700000,4300000,Rejected,26400000,2.487804271267251,0.3863636217286507
1,Graduate,0,6600000,24800000,4,500,8600000,4100000,16700000,6100000,Approved,35500000,3.7575751882461836,0.69859152961714
4,Graduate,0,5100000,12200000,14,511,2700000,6000000,18300000,3400000,Rejected,30400000,2.3921563936948247,0.40131577627250736
4,Graduate,0,8200000,25200000,18,691,5800000,8900000,28500000,10500000,Approved,53700000,3.0731703569304445,0.46927373427795654
1,0t Graduate,1,9500000,24400000,14,696,25500000,6700000,29500000,6300000,Approved,68000000,2.5684207822714966,0.35882352413494817
0,0t Graduate,1,7600000,27600000,2,437,10000000,11200000,27600000,6800000,Approved,55600000,3.6315784695291486,0.49640286876973255
2,0t Graduate,1,8400000,20800000,12,335,6700000,12300000,18500000,10100000,Rejected,47600000,2.4761901814059306,0.4369747807358239
4,Graduate,0,7600000,25100000,4,671,4600000,13200000,27400000,4300000,Approved,49500000,3.302631144390639,0.5070706968268546
4,0t Graduate,1,1400000,3700000,12,621,3100000,900000,5100000,1800000,Approved,10900000,2.642855255103389,0.3394495101422468
4,0t Graduate,1,2700000,6800000,10,455,4700000,2600000,7400000,2700000,Rejected,17400000,2.5185175857342275,0.3908045752411164
1,Graduate,1,200000,500000,10,856,500000,200000,500000,200000,Approved,1400000,2.4999875000625,0.35714260204099857
3,Graduate,0,600000,2100000,16,892,700000,400000,2400000,500000,Approved,4000000,3.4999941666763887,0.5249998687500328
4,Graduate,0,5200000,12900000,16,819,3400000,4100000,16800000,7500000,Approved,31800000,2.4807687536983165,0.4056603646018753
0,0t Graduate,1,5100000,11600000,10,308,8700000,1300000,10700000,7000000,Rejected,27700000,2.2745093579393414,0.4187725480587528
4,Graduate,1,9200000,18600000,2,889,26900000,4200000,33300000,9700000,Approved,74100000,2.0217389106805532,0.25101214236150954
5,0t Graduate,0,6500000,23200000,18,713,6700000,1400000,13400000,7200000,Approved,28700000,3.5692302201184276,0.8083623411720439
0,Graduate,0,8500000,21000000,6,665,3600000,9600000,27500000,11300000,Approved,52000000,2.4705879446367125,0.4038461460798818
4,0t Graduate,0,2000000,6000000,12,837,1300000,1900000,6300000,2300000,Approved,11800000,2.99999850000075,0.5084745331801243
4,0t Graduate,1,7500000,18000000,20,395,200000,12800000,23500000,9700000,Rejected,46200000,2.3999996800000427,0.3896103811772645
0,Graduate,1,7500000,28900000,10,632,21700000,10700000,24700000,9900000,Approved,67000000,3.8533328195556242,0.4313432771441302
2,0t Graduate,0,2000000,4300000,16,497,5100000,200000,5700000,2800000,Rejected,13800000,2.1499989250005376,0.3115941803192623
3,Graduate,1,1400000,2700000,14,694,3800000,200000,3600000,1700000,Approved,9300000,1.9285700510213921,0.2903225494276829
1,0t Graduate,1,1700000,5600000,2,882,3100000,2600000,6700000,1600000,Approved,14000000,3.2941157093437003,0.39999997142857346
2,Graduate,1,5300000,14900000,6,504,10600000,2100000,17000000,3200000,Rejected,32900000,2.811320224279203,0.4528875242283427
4,0t Graduate,0,8900000,30100000,2,747,20600000,12900000,20700000,10300000,Approved,64500000,3.38202209190763,0.46666665943152463
3,Graduate,0,9700000,35300000,4,462,11500000,9500000,33700000,7200000,Approved,61900000,3.6391748825592907,0.5702746272976635
5,Graduate,0,9000000,25900000,4,538,11100000,11100000,31300000,8100000,Rejected,61600000,2.877777458024727,0.42045453862898474
2,0t Graduate,1,8500000,30900000,6,664,5700000,9900000,19800000,7400000,Approved,42800000,3.635293689965448,0.7219625999541449
1,0t Graduate,0,3500000,10900000,4,524,8800000,6200000,13600000,2800000,Approved,31400000,3.11428482449005,0.34713374690656856
1,0t Graduate,0,500000,1400000,6,464,1100000,0,1900000,500000,Rejected,3500000,2.7999944000112,0.3999998857143184
3,Graduate,0,8900000,19100000,6,807,2300000,16500000,29900000,10400000,Approved,59100000,2.1460671745991937,0.3231810436009976
2,0t Graduate,1,7800000,27200000,18,622,6000000,6000000,26400000,4300000,Approved,42700000,3.4871790401052514,0.6370023270022874
5,0t Graduate,1,9800000,27800000,6,827,2400000,14900000,32800000,9500000,Approved,59600000,2.8367344044148566,0.46644294519391033
0,Graduate,0,5200000,19000000,14,687,11900000,500000,19400000,4400000,Approved,36200000,3.653845451183567,0.5248618639540922
4,Graduate,0,7400000,19400000,16,835,16400000,14200000,23500000,6500000,Approved,60600000,2.6216212673484773,0.32013200791861374
3,Graduate,1,1200000,3300000,6,772,700000,900000,2900000,1400000,Approved,5900000,2.749997708335243,0.5593219390979765
1,0t Graduate,1,1000000,3200000,2,710,100000,200000,3300000,900000,Approved,4500000,3.1999968000032,0.7111109530864549
3,Graduate,1,9500000,32500000,14,581,2800000,14300000,36000000,4700000,Approved,57800000,3.421052271468182,0.5622837272961293
3,0t Graduate,0,4500000,11700000,18,775,8700000,2800000,12700000,4500000,Approved,28700000,2.599999422222351,0.4076654910221083
2,Graduate,0,4900000,16000000,12,710,8700000,7100000,10000000,5700000,Approved,31500000,3.265305456060111,0.50793649181154
3,0t Graduate,1,700000,2500000,8,321,1900000,1200000,1700000,400000,Rejected,5200000,3.5714234693950435,0.4807691383136272
0,Graduate,0,9400000,28300000,20,761,22500000,14800000,30800000,10100000,Approved,78200000,3.0106379775917045,0.3618925784924223
3,0t Graduate,1,8300000,31400000,6,674,1000000,1600000,17200000,6100000,Rejected,25900000,3.7831320743214367,1.2123551655461327
4,Graduate,1,5600000,13000000,4,899,10500000,9100000,11400000,6400000,Approved,37400000,2.321428156887829,0.3475935735937547
5,0t Graduate,1,4400000,12300000,8,567,2400000,500000,12900000,6300000,Approved,22100000,2.7954539101241114,0.5565610607890923
3,Graduate,0,2100000,5400000,8,771,5200000,3700000,6200000,1000000,Approved,16100000,2.5714273469393585,0.33540370587554624
1,0t Graduate,1,4400000,10600000,4,360,6600000,7700000,15100000,5000000,Rejected,34400000,2.4090903615703723,0.30813952592617655
0,0t Graduate,0,6300000,19600000,6,425,15900000,10400000,13300000,5900000,Rejected,45500000,3.111110617284029,0.43076922130177536
4,Graduate,0,9900000,30000000,18,496,10400000,8000000,29300000,13800000,Rejected,61500000,3.030302724211846,0.48780487011699397
3,0t Graduate,0,700000,1600000,20,705,600000,900000,2300000,700000,Approved,4500000,2.285711020412828,0.35555547654322744
4,0t Graduate,0,3600000,12400000,14,427,10400000,2400000,9100000,2600000,Rejected,24500000,3.4444434876545866,0.5061224283215335
1,0t Graduate,1,5600000,21000000,2,552,3200000,6300000,22100000,6100000,Approved,37700000,3.7499993303572623,0.5570291629435236
3,0t Graduate,1,1000000,3700000,8,725,3000000,1300000,4000000,1300000,Approved,9600000,3.6999963000037,0.3854166265191014
5,Graduate,1,6400000,15600000,8,553,14200000,2900000,20400000,8000000,Approved,45500000,2.4374996191406844,0.3428571353218212
0,0t Graduate,0,8900000,19100000,2,725,8300000,15000000,19000000,8800000,Approved,51100000,2.1460671745991937,0.37377690070886693
4,Graduate,0,9900000,26100000,2,481,14500000,5000000,23600000,9300000,Rejected,52400000,2.636363370064306,0.49809159354787036
2,Graduate,1,4000000,8600000,4,847,10200000,2700000,14300000,2400000,Approved,29600000,2.1499994625001344,0.2905405307249821
0,0t Graduate,1,7300000,25700000,10,666,14000000,3100000,29000000,6000000,Approved,52100000,3.520547462938704,0.49328214024410477
1,0t Graduate,0,8100000,25400000,6,477,4500000,13200000,23200000,4400000,Rejected,45300000,3.135802081999743,0.5607063893883799
4,Graduate,1,6800000,22100000,4,446,3700000,4600000,18900000,9200000,Approved,36400000,3.2499995220588938,0.6071428404631087
0,0t Graduate,1,2600000,8200000,8,630,6000000,4900000,7500000,2000000,Approved,20400000,3.153844940828869,0.40196076460976643
5,0t Graduate,1,300000,1100000,20,613,600000,400000,700000,200000,Approved,1900000,3.666654444485185,0.5789470637120717
2,Graduate,1,2400000,7500000,4,851,3100000,700000,5600000,2400000,Approved,11800000,3.124998697917209,0.6355931664751554
0,0t Graduate,0,6000000,20600000,12,339,3400000,10700000,17200000,8200000,Rejected,39500000,3.4333327611112066,0.5215189741387601
4,Graduate,1,3800000,11100000,16,857,11300000,7400000,11700000,4700000,Approved,35100000,2.9210518628810886,0.3162393072296494
0,Graduate,1,7000000,22100000,14,467,10000000,6400000,26100000,5800000,Rejected,48300000,3.1571424061225133,0.4575569263445771
0,Graduate,1,5400000,12900000,16,355,11200000,3100000,18200000,7400000,Rejected,39900000,2.3888884465021394,0.32330826257372774
1,0t Graduate,0,6400000,16400000,6,428,12400000,10900000,23900000,8900000,Rejected,56100000,2.5624995996094375,0.2923351106535631
5,0t Graduate,1,7000000,24000000,14,450,10300000,5700000,21100000,4700000,Rejected,41800000,3.42857093877558,0.5741626656898884
2,0t Graduate,1,2100000,4600000,4,348,5400000,0,7400000,1400000,Rejected,14200000,2.190475147392787,0.3239436391588987
4,0t Graduate,1,4400000,15000000,12,459,5700000,800000,11400000,2400000,Rejected,20300000,3.409090134297697,0.7389162197578217
0,0t Graduate,0,8000000,31000000,8,847,4900000,9500000,29600000,5700000,Approved,49700000,3.8749995156250607,0.6237424421782205
2,0t Graduate,1,3900000,8300000,18,523,800000,300000,9900000,2300000,Rejected,13300000,2.1282045825116453,0.6240601034541275
0,Graduate,0,4700000,15200000,10,786,11100000,8000000,9600000,3200000,Approved,31900000,3.2340418650974754,0.47648901327620646
0,Graduate,0,6800000,21200000,14,300,0,8700000,16500000,10000000,Rejected,35200000,3.117646600346088,0.6022727101627071
0,0t Graduate,1,1800000,6500000,12,728,3500000,0,6100000,1900000,Approved,11500000,3.611109104939386,0.5652173421550137
3,0t Graduate,1,8600000,32000000,4,497,11400000,3300000,18600000,4900000,Approved,38200000,3.7209297998918838,0.8376963131493111
1,0t Graduate,1,3600000,13700000,10,548,9900000,2400000,8900000,4100000,Rejected,25300000,3.805554498457084,0.5415019548813457
1,Graduate,1,6800000,22900000,6,576,500000,11100000,13800000,5600000,Approved,31000000,3.367646563581388,0.7387096535900112
3,Graduate,1,1100000,4100000,20,863,800000,1100000,3700000,600000,Approved,6200000,3.7272693388460554,0.661290215920933
4,Graduate,1,4000000,8400000,8,717,7400000,4900000,11900000,4000000,Approved,28200000,2.099999475000131,0.29787232986268336
1,Graduate,0,2500000,5900000,12,668,7400000,600000,6300000,3700000,Approved,18000000,2.3599990560003774,0.3277777595679022
2,Graduate,0,5400000,17400000,10,335,5900000,1400000,18100000,4300000,Rejected,29700000,3.2222216255145137,0.5858585661327083
5,0t Graduate,0,6600000,13600000,4,861,11700000,8400000,14600000,5400000,Approved,40100000,2.060605748393068,0.33915211124308947
4,0t Graduate,0,6000000,14900000,2,321,6900000,7700000,18000000,6500000,Rejected,39100000,2.4833329194445133,0.3810741590518118
0,Graduate,1,2200000,8300000,10,585,3600000,1700000,4300000,1900000,Approved,11500000,3.772725557852019,0.7217390676748637
1,Graduate,0,8800000,18500000,10,704,14400000,3200000,26600000,11300000,Approved,55500000,2.1022724883781265,0.33333332732732746
0,0t Graduate,1,4000000,10300000,4,819,11100000,1200000,15200000,2600000,Approved,30100000,2.574999356250161,0.3421926796613728
4,0t Graduate,1,3600000,12400000,18,494,5300000,100000,10200000,1900000,Rejected,17500000,3.4444434876545866,0.708571388081635
5,Graduate,1,8100000,22500000,2,808,4800000,6100000,16900000,6000000,Approved,33800000,2.777777434842292,0.665680453678093
3,0t Graduate,1,5200000,11000000,12,830,8900000,5100000,16000000,7600000,Approved,37600000,2.1153842085799597,0.29255318370869193
5,Graduate,0,1100000,2800000,14,473,100000,500000,4200000,700000,Rejected,5500000,2.5454522314070624,0.5090908165289425
2,Graduate,0,7500000,29800000,4,392,5500000,2200000,20800000,4000000,Approved,32500000,3.973332803555626,0.91692304871006
5,0t Graduate,0,7700000,20300000,12,806,21300000,13300000,18900000,9600000,Approved,63100000,2.636363293978793,0.32171156383975336
0,0t Graduate,0,5700000,21400000,8,340,3200000,1900000,17200000,3800000,Rejected,26100000,3.754385306248192,0.8199233402328222
3,Graduate,1,5000000,13900000,8,555,12300000,6700000,18100000,4800000,Approved,41900000,2.779999444000111,0.3317422355192784
5,0t Graduate,0,500000,1200000,16,499,600000,600000,1500000,200000,Rejected,2900000,2.3999952000096,0.413792960761048
3,Graduate,0,8900000,21300000,10,467,18700000,2600000,31800000,8800000,Rejected,61900000,2.393258158060881,0.34410338700963833
1,0t Graduate,0,1700000,6600000,4,797,2800000,1900000,6100000,1300000,Approved,12100000,3.8823506574407896,0.5454545003756611
4,0t Graduate,1,500000,1300000,18,762,1400000,0,1600000,300000,Approved,3300000,2.5999948000104,0.3939392745638562
3,0t Graduate,1,9900000,36500000,16,562,17300000,18500000,22300000,9800000,Approved,67900000,3.686868314457746,0.5375552203600115
1,Graduate,0,8400000,21800000,2,492,4000000,11000000,18200000,6600000,Rejected,39800000,2.5952377862812157,0.5477386797050583
3,0t Graduate,1,500000,1700000,4,824,500000,600000,1400000,400000,Approved,2900000,3.3999932000136,0.5862066944114847
2,Graduate,0,1700000,5700000,10,602,4900000,2700000,4500000,1800000,Approved,13900000,3.3529392041534094,0.4100719129444667
1,0t Graduate,1,6500000,18300000,10,722,11900000,8600000,19200000,4500000,Approved,44200000,2.815384182248587,0.4140271399541371
1,0t Graduate,0,8900000,28400000,6,709,21600000,5500000,26200000,7900000,Approved,61200000,3.191010877414508,0.4640522799991458
1,0t Graduate,0,400000,1400000,4,302,200000,100000,1500000,500000,Approved,2300000,3.499991250021875,0.6086953875237445
3,0t Graduate,0,5700000,12300000,6,364,7900000,11000000,20000000,5500000,Rejected,44400000,2.157894358264148,0.2770270207876797
0,0t Graduate,1,9600000,23800000,12,389,25200000,15800000,27000000,8300000,Rejected,76300000,2.479166408420166,0.31192660141642725
0,Graduate,1,8500000,20000000,16,786,13300000,7400000,17700000,8900000,Approved,47300000,2.352940899654012,0.42283297203312953
0,Graduate,0,4000000,11500000,8,434,4500000,2800000,8400000,5900000,Rejected,21600000,2.87499928125018,0.5324073827589174
2,0t Graduate,1,6300000,18100000,6,671,7900000,8200000,13200000,5400000,Approved,34700000,2.87301541698168,0.5216138178209274
3,Graduate,1,4000000,14700000,8,376,3000000,6200000,8900000,4200000,Rejected,22300000,3.67499908125023,0.6591927955518926
4,Graduate,0,9400000,32200000,6,898,27600000,11800000,19500000,8600000,Approved,67500000,3.425531550475367,0.4770370299698218
5,Graduate,1,4100000,15500000,10,836,10500000,1100000,15200000,3600000,Approved,30400000,3.7804868828080775,0.5098684042806446
4,Graduate,1,1100000,4400000,6,515,1000000,700000,4300000,1500000,Rejected,7500000,3.9999963636396694,0.5866665884444549
3,0t Graduate,0,8700000,24800000,20,360,25300000,8700000,31100000,4300000,Rejected,69400000,2.85057438499145,0.3573486980209121
4,Graduate,1,4900000,12800000,2,691,200000,4900000,14700000,7000000,Approved,26800000,2.6122443648480886,0.47761192247716705
1,0t Graduate,1,2800000,9100000,14,510,2400000,4200000,10400000,3000000,Rejected,20000000,3.2499988392861288,0.45499997725000113
0,Graduate,0,9600000,23200000,18,389,1000000,17600000,22200000,8800000,Rejected,49600000,2.4166664149305817,0.4677419260535902
3,Graduate,1,6900000,19000000,14,348,4200000,3700000,19400000,4900000,Rejected,32200000,2.7536227893300307,0.5900620934763325
2,0t Graduate,1,2300000,8100000,2,504,1800000,3100000,4600000,3100000,Approved,12600000,3.521737599244522,0.6428570918367388
2,0t Graduate,0,6800000,21300000,20,658,7800000,7000000,25900000,9600000,Approved,50300000,3.1323524805364,0.4234592361141305
1,0t Graduate,1,2200000,5400000,16,641,5900000,0,4800000,1200000,Approved,11900000,2.4545443388434824,0.453781474472145
2,0t Graduate,0,5900000,19800000,20,327,7800000,1500000,19700000,8500000,Rejected,37500000,3.3559316345878587,0.5279999859200004
1,Graduate,1,7000000,20300000,18,726,11600000,13100000,17100000,9000000,Approved,50800000,2.899999585714345,0.39960629134633285
1,Graduate,1,9600000,34100000,20,828,26100000,19000000,20800000,12400000,Approved,78300000,3.5520829633246915,0.43550446442523033
0,Graduate,0,6500000,14500000,12,755,9000000,11900000,20800000,3400000,Approved,45100000,2.2307688875740173,0.32150775340337573
2,0t Graduate,1,3800000,7600000,20,788,1700000,5200000,9200000,5600000,Approved,21700000,1.999999473684349,0.3502303986068941
2,Graduate,0,9400000,25100000,20,832,19400000,2100000,22300000,5900000,Approved,49700000,2.670212481892289,0.5050301709249463
0,0t Graduate,0,2100000,8200000,4,554,3900000,3800000,5900000,1700000,Approved,15300000,3.904760045352359,0.5359476773890407
1,0t Graduate,1,8500000,26200000,8,811,22800000,6400000,32500000,12700000,Approved,74400000,3.0823525785467556,0.3521505329012025
5,Graduate,1,3800000,12000000,2,649,6200000,5300000,10300000,4200000,Approved,26000000,3.157893905817393,0.46153844378698294
1,0t Graduate,1,3400000,9700000,20,830,3500000,6400000,10300000,4800000,Approved,25000000,2.852940337370489,0.3879999844800006
1,Graduate,1,5600000,11700000,6,707,4500000,800000,19000000,3900000,Approved,28200000,2.089285341199046,0.4148936023087375
0,Graduate,1,8500000,33700000,10,483,18800000,8900000,29000000,12200000,Rejected,68900000,3.96470541591701,0.48911465182707325
4,0t Graduate,1,2100000,5500000,18,349,100000,0,6600000,2000000,Rejected,8700000,2.61904637188268,0.6321838353811684
4,Graduate,0,400000,1500000,4,846,300000,0,1600000,600000,Approved,2500000,3.7499906250234374,0.599999760000096
4,0t Graduate,0,7900000,31500000,20,386,14300000,3800000,23800000,7500000,Rejected,49400000,3.987341267425156,0.6376518089544169
5,0t Graduate,0,6900000,19200000,12,408,10000000,5000000,24900000,9000000,Rejected,48900000,2.7826082923756097,0.39263802878040843
0,0t Graduate,1,1800000,3900000,2,764,2200000,700000,3500000,1200000,Approved,7600000,2.1666654629636315,0.5131578272160754
0,Graduate,1,1200000,3200000,18,473,2100000,600000,2400000,1200000,Rejected,6300000,2.666664444446296,0.5079364273116782
3,0t Graduate,0,3600000,9800000,12,654,600000,1300000,7500000,2200000,Approved,11600000,2.722221466049593,0.8448275133769385
1,Graduate,0,7200000,22800000,2,551,15000000,8700000,21300000,9500000,Approved,54500000,3.166666226851913,0.4183486161770896
5,Graduate,0,9400000,21800000,6,850,13300000,11700000,24800000,6800000,Approved,56600000,2.319148689452267,0.38515900379577733
5,Graduate,0,9000000,24200000,4,646,12400000,5500000,18100000,11900000,Approved,47900000,2.68888859012349,0.505219196133211
1,0t Graduate,1,1000000,2100000,8,793,2900000,1300000,2200000,1400000,Approved,7800000,2.0999979000021,0.2692307347140084
3,0t Graduate,0,5600000,19900000,16,551,14000000,4200000,16100000,4500000,Approved,38800000,3.5535707940052155,0.512886584719418
1,Graduate,0,900000,2600000,4,346,400000,700000,2900000,900000,Rejected,4900000,2.888885679015912,0.530612136609768
5,0t Graduate,1,9000000,19100000,14,540,11300000,800000,18300000,4900000,Rejected,35300000,2.1222219864197793,0.5410764719241793
2,0t Graduate,0,3100000,9000000,20,892,5000000,5600000,7100000,4000000,Approved,21700000,2.9032248699274614,0.41474652466605877
1,0t Graduate,1,8000000,20700000,6,570,1000000,11700000,23200000,11300000,Approved,47200000,2.5874996765625404,0.43855931274238746
4,0t Graduate,1,3500000,11300000,16,874,1400000,3800000,10100000,3700000,Approved,19000000,3.2285705061227126,0.5947368108033257
4,Graduate,0,3900000,12600000,8,553,8200000,2500000,12300000,4500000,Approved,27500000,3.2307684023670764,0.45818180152066174
2,Graduate,0,9700000,34500000,10,649,10600000,7600000,24800000,5900000,Approved,48900000,3.5567006642576633,0.7055214579647964
4,Graduate,0,4500000,15800000,14,439,8900000,6900000,15200000,4400000,Rejected,35400000,3.511110330864371,0.4463276710076929
5,0t Graduate,0,6800000,24800000,8,621,13000000,13500000,23300000,4800000,Approved,54600000,3.6470582871973107,0.4542124458935449
2,0t Graduate,0,6300000,18600000,14,872,9900000,11900000,16100000,7500000,Approved,45400000,2.9523804837491294,0.40969162093190264
2,Graduate,0,4900000,18500000,8,492,12900000,5000000,10200000,5800000,Rejected,33900000,3.7755094335695034,0.5457226977662921
0,Graduate,0,4800000,18600000,6,618,12300000,5900000,16800000,4000000,Approved,39000000,3.8749991927085015,0.4769230646942804
5,Graduate,0,7500000,15800000,18,458,7800000,6500000,22400000,8400000,Rejected,45100000,2.106666385777815,0.35033258646712667
5,0t Graduate,0,5200000,13900000,4,422,7800000,4500000,12000000,7000000,Rejected,31300000,2.6730764090237673,0.4440894426808485
3,0t Graduate,1,9400000,30900000,20,873,22800000,17700000,19300000,9000000,Approved,68800000,3.2872336928474795,0.44912790044872236
5,0t Graduate,0,3200000,10000000,14,610,2900000,3800000,8600000,3500000,Approved,18800000,3.1249990234378053,0.5319148653236774
1,0t Graduate,1,3600000,13200000,20,546,8900000,3600000,13900000,2900000,Rejected,29300000,3.666665648148431,0.4505119300166577
1,0t Graduate,1,3400000,7200000,8,741,4300000,6600000,11500000,3900000,Approved,26300000,2.1176464359863423,0.2737642481458461
3,Graduate,0,2100000,8200000,6,754,900000,2900000,4900000,1000000,Approved,9700000,3.904760045352359,0.8453607375916765
1,Graduate,0,7200000,15100000,8,379,2600000,8300000,21700000,8200000,Rejected,40800000,2.0972219309413984,0.37009803014465614
5,Graduate,0,4500000,16900000,18,455,2700000,2500000,10700000,5600000,Rejected,21500000,3.7555547209878397,0.7860464750676058
0,Graduate,1,2600000,9000000,20,615,6800000,0,8400000,3400000,Approved,18600000,3.461537130178027,0.4838709417273687
4,Graduate,1,6400000,21700000,10,384,16500000,8200000,15100000,5700000,Rejected,45500000,3.3906244702149264,0.47692306644125126
0,Graduate,0,6400000,25100000,16,628,16100000,2900000,18100000,6400000,Approved,43500000,3.921874387207127,0.5770114809882418
3,Graduate,0,3100000,11200000,16,865,3600000,4600000,6600000,4200000,Approved,19000000,3.612902060354174,0.5894736531855972
2,Graduate,0,1800000,5300000,2,679,1000000,1400000,5800000,900000,Approved,9100000,2.944442808642884,0.5824175184156574
1,Graduate,1,9300000,19000000,14,689,24000000,11500000,35100000,9000000,Approved,79600000,2.04301053300962,0.2386934643380218
5,0t Graduate,1,6500000,13800000,10,636,13000000,5500000,19400000,8100000,Approved,46000000,2.123076596449754,0.299999993478261
1,0t Graduate,0,3100000,6600000,20,837,4000000,4200000,12300000,4300000,Approved,24800000,2.129031571280138,0.2661290215270556
3,0t Graduate,0,2300000,8500000,12,557,3600000,1400000,6200000,1300000,Approved,12500000,3.695650567108449,0.6799999456000043
2,Graduate,0,500000,1700000,10,324,300000,300000,1800000,700000,Rejected,3100000,3.3999932000136,0.5483869198751872
0,0t Graduate,1,3700000,9300000,14,531,8300000,1000000,8900000,1900000,Rejected,20100000,2.5135128341857205,0.46268654414494803
4,0t Graduate,1,8600000,21400000,14,476,6200000,2700000,28000000,12800000,Rejected,49700000,2.488371803677697,0.43058349234238447
4,Graduate,0,2600000,8500000,4,775,600000,3800000,10400000,2600000,Approved,17400000,3.269229511834803,0.48850571905139545
1,0t Graduate,1,7100000,18000000,20,477,6600000,13200000,19300000,9300000,Rejected,48400000,2.5352109105336744,0.3719008187623798
4,0t Graduate,1,7000000,19800000,16,682,9300000,5300000,14500000,7300000,Approved,36400000,2.8285710244898534,0.543956029012197
5,0t Graduate,0,8300000,17700000,12,334,19600000,13200000,22500000,9800000,Rejected,65100000,2.132529863550619,0.27188939674517054
3,Graduate,1,6800000,23900000,12,565,18800000,2800000,18800000,6700000,Approved,47100000,3.514705365484505,0.5074309871033761
1,0t Graduate,1,9900000,25700000,2,340,15600000,18800000,29500000,11800000,Rejected,75700000,2.5959593337414812,0.33949801400927326
2,Graduate,0,5100000,11000000,14,322,7900000,2900000,10700000,5900000,Rejected,27400000,2.1568623221838585,0.40145983936277957
4,Graduate,1,3500000,10700000,8,883,200000,2300000,8400000,2000000,Approved,12900000,3.057141983673719,0.8294573000420697
3,Graduate,1,4300000,12800000,16,346,3300000,1100000,11900000,3800000,Rejected,20100000,2.976743493780583,0.6368158887156274
0,Graduate,1,5300000,20200000,2,861,500000,800000,16500000,6200000,Approved,24000000,3.8113200355999934,0.8416666315972237
5,Graduate,1,6400000,21900000,12,699,15700000,500000,17200000,3800000,Approved,37200000,3.421874465332115,0.5887096615938263
0,Graduate,0,9300000,27200000,8,629,4500000,14300000,26900000,5000000,Approved,50700000,2.924730868308509,0.5364891412921274
3,Graduate,0,1100000,3100000,14,359,1500000,1000000,4000000,1000000,Rejected,7500000,2.818179256200676,0.4133332782222296
2,0t Graduate,0,7100000,27000000,10,430,20700000,8300000,24500000,4200000,Rejected,57700000,3.802816365800512,0.46793760020905373
4,0t Graduate,0,1100000,3300000,18,417,1400000,1000000,4200000,700000,Rejected,7300000,2.999997272729752,0.4520547325952421
2,Graduate,0,1900000,5200000,6,896,4300000,100000,6200000,2400000,Approved,13000000,2.736840664820703,0.3999999692307716
0,0t Graduate,0,1300000,3900000,16,690,3600000,1700000,4700000,800000,Approved,10800000,2.9999976923094676,0.3611110776749002
5,Graduate,0,7500000,22800000,16,347,15100000,1200000,16100000,10700000,Rejected,43100000,3.0399995946667207,0.5290023079117794
4,0t Graduate,0,2400000,7000000,4,539,2300000,0,9600000,2900000,Rejected,14800000,2.9166654513893953,0.4729729410153418
4,Graduate,1,2500000,8000000,8,464,4000000,3000000,9000000,3000000,Rejected,19000000,3.199998720000512,0.4210526094182837
4,Graduate,0,7500000,16200000,4,310,10800000,14300000,14900000,5800000,Rejected,45800000,2.1599997120000385,0.35371178267004844
3,0t Graduate,0,9300000,36600000,6,431,22000000,14600000,32900000,8800000,Rejected,78300000,3.9354834477974787,0.4674329442218015
5,0t Graduate,0,3300000,10000000,12,489,2000000,500000,7200000,2800000,Rejected,12500000,3.030302112029663,0.7999999360000051
4,0t Graduate,1,5700000,13900000,12,775,1600000,3100000,15900000,7100000,Approved,27700000,2.438596063404199,0.5018050360359193
4,0t Graduate,0,300000,600000,6,365,0,400000,600000,200000,Rejected,1200000,1.9999933333555555,0.49999958333368055
2,0t Graduate,1,1200000,4500000,10,555,100000,1100000,2700000,1400000,Approved,5300000,3.749996875002604,0.8490564435742559
4,Graduate,1,8200000,29600000,10,457,6700000,6700000,21400000,11000000,Rejected,45800000,3.609755657346871,0.6462881954958909
3,0t Graduate,0,5500000,12400000,8,580,800000,900000,19300000,7300000,Approved,28300000,2.254545044628174,0.4381625286868364
4,0t Graduate,0,1800000,7200000,20,496,3000000,1100000,7200000,2000000,Rejected,13300000,3.9999977777790123,0.5413533427553877
0,0t Graduate,0,3500000,11400000,16,837,3700000,2100000,10000000,2700000,Approved,18500000,3.257141926530878,0.6162161829072333
4,0t Graduate,1,6000000,13200000,6,455,7300000,5900000,16500000,7100000,Rejected,36800000,2.1999996333333947,0.35869564242674884
0,Graduate,1,2700000,9700000,20,551,1300000,1300000,7100000,1600000,Approved,11300000,3.592591262003236,0.8584070036807961
4,0t Graduate,1,5900000,20700000,10,825,11700000,7900000,21000000,8500000,Approved,49100000,3.5084739816145794,0.42158858611835875
1,0t Graduate,1,2100000,4200000,18,554,3400000,800000,6400000,1500000,Approved,12100000,1.999999047619501,0.34710740932996614
0,0t Graduate,1,2000000,5200000,18,400,1900000,1500000,5000000,1500000,Rejected,9900000,2.59999870000065,0.52525247219672
5,0t Graduate,0,9000000,34300000,10,853,22500000,11900000,32200000,10100000,Approved,76700000,3.811110687654368,0.4471968650952169
1,0t Graduate,1,7600000,18800000,14,403,20900000,4700000,24700000,10000000,Rejected,60300000,2.473683885041594,0.3117744558578034
3,Graduate,0,500000,1500000,6,392,1400000,200000,1800000,600000,Rejected,4000000,2.999994000012,0.37499990625002344
1,Graduate,0,6300000,19000000,20,673,14600000,8100000,16000000,4200000,Approved,42900000,3.0158725371630895,0.4428904325666566
0,Graduate,1,3100000,7100000,10,498,3800000,1100000,12200000,4300000,Rejected,21400000,2.290321841831664,0.33177568543104274
1,0t Graduate,0,1100000,2600000,6,858,1800000,1900000,2700000,600000,Approved,7000000,2.3636342148779863,0.3714285183673545
4,Graduate,1,3900000,14300000,20,477,1000000,4600000,9100000,2900000,Rejected,17600000,3.6666657264959674,0.8124999538352299
4,0t Graduate,1,8700000,28200000,12,548,11800000,9900000,19800000,8500000,Rejected,50000000,3.2413789377725357,0.5639999887200002
4,0t Graduate,1,6400000,23900000,6,300,16200000,11600000,24900000,7000000,Rejected,59700000,3.7343744165039974,0.4003350016694305
2,Graduate,1,200000,800000,12,483,100000,200000,600000,300000,Rejected,1200000,3.9999800000999994,0.666666111111574
1,Graduate,0,2400000,5800000,20,384,1700000,2500000,8400000,3100000,Rejected,15700000,2.416665659722642,0.36942672806199184
3,0t Graduate,0,8900000,35200000,10,894,17100000,5600000,27700000,9800000,Approved,60200000,3.955055735386996,0.5847175982605051
3,0t Graduate,0,6100000,14800000,10,492,6700000,3500000,17900000,6100000,Rejected,34200000,2.426229110454244,0.4327485253582303
5,0t Graduate,1,7600000,25700000,4,607,12900000,13600000,29100000,4900000,Approved,60500000,3.3815785024238814,0.42479338140837386
3,0t Graduate,0,900000,2400000,16,701,700000,0,2000000,400000,Approved,3100000,2.666663703706996,0.774193298647323
2,0t Graduate,1,7100000,19700000,20,890,13900000,3900000,22200000,4000000,Approved,44000000,2.7746474965285217,0.4477272625516531
2,0t Graduate,1,5000000,14600000,10,808,4400000,3500000,17300000,3100000,Approved,28300000,2.919999416000117,0.5159010418409525
4,Graduate,1,2000000,7400000,20,596,600000,2300000,4900000,2500000,Approved,10300000,3.699998150000925,0.718446532189657
4,Graduate,1,2600000,6200000,14,421,2500000,2200000,8900000,3400000,Rejected,17000000,2.384614467455974,0.36470586089965523
2,Graduate,1,7000000,14900000,20,495,9900000,8800000,14000000,10200000,Rejected,42900000,2.1285711244898393,0.3473193392233254
3,Graduate,0,3900000,9800000,6,604,10900000,7300000,7700000,3300000,Approved,29200000,2.512819868507726,0.33561642686245113
3,Graduate,0,8400000,32600000,4,509,22700000,12600000,32400000,8700000,Approved,76400000,3.8809519189342954,0.42670156509552926
0,Graduate,1,200000,600000,8,852,500000,0,400000,200000,Approved,1100000,2.9999850000749997,0.5454540495872277
2,0t Graduate,1,1900000,6700000,16,893,5600000,3600000,6300000,1600000,Approved,17100000,3.526313933518982,0.3918128425840443
2,0t Graduate,1,9200000,33000000,14,874,3900000,9700000,31200000,6600000,Approved,51400000,3.5869561318525944,0.6420233338127757
3,0t Graduate,1,300000,500000,6,386,800000,200000,1200000,100000,Rejected,2300000,1.6666611111296297,0.21739120982990878
5,Graduate,0,6300000,18100000,4,590,5400000,10900000,22400000,8600000,Approved,47300000,2.87301541698168,0.38266383968998224
2,0t Graduate,0,6100000,23500000,14,510,9000000,9500000,12400000,3400000,Rejected,34300000,3.8524583848428877,0.6851311753606071
3,Graduate,1,7800000,25600000,6,523,13600000,7100000,20800000,9200000,Rejected,50700000,3.282050861275531,0.5049309565102376
0,Graduate,1,2000000,6700000,8,461,4900000,2200000,7200000,2600000,Rejected,16900000,3.3499983250008376,0.3964496806834508
4,0t Graduate,0,1900000,5600000,2,832,2700000,3300000,7100000,2400000,Approved,15500000,2.9473668698069106,0.3612902992715936
2,0t Graduate,1,3300000,9600000,18,896,9900000,900000,12100000,4900000,Approved,27800000,2.9090900275484763,0.3453237285854774
0,0t Graduate,1,9500000,26000000,2,732,22500000,15600000,20400000,9300000,Approved,67800000,2.7368418171745454,0.38348082030264274
0,Graduate,1,3500000,13900000,16,301,10300000,100000,8700000,2700000,Rejected,21800000,3.971427436735018,0.6376146496507041
5,Graduate,0,4400000,15800000,4,701,4100000,6300000,17100000,4100000,Approved,31600000,3.590908274793574,0.4999999841772157
2,0t Graduate,0,2000000,4000000,14,502,4900000,1500000,5400000,1300000,Rejected,13100000,1.9999990000005,0.30534348814171847
3,0t Graduate,0,9200000,19500000,12,742,18300000,9900000,19500000,13700000,Approved,61400000,2.119564987003806,0.3175895713747627
1,0t Graduate,0,2200000,5000000,2,755,1100000,2500000,6700000,3200000,Approved,13500000,2.272726239669891,0.3703703429355302
1,0t Graduate,0,1900000,7100000,2,834,3900000,2300000,5800000,1400000,Approved,13400000,3.7368401385051904,0.5298507067275592
5,Graduate,1,8700000,18400000,12,394,18800000,3200000,24600000,12000000,Rejected,58600000,2.1149422856388176,0.3139931687031883
3,Graduate,1,9700000,19700000,4,663,16700000,2200000,36200000,5200000,Approved,60300000,2.0309276256775646,0.3266998287446131
3,Graduate,0,9400000,20300000,10,649,19600000,6700000,36100000,10000000,Approved,72400000,2.159574238343166,0.28038673645874673
4,0t Graduate,1,8000000,23200000,14,738,10900000,12100000,19900000,5400000,Approved,48300000,2.8999996375000454,0.4803312529952122
5,0t Graduate,0,1000000,2000000,4,524,2700000,1800000,2200000,700000,Rejected,7400000,1.999998000002,0.2702702337472657
5,0t Graduate,0,5300000,14600000,16,855,4200000,1600000,11200000,7400000,Approved,24400000,2.7547164613742527,0.5983606312147283
3,Graduate,1,1400000,5400000,20,304,1700000,1300000,2900000,800000,Rejected,6700000,3.8571401020427842,0.8059700289596972
2,Graduate,1,1600000,3800000,12,532,3200000,1400000,5400000,1100000,Rejected,11100000,2.374998515625928,0.34234231150069266
3,Graduate,1,3400000,8500000,6,584,4200000,4700000,6800000,3700000,Approved,19400000,2.4999992647060987,0.4381443073121491
3,Graduate,0,7800000,28700000,4,447,7200000,9500000,20100000,11300000,Approved,48100000,3.6794867077581146,0.5966735842687404
4,0t Graduate,0,7100000,19900000,14,852,4700000,3200000,19700000,7600000,Approved,35200000,2.8028165066455624,0.5653408930300883
1,0t Graduate,1,6000000,13100000,2,368,9900000,2200000,13700000,4900000,Rejected,30700000,2.183332969444505,0.42671008382051845
3,0t Graduate,1,8200000,28900000,10,447,4400000,14700000,29400000,6800000,Rejected,55300000,3.5243898140988033,0.5226039688498378
4,Graduate,0,3900000,11400000,20,867,3800000,1100000,13600000,3200000,Approved,21700000,2.923076173570212,0.5253455979103411
5,0t Graduate,1,8400000,17600000,12,397,13400000,14500000,24500000,7900000,Rejected,60300000,2.0952378458050185,0.2918739586753904
4,Graduate,0,9700000,19400000,20,798,6400000,13700000,20300000,12800000,Approved,53200000,1.9999997938144543,0.3646616472807961
1,0t Graduate,1,8300000,26300000,20,530,22800000,11000000,33200000,8000000,Rejected,75000000,3.168674317027191,0.3506666619911112
4,Graduate,0,2500000,9900000,16,356,5500000,2600000,6100000,2300000,Rejected,16500000,3.9599984160006336,0.5999999636363659
3,Graduate,0,6100000,24000000,18,718,4100000,3400000,16600000,6800000,Approved,30900000,3.934425584520396,0.7766990039903235
3,0t Graduate,0,5000000,13000000,10,459,2900000,3400000,18200000,7200000,Rejected,31700000,2.599999480000104,0.4100946242872358
3,0t Graduate,0,9500000,22200000,8,571,4400000,8600000,24400000,10500000,Approved,47900000,2.3368418592798044,0.4634655435602183
2,Graduate,0,5700000,20500000,8,412,5800000,4300000,21200000,4900000,Rejected,36200000,3.596490597106913,0.5662983268978363
1,Graduate,1,5000000,12500000,20,604,4100000,100000,12200000,7400000,Approved,23800000,2.4999995000001,0.5252100619659638
4,0t Graduate,1,8600000,20600000,16,449,10800000,10600000,28700000,5400000,Rejected,55500000,2.3953485586804,0.3711711644834024
5,0t Graduate,0,1400000,5300000,12,778,1600000,700000,4400000,700000,Approved,7400000,3.7857115816345845,0.7162161194302541
3,Graduate,0,5900000,21200000,16,476,11700000,4800000,14800000,7700000,Rejected,39000000,3.5932197299627577,0.5435897296515454
4,Graduate,1,4100000,10400000,12,727,11900000,5900000,16400000,4400000,Approved,38600000,2.536584747174452,0.26943004483341854
3,Graduate,0,7400000,18500000,8,818,10400000,8800000,28000000,8400000,Approved,55600000,2.499999662162208,0.3327338069652193
1,Graduate,1,7100000,19300000,16,738,7200000,0,24300000,3600000,Approved,35100000,2.71830947629444,0.549857534192093
5,Graduate,1,5300000,18200000,16,546,14600000,7900000,13400000,4000000,Rejected,39900000,3.4339616162336575,0.4561403394451043
2,0t Graduate,0,6600000,14100000,2,471,10800000,11400000,20700000,6000000,Rejected,48900000,2.1363633126722252,0.28834355238561243
3,0t Graduate,0,2800000,10600000,4,860,5200000,4700000,6700000,2900000,Approved,19500000,3.785712933673952,0.5435897157133479
1,0t Graduate,1,1600000,4400000,4,364,2500000,700000,4300000,2400000,Rejected,9900000,2.749998281251074,0.44444439955107073
0,Graduate,1,8500000,25300000,20,557,13000000,5100000,23900000,7100000,Approved,49100000,2.976470238062325,0.5152749385891051
1,0t Graduate,1,5200000,20700000,12,612,2200000,2600000,16500000,3200000,Approved,24500000,3.980768465236834,0.8448979246980439
2,0t Graduate,1,6400000,19300000,6,414,7200000,1800000,19100000,3900000,Rejected,32000000,3.0156245288086674,0.6031249811523444
5,Graduate,0,1300000,2900000,4,372,1700000,100000,2800000,600000,Rejected,5200000,2.2307675147942194,0.5576922004438076
0,Graduate,0,5600000,11600000,12,466,15000000,7400000,21800000,7500000,Rejected,51700000,2.0714282015306784,0.2243713689676718
3,Graduate,1,9000000,19800000,20,348,8600000,9200000,25300000,6000000,Rejected,49100000,2.1999997555555826,0.40325864759147356
1,0t Graduate,1,7800000,17200000,4,597,3700000,12700000,17400000,8500000,Approved,42300000,2.2051279224194973,0.4066193757300384
4,0t Graduate,1,4000000,11000000,8,791,500000,4700000,10300000,3000000,Approved,18500000,2.749999312500172,0.5945945624543479
0,Graduate,1,700000,1800000,12,400,1500000,1100000,2200000,300000,Rejected,5100000,2.5714248979644316,0.35294110726644956
5,Graduate,1,7300000,18700000,16,813,6600000,8200000,20000000,5800000,Approved,40600000,2.561643484706372,0.4605911216603172
0,0t Graduate,1,5200000,15400000,4,675,15300000,8800000,12800000,2900000,Approved,39800000,2.9615378920119437,0.3869346636448577
1,0t Graduate,0,6200000,18200000,18,324,3100000,12000000,19200000,3400000,Rejected,37700000,2.935483397502678,0.48275860788438707
4,Graduate,0,1100000,3600000,8,693,2400000,1300000,3800000,1500000,Approved,9000000,3.2727242975233657,0.3999999555555605
1,0t Graduate,1,5600000,13700000,8,491,10100000,3700000,18500000,4200000,Rejected,36500000,2.4464281345664047,0.3753424554700697
5,Graduate,1,3400000,9800000,8,559,3500000,2900000,8300000,2200000,Approved,16900000,2.882352093425855,0.5798816224922116
4,Graduate,0,1500000,4900000,16,392,1800000,1100000,3000000,2000000,Rejected,7900000,3.2666644888903407,0.6202530860439132
2,0t Graduate,0,5800000,18600000,18,532,10900000,900000,12300000,6700000,Rejected,30800000,3.2068959988110346,0.6038960842890881
4,0t Graduate,0,9800000,29400000,8,592,29100000,16700000,35900000,9000000,Approved,90700000,2.9999996938775824,0.3241455311560581
5,0t Graduate,0,8300000,23100000,4,459,5500000,14300000,28400000,5500000,Rejected,53700000,2.78313219480335,0.43016758975479347
4,Graduate,1,500000,1200000,4,627,0,500000,1800000,700000,Approved,3000000,2.3999952000096,0.3999998666667111
4,Graduate,0,1900000,6100000,2,462,2100000,3300000,5400000,2500000,Approved,13300000,3.2105246260396707,0.458646582056648
1,0t Graduate,1,9700000,24700000,14,600,13600000,14000000,35500000,6700000,Approved,69800000,2.546391490062733,0.35386818977266205
5,0t Graduate,0,1800000,6200000,18,366,3500000,2400000,6300000,1300000,Rejected,13500000,3.4444425308652606,0.4592592252400574
0,Graduate,1,3300000,9700000,14,356,9800000,4800000,9400000,1900000,Rejected,25900000,2.939393048668773,0.3745173600572448
5,Graduate,0,900000,2300000,16,590,1200000,1500000,2100000,900000,Approved,5700000,2.5555527160525378,0.40350870113882437
5,Graduate,1,8200000,28900000,4,485,16500000,3000000,19400000,6800000,Approved,45700000,3.5243898140988033,0.6323851065123609
1,0t Graduate,1,500000,1700000,18,617,400000,100000,1400000,500000,Approved,2400000,3.3999932000136,0.7083330381945674
5,Graduate,1,1000000,2600000,8,664,900000,1200000,3500000,900000,Approved,6500000,2.5999974000026,0.3999999384615479
3,0t Graduate,0,7100000,27900000,8,583,8900000,7600000,19600000,6300000,Approved,42400000,3.9295769113271954,0.6580188524052157
1,Graduate,1,200000,400000,18,859,300000,100000,400000,200000,Approved,1000000,1.9999900000499997,0.3999996000004
2,Graduate,0,3100000,7300000,14,504,3200000,0,7200000,1500000,Rejected,11900000,2.354837950052274,0.6134453266012331
4,Graduate,0,700000,2300000,16,688,1500000,300000,1900000,400000,Approved,4100000,3.2857095918434402,0.5609754729328115
3,0t Graduate,0,1800000,5700000,2,422,4800000,0,3700000,2300000,Approved,10800000,3.166664907408385,0.5277777289094695
3,0t Graduate,1,8400000,27000000,8,746,15000000,8400000,27000000,12500000,Approved,62900000,3.2142853316326985,0.4292527753695902
3,Graduate,0,7400000,17500000,20,317,17700000,14000000,27000000,9500000,Rejected,68200000,2.364864545288575,0.25659823670677073
2,0t Graduate,1,6700000,20200000,6,701,8800000,12200000,13900000,8200000,Approved,43100000,3.014924923145534,0.4686774833253484
1,Graduate,1,1700000,6000000,16,754,3900000,1500000,6400000,1800000,Approved,13600000,3.529409688582536,0.4411764381487913
3,0t Graduate,1,300000,600000,10,515,300000,200000,1000000,200000,Rejected,1700000,1.9999933333555555,0.3529409688582536
1,Graduate,1,3800000,8800000,12,670,5200000,4700000,12200000,3800000,Approved,25900000,2.3157888642660884,0.33976832664987155
5,Graduate,1,1300000,4000000,8,407,3800000,1300000,3500000,1100000,Rejected,9700000,3.076920710060992,0.4123710915081349
5,0t Graduate,1,3100000,10900000,12,884,6100000,3700000,12300000,4100000,Approved,26200000,3.516127898023259,0.41603051847211764
1,Graduate,1,200000,400000,20,882,400000,100000,300000,0,Approved,800000,1.9999900000499997,0.49999937500078123
2,0t Graduate,1,8100000,24700000,6,595,5500000,14300000,27300000,6500000,Approved,53600000,3.049382339582427,0.46082088692498346
1,0t Graduate,1,8900000,22900000,4,757,8200000,11600000,17800000,7800000,Approved,45400000,2.57303341876029,0.504405275233364
5,Graduate,1,4200000,8500000,4,386,8700000,4600000,10500000,6000000,Rejected,29800000,2.023809041950228,0.28523488975721845
5,0t Graduate,1,4100000,11100000,18,756,1700000,3000000,10800000,3000000,Approved,18500000,2.7073164128496554,0.5999999675675693
3,0t Graduate,0,8300000,25700000,12,453,24000000,14600000,20400000,5700000,Rejected,64700000,3.0963851691102207,0.39721792276324697
3,0t Graduate,0,7500000,25200000,8,316,1000000,800000,18300000,9000000,Rejected,29100000,3.3599995520000596,0.8659793516845583
3,Graduate,0,2100000,7700000,6,703,700000,4000000,8200000,1300000,Approved,14200000,3.666664920635752,0.5422534829398956
3,Graduate,0,1400000,3200000,8,753,2200000,2000000,3600000,2000000,Approved,9800000,2.2857126530623906,0.3265305789254511
0,0t Graduate,0,6900000,23500000,2,621,7800000,7300000,23100000,9400000,Approved,47600000,3.405796607855564,0.49369746861980107
0,Graduate,1,2500000,9100000,10,852,5000000,4700000,7400000,1500000,Approved,18600000,3.639998544000582,0.4892472855243395
3,0t Graduate,1,3800000,9400000,12,301,7800000,2800000,14900000,5000000,Rejected,30500000,2.473683559556958,0.3081967112066652
3,0t Graduate,1,7700000,29300000,10,359,6800000,6100000,21900000,4200000,Rejected,39000000,3.8051943110137256,0.7512820320184095
1,0t Graduate,0,3200000,6600000,16,534,8800000,2600000,6500000,1800000,Rejected,19700000,2.0624993554689515,0.33502536370429625
0,0t Graduate,1,8600000,20000000,10,704,25400000,10000000,30800000,10300000,Approved,76500000,2.325581124932427,0.2614379050792431
3,0t Graduate,1,3800000,13700000,16,662,4800000,400000,12400000,5300000,Approved,22900000,3.605262209141524,0.5982532489845743
3,Graduate,0,8400000,31100000,18,599,20600000,14100000,20500000,8500000,Approved,63700000,3.7023805116213677,0.4882260519901719
1,Graduate,0,1600000,5400000,4,319,4200000,2200000,4200000,1600000,Approved,12200000,3.3749978906263185,0.44262291453910535
2,0t Graduate,0,7800000,19400000,16,549,18600000,13300000,24100000,6900000,Rejected,62900000,2.4871791683103632,0.30842606822852037
1,Graduate,1,9400000,21000000,12,443,14100000,2700000,23200000,5600000,Rejected,45600000,2.234042315527413,0.4605263056902126
3,0t Graduate,1,9900000,26700000,10,550,22200000,15900000,36800000,6600000,Approved,81500000,2.696969424548543,0.327607357943468
4,0t Graduate,0,2400000,8000000,18,393,0,200000,7600000,3000000,Rejected,10800000,3.3333319444450233,0.7407406721536415
2,Graduate,1,7500000,15100000,8,488,19800000,0,28500000,6700000,Rejected,55000000,2.0133330648889247,0.2745454495537191
5,Graduate,0,3300000,11800000,16,845,6000000,1500000,9200000,2600000,Approved,19300000,3.5757564921950022,0.6113989320518688
2,Graduate,0,5500000,19000000,2,382,12500000,1000000,15200000,8100000,Approved,36800000,3.454544826446395,0.5163043337960779
5,0t Graduate,0,2400000,7500000,12,357,2600000,2900000,6100000,1300000,Rejected,12900000,3.124998697917209,0.5813953037678059
1,0t Graduate,1,8700000,27500000,16,815,8000000,13400000,23600000,5900000,Approved,50900000,3.160919176905842,0.5402750385014727
1,0t Graduate,0,9600000,26000000,16,368,18500000,16600000,29900000,8400000,Rejected,73400000,2.708333051215307,0.35422342841657456
0,Graduate,0,8400000,19800000,16,674,500000,12200000,27400000,10700000,Approved,50800000,2.3571425765306455,0.38976377185504385
5,0t Graduate,0,9200000,23900000,10,335,5800000,15300000,35400000,10700000,Rejected,67200000,2.5978258045841516,0.3556547566122804
2,Graduate,1,4600000,12600000,2,355,6300000,6900000,14800000,6500000,Rejected,34500000,2.7391298393196,0.3652173807183368
5,0t Graduate,0,7600000,17500000,6,510,9100000,3500000,15700000,9800000,Rejected,38100000,2.302631275969569,0.45931757324625794
4,Graduate,0,8500000,17800000,4,698,6700000,4300000,28600000,8000000,Approved,47600000,2.0941174006920704,0.3739495719758493
4,0t Graduate,1,3100000,8200000,18,408,2900000,3800000,10800000,3100000,Rejected,20600000,2.6451604370450204,0.39805823310396926
3,Graduate,1,4900000,13100000,18,401,5700000,4100000,16400000,3600000,Rejected,29800000,2.673468842149216,0.43959730068465436
5,0t Graduate,1,5800000,14000000,14,418,3900000,10400000,15100000,6800000,Rejected,36200000,2.4137926872771227,0.3867403208082784
0,0t Graduate,0,5700000,21300000,4,697,3000000,6800000,20000000,5500000,Approved,35300000,3.7368414496769384,0.6033994163342942
4,Graduate,0,3200000,12200000,14,683,0,1100000,7500000,2900000,Rejected,11500000,3.8124988085941225,1.0608694729678718
4,0t Graduate,1,8000000,31500000,16,763,14900000,8800000,17600000,8900000,Approved,50200000,3.9374995078125616,0.6274900273408361
4,0t Graduate,0,5000000,11400000,6,336,1600000,4000000,15500000,2500000,Rejected,23600000,2.2799995440000913,0.48305082698937174
2,0t Graduate,1,2900000,8300000,10,693,7500000,1900000,9700000,4300000,Approved,23400000,2.8620679785972487,0.35470083954269915
2,0t Graduate,0,6400000,23900000,18,745,14800000,4000000,16300000,7000000,Approved,42100000,3.7343744165039974,0.5676959485107851
5,Graduate,0,6300000,22500000,18,629,300000,3900000,23100000,8000000,Approved,35300000,3.5714280045352376,0.6373937496489023
0,0t Graduate,0,5900000,23300000,16,581,2200000,8100000,14900000,5800000,Approved,31000000,3.949151873025106,0.7516128789802297
1,Graduate,0,8100000,29600000,4,672,8200000,5100000,21100000,5400000,Approved,39800000,3.6543205365036373,0.7437185742784278
5,Graduate,1,7100000,20100000,4,700,16900000,2900000,15600000,4500000,Approved,39900000,2.8309855167626035,0.5037593858706921
1,0t Graduate,0,1400000,4400000,14,787,1600000,1200000,4200000,800000,Approved,7800000,3.1428548979607873,0.5641024917817318
3,Graduate,1,2300000,8000000,8,300,4200000,3800000,7300000,1200000,Rejected,16500000,3.4782593572785405,0.48484845546372995
1,Graduate,0,7400000,16100000,4,655,22000000,12900000,25300000,4300000,Approved,64500000,2.175675381665489,0.24961239923081552
0,Graduate,1,5300000,13300000,12,572,4200000,2500000,18000000,7100000,Approved,31800000,2.5094334887861343,0.4182389805585226
5,Graduate,1,7700000,16400000,2,663,1100000,14800000,15800000,3900000,Approved,35600000,2.1298698532636555,0.46067414436308585
0,0t Graduate,0,5000000,10700000,16,726,1600000,1100000,15700000,4800000,Approved,23200000,2.1399995720000855,0.4612068766721174
5,0t Graduate,1,6000000,12300000,12,680,11400000,5300000,13800000,7300000,Approved,37800000,2.04999965833339,0.325396816788444
0,Graduate,0,1400000,2700000,2,685,3400000,800000,5400000,1300000,Approved,10900000,1.9285700510213921,0.2477063992929909
5,0t Graduate,1,9400000,23100000,6,762,12400000,10200000,22300000,6600000,Approved,51500000,2.4574465470801545,0.4485436806108023
3,0t Graduate,0,5200000,17200000,18,768,9200000,5500000,11700000,3800000,Approved,30200000,3.3076916715977553,0.5695364049822382
0,Graduate,0,3100000,11100000,8,504,3500000,4600000,11400000,1800000,Rejected,21300000,3.580644006243869,0.5211267360973363
3,0t Graduate,1,8400000,20500000,12,796,22900000,10500000,17600000,11200000,Approved,62200000,2.4404758999433454,0.32958198827038604
0,0t Graduate,0,1200000,2900000,18,348,400000,1200000,2900000,600000,Rejected,5100000,2.416664652779456,0.5686273394848353
5,0t Graduate,1,4800000,13100000,6,717,8300000,8900000,18300000,2800000,Approved,38300000,2.7291660980903965,0.34203654459434607
5,0t Graduate,1,9200000,34200000,4,565,500000,13900000,23600000,12300000,Approved,50300000,3.717390900283598,0.6799204636198715
2,0t Graduate,0,5300000,10900000,6,647,14600000,3500000,18700000,3200000,Approved,40000000,2.056603385546531,0.2724999931875002
3,Graduate,0,4700000,10900000,2,626,9200000,2300000,14600000,5200000,Approved,31300000,2.319148442734374,0.3482428003756294
0,0t Graduate,0,6500000,24700000,6,554,2700000,1100000,22700000,9600000,Approved,36100000,3.7999994153847054,0.6842105073625898
4,Graduate,1,3200000,11500000,20,864,8700000,5000000,12100000,4100000,Approved,29900000,3.593748876953476,0.38461537175199423
4,Graduate,0,4600000,12500000,6,406,10800000,200000,14000000,6800000,Rejected,31800000,2.7173907136107145,0.39308174864522805
5,Graduate,0,700000,1800000,10,650,1300000,100000,1500000,300000,Approved,3200000,2.5714248979644316,0.562499824218805
5,0t Graduate,1,7600000,16500000,8,534,8900000,10300000,24900000,8300000,Rejected,52400000,2.171052345914165,0.314885490173941
4,Graduate,0,1200000,2600000,8,872,1600000,2100000,2700000,900000,Approved,7300000,2.166664861112616,0.35616433477200893
2,Graduate,0,5100000,16500000,12,845,12100000,9000000,11400000,5700000,Approved,38200000,3.235293483275788,0.4319371614676136
1,0t Graduate,1,4300000,16300000,14,792,400000,400000,10200000,4000000,Rejected,15000000,3.790696792861211,1.0866665942222271
4,Graduate,0,300000,1200000,18,544,700000,100000,800000,100000,Rejected,1700000,3.999986666711111,0.7058819377165072
2,Graduate,1,4000000,13000000,10,552,3700000,1600000,15600000,3400000,Approved,24300000,3.2499991875002032,0.5349794018526995
5,0t Graduate,0,3900000,14900000,12,837,1100000,500000,14400000,3600000,Approved,19600000,3.8205118408943997,0.7602040428467325
0,0t Graduate,1,6900000,21300000,18,845,17400000,5600000,21400000,6600000,Approved,51000000,3.086956074354192,0.4176470506343716
4,0t Graduate,1,7000000,24100000,10,677,18800000,6000000,21600000,6300000,Approved,52700000,3.4428566510204783,0.4573054941687762
1,Graduate,0,6300000,18300000,20,430,13000000,1300000,23000000,9200000,Rejected,46500000,2.9047614436886597,0.3935483786333682
3,Graduate,1,8900000,22500000,12,887,23300000,10800000,33500000,9500000,Approved,77100000,2.5280896035854377,0.29182878998925044
0,0t Graduate,1,5700000,19400000,8,544,4300000,6400000,19900000,5800000,Rejected,36400000,3.403508174823127,0.5329670183250819
4,0t Graduate,1,5200000,18300000,10,355,400000,3800000,10600000,3400000,Rejected,18200000,3.5192300924557514,1.0054944502475576
4,Graduate,0,7400000,17500000,4,540,8800000,7600000,17900000,3600000,Rejected,37900000,2.364864545288575,0.46174141261896007
5,Graduate,0,6500000,16000000,14,444,1100000,7900000,23100000,7900000,Rejected,40000000,2.461538082840295,0.39999999000000025
3,Graduate,0,6200000,14900000,14,567,1200000,9100000,20800000,8800000,Approved,39900000,2.40322541883461,0.3734335746006623
5,0t Graduate,1,2400000,6500000,20,513,6400000,2100000,5200000,2600000,Rejected,16300000,2.7083322048615814,0.39877298167036923
0,0t Graduate,0,2500000,7100000,10,590,4000000,800000,6100000,2600000,Approved,13500000,2.8399988640004543,0.5259258869684528
2,Graduate,1,2700000,8500000,20,368,4900000,4500000,5900000,2100000,Rejected,17400000,3.1481469821677845,0.48850571905139545
5,0t Graduate,0,3000000,7600000,6,413,2300000,3500000,11400000,1700000,Rejected,18900000,2.53333248888917,0.40211638084040313
4,Graduate,1,6100000,13600000,4,401,10700000,2000000,20500000,3900000,Rejected,37100000,2.2295078312282244,0.36657680952623156
3,Graduate,0,1500000,5400000,18,687,200000,400000,4500000,1700000,Approved,6800000,3.5999976000016,0.7941175302768337
2,Graduate,0,6500000,14100000,14,577,4600000,12000000,25100000,3900000,Approved,45600000,2.16923043550301,0.309210519534857
4,0t Graduate,0,200000,700000,10,576,500000,100000,400000,300000,Approved,1300000,3.4999825000874996,0.5384611242606736
1,0t Graduate,0,9900000,23400000,16,687,28200000,3700000,29600000,8200000,Approved,69700000,2.36363612488524,0.33572452889921767
4,Graduate,0,5500000,11600000,12,474,1800000,2400000,20100000,5600000,Rejected,29900000,2.1090905256199046,0.38795985324548987
4,Graduate,0,1200000,4400000,6,709,2800000,2300000,4100000,1700000,Approved,10900000,3.6666636111136572,0.4036696877367259
4,Graduate,1,6900000,20200000,18,438,9600000,6200000,26800000,5700000,Rejected,48300000,2.927535807603506,0.4182194530389347
3,Graduate,1,8000000,25300000,4,306,22300000,7300000,24400000,6600000,Approved,60600000,3.1624996046875493,0.4174917422856148
3,0t Graduate,1,4100000,13900000,20,383,1900000,2300000,15800000,3800000,Rejected,23800000,3.3902430755504693,0.5840335889061518
2,Graduate,0,1400000,4700000,20,563,400000,2300000,2800000,1400000,Approved,6900000,3.3571404591853864,0.6811593215711128
4,0t Graduate,1,1600000,3200000,20,371,1600000,2300000,4600000,1000000,Rejected,9500000,1.9999987500007812,0.33684206980609793
1,Graduate,0,2100000,4200000,12,379,2700000,2100000,8100000,2500000,Rejected,15400000,1.999999047619501,0.2727272550177107
1,0t Graduate,0,8800000,30200000,18,897,17100000,7900000,28700000,11100000,Approved,64800000,3.4318177918388875,0.4660493755239294
3,0t Graduate,1,7100000,25400000,10,725,20600000,5300000,16000000,8600000,Approved,50500000,3.577464284864185,0.5029702870698953
1,0t Graduate,0,8600000,31500000,16,678,19700000,13400000,22200000,5300000,Approved,60600000,3.662790271768573,0.5198019716204295
2,0t Graduate,1,5400000,14800000,6,724,1000000,400000,13100000,5400000,Approved,19900000,2.740740233196253,0.7437185555920324
3,Graduate,1,1000000,2500000,6,808,2900000,600000,2000000,500000,Approved,6000000,2.4999975000025,0.4166665972222338
0,Graduate,0,5400000,18400000,8,625,12100000,3000000,13000000,4800000,Approved,32900000,3.4074067764061526,0.5592704997182218
2,Graduate,0,4200000,16800000,4,771,6500000,4500000,10500000,5800000,Approved,27300000,3.999999047619274,0.6153845928430552
2,0t Graduate,0,7500000,22400000,14,695,8100000,3900000,15300000,9400000,Approved,36700000,2.9866662684444973,0.6103542068023377
4,Graduate,0,1200000,3300000,2,564,2200000,500000,4700000,1100000,Approved,8500000,2.749997708335243,0.38823524844291196
4,Graduate,1,6300000,14500000,10,349,3800000,12300000,16500000,5700000,Rejected,38300000,2.301586936256042,0.3785900684441235
4,Graduate,1,300000,900000,4,797,300000,400000,600000,400000,Approved,1700000,2.9999900000333333,0.5294114532873804
3,Graduate,0,7400000,28800000,8,391,20000000,7900000,23600000,7200000,Rejected,58700000,3.891891365960626,0.49063031532145973
5,0t Graduate,0,2200000,5400000,12,833,4900000,3300000,7000000,1600000,Approved,16800000,2.4545443388434824,0.3214285522959195
5,Graduate,0,4000000,9100000,10,515,600000,6400000,9900000,5500000,Rejected,22400000,2.274999431250142,0.4062499818638401
4,Graduate,1,2700000,10400000,16,671,6100000,3700000,5600000,4000000,Approved,19400000,3.8518504252405834,0.5360824465936883
0,0t Graduate,1,2000000,6900000,4,404,4900000,1600000,4200000,3000000,Approved,13700000,3.4499982750008624,0.503649598273752
4,0t Graduate,0,6400000,14800000,6,537,2300000,3700000,18600000,6500000,Rejected,31100000,2.3124996386719316,0.47588422907124667
5,0t Graduate,1,1400000,5100000,4,348,2100000,900000,4000000,1300000,Approved,8300000,3.642854540818185,0.6144577572942461
0,0t Graduate,1,2800000,6300000,12,647,4100000,0,8700000,2300000,Approved,15100000,2.2499991964288584,0.41721851541599236
2,0t Graduate,1,8200000,28700000,14,316,23300000,16100000,17700000,4300000,Rejected,61400000,3.4999995731707836,0.46742670248490714
3,0t Graduate,0,9000000,26700000,14,638,5300000,0,31300000,5200000,Approved,41800000,2.966666337037074,0.6387559655800008
5,0t Graduate,1,800000,2100000,12,363,1200000,1000000,3100000,900000,Rejected,6200000,2.6249967187541015,0.33870962278877054
4,0t Graduate,1,6100000,21200000,6,808,700000,7200000,22300000,6100000,Approved,36300000,3.47540926632635,0.5840220224787321
4,0t Graduate,1,2400000,9400000,2,871,3700000,300000,7100000,3500000,Approved,14600000,3.9166650347229024,0.6438355723400293
4,Graduate,1,6000000,17000000,12,607,15300000,3200000,22100000,3900000,Approved,44500000,2.83333286111119,0.3820224633253379
2,0t Graduate,1,7900000,22500000,6,571,8100000,5300000,17900000,8100000,Approved,39400000,2.8481009053036828,0.5710659753536554
3,Graduate,1,9500000,25700000,18,446,16900000,13600000,29300000,10100000,Rejected,69900000,2.705262873130224,0.3676680920219157
3,0t Graduate,1,1800000,6400000,20,436,1500000,2900000,4400000,1300000,Rejected,10100000,3.555553580248011,0.6336633035976927
3,0t Graduate,1,5800000,14100000,12,738,11700000,4400000,15400000,8400000,Approved,39900000,2.4310340636148164,0.3533834497898885
3,Graduate,0,2800000,9400000,10,519,7000000,3500000,7700000,1500000,Rejected,19700000,3.3571416581636937,0.4771573361849068
3,Graduate,1,4000000,8300000,8,531,3700000,7400000,15200000,5900000,Rejected,32200000,2.0749994812501296,0.25776396715018735
1,0t Graduate,0,1000000,3400000,18,578,2300000,400000,3100000,1200000,Approved,7000000,3.3999966000034,0.48571421632654055
0,Graduate,0,9100000,21100000,20,578,5900000,6200000,33700000,5600000,Approved,51400000,2.318681063881202,0.4105058285893808
0,Graduate,0,4600000,18100000,14,442,2800000,200000,15600000,3300000,Rejected,21900000,3.9347817533083145,0.8264839805258456
2,0t Graduate,0,7800000,16900000,6,751,17400000,6300000,20400000,11700000,Approved,55800000,2.1666663888889244,0.302867378084814
4,Graduate,1,6600000,18800000,10,353,16500000,9500000,20000000,6200000,Rejected,52200000,2.8484844168963006,0.3601532498054933
5,0t Graduate,0,9800000,26600000,12,664,5200000,2900000,22500000,14100000,Approved,44700000,2.7142854373178125,0.595078286463573
1,Graduate,0,7400000,26600000,18,505,2200000,2400000,22400000,3900000,Rejected,30900000,3.594594108838634,0.8608413960892752
3,Graduate,1,4300000,16600000,10,571,5700000,3700000,12800000,5800000,Approved,28000000,3.8604642184966935,0.5928571216836742
2,0t Graduate,1,9800000,34600000,16,754,12400000,14900000,34700000,6100000,Approved,68100000,3.5306118846314405,0.5080763508358832
5,0t Graduate,0,1100000,3900000,20,858,3200000,1200000,3800000,1100000,Approved,9300000,3.5454513223169797,0.4193547936177641
3,Graduate,1,8600000,21800000,20,641,5300000,8800000,24000000,9100000,Approved,47200000,2.534883426176346,0.46186439699439835
0,0t Graduate,1,9400000,35500000,16,592,9300000,11800000,30500000,5800000,Approved,57400000,3.776595342915389,0.6184668881800194
3,Graduate,1,5300000,20300000,14,432,15000000,0,17200000,5900000,Rejected,38100000,3.83018795656831,0.5328083849656592
1,0t Graduate,1,8700000,33800000,18,558,18300000,11500000,31500000,5900000,Approved,67200000,3.885057024706089,0.5029761829914259
3,Graduate,1,4800000,14200000,12,547,10400000,700000,9800000,2400000,Rejected,23300000,2.9583327170140175,0.6094420339295264
4,0t Graduate,0,4400000,9800000,18,732,2400000,2400000,15100000,4400000,Approved,24300000,2.2272722210744953,0.40329216447357347
1,Graduate,1,5400000,19300000,12,784,5000000,1800000,20300000,6500000,Approved,33600000,3.5740734122086275,0.5744047448093826
5,0t Graduate,1,8400000,31900000,10,605,18900000,10300000,22000000,9100000,Approved,60300000,3.797618595521596,0.5290215500991451
1,Graduate,1,5400000,19500000,18,688,12100000,800000,17000000,3500000,Approved,33400000,3.611110442386955,0.5838323178493318
3,0t Graduate,1,9400000,32100000,10,617,22700000,5800000,29400000,11400000,Approved,69300000,3.41489325373476,0.4632034565194306
0,0t Graduate,1,800000,2400000,4,518,500000,800000,2800000,500000,Approved,4600000,2.9999962500046875,0.5217390170132572
0,0t Graduate,0,3800000,14800000,10,390,5900000,5700000,9500000,4600000,Rejected,25700000,3.894735817174785,0.5758754639737174
4,Graduate,0,3100000,6300000,4,370,8600000,4100000,8800000,2800000,Rejected,24300000,2.032257408949223,0.25925924859015437
3,0t Graduate,1,6000000,21300000,4,802,4700000,8900000,17300000,7600000,Approved,38500000,3.549999408333432,0.553246738876708
2,0t Graduate,1,6800000,15500000,12,338,9900000,1200000,21800000,8500000,Rejected,41400000,2.279411429498319,0.3743961262223158
5,0t Graduate,0,5200000,11700000,6,658,8100000,5100000,11400000,5600000,Approved,30200000,2.2499995673077757,0.38741720571466204
0,0t Graduate,0,1900000,6700000,12,595,3000000,3200000,4900000,1700000,Approved,12800000,3.526313933518982,0.5234374591064485
5,Graduate,1,3600000,8500000,20,594,4400000,6400000,7400000,4500000,Approved,22700000,2.3611104552470956,0.37444932271148357
3,Graduate,1,1500000,4100000,14,611,600000,2000000,4800000,2100000,Approved,9500000,2.733331511112326,0.43157890193906295
3,0t Graduate,0,2000000,5800000,8,799,3000000,3100000,5500000,1000000,Approved,12600000,2.899998550000725,0.46031742378433144
5,Graduate,0,9200000,18600000,20,497,1000000,300000,24200000,10700000,Rejected,36200000,2.0217389106805532,0.5138121405024271
0,0t Graduate,1,6100000,15900000,18,456,12900000,10800000,19100000,8800000,Rejected,51600000,2.6065569497447623,0.3081395289120246
5,0t Graduate,0,300000,500000,8,396,400000,300000,1200000,200000,Rejected,2100000,1.6666611111296297,0.23809512471660726
1,Graduate,0,800000,2300000,10,770,900000,900000,2900000,1100000,Approved,5800000,2.874996406254492,0.3965516557669559
0,0t Graduate,0,3300000,9000000,16,797,3000000,6400000,10300000,3300000,Approved,23000000,2.727271900826697,0.3913043308128552
1,0t Graduate,0,5800000,18700000,20,586,14100000,3000000,15600000,6000000,Approved,38700000,3.2241373751487283,0.48320412188103046
5,0t Graduate,0,8500000,23400000,16,604,25100000,16500000,24500000,4800000,Approved,70900000,2.7529408525951937,0.3300423084620267
0,0t Graduate,1,4100000,12800000,8,799,3700000,700000,9400000,2700000,Approved,16500000,3.121950458060864,0.7757575287419679
2,Graduate,0,7800000,26400000,4,763,2200000,8400000,16600000,6700000,Approved,33900000,3.384614950690391,0.7787610389746006
0,Graduate,0,7500000,23000000,14,725,8900000,4800000,20200000,7100000,Approved,41000000,3.066666257777832,0.5609755960737659
2,Graduate,0,2300000,8800000,18,336,1800000,800000,5200000,1500000,Rejected,9300000,3.826085293006394,0.9462364573939294
4,Graduate,1,600000,2300000,6,495,1700000,600000,2000000,300000,Rejected,4600000,3.8333269444550924,0.49999989130437145
1,0t Graduate,0,2900000,11500000,20,431,3600000,3800000,5900000,3100000,Rejected,16400000,3.9655158739600433,0.7012194694378372
5,0t Graduate,0,900000,2200000,2,415,600000,1700000,2900000,700000,Rejected,5900000,2.4444417283980795,0.3728812927319843
5,Graduate,1,9000000,20400000,6,451,5200000,11400000,28200000,9000000,Rejected,53800000,2.2666664148148428,0.37918214908583364
1,0t Graduate,0,4800000,14300000,4,489,12400000,7900000,17700000,3600000,Rejected,41600000,2.979166046007074,0.34374999173677906
1,Graduate,0,1600000,4600000,12,415,800000,600000,3900000,1500000,Rejected,6800000,2.874998203126123,0.6764704887543399
3,0t Graduate,0,2600000,8100000,12,425,7300000,1900000,6800000,2200000,Rejected,18200000,3.115383417160224,0.44505492060137797
4,Graduate,1,1800000,4600000,14,453,1700000,2400000,4700000,1600000,Rejected,10400000,2.555554135803258,0.4423076497781106
5,Graduate,1,4400000,11800000,20,634,5900000,7300000,15200000,4300000,Approved,32700000,2.681817572314188,0.36085625807779026
2,0t Graduate,0,200000,300000,20,519,0,0,400000,300000,Rejected,700000,1.4999925000374998,0.42857081632740524
4,0t Graduate,1,800000,2100000,6,353,700000,300000,2900000,1200000,Rejected,5100000,2.6249967187541015,0.41176462514419115
3,Graduate,0,1500000,3200000,4,767,2000000,400000,3700000,1400000,Approved,7500000,2.133331911112059,0.42666660977778537
0,0t Graduate,1,7700000,16900000,14,473,22100000,4000000,29000000,6400000,Rejected,61500000,2.194804909765596,0.27479674349923994
5,Graduate,1,7200000,21300000,2,801,9900000,1700000,20400000,7200000,Approved,39200000,2.958332922453761,0.543367333077364
4,Graduate,0,1000000,2300000,16,543,200000,100000,2000000,1000000,Rejected,3300000,2.2999977000023,0.6969694857668225
1,Graduate,0,6300000,17200000,12,714,10100000,4200000,24700000,8500000,Approved,47500000,2.7301582968002704,0.3621052555346262
3,Graduate,0,1900000,4100000,12,830,4600000,1100000,5300000,2100000,Approved,13100000,2.157893601108631,0.3129770753452614
5,Graduate,0,4400000,15300000,4,401,200000,5400000,17500000,2400000,Approved,25500000,3.4772719369836507,0.5999999764705891
0,0t Graduate,0,9100000,26400000,6,518,15800000,1100000,35300000,5700000,Rejected,57900000,2.901098582296859,0.4559585413478663
2,Graduate,1,900000,2300000,20,367,0,1200000,3400000,1300000,Rejected,5900000,2.5555527160525378,0.38983044240161996
0,Graduate,1,4600000,12000000,12,493,4500000,700000,16200000,3600000,Rejected,25000000,2.608695085066286,0.4799999808000008
2,Graduate,1,9400000,22700000,14,505,4000000,16900000,24700000,11500000,Rejected,57100000,2.414893360117728,0.3975481541585262
5,Graduate,0,6900000,26500000,16,322,20500000,9800000,17100000,9400000,Rejected,56800000,3.8405791535392533,0.466549287560752
2,Graduate,0,300000,900000,8,735,800000,400000,500000,100000,Approved,1800000,2.9999900000333333,0.49999972222237654
5,Graduate,1,1900000,6700000,2,622,4200000,200000,3900000,1700000,Approved,10000000,3.526313933518982,0.6699999330000067
4,Graduate,1,4400000,16400000,6,513,5400000,7500000,13100000,5700000,Rejected,31700000,3.727271880165482,0.5173501414085129
4,0t Graduate,1,1200000,4100000,16,585,900000,900000,2300000,900000,Approved,5000000,3.4166638194468173,0.8199998360000328
1,Graduate,1,1000000,3000000,10,813,2900000,500000,3300000,800000,Approved,7500000,2.999997000003,0.39999994666667377
0,Graduate,0,3100000,10400000,18,622,1300000,5000000,7200000,1600000,Approved,15100000,3.354837627471733,0.6887416762422731
1,Graduate,1,2100000,6300000,16,899,2400000,2200000,4400000,2200000,Approved,11200000,2.9999985714292516,0.5624999497767902
0,0t Graduate,0,2100000,4700000,2,459,4000000,1300000,8100000,1200000,Rejected,14600000,2.2380941723361083,0.32191778617001465
4,Graduate,0,9400000,33300000,18,369,20600000,5600000,32200000,7200000,Rejected,65600000,3.542552814622041,0.5076219434813728
2,0t Graduate,0,9700000,37700000,6,601,300000,3100000,23800000,11800000,Approved,39000000,3.8865975374641715,0.9666666418803426
4,Graduate,0,1400000,2700000,18,703,600000,1300000,5400000,900000,Approved,8200000,1.9285700510213921,0.32926825252826186
2,0t Graduate,0,4700000,14600000,20,597,8200000,6000000,14100000,6800000,Approved,35100000,3.106382317790996,0.41595440410386314
3,0t Graduate,1,4100000,13300000,10,670,1900000,5500000,13200000,6100000,Approved,26700000,3.2439016478288663,0.49812732216751604
4,0t Graduate,1,1200000,2800000,6,366,3300000,300000,4200000,1400000,Rejected,9200000,2.3333313888905094,0.30434779300567466
5,0t Graduate,0,7900000,27800000,16,857,23300000,12500000,17200000,10600000,Approved,63600000,3.5189868963307727,0.4371069113662435
2,0t Graduate,0,6600000,15000000,16,401,13600000,6600000,23500000,3300000,Rejected,47000000,2.272726928374708,0.31914892937981
0,0t Graduate,0,2200000,8800000,4,437,1600000,2300000,8300000,2000000,Approved,14200000,3.9999981818190085,0.6197182662170235
3,0t Graduate,0,5500000,17600000,8,882,5800000,7800000,20300000,3100000,Approved,37000000,3.199999418181924,0.4756756628195767
4,Graduate,0,5100000,15500000,8,392,6700000,8100000,13600000,6700000,Rejected,35100000,3.039215090349982,0.44159542901437526
2,0t Graduate,1,3900000,7700000,10,421,9700000,7500000,14100000,2100000,Rejected,33400000,1.9743584681132134,0.2305389152533259
5,Graduate,0,200000,400000,6,722,300000,300000,400000,100000,Approved,1100000,1.9999900000499997,0.3636360330581518
4,Graduate,0,5800000,14700000,10,692,2300000,10100000,17700000,3900000,Approved,34000000,2.534482321640979,0.432352928460208
5,0t Graduate,0,8300000,20700000,2,537,8400000,14300000,19700000,7800000,Rejected,50200000,2.4939756031354694,0.4123505893954066
5,Graduate,1,2600000,5500000,8,676,6700000,800000,7200000,1300000,Approved,16000000,2.1153838017754607,0.34374997851562633
1,Graduate,0,2100000,8100000,6,817,4600000,2900000,4900000,2900000,Approved,15300000,3.857141020409038,0.5294117301038085
4,0t Graduate,0,3900000,10800000,20,433,4700000,1600000,14500000,2300000,Rejected,23100000,2.76923005917178,0.46753244729296767
1,Graduate,1,5200000,16300000,6,524,11000000,3400000,20700000,4600000,Rejected,39700000,3.1346147818048498,0.41057933474611247
3,0t Graduate,1,7800000,24400000,20,490,6700000,5100000,17700000,4100000,Rejected,33600000,3.12820472715324,0.7261904545776651
3,0t Graduate,1,5400000,14300000,4,595,4100000,2800000,19300000,4900000,Approved,31100000,2.648147657750434,0.45980705917019105
2,0t Graduate,0,2900000,11000000,2,835,4900000,3200000,11500000,1400000,Approved,21000000,3.793102140309607,0.5238094988662143
4,Graduate,0,7100000,28300000,6,850,5600000,7100000,26000000,9700000,Approved,48400000,3.985914931561277,0.5847107317208526
1,Graduate,1,800000,2500000,4,409,1300000,1000000,3100000,900000,Approved,6300000,3.124996093754883,0.3968253338372486
5,Graduate,1,3400000,12800000,10,760,9800000,4300000,11000000,4600000,Approved,29700000,3.7647047750868308,0.43097641646544055
1,Graduate,1,6800000,17600000,14,344,5500000,5600000,18100000,7700000,Rejected,36900000,2.5882349134948655,0.4769647567218223
4,Graduate,1,7000000,27100000,12,881,8300000,9400000,17200000,9500000,Approved,44400000,3.871428018367426,0.6103603466135057
0,Graduate,1,9300000,24500000,10,600,20200000,700000,32600000,5400000,Approved,58900000,2.634408318880826,0.4159592459090111
2,Graduate,0,7500000,19900000,10,790,3500000,13000000,19900000,5900000,Approved,42300000,2.6533329795556027,0.47044916145510257
3,Graduate,1,8000000,31200000,20,392,7300000,8400000,16000000,6000000,Rejected,37700000,3.899999512500061,0.8275861849446635
5,Graduate,1,1600000,4100000,2,748,1400000,1000000,4200000,1000000,Approved,7600000,2.562498398438501,0.5394736132271561
1,Graduate,1,6700000,18800000,6,798,8700000,5900000,18000000,6100000,Approved,38700000,2.805969730452279,0.4857881011424263
3,0t Graduate,0,3800000,11400000,4,323,5800000,4000000,9600000,4400000,Approved,23800000,2.9999992105265236,0.478991576512959
1,0t Graduate,1,2700000,5400000,6,413,4800000,1500000,6100000,2600000,Rejected,15000000,1.9999992592595337,0.3599999760000016
3,Graduate,0,1300000,2900000,8,733,3800000,1900000,3800000,1800000,Approved,11300000,2.2307675147942194,0.2566371454303411
4,0t Graduate,0,3400000,10500000,16,543,3100000,4500000,11100000,4500000,Rejected,23200000,3.088234385813416,0.4525861873885264
3,Graduate,0,3400000,10900000,14,757,5400000,1600000,7700000,3000000,Approved,17700000,3.2058814100348796,0.6158191742475043
5,Graduate,1,2400000,6800000,8,464,1900000,1300000,9500000,1900000,Rejected,14600000,2.8333321527782696,0.4657533927566169
0,0t Graduate,0,1900000,6900000,4,749,2100000,3700000,4300000,2200000,Approved,12300000,3.6315770360120863,0.5609755641483282
4,Graduate,0,700000,2200000,6,680,300000,200000,2500000,300000,Approved,3300000,3.1428526530676386,0.6666664646465259
1,0t Graduate,0,6900000,20900000,4,574,3200000,1800000,25000000,5200000,Approved,35200000,3.0289850682630335,0.5937499831321027
5,Graduate,1,300000,800000,18,774,400000,200000,900000,400000,Approved,1900000,2.666657777807407,0.42105240997241583
3,0t Graduate,0,6000000,18700000,10,387,6600000,6200000,23300000,6700000,Rejected,42800000,3.116666147222309,0.4369158776421524
1,0t Graduate,0,4300000,16400000,20,397,6700000,6200000,10200000,5700000,Rejected,28800000,3.813952601406372,0.5694444246720686
4,Graduate,0,5800000,13500000,14,816,13800000,9300000,20400000,7900000,Approved,51400000,2.327585805588654,0.26264590928704457
2,Graduate,1,3300000,6700000,8,845,1300000,4600000,12300000,3200000,Approved,21400000,2.0303024150598743,0.3130840975194347
2,0t Graduate,0,400000,1500000,4,743,700000,500000,1200000,300000,Approved,2700000,3.7499906250234374,0.5555553497943149
5,0t Graduate,0,300000,600000,4,418,500000,200000,700000,200000,Rejected,1600000,1.9999933333555555,0.3749997656251465
1,0t Graduate,0,4200000,10700000,6,466,7400000,7000000,14000000,4700000,Rejected,33100000,2.5476184410432285,0.3232628301129054
2,0t Graduate,1,600000,2300000,12,335,400000,900000,1200000,400000,Rejected,2900000,3.8333269444550924,0.7931031747920086
5,0t Graduate,1,4400000,15200000,6,446,9500000,2200000,16700000,5800000,Rejected,34200000,3.454544669421666,0.44444443144899326
0,Graduate,1,9200000,29400000,2,868,9200000,13800000,32000000,5300000,Approved,60300000,3.195651826559584,0.4875621809691181
2,Graduate,1,6900000,25300000,4,763,9000000,3600000,21300000,5500000,Approved,39400000,3.6666661352657774,0.6421319633976659
5,0t Graduate,1,5100000,13700000,14,527,12100000,8900000,19400000,4700000,Rejected,45100000,2.6862739830835327,0.30376939459491364
4,Graduate,0,3400000,12700000,2,741,3300000,6100000,7700000,3700000,Approved,20800000,3.735293019031465,0.6105768937222648
4,0t Graduate,1,8600000,26800000,12,802,7400000,2800000,32100000,11700000,Approved,54000000,3.1162787074094527,0.4962962871056243
3,0t Graduate,1,9200000,28900000,8,538,13900000,8300000,32400000,4900000,Rejected,59500000,3.1413040063799995,0.48571427755102053
5,Graduate,1,4800000,16300000,4,523,8800000,2300000,10000000,2800000,Approved,23900000,3.395832625868203,0.682008339664923
4,0t Graduate,0,2800000,8300000,14,381,3200000,1100000,9100000,1500000,Rejected,14900000,2.964284655612623,0.557046942480071
1,Graduate,1,3400000,7000000,4,534,3100000,1600000,13000000,4000000,Rejected,21700000,2.058822923875611,0.3225806302958235
5,0t Graduate,1,800000,2200000,14,574,2200000,1200000,1700000,1100000,Approved,6200000,2.749996562504297,0.35483865244537866
1,0t Graduate,0,4100000,11100000,6,405,12000000,2900000,9000000,5900000,Rejected,29800000,2.7073164128496554,0.37248320897707354
0,0t Graduate,0,1900000,3800000,16,542,800000,500000,4000000,2100000,Rejected,7400000,1.999998947368975,0.5135134441198048
5,Graduate,1,6700000,25400000,14,820,10300000,8100000,18500000,3900000,Approved,40800000,3.791044210291909,0.6225490043492891
0,Graduate,0,5200000,13400000,2,505,12000000,7900000,20400000,6200000,Rejected,46500000,2.576922581361042,0.28817203681350456
3,Graduate,1,6700000,16400000,2,508,4400000,10900000,25300000,9200000,Rejected,49800000,2.4477608286924135,0.3293172624635088
1,0t Graduate,1,4700000,15000000,20,835,2100000,2500000,10100000,3800000,Approved,18500000,3.1914886826619826,0.8108107669832018
0,0t Graduate,0,6000000,22000000,12,826,1400000,2000000,14100000,7000000,Approved,24500000,3.6666660555556576,0.8979591470220756
5,0t Graduate,1,6500000,18900000,12,427,5100000,1900000,18200000,7800000,Rejected,33000000,2.9076918603550985,0.5727272553719014
3,Graduate,0,500000,2000000,12,890,800000,700000,1800000,400000,Approved,3700000,3.999992000016,0.5405403944485421
4,0t Graduate,0,5700000,13300000,2,333,9400000,3000000,11800000,8200000,Rejected,32400000,2.33333292397668,0.41049381449093164
4,0t Graduate,1,6800000,20000000,12,679,20200000,10900000,26900000,6600000,Approved,64600000,2.9411760380623475,0.309597518427283
5,0t Graduate,0,3100000,12300000,18,805,4900000,1900000,6100000,2800000,Approved,15700000,3.9677406555675305,0.7834394405452586
3,0t Graduate,0,5100000,11000000,16,826,11800000,2900000,12900000,2700000,Approved,30300000,2.1568623221838585,0.3630362916489673
1,0t Graduate,1,6300000,23900000,10,844,16300000,4900000,16800000,4500000,Approved,42500000,3.7936501914840965,0.562352927944637
5,Graduate,1,4400000,14100000,10,663,5300000,4900000,17500000,2600000,Approved,30300000,3.2045447262398348,0.4653465192954944
1,0t Graduate,0,8100000,21900000,6,884,15100000,5400000,27500000,6600000,Approved,54600000,2.703703369913164,0.4010988937527675
1,0t Graduate,0,1100000,3700000,2,508,200000,0,2200000,1300000,Approved,3700000,3.363633305787904,0.9999997297298028
0,Graduate,1,2400000,6900000,4,581,5100000,4500000,6000000,3400000,Approved,19000000,2.8749988020838324,0.3631578756232697
3,Graduate,1,7000000,26300000,12,481,14300000,12800000,15100000,9900000,Rejected,52100000,3.75714232040824,0.5047984548023329
1,Graduate,1,8700000,30000000,12,543,21900000,12700000,30600000,12700000,Rejected,77900000,3.4482754657154637,0.385109109305403
0,0t Graduate,1,3500000,12600000,10,448,1200000,2500000,10400000,3600000,Rejected,17700000,3.599998971428865,0.7118643665613352
1,Graduate,1,1600000,5300000,4,713,1400000,1400000,4900000,1300000,Approved,9000000,3.312497929688794,0.5888888234567974
5,0t Graduate,1,7800000,17300000,16,493,800000,4500000,16300000,9300000,Rejected,30900000,2.2179484335963546,0.5598705320430248
2,0t Graduate,0,3700000,9200000,10,819,8500000,2000000,10200000,3100000,Approved,23800000,2.4864858144632933,0.3865546056069493
4,Graduate,0,400000,1400000,18,827,0,0,900000,600000,Approved,1500000,3.499991250021875,0.9333327111115259
0,0t Graduate,0,4800000,15700000,10,398,4900000,7400000,17100000,6400000,Rejected,35800000,3.2708326519098643,0.4385474737835901
0,Graduate,1,2900000,7500000,18,692,3200000,300000,7500000,4000000,Approved,15000000,2.58620600475655,0.4999999666666689
5,Graduate,1,5000000,14600000,18,509,11800000,2500000,19800000,4900000,Rejected,39000000,2.919999416000117,0.37435896476002656
0,Graduate,1,7600000,18100000,16,439,12800000,5900000,29800000,10600000,Rejected,59100000,2.3815786340028113,0.30626057011403435
1,Graduate,0,3000000,9400000,4,622,600000,3500000,9600000,2000000,Approved,15700000,3.133332288889237,0.5987260765142627
3,0t Graduate,1,200000,700000,18,526,400000,100000,500000,0,Rejected,1000000,3.4999825000874996,0.6999993000007
5,0t Graduate,1,6800000,19000000,8,865,9500000,7200000,25000000,6300000,Approved,48000000,2.79411723615923,0.39583332508680574
5,0t Graduate,1,9700000,27400000,2,328,0,18400000,22000000,7900000,Rejected,48300000,2.8247419768307243,0.5672877729340006
0,Graduate,1,1200000,4200000,4,768,2800000,2200000,2800000,1500000,Approved,9300000,3.499997083335764,0.45161285466528445
5,0t Graduate,1,7400000,24000000,16,854,4300000,6700000,20600000,8700000,Approved,40300000,3.2432428049671884,0.5955334839817994
4,Graduate,0,6900000,20800000,4,839,2600000,2400000,16100000,7400000,Approved,28500000,3.014492316740244,0.7298245357956303
0,0t Graduate,1,9100000,23300000,18,414,17700000,2500000,33800000,6400000,Rejected,60400000,2.5604392790726065,0.3857615830171923
0,Graduate,1,1300000,4700000,16,530,3200000,1000000,3800000,800000,Rejected,8800000,3.6153818343216657,0.5340908483987672
3,Graduate,0,6600000,14600000,10,841,15300000,12100000,14800000,6000000,Approved,48200000,2.2121208769513823,0.3029045580310258
3,0t Graduate,1,1800000,5700000,14,670,5300000,3100000,3500000,2700000,Approved,14600000,3.166664907408385,0.39041093216363476
5,0t Graduate,1,8200000,20900000,14,726,11400000,4800000,26000000,8400000,Approved,50600000,2.548780176978027,0.4130434700979551
4,0t Graduate,0,2800000,8300000,14,352,4900000,2600000,7100000,3700000,Rejected,18300000,2.964284655612623,0.45355188778404987
1,Graduate,1,7000000,16000000,4,554,13000000,8600000,26600000,7900000,Approved,56100000,2.2857139591837203,0.2852049860034762
4,Graduate,0,700000,1800000,18,728,400000,1300000,2200000,600000,Approved,4500000,2.5714248979644316,0.39999991111113087
0,0t Graduate,0,7400000,25500000,6,463,2300000,5600000,26800000,8400000,Rejected,43100000,3.4459454802776377,0.591647318059227
5,0t Graduate,1,2300000,5000000,10,431,300000,3700000,8700000,2900000,Rejected,15600000,2.1739120982990876,0.3205127999671282
1,Graduate,1,600000,1900000,8,445,1200000,100000,1600000,300000,Rejected,3200000,3.166661388897685,0.593749814453183
5,Graduate,0,1000000,3000000,4,896,2800000,1100000,2000000,1100000,Approved,7000000,2.999997000003,0.4285713673469475
1,0t Graduate,1,2200000,5200000,8,420,2900000,100000,5000000,2300000,Rejected,10300000,2.3636352892566865,0.5048543199170563
1,0t Graduate,0,8000000,30900000,2,315,23500000,1200000,19500000,7300000,Approved,51500000,3.8624995171875605,0.5999999883495147
4,0t Graduate,0,8600000,20900000,10,867,24300000,7200000,23700000,9900000,Approved,65100000,2.4302322755543866,0.32104454191943865
3,0t Graduate,1,7500000,26000000,2,342,13900000,1900000,26900000,11200000,Approved,53900000,3.4666662044445062,0.48237475913961486
5,0t Graduate,1,5200000,11800000,18,711,14300000,5100000,15500000,4500000,Approved,39400000,2.2692303328403205,0.29949237818547264
2,0t Graduate,0,7900000,20900000,2,723,1700000,1800000,16300000,7100000,Approved,26900000,2.6455692853709767,0.7769516439794928
1,Graduate,1,4200000,11300000,4,704,4700000,2800000,14900000,4000000,Approved,26400000,2.6904755498867736,0.4280302868170346
0,Graduate,0,6500000,20200000,16,842,8300000,12200000,14300000,9600000,Approved,44400000,3.1076918295858724,0.45495494470822195
0,Graduate,1,7400000,15200000,12,600,6200000,8500000,18800000,4100000,Approved,37600000,2.0540537764792193,0.4042553083974652
3,0t Graduate,0,9100000,25600000,12,688,8900000,16300000,27900000,11100000,Approved,64200000,2.813186504045439,0.39875388786987714
0,0t Graduate,0,800000,2300000,16,739,1800000,600000,2000000,400000,Approved,4800000,2.874996406254492,0.47916656684029857
1,Graduate,1,800000,2800000,10,798,1300000,1300000,2500000,400000,Approved,5500000,3.499995625005469,0.5090908165289425
5,Graduate,1,4100000,9900000,4,319,7600000,7400000,12000000,5500000,Rejected,32500000,2.4146335574064492,0.30461537524260385
5,Graduate,1,4200000,8700000,6,583,6000000,800000,8500000,2500000,Approved,17800000,2.07142807823141,0.48876401748516757
3,Graduate,1,4800000,11500000,12,535,3600000,8000000,15600000,5400000,Rejected,32600000,2.3958328342014927,0.35276072537543784
3,0t Graduate,1,8300000,25900000,8,696,14400000,12200000,23500000,7100000,Approved,57200000,3.1204815517492106,0.45279719488116793
4,0t Graduate,0,7600000,23900000,8,672,2500000,1600000,20200000,6700000,Approved,31000000,3.1447364283241543,0.7709677170655576
4,Graduate,0,5100000,12300000,20,410,9200000,9200000,18700000,5600000,Rejected,42700000,2.411764232987405,0.28805619934294613
5,Graduate,0,3600000,11600000,14,546,8500000,300000,12000000,4800000,Rejected,25600000,3.2222213271607423,0.45312498229980536
3,0t Graduate,1,5400000,16800000,16,550,10700000,6400000,13400000,7000000,Approved,37500000,3.1111105349795305,0.44799998805333363
5,0t Graduate,0,700000,1400000,4,344,1500000,800000,2600000,300000,Rejected,5200000,1.9999971428612244,0.26923071745563126
2,0t Graduate,1,9800000,38200000,10,743,5400000,14800000,24300000,5300000,Approved,49800000,3.897958785922573,0.7670682576893925
4,Graduate,0,9700000,36400000,4,772,13800000,11300000,38100000,13500000,Approved,76700000,3.7525769327240277,0.4745762649990057
0,Graduate,1,9400000,29900000,12,302,12300000,1500000,35700000,8200000,Rejected,57700000,3.1808507254414122,0.5181975646759521
3,Graduate,1,3200000,9100000,18,376,4500000,800000,9000000,1700000,Rejected,16000000,2.843749111328403,0.5687499644531272
0,Graduate,1,3700000,11600000,10,747,0,4500000,9000000,3500000,Approved,17000000,3.135134287801544,0.6823529010380647
2,Graduate,1,4200000,15800000,6,710,12300000,3700000,12600000,4600000,Approved,33200000,3.7619038662133653,0.47590360012338556
2,0t Graduate,0,7000000,24200000,6,892,20600000,500000,21400000,9200000,Approved,51700000,3.4571423632653766,0.46808509732910836
3,0t Graduate,0,3200000,11500000,16,492,4800000,2300000,10400000,3200000,Rejected,20700000,3.593748876953476,0.5555555287171242
5,Graduate,0,7900000,17700000,2,559,19700000,2800000,28900000,5400000,Approved,56800000,2.2405060455055636,0.31161971282359663
3,0t Graduate,0,2200000,8300000,18,314,1100000,900000,5800000,2000000,Rejected,9800000,3.772725557852019,0.8469386890878888
0,Graduate,1,2700000,8400000,6,744,1200000,4100000,7500000,2000000,Approved,14800000,3.1111099588481634,0.5675675292184101
5,0t Graduate,0,6800000,18000000,12,690,17800000,11800000,25000000,9300000,Approved,63900000,2.6470584342561128,0.2816901364367741
3,Graduate,1,6300000,23300000,4,347,18300000,12200000,21100000,8100000,Approved,59700000,3.6984121113631567,0.390284750581495
5,Graduate,1,9000000,31400000,2,677,12000000,10800000,20700000,8700000,Approved,52200000,3.488888501234611,0.6015325555261962
1,Graduate,0,4700000,15700000,4,468,13300000,5100000,16200000,3600000,Approved,38200000,3.3404248211862084,0.41099475363888077
2,0t Graduate,0,8100000,17500000,4,674,10800000,12700000,23200000,9300000,Approved,56000000,2.1604935604328936,0.31249999441964293
2,0t Graduate,0,9000000,27300000,14,353,22600000,4400000,26900000,7200000,Rejected,61100000,3.0333329962963336,0.4468085033255564
4,0t Graduate,0,3800000,14100000,8,727,3900000,4900000,8200000,5400000,Approved,22400000,3.710525339335437,0.6294642576132028
4,0t Graduate,1,8800000,22200000,10,512,6800000,4000000,31900000,9900000,Rejected,52600000,2.5227269860537516,0.42205322391533795
3,0t Graduate,1,8700000,27200000,18,454,9100000,9300000,30900000,12000000,Rejected,61300000,3.126436422248687,0.4437194054858172
5,0t Graduate,0,5000000,12400000,14,315,7400000,8600000,17000000,4000000,Rejected,37000000,2.4799995040000993,0.335135126077429
0,0t Graduate,1,6000000,22700000,10,480,200000,11900000,13700000,8700000,Rejected,34500000,3.7833327027778827,0.6579709954211306
2,Graduate,1,9100000,24200000,16,685,25600000,1900000,31100000,9100000,Approved,67700000,2.6593403671054543,0.3574593743359029
1,Graduate,0,7400000,17900000,6,460,2600000,1300000,25900000,5000000,Rejected,34800000,2.418918592038028,0.51436780131127
1,0t Graduate,1,8300000,28400000,16,704,1400000,11700000,16900000,11400000,Approved,41400000,3.4216863347365862,0.6859903215944366
1,Graduate,1,7600000,23900000,12,692,500000,12200000,27000000,5000000,Approved,44700000,3.1447364283241543,0.5346756032511051
1,0t Graduate,1,3500000,9600000,4,398,1700000,6000000,7900000,4600000,Rejected,20200000,2.7428563591838975,0.47524750122537124
5,Graduate,1,1000000,3500000,18,882,900000,500000,2900000,600000,Approved,4900000,3.4999965000035,0.7142855685131493
5,Graduate,1,9900000,25900000,4,860,7800000,200000,38000000,5400000,Approved,51400000,2.616161351902894,0.50389104078033
2,Graduate,1,5700000,15100000,18,330,5900000,3800000,16600000,6200000,Rejected,32500000,2.649122342259238,0.46461537031952704
5,Graduate,0,700000,2400000,16,447,1300000,700000,2600000,800000,Rejected,5400000,3.428566530619242,0.44444436213993294
0,0t Graduate,1,9600000,23800000,12,788,9900000,14400000,21200000,10400000,Approved,55900000,2.479166408420166,0.42576027860893956
1,0t Graduate,0,9300000,28900000,6,526,11100000,1600000,19700000,11000000,Rejected,43400000,3.1075265475777907,0.6658986021682349
0,Graduate,0,9500000,28400000,18,577,6200000,10300000,30200000,14100000,Approved,60800000,2.989473369529119,0.4671052554752425
4,Graduate,1,8700000,23400000,16,372,10600000,11700000,20000000,8000000,Rejected,50300000,2.689654863258062,0.4652087382662279
5,Graduate,1,7300000,21000000,14,759,15500000,8000000,20300000,10800000,Approved,54600000,2.876711934696995,0.38461537757114694
3,Graduate,1,4100000,12700000,10,465,6400000,1900000,14100000,3200000,Rejected,25600000,3.097560220107263,0.49609373062133866
2,Graduate,0,2900000,10200000,4,789,1200000,4100000,6100000,3600000,Approved,15000000,3.517240166468908,0.6799999546666697
3,Graduate,1,7500000,17900000,2,680,7000000,11800000,25000000,6300000,Approved,50100000,2.386666348444487,0.357285422010271
1,Graduate,0,7900000,25700000,20,681,14900000,3000000,18100000,8800000,Approved,44800000,3.2531641451690954,0.573660701480788
1,Graduate,1,6900000,22300000,16,673,17400000,100000,21300000,9000000,Approved,47800000,3.2318835895820883,0.4665271868927367
0,0t Graduate,0,6900000,22900000,10,313,5600000,9300000,26200000,8000000,Rejected,49100000,3.3188400987188262,0.46639510251741134
0,0t Graduate,0,4800000,18800000,16,551,7900000,9400000,17300000,5500000,Approved,40100000,3.9166658506946144,0.4688279184830943
5,Graduate,1,7700000,24400000,8,453,1400000,7700000,22000000,10000000,Rejected,41100000,3.1688307572947068,0.593673951492118
3,0t Graduate,0,6900000,22700000,4,650,900000,13400000,15500000,6400000,Approved,36200000,3.289854595673247,0.6270718058819943
1,0t Graduate,0,1200000,4500000,4,439,3200000,1800000,2900000,1200000,Approved,9100000,3.749996875002604,0.49450544016423736
1,Graduate,0,2900000,9600000,4,658,8200000,4300000,7000000,2700000,Approved,22200000,3.310343686088384,0.43243241295349494
4,Graduate,1,5500000,18900000,6,379,13900000,9100000,18500000,3100000,Rejected,44600000,3.4363630115703616,0.42376680664199984
4,Graduate,1,3200000,10700000,4,450,7300000,3000000,8200000,1800000,Approved,20300000,3.3437489550784516,0.5270935700939128
5,0t Graduate,0,2600000,8200000,4,849,7400000,2000000,8900000,2700000,Approved,21000000,3.153844940828869,0.39047617188208705
0,Graduate,0,500000,1600000,18,865,1400000,400000,1000000,200000,Approved,3000000,3.1999936000128,0.5333331555556148
0,Graduate,0,1800000,6900000,10,853,900000,400000,3700000,1700000,Rejected,6700000,3.833331203704887,1.029850592559613
0,0t Graduate,0,1300000,4900000,12,555,2400000,1200000,4100000,1700000,Approved,9400000,3.7692278698247157,0.5212765402897298
1,0t Graduate,0,9900000,20700000,20,821,12700000,8200000,38100000,11100000,Approved,70100000,2.090908879706174,0.2952924351598797
0,0t Graduate,0,2000000,4700000,2,820,4700000,500000,7900000,1200000,Approved,14300000,2.3499988250005877,0.3286713056873213
1,0t Graduate,0,5100000,15300000,4,721,7000000,6100000,15300000,5900000,Approved,34300000,2.999999411764821,0.44606412693690595
4,Graduate,1,8200000,24000000,20,831,23000000,3000000,24800000,5400000,Approved,56200000,2.926828911362328,0.4270462557465079
5,0t Graduate,0,4200000,12600000,18,571,8900000,3200000,11700000,6200000,Approved,30000000,2.999999285714456,0.4199999860000005
2,0t Graduate,1,1300000,4900000,8,582,2100000,1800000,3400000,1700000,Approved,9000000,3.7692278698247157,0.544444383950624
1,0t Graduate,1,4600000,13600000,18,487,11200000,8500000,15500000,5400000,Rejected,40600000,2.956521096408457,0.33497536120750343
1,0t Graduate,0,6600000,19700000,12,758,16000000,4400000,18800000,9500000,Approved,48700000,2.9848480325987827,0.40451744549245494
2,Graduate,1,8300000,30100000,16,636,5200000,5100000,33100000,7200000,Approved,50600000,3.6265055871680016,0.5948616483228923
0,Graduate,0,6900000,20700000,16,857,17100000,13700000,14600000,8800000,Approved,54200000,2.9999995652174545,0.38191881214171935
4,Graduate,1,4700000,12500000,8,678,13700000,200000,9800000,7000000,Approved,30700000,2.6595739022183187,0.40716611051576185
1,Graduate,0,7900000,15800000,8,551,800000,3500000,18700000,8300000,Approved,31300000,1.999999746835475,0.5047923161408205
3,0t Graduate,0,8800000,24900000,16,668,16700000,17200000,30000000,10500000,Approved,74400000,2.829545133006235,0.33467741485648633
1,Graduate,0,6500000,23400000,2,672,5000000,10400000,16700000,7600000,Approved,39700000,3.5999994461539315,0.5894206400649713
3,0t Graduate,0,3500000,13700000,4,439,5200000,2800000,13000000,4400000,Approved,25400000,3.9142845959186867,0.5393700575051158
2,0t Graduate,1,8200000,19600000,16,636,11500000,2300000,28800000,10700000,Approved,53300000,2.3902436109459013,0.36772982424521905
0,0t Graduate,1,2000000,6000000,14,393,1500000,1400000,5900000,2900000,Rejected,11700000,2.99999850000075,0.5128204689897035
5,0t Graduate,0,2700000,8200000,2,848,7000000,1000000,6200000,1500000,Approved,15700000,3.037035912208921,0.5222929603635057
0,Graduate,1,5300000,17600000,4,790,2000000,10200000,19700000,7700000,Approved,39600000,3.3207540904237565,0.44444443322110017
2,0t Graduate,0,9900000,19900000,6,312,21400000,2200000,31400000,11000000,Rejected,66000000,2.0101008070605246,0.3015151469467402
2,0t Graduate,1,5000000,19500000,14,775,3100000,4700000,9900000,6500000,Approved,24200000,3.899999220000156,0.8057850906700376
2,0t Graduate,0,9100000,18600000,20,403,18400000,11700000,20300000,9200000,Rejected,59600000,2.0439558193455145,0.3120805316765011
3,0t Graduate,1,7600000,26400000,14,867,9200000,700000,27900000,7400000,Approved,45200000,3.473683753462664,0.584070783538257
0,Graduate,0,5200000,17800000,18,558,8300000,5400000,13000000,3100000,Approved,29800000,3.423076264793026,0.5973154161974693
5,Graduate,0,1800000,6000000,4,548,1400000,2400000,6500000,2600000,Approved,12900000,3.33333148148251,0.4651162430142447
0,0t Graduate,0,7300000,28200000,16,486,15300000,8800000,16400000,7700000,Rejected,48200000,3.8630131694502508,0.5850622285256799
4,Graduate,0,3200000,11600000,6,635,3300000,4600000,6500000,3900000,Approved,18300000,3.624998867187854,0.6338797467825275
5,Graduate,0,5200000,20700000,2,538,3200000,2000000,14600000,3600000,Approved,23400000,3.980768465236834,0.8846153468113099
4,0t Graduate,0,7100000,28200000,14,496,6300000,10900000,27700000,4600000,Rejected,49500000,3.971830426502757,0.5696969581879402
4,Graduate,1,1400000,4800000,6,411,1400000,300000,4400000,1600000,Rejected,7700000,3.428568979593586,0.6233765424186308
4,0t Graduate,0,2700000,10700000,6,857,7400000,4200000,8200000,2800000,Approved,22600000,3.9629614951994463,0.4734513064844555
5,Graduate,1,6500000,18100000,10,360,15700000,10600000,20200000,6100000,Rejected,52600000,2.7846149562130837,0.3441064573363791
4,Graduate,0,9300000,35900000,18,461,9800000,12700000,26200000,11400000,Rejected,60100000,3.860214638686598,0.5973377604436313
0,Graduate,1,6700000,14900000,16,638,3300000,6900000,22300000,8100000,Approved,40600000,2.2238802650924976,0.3669950648523383
5,Graduate,0,6800000,19300000,6,865,12100000,100000,22900000,9000000,Approved,44100000,2.8382348767301653,0.4376417134321607
5,0t Graduate,0,5600000,13600000,4,449,5900000,5700000,18800000,4300000,Rejected,34700000,2.4285709948980365,0.39193082444003385
1,0t Graduate,1,1900000,4700000,2,870,4700000,2300000,3900000,2300000,Approved,13200000,2.473682908587943,0.3560605790863198
5,0t Graduate,0,8400000,19500000,6,815,5300000,2500000,24000000,7200000,Approved,39000000,2.3214282950680603,0.4999999871794875
2,0t Graduate,1,2500000,7200000,16,454,4200000,1000000,7100000,2100000,Rejected,14400000,2.879998848000461,0.4999999652777802
1,0t Graduate,1,2900000,9900000,18,783,1300000,100000,11000000,2600000,Approved,15000000,3.413791926278646,0.6599999560000029
3,Graduate,1,3200000,7400000,2,543,3600000,4500000,11200000,4600000,Rejected,23900000,2.3124992773439756,0.30962341800738835
4,0t Graduate,1,3000000,10900000,2,786,7600000,3300000,8000000,3200000,Approved,22100000,3.633332122222626,0.49321264736594356
3,Graduate,1,800000,2500000,20,395,1500000,300000,1600000,500000,Rejected,3900000,3.124996093754883,0.6410254766601342
2,0t Graduate,1,400000,1300000,2,885,200000,300000,1100000,500000,Approved,2100000,3.2499918750203123,0.6190473242631789
2,0t Graduate,0,4400000,10600000,20,488,10800000,2400000,13200000,4600000,Rejected,31000000,2.4090903615703723,0.3419354728407912
2,0t Graduate,1,8700000,19900000,10,829,7500000,10500000,20200000,8400000,Approved,46600000,2.287356058924591,0.42703861744552324
4,0t Graduate,0,7400000,15400000,6,677,22000000,13500000,28900000,7400000,Approved,71800000,2.081080799853946,0.2144846766784864
4,0t Graduate,1,5700000,14400000,12,645,14500000,8600000,12900000,4700000,Approved,40700000,2.5263153462604655,0.3538083451152741
5,0t Graduate,1,9700000,27600000,10,788,9400000,3100000,31800000,10600000,Approved,54900000,2.845360531406131,0.502732231279923
2,0t Graduate,0,7000000,22400000,6,649,12200000,9900000,17800000,8900000,Approved,48800000,3.199999542857208,0.4590163840365495
2,0t Graduate,0,8900000,23100000,4,519,22800000,500000,25200000,4700000,Rejected,53200000,2.595505326347716,0.43421051815393763
3,Graduate,1,3100000,11200000,14,772,3400000,5800000,8300000,2100000,Approved,19600000,3.612902060354174,0.5714285422740539
4,Graduate,0,2200000,6100000,12,330,5500000,2900000,5000000,2200000,Rejected,15600000,2.7727260123972672,0.39102561595989643
5,0t Graduate,1,7100000,21500000,4,557,8900000,8000000,26400000,4000000,Approved,47300000,3.028168587581889,0.4545454449356143
4,Graduate,1,8200000,19000000,6,334,24500000,6800000,28600000,10200000,Rejected,70100000,2.3170728881618428,0.27104136560568665
3,Graduate,1,9800000,28400000,12,487,8900000,15400000,30800000,11100000,Rejected,66200000,2.897958887963379,0.4290030146676282
2,Graduate,1,3900000,9700000,8,539,4400000,7600000,7900000,5100000,Rejected,25000000,2.4871788494413205,0.3879999844800006
2,Graduate,1,2200000,8100000,8,710,500000,2900000,7300000,1000000,Approved,11700000,3.6818165082652237,0.6923076331360998
5,0t Graduate,1,600000,1700000,20,879,1100000,100000,2300000,700000,Approved,4200000,2.8333286111189815,0.4047618083900456
4,0t Graduate,1,6900000,22000000,10,512,6100000,9100000,20600000,3900000,Rejected,39700000,3.1884053350137194,0.5541561573260414
2,Graduate,1,7400000,27300000,18,561,12600000,400000,27100000,9600000,Approved,49700000,3.6891886906501767,0.5492957635956587
3,0t Graduate,1,4000000,11600000,6,539,5900000,2600000,12100000,4700000,Rejected,25300000,2.899999275000181,0.4584980055929642
3,0t Graduate,1,700000,2000000,18,544,800000,1300000,1500000,400000,Rejected,4000000,2.857138775516035,0.49999987500003124
2,0t Graduate,1,1900000,4600000,16,631,3200000,2700000,4500000,2700000,Approved,13100000,2.421051357341391,0.3511450113629762
2,Graduate,0,2200000,6800000,20,546,4600000,200000,4500000,2200000,Rejected,11500000,3.090907685951052,0.591304296408322
1,Graduate,1,2000000,5600000,14,569,5000000,1100000,7900000,1600000,Approved,15600000,2.7999986000006998,0.35897433596318357
4,0t Graduate,0,7400000,17900000,6,384,13400000,12300000,22400000,4700000,Rejected,52800000,2.418918592038028,0.3390151450944101
2,0t Graduate,1,2300000,9000000,6,583,3600000,1300000,6900000,3400000,Approved,15200000,3.913041776938358,0.5921052242036037
5,0t Graduate,1,4000000,15500000,12,517,0,600000,12100000,3500000,Rejected,16200000,3.8749990312502423,0.956790064395675
3,Graduate,1,1500000,5800000,18,420,800000,1900000,4100000,1400000,Rejected,8200000,3.8666640888906074,0.7073169869125626
2,0t Graduate,1,5200000,12900000,18,644,400000,5000000,12000000,7500000,Approved,24900000,2.4807687536983165,0.5180722683505113
2,Graduate,0,5400000,14500000,8,349,10800000,4800000,21100000,6600000,Rejected,43300000,2.6851846879287615,0.3348729714809937
3,Graduate,0,7700000,25300000,18,662,3400000,11400000,19100000,9900000,Approved,43800000,3.2857138589982,0.5776255575884576
0,0t Graduate,1,1900000,6400000,20,704,900000,3400000,5300000,1900000,Approved,11500000,3.3684192797793266,0.5565216907372443
4,0t Graduate,1,6400000,15500000,2,324,18400000,11100000,13900000,4500000,Rejected,47900000,2.4218746215820905,0.32359080744069296
5,Graduate,0,700000,1700000,18,757,1900000,200000,2100000,600000,Approved,4800000,2.4285679591886296,0.35416659288195984
3,Graduate,1,5800000,23000000,16,361,6000000,10100000,23000000,2800000,Rejected,41900000,3.965516557669559,0.5489260012189499
1,Graduate,0,1800000,5400000,4,415,4400000,2000000,5600000,1800000,Approved,13800000,2.9999983333342595,0.3913043194707015
5,Graduate,1,4300000,13800000,18,618,9600000,800000,14000000,2400000,Approved,26800000,3.209301579232191,0.5149253539206957
4,Graduate,0,8000000,27100000,8,524,16900000,10900000,25600000,8400000,Rejected,61800000,3.387499576562553,0.438511319765189
0,0t Graduate,0,1100000,4100000,18,887,400000,1300000,2600000,1300000,Approved,5600000,3.7272693388460554,0.7321427264030845
2,0t Graduate,1,8800000,31100000,12,729,12300000,2400000,21900000,9400000,Approved,46000000,3.534090507489715,0.6760869418241969
4,Graduate,0,4800000,18600000,14,774,10800000,5800000,12700000,6500000,Approved,35800000,3.8749991927085015,0.5195530581130431
0,0t Graduate,1,200000,700000,20,724,600000,0,500000,300000,Approved,1400000,3.4999825000874996,0.49999964285739795
5,Graduate,1,1400000,2700000,16,320,900000,2500000,2700000,2000000,Rejected,8100000,1.9285700510213921,0.33333329218107505
5,Graduate,0,2500000,6400000,16,590,3200000,3900000,5800000,3500000,Approved,16400000,2.5599989760004096,0.39024387864366594
5,Graduate,0,8100000,25300000,8,796,15900000,12600000,21500000,7800000,Approved,57800000,3.123456404511555,0.43771625540283293
0,Graduate,1,6100000,19200000,6,890,13900000,5900000,16700000,7600000,Approved,44100000,3.147540467616317,0.43537413978743444
0,0t Graduate,1,2000000,4600000,16,651,2100000,2400000,7200000,1600000,Approved,13300000,2.299998850000575,0.3458646356492755
4,0t Graduate,0,4800000,10100000,12,634,9200000,300000,15000000,6900000,Approved,31400000,2.1041662282987024,0.32165604071159104
4,Graduate,1,900000,2800000,2,660,1200000,1400000,2400000,900000,Approved,5900000,3.1111076543248286,0.4745761907497982
4,0t Graduate,0,1300000,3500000,12,512,3300000,1400000,3200000,700000,Rejected,8600000,2.692305621303368,0.4069766968631748
4,0t Graduate,1,4200000,9100000,2,900,6700000,5300000,10900000,5900000,Approved,28800000,2.1666661507937737,0.31597221125096486
2,Graduate,1,3300000,11100000,20,823,4600000,1500000,11700000,2900000,Approved,20700000,3.363635344352926,0.5362318581530503
2,0t Graduate,1,8700000,28400000,12,880,8000000,1800000,19400000,4400000,Approved,33600000,3.264367440877306,0.8452380700822003
1,0t Graduate,1,800000,2600000,2,439,600000,0,1800000,400000,Approved,2800000,3.249995937505078,0.928571096938894
5,Graduate,1,7400000,17100000,2,441,14700000,1600000,20600000,10800000,Rejected,47700000,2.310810498539122,0.3584905585222105
3,0t Graduate,0,6900000,18500000,6,360,14000000,0,18800000,9600000,Rejected,42400000,2.6811590317160823,0.4363207444263975
1,Graduate,1,8800000,33700000,14,561,10200000,7100000,25700000,11900000,Approved,54900000,3.8295450193698843,0.6138433403671523
2,Graduate,1,8600000,32500000,4,758,20900000,600000,18000000,6900000,Approved,46400000,3.7790693280151944,0.7004310193872625
2,Graduate,0,5400000,20600000,18,621,11200000,2200000,11600000,5500000,Approved,30500000,3.8148141083677576,0.6754098139209898
4,Graduate,1,2900000,5900000,18,621,200000,3100000,8500000,3500000,Approved,15300000,2.0344820570751527,0.3856208898287
3,Graduate,0,9800000,21000000,12,342,25400000,16600000,26900000,7000000,Rejected,75900000,2.142856924198273,0.27667983825191256
4,Graduate,0,3300000,10800000,4,552,4200000,900000,8600000,3300000,Approved,17000000,3.272726280992036,0.6352940802768188
0,0t Graduate,0,300000,500000,18,376,300000,0,800000,300000,Rejected,1400000,1.6666611111296297,0.35714260204099857
0,Graduate,0,1500000,4300000,12,801,4400000,2200000,3300000,1100000,Approved,11000000,2.8666647555568296,0.39090905537190407
3,0t Graduate,1,5400000,16300000,4,512,1600000,3400000,13100000,6000000,Approved,24100000,3.0185179595337113,0.6763485196535884
0,Graduate,0,6600000,15200000,18,497,1500000,6900000,14500000,9300000,Rejected,32200000,2.303029954086371,0.472049674781066
0,Graduate,0,5700000,17200000,8,386,4200000,7100000,14400000,2900000,Rejected,28600000,3.017543330255556,0.6013985803706791
3,0t Graduate,1,8500000,26100000,2,683,6600000,10400000,24100000,5700000,Approved,46800000,3.0705878740484853,0.5576922957758056
0,Graduate,0,7400000,24100000,16,779,800000,2900000,28900000,4900000,Approved,37500000,3.2567563166545517,0.6426666495288893
3,0t Graduate,1,7800000,17700000,6,876,15600000,15200000,25100000,10800000,Approved,66700000,2.269230478303785,0.2653673123633087
3,Graduate,1,7200000,16500000,18,515,7800000,6300000,17300000,10600000,Rejected,42000000,2.2916663483796738,0.39285713350340157
2,0t Graduate,0,7600000,19300000,12,463,5400000,1500000,16000000,9600000,Rejected,32500000,2.539473350069296,0.593846135573965
4,0t Graduate,1,7000000,26700000,4,486,10600000,12200000,18800000,6000000,Approved,47600000,3.814285169387833,0.560924357963774
0,0t Graduate,0,5700000,13000000,6,328,7800000,7500000,20700000,8200000,Rejected,44200000,2.2807013542629204,0.2941176404045783
2,0t Graduate,0,8200000,30600000,10,343,9800000,11500000,16900000,7000000,Rejected,45200000,3.731706861986968,0.6769911354647978
0,Graduate,1,9000000,27800000,8,712,900000,6700000,24400000,5800000,Approved,37800000,3.0888885456790507,0.7354497159933937
3,0t Graduate,0,3900000,11900000,6,607,6600000,6000000,8800000,2000000,Approved,23400000,3.0512812689022386,0.5085469868142314
0,Graduate,0,6500000,16200000,4,812,17200000,10700000,20200000,6200000,Approved,54300000,2.4923073088757985,0.2983425359421264
4,0t Graduate,1,2300000,7700000,16,589,6000000,4400000,6300000,2300000,Approved,19000000,3.347824631380595,0.4052631365650981
1,0t Graduate,0,5700000,21800000,18,657,14100000,3200000,21800000,3200000,Approved,42300000,3.8245607325332047,0.515366418076444
4,0t Graduate,0,800000,2800000,12,453,1500000,300000,2900000,600000,Rejected,5300000,3.499995625005469,0.5283017871128703
4,0t Graduate,1,8400000,19700000,14,889,22400000,5800000,22000000,12100000,Approved,62300000,2.345237816043117,0.3162118729339988
1,Graduate,1,4300000,17200000,4,564,10400000,6600000,11500000,2200000,Approved,30700000,3.999999069767658,0.5602605680696884
1,0t Graduate,1,300000,900000,20,419,800000,0,600000,300000,Rejected,1700000,2.9999900000333333,0.5294114532873804
1,Graduate,0,8700000,34000000,16,663,5400000,10700000,17800000,8100000,Approved,42000000,3.908045527810859,0.8095237902494336
1,0t Graduate,0,4400000,12100000,4,884,9800000,6500000,15000000,6000000,Approved,37300000,2.749999375000142,0.3243967741448586
1,Graduate,1,5600000,16800000,16,528,7500000,6500000,12300000,3900000,Rejected,30200000,2.99999946428581,0.5562913723082327
2,Graduate,0,600000,1300000,12,475,100000,1100000,2300000,600000,Rejected,4100000,2.1666630555615742,0.3170730933968065
4,0t Graduate,1,2500000,5100000,20,695,1100000,4100000,6700000,3500000,Approved,15400000,2.0399991840003264,0.331168809664363
5,0t Graduate,0,3800000,10500000,10,759,1800000,6700000,8100000,5300000,Approved,21900000,2.763157167590219,0.47945203290173366
2,0t Graduate,0,2500000,9600000,4,636,900000,1000000,7300000,2000000,Approved,11200000,3.8399984640006144,0.8571427806122517
3,0t Graduate,1,5500000,20400000,10,546,10600000,8200000,13500000,4000000,Rejected,36300000,3.7090902347108665,0.5619834555927423
5,Graduate,1,4500000,17100000,2,639,10600000,7500000,12000000,6500000,Approved,36600000,3.799999155555743,0.4672131019887131
4,0t Graduate,0,1900000,4000000,10,388,500000,1400000,5600000,900000,Rejected,8400000,2.105262049862079,0.47619041950114055
5,Graduate,1,6400000,20000000,12,594,100000,2100000,16500000,5500000,Approved,24200000,3.1249995117188263,0.8264462468410642
1,0t Graduate,1,3800000,11100000,6,760,2100000,1800000,8700000,5700000,Approved,18300000,2.9210518628810886,0.6065573439039703
4,0t Graduate,1,6300000,16900000,16,582,16000000,3600000,23700000,6000000,Approved,49300000,2.6825392567398003,0.3427991816876434
3,0t Graduate,0,300000,600000,6,896,300000,400000,600000,400000,Approved,1700000,1.9999933333555555,0.3529409688582536
5,0t Graduate,1,7100000,21800000,18,891,7000000,0,18900000,4700000,Approved,30600000,3.0704221027574503,0.7124182773719517
2,0t Graduate,1,600000,1700000,2,495,1700000,200000,1200000,500000,Rejected,3600000,2.8333286111189815,0.47222209104941915
3,Graduate,1,4400000,15300000,16,865,1200000,8400000,15000000,3400000,Approved,28000000,3.4772719369836507,0.546428551913266
4,0t Graduate,0,7600000,20800000,12,775,1900000,13600000,19200000,6400000,Approved,41100000,2.736841745152402,0.5060827127473793
5,Graduate,1,8700000,26400000,10,318,11800000,2900000,23200000,9200000,Rejected,47100000,3.034482409829608,0.5605095422397125
3,Graduate,1,5600000,12700000,12,395,8200000,9300000,22000000,6400000,Rejected,45900000,2.2678567378827252,0.2766884471309706
4,0t Graduate,0,4100000,13100000,14,772,11200000,4200000,10500000,3800000,Approved,29700000,3.1951211719216652,0.44107742622634927
2,0t Graduate,1,7900000,16100000,18,318,17300000,2900000,29900000,9300000,Rejected,59400000,2.0379744255728576,0.2710437664807447
3,0t Graduate,1,5600000,20900000,14,649,4000000,10700000,13000000,8200000,Approved,35900000,3.7321421906888945,0.5821726857333513
3,0t Graduate,0,1200000,3100000,10,438,1500000,2200000,3900000,1000000,Rejected,8600000,2.5833311805573493,0.36046507436452624
5,Graduate,0,6900000,19700000,6,588,9800000,7500000,17100000,7300000,Approved,41700000,2.855072049989558,0.47242205102105395
5,0t Graduate,0,2700000,5600000,2,815,1100000,2000000,7100000,2600000,Approved,12800000,2.0740733058987755,0.4374999658203152
4,Graduate,1,9800000,22100000,4,364,16800000,11100000,26500000,7300000,Rejected,61700000,2.2551018107038967,0.35818475918663273
2,0t Graduate,0,9300000,32300000,4,586,14300000,6400000,37000000,10400000,Approved,68100000,3.473117906116354,0.4743024893641338
4,0t Graduate,0,6700000,25300000,12,555,16900000,3600000,23500000,4900000,Approved,48900000,3.776118839385248,0.5173824025075173
4,Graduate,0,1300000,4600000,10,312,1800000,600000,3100000,800000,Rejected,6300000,3.538458816570141,0.7301586142605374
2,Graduate,1,7900000,17100000,16,605,19200000,14100000,21900000,10400000,Approved,65600000,2.164556688030799,0.26067072773367794
5,0t Graduate,0,6700000,23200000,18,672,1600000,6700000,20800000,5400000,Approved,34500000,3.462686050345366,0.6724637486242392
2,0t Graduate,1,2100000,4500000,18,591,2500000,500000,5500000,1500000,Approved,10000000,2.1428561224494653,0.4499999550000045
4,Graduate,1,4700000,11000000,4,321,10100000,100000,9600000,6900000,Rejected,26700000,2.3404250339521204,0.41198500329644183
2,Graduate,0,3700000,13400000,16,393,6400000,600000,14200000,3500000,Rejected,24700000,3.6216206428052318,0.5425100994935182
0,Graduate,1,5800000,21800000,2,561,4400000,7200000,15000000,4200000,Approved,30800000,3.758620041617234,0.7077921848119421
5,Graduate,1,2400000,6900000,20,725,1700000,400000,8800000,2400000,Approved,13300000,2.8749988020838324,0.5187969534739133
1,0t Graduate,1,8100000,27600000,16,438,1000000,10500000,32200000,8000000,Rejected,51700000,3.407406986739878,0.5338491192679087
5,Graduate,1,5400000,21400000,12,399,4000000,9700000,12400000,6800000,Rejected,32900000,3.962962229081069,0.6504559072809755
0,Graduate,0,1400000,5400000,8,592,4100000,400000,4300000,800000,Approved,9600000,3.8571401020427842,0.5624999414062561
2,0t Graduate,0,2500000,8600000,8,835,2500000,4000000,7700000,1300000,Approved,15500000,3.4399986240005505,0.5548386738813759
0,0t Graduate,1,1600000,5300000,4,733,400000,2100000,5500000,1100000,Approved,9100000,3.312497929688794,0.5824175184156574
0,0t Graduate,0,3700000,10600000,20,484,5800000,1300000,13900000,3500000,Rejected,24500000,2.8648640905772726,0.4326530435651819
5,0t Graduate,1,500000,1800000,20,615,500000,700000,1100000,300000,Approved,2600000,3.5999928000144,0.6923074260356054
3,0t Graduate,1,5300000,19500000,4,591,13200000,4700000,19800000,7900000,Approved,45600000,3.6792445888217755,0.4276315695694831
0,Graduate,1,2800000,6800000,12,349,4100000,2000000,11100000,1400000,Rejected,18600000,2.4285705612247996,0.36559137819401194
1,Graduate,1,9600000,29900000,18,478,18500000,15200000,38200000,9400000,Rejected,81300000,3.114583008897603,0.36777367321311594
4,Graduate,0,2200000,7800000,20,633,0,3900000,8400000,1900000,Approved,14200000,3.5454529338850302,0.5492957359650891
1,0t Graduate,1,8400000,30900000,8,378,18600000,1000000,25900000,11100000,Rejected,56600000,3.6785709906463104,0.5459363861141981
1,0t Graduate,0,2100000,5300000,20,461,1500000,3800000,8100000,1700000,Rejected,15100000,2.523808321996037,0.3509933542388507
2,0t Graduate,1,2800000,7000000,2,834,500000,2900000,8100000,1300000,Approved,12800000,2.499999107143176,0.5468749572753939
0,0t Graduate,0,2500000,5800000,20,671,7400000,500000,7500000,2000000,Approved,17400000,2.319999072000371,0.3333333141762463
3,Graduate,1,1700000,5800000,10,524,4100000,2900000,6600000,800000,Rejected,14400000,3.4117626989631185,0.4027777498071007
3,Graduate,0,6100000,20700000,4,816,14900000,5400000,24200000,5900000,Approved,50400000,3.3934420666488414,0.4107142775651929
3,Graduate,0,4100000,11700000,10,729,6900000,6200000,15400000,2100000,Approved,30600000,2.8536578405712585,0.38235292868127685
5,0t Graduate,1,4500000,12700000,8,307,11000000,3800000,12600000,2700000,Rejected,30100000,2.8222215950618676,0.4219268962814985
2,Graduate,1,5600000,19100000,8,350,2700000,1200000,14200000,4200000,Rejected,22300000,3.410713676658272,0.8565022037442958
3,0t Graduate,1,5800000,16600000,10,444,13300000,5900000,15000000,8500000,Rejected,42700000,2.86206847205716,0.38875877309698426
4,0t Graduate,0,8600000,26700000,10,895,2200000,8800000,22600000,6900000,Approved,40500000,3.1046508017847905,0.6592592429812533
2,Graduate,0,2900000,10500000,20,708,4200000,600000,7700000,4300000,Approved,16800000,3.6206884066591702,0.6249999627976213
2,0t Graduate,1,8300000,17600000,2,355,1000000,700000,28400000,6800000,Rejected,36900000,2.120481672231124,0.4769647567218223
5,0t Graduate,0,2400000,5100000,6,756,1500000,200000,5300000,3400000,Approved,10400000,2.1249991145837024,0.49038456823225307
4,Graduate,0,5600000,12000000,4,719,5600000,2900000,14500000,3400000,Approved,26400000,2.14285676020415,0.4545454373278243
1,Graduate,1,9500000,35400000,14,439,400000,1200000,20200000,13500000,Rejected,35300000,3.7263153972299583,1.0028328327809395
4,0t Graduate,1,4900000,15900000,10,668,10800000,8300000,14900000,2800000,Approved,36800000,3.2448972969597354,0.432065205650402
4,0t Graduate,1,5900000,16500000,2,765,13000000,9400000,20000000,3500000,Approved,45900000,2.7966096954898823,0.35947711635126106
5,Graduate,1,500000,1500000,4,476,200000,200000,1100000,700000,Approved,2200000,2.999994000012,0.6818178719009673
3,Graduate,0,7000000,21700000,14,781,5400000,8500000,19300000,9600000,Approved,42800000,3.09999955714292,0.5070093339483801
1,0t Graduate,0,3500000,12700000,4,350,5200000,6800000,12900000,1800000,Approved,26700000,3.628570391837031,0.475655412896801
0,Graduate,0,5200000,12200000,16,783,5000000,2000000,11400000,5100000,Approved,23500000,2.346153394970501,0.5191489140787696
3,Graduate,1,6300000,19900000,12,770,1900000,2400000,15500000,3100000,Approved,22900000,3.158729657344499,0.8689955952403671
2,0t Graduate,0,8400000,28300000,10,822,1800000,16000000,33000000,4400000,Approved,55200000,3.3690472179705693,0.5126811501325879
1,0t Graduate,1,7500000,22500000,14,469,12300000,9600000,16200000,4500000,Rejected,42600000,2.9999996000000535,0.5281690016861736
2,Graduate,0,3300000,13000000,16,300,5500000,5900000,7400000,3100000,Rejected,21900000,3.939392745638562,0.5936072788307178
2,0t Graduate,0,8800000,22400000,14,692,21700000,5100000,18600000,10900000,Approved,56300000,2.54545425619838,0.39786855421192624
5,Graduate,0,200000,700000,18,707,0,100000,500000,200000,Approved,800000,3.4999825000874996,0.8749989062513672
5,0t Graduate,1,8000000,29100000,4,658,10600000,8600000,28800000,4600000,Approved,52600000,3.637499545312557,0.5532319286457809
3,Graduate,0,1000000,4000000,6,625,700000,100000,2800000,500000,Approved,4100000,3.999996000004,0.97560951814402
1,Graduate,0,9400000,26700000,10,343,7600000,2500000,28600000,13200000,Rejected,51900000,2.8404252297419967,0.5144508571396752
5,Graduate,0,2100000,7300000,18,358,3700000,3200000,7200000,2200000,Rejected,16300000,3.476188820862466,0.4478527332605685
4,Graduate,1,5400000,11500000,20,705,14600000,3800000,13500000,6100000,Approved,38000000,2.1296292352538453,0.3026315709833797
2,Graduate,1,4700000,15100000,8,799,9700000,2500000,10700000,4700000,Approved,27600000,3.2127652738797288,0.5471014294528468
3,Graduate,0,8800000,33700000,12,397,17300000,16000000,22200000,8800000,Rejected,64300000,3.8295450193698843,0.5241057461258827
5,Graduate,0,3200000,12200000,6,493,7700000,6200000,6700000,2100000,Rejected,22700000,3.8124988085941225,0.5374449102447176
0,Graduate,1,7200000,21900000,4,446,17700000,10900000,24500000,7600000,Approved,60700000,3.0416662442130216,0.36079076835600055
2,0t Graduate,1,2500000,7200000,16,315,5500000,3300000,4900000,2800000,Rejected,16500000,2.879998848000461,0.43636360991735695
5,0t Graduate,1,6900000,15700000,14,887,13800000,5300000,25200000,4500000,Approved,48800000,2.2753619890779726,0.32172130488276013
5,Graduate,1,5700000,20500000,16,429,2800000,1900000,22400000,3900000,Rejected,31000000,3.596490597106913,0.6612903012486999
4,Graduate,1,5500000,15100000,18,673,10500000,8000000,13900000,7200000,Approved,39600000,2.7454540462810826,0.3813131216840121
4,0t Graduate,1,9200000,29100000,10,731,14500000,8300000,35800000,5000000,Approved,63600000,3.1630431344518333,0.457547162617183
5,Graduate,1,5700000,11500000,2,732,15800000,3700000,15600000,5300000,Approved,40400000,2.017543505694122,0.28465345830065697
5,Graduate,1,5000000,16400000,14,525,13000000,9100000,15300000,3300000,Rejected,40700000,3.279999344000131,0.40294839304795105
4,0t Graduate,0,2300000,5500000,6,343,0,4100000,4800000,3200000,Rejected,12100000,2.3913033081289963,0.4545454169797176
0,0t Graduate,1,3000000,11000000,16,331,8000000,4500000,6600000,2400000,Rejected,21500000,3.6666654444448517,0.5116278831800984
0,0t Graduate,0,7900000,26200000,18,845,14200000,14700000,27400000,6300000,Approved,62600000,3.316455276398066,0.4185303447519114
2,Graduate,0,2000000,6200000,16,696,4100000,600000,5400000,1300000,Approved,11400000,3.099998450000775,0.5438596014158245
5,0t Graduate,0,2700000,8700000,14,772,2200000,2800000,7600000,3700000,Approved,16300000,3.2222210288070263,0.5337422985434173
3,Graduate,1,6400000,15800000,18,628,6900000,2700000,24800000,5300000,Approved,39700000,2.468749614257873,0.3979848766250661
0,0t Graduate,1,8200000,19100000,2,764,22900000,8900000,20500000,4000000,Approved,56300000,2.329268008625853,0.33925399042177634
1,Graduate,0,2800000,6900000,14,553,400000,4900000,6800000,4200000,Approved,16300000,2.464284834183988,0.4233128574654689
1,0t Graduate,0,8900000,20000000,2,653,12700000,600000,17800000,9900000,Approved,41000000,2.247190758742611,0.4878048661511008
1,0t Graduate,0,5100000,20000000,4,506,7900000,8900000,20300000,6700000,Approved,43800000,3.9215678585161062,0.4566209941410732
3,Graduate,0,2800000,8500000,20,431,6200000,1700000,7800000,2200000,Rejected,17900000,3.0357132015309993,0.47486030866702184
2,0t Graduate,1,6100000,12300000,18,697,14100000,9100000,12600000,3500000,Approved,39300000,2.016393112066703,0.31297709127284756
2,0t Graduate,0,8400000,24500000,6,588,11000000,1300000,22900000,10400000,Approved,45600000,2.9166663194444857,0.5372806899719147
1,0t Graduate,0,1600000,5600000,6,846,600000,2800000,4600000,1200000,Approved,9200000,3.499997812501367,0.6086955860113493
5,Graduate,0,4100000,11000000,14,379,6200000,1700000,8500000,5400000,Rejected,21800000,2.682926174896055,0.504587132817104
1,0t Graduate,0,300000,700000,10,745,0,0,900000,100000,Approved,1000000,2.3333255555814816,0.6999993000007
3,Graduate,0,9600000,34500000,20,523,26100000,2600000,24300000,5300000,Rejected,58300000,3.5937496256510806,0.5917667136918231
4,Graduate,1,8300000,25400000,4,624,22900000,4000000,24800000,5400000,Approved,57100000,3.0602405951517357,0.44483361742848304
1,Graduate,0,4600000,16700000,16,407,13000000,6000000,9800000,2800000,Rejected,31600000,3.6304339933839147,0.5284809959341457
3,0t Graduate,1,5600000,11600000,12,756,3300000,1800000,18400000,7800000,Approved,31300000,2.0714282015306784,0.37060701691351383
3,Graduate,1,4100000,8300000,16,351,6000000,100000,11100000,2200000,Rejected,19400000,2.0243897501488415,0.4278350294930397
3,0t Graduate,0,3700000,13400000,18,373,2800000,100000,13200000,2500000,Rejected,18600000,3.6216206428052318,0.7204300687940823
4,0t Graduate,1,800000,2400000,2,461,1300000,1300000,2300000,300000,Approved,5200000,2.9999962500046875,0.4615383727810822
4,Graduate,0,8100000,28100000,12,672,5600000,9200000,17200000,9500000,Approved,41500000,3.469135374180818,0.6771084174190742
2,Graduate,1,2700000,9500000,10,434,2700000,1500000,8100000,1800000,Rejected,14100000,3.5185172153639943,0.6737588174639136
2,0t Graduate,1,7000000,21400000,12,541,3700000,1300000,19800000,9600000,Rejected,34400000,3.057142420408226,0.622093005171715
3,0t Graduate,1,8100000,29300000,2,413,8100000,15100000,25500000,6400000,Approved,55100000,3.6172835040390736,0.5317604259208634
1,Graduate,0,3200000,7600000,4,592,3000000,1400000,8100000,4700000,Approved,17200000,2.374999257812732,0.44186043942671865
4,0t Graduate,1,400000,1400000,10,665,300000,300000,1500000,200000,Approved,2300000,3.499991250021875,0.6086953875237445
1,Graduate,0,7800000,23900000,4,313,2600000,15300000,23000000,10900000,Approved,51800000,3.0641021712689525,0.46138995248281944
0,0t Graduate,0,5800000,19600000,14,673,8900000,10700000,18000000,7200000,Approved,44800000,3.379309762187972,0.4374999902343752
0,0t Graduate,1,2600000,6000000,8,382,1700000,2200000,8200000,1600000,Rejected,13700000,2.3076914201186844,0.4379561724119582
5,0t Graduate,0,5400000,21100000,12,661,15800000,10400000,20100000,5400000,Approved,51700000,3.9074066838135773,0.40812378320843745
3,Graduate,1,600000,1700000,4,576,400000,100000,2100000,500000,Approved,3100000,2.8333286111189815,0.5483869198751872
1,Graduate,0,600000,1200000,14,443,700000,1000000,2200000,800000,Rejected,4700000,1.9999966666722222,0.2553190946129586
5,Graduate,1,9500000,21700000,16,307,27500000,2700000,28500000,9700000,Rejected,68400000,2.2842102858726014,0.3172514573501249
4,Graduate,1,1900000,4800000,12,656,1500000,1600000,5400000,1700000,Approved,10200000,2.5263144598344947,0.4705881891580207
1,Graduate,1,9800000,21200000,4,885,18000000,16400000,37300000,10800000,Approved,82500000,2.1632650853811137,0.2569696938549128
3,Graduate,0,7800000,16600000,20,896,12400000,10800000,30500000,5500000,Approved,59200000,2.128204855358352,0.2804054006688277
5,0t Graduate,0,4900000,14100000,2,802,3300000,7500000,16100000,2700000,Approved,29600000,2.877550433152973,0.47635133525840084
3,Graduate,1,8300000,22700000,2,650,3600000,16000000,18000000,5800000,Approved,43400000,2.7349394295253697,0.5230414626027313
4,0t Graduate,1,3900000,8900000,10,665,9300000,4000000,9200000,5300000,Approved,27800000,2.2820506969100776,0.32014387337611966
2,Graduate,0,9000000,35700000,12,339,15200000,8400000,19500000,9000000,Rejected,52100000,3.966666225925975,0.6852207162145736
1,0t Graduate,0,9600000,32400000,20,447,15400000,18400000,19800000,4700000,Rejected,58300000,3.3749996484375364,0.5557461311192773
5,0t Graduate,1,1000000,2400000,18,613,1600000,1300000,2600000,600000,Approved,6100000,2.3999976000024,0.3934425584520396
5,Graduate,0,2800000,7200000,16,424,900000,5000000,6100000,3200000,Rejected,15200000,2.5714276530615523,0.47368417936288293
2,0t Graduate,0,8300000,20800000,6,667,19300000,4100000,25400000,6800000,Approved,55600000,2.5060237944549644,0.37410071269603035
4,0t Graduate,1,6900000,18300000,18,715,8200000,600000,15000000,7500000,Approved,31300000,2.6521735286705033,0.5846645180618365
5,0t Graduate,1,3800000,9100000,18,654,9000000,4000000,10200000,3000000,Approved,26200000,2.394736211911523,0.3473282310180065
2,0t Graduate,0,8000000,17800000,20,549,2400000,9700000,27400000,10800000,Rejected,50300000,2.224999721875035,0.35387673252730156
4,Graduate,1,9800000,29700000,4,373,11100000,5500000,37800000,10000000,Approved,64400000,3.0306119356518435,0.46118011706242057
0,Graduate,1,2900000,7200000,16,332,3600000,5700000,7600000,3600000,Rejected,20500000,2.482757764566288,0.35121949506246364
4,Graduate,0,7900000,31500000,20,534,12400000,8500000,21600000,6400000,Rejected,48900000,3.987341267425156,0.6441717659678575
3,0t Graduate,0,4600000,17900000,8,396,10700000,4000000,12300000,2600000,Rejected,29600000,3.891303501890543,0.604729709299672
2,Graduate,0,1000000,3700000,18,892,2200000,800000,3000000,500000,Approved,6500000,3.6999963000037,0.5692306816568182
5,Graduate,0,9000000,21300000,14,602,3400000,7700000,35400000,11000000,Approved,57500000,2.366666403703733,0.37043477616635173
0,Graduate,1,9400000,36100000,10,615,21200000,3800000,27400000,9100000,Approved,61500000,3.8404251233590294,0.5869918603741161
5,Graduate,1,7400000,23300000,20,482,15700000,3600000,29100000,6800000,Rejected,55200000,3.1486482231556456,0.4221014416285971
0,Graduate,0,6600000,20100000,16,397,19200000,7000000,17200000,8400000,Rejected,51800000,3.0454540840221083,0.3880308805399444
0,0t Graduate,0,1300000,3400000,10,464,1200000,200000,3500000,1400000,Rejected,6300000,2.6153826035518435,0.5396824540186581
0,Graduate,1,1100000,3400000,14,832,3200000,200000,4400000,1600000,Approved,9400000,3.09090628099429,0.3617020891806288
5,Graduate,0,9200000,34800000,12,802,22000000,11000000,19800000,12500000,Approved,65300000,3.7826082844990996,0.5329249535539823
2,Graduate,0,7000000,23900000,18,628,13400000,6600000,25200000,7200000,Approved,52400000,3.414285226530682,0.4561068615246782
4,Graduate,0,5100000,18800000,10,694,6400000,5300000,13500000,4100000,Approved,29300000,3.6862737870051396,0.6416382033570579
1,0t Graduate,1,3200000,9300000,20,741,3800000,3500000,6900000,2300000,Approved,16500000,2.9062490917971586,0.563636329476586
1,0t Graduate,1,3700000,10900000,14,748,3700000,2800000,13200000,4100000,Approved,23800000,2.945945149744554,0.45798317403432043
5,Graduate,0,3600000,12800000,4,320,2500000,2900000,12600000,2900000,Approved,20900000,3.555554567901509,0.6124401620842028
1,Graduate,0,5600000,11700000,10,774,11000000,4300000,13100000,6500000,Approved,34900000,2.089285341199046,0.3352435434027638
0,0t Graduate,1,9500000,32000000,2,500,8300000,9700000,24500000,5600000,Approved,48100000,3.368420698060979,0.6652806514494667
4,0t Graduate,0,1500000,4000000,18,706,0,2700000,4400000,1700000,Approved,8800000,2.666664888890074,0.45454540289256784
4,0t Graduate,0,7400000,18300000,10,601,16400000,12600000,28800000,6100000,Approved,63900000,2.472972638787481,0.28638497204405367
2,Graduate,0,6000000,17400000,16,806,1800000,2100000,20200000,3500000,Approved,27600000,2.8999995166667474,0.6304347597668565
0,Graduate,1,3000000,9600000,6,644,3900000,700000,10500000,3000000,Approved,18100000,3.199998933333689,0.5303867110283585
4,Graduate,1,6000000,12900000,14,723,700000,1600000,13600000,4100000,Approved,20000000,2.149999641666726,0.6449999677500016
5,Graduate,1,600000,1500000,12,509,1600000,100000,1900000,800000,Rejected,4400000,2.499995833340278,0.3409090134297697
0,Graduate,0,1800000,6600000,4,898,2400000,100000,4600000,1400000,Approved,8500000,3.6666646296307612,0.7764704968858239
2,Graduate,1,5500000,12000000,2,567,7200000,4700000,11500000,7000000,Approved,30400000,2.1818177851240392,0.39473682912049907
1,Graduate,0,1000000,2100000,6,715,2200000,1000000,2200000,1100000,Approved,6500000,2.0999979000021,0.32307687337278873
2,0t Graduate,1,1700000,3500000,10,854,5000000,2400000,3400000,1700000,Approved,12500000,2.058822318339813,0.2799999776000018
1,Graduate,1,3400000,12300000,8,523,6100000,4700000,8300000,2600000,Rejected,21700000,3.6176459948100015,0.5668202503769469
1,Graduate,1,9600000,35900000,8,534,24500000,17700000,31900000,5400000,Rejected,79500000,3.7395829437934434,0.45157232136387015
0,0t Graduate,1,2600000,7600000,18,470,700000,700000,5500000,2900000,Rejected,9800000,2.9230757988170004,0.7755101249479465
1,Graduate,0,1600000,3500000,18,619,3200000,100000,6300000,1500000,Approved,11100000,2.1874986328133543,0.3153152869085327
0,Graduate,1,4300000,12800000,20,572,8600000,2200000,11000000,6100000,Approved,27900000,2.976743493780583,0.4587813455633926
3,Graduate,0,1400000,3500000,16,365,2600000,2200000,2900000,1600000,Rejected,9300000,2.4999982142869897,0.3763440455544037
0,0t Graduate,0,8000000,18000000,16,791,13900000,10300000,23400000,10600000,Approved,58200000,2.2499997187500353,0.309278345201403
4,0t Graduate,1,5000000,18100000,12,424,5200000,2000000,14500000,6100000,Rejected,27800000,3.619999276000145,0.6510791132705355
5,Graduate,0,4500000,10200000,12,726,2900000,8600000,17500000,4200000,Approved,33200000,2.266666162963075,0.3072289064087679
1,Graduate,0,3400000,9900000,2,736,3900000,4800000,10600000,4500000,Approved,23800000,2.9117638494812206,0.4159663690770433
5,Graduate,1,5700000,12800000,14,488,13600000,1000000,13200000,5500000,Rejected,33300000,2.2456136411204137,0.3843843728413101
2,0t Graduate,1,2600000,7600000,10,400,6800000,2800000,10100000,3200000,Rejected,22900000,2.9230757988170004,0.3318777147651653
0,Graduate,1,4500000,12200000,20,311,11200000,5000000,12700000,2400000,Rejected,31300000,2.711110508642109,0.38977634537455763
2,0t Graduate,1,5100000,16800000,2,504,6400000,2700000,17100000,4400000,Approved,30600000,3.2941170011535292,0.5490195899013206
4,0t Graduate,1,5100000,18600000,20,312,9600000,6000000,16500000,5500000,Rejected,37600000,3.6470581084199787,0.4946808379074245
5,Graduate,1,1700000,6500000,14,587,1100000,1000000,6400000,1500000,Approved,10000000,3.823527162631081,0.6499999350000065
1,0t Graduate,0,5200000,10500000,20,317,3000000,8000000,19300000,5300000,Rejected,35600000,2.0192303809172345,0.2949438119397806
4,0t Graduate,0,8400000,29000000,2,463,12700000,1100000,20100000,6700000,Approved,40600000,3.4523805413832687,0.7142856966924706
1,0t Graduate,1,9000000,34000000,16,842,6300000,16900000,22900000,5800000,Approved,51900000,3.777777358024738,0.6551059604025826
4,Graduate,1,3400000,11800000,20,616,5000000,3300000,9900000,2900000,Approved,21100000,3.470587214533172,0.5592416796567924
1,0t Graduate,0,5400000,19400000,8,800,800000,6100000,19500000,3000000,Approved,29400000,3.592591927297791,0.6598639231338802
0,Graduate,1,700000,2100000,12,813,200000,1300000,2200000,500000,Approved,4200000,2.9999957142918365,0.49999988095240927
2,Graduate,0,7600000,24800000,12,564,14000000,6200000,24700000,6700000,Approved,51600000,3.2631574653740176,0.4806201457244158
2,0t Graduate,0,5000000,14700000,12,837,2200000,7200000,11700000,4800000,Approved,25900000,2.9399994120001174,0.5675675456537627
5,0t Graduate,1,2500000,9400000,16,735,0,2200000,9500000,1700000,Approved,13400000,3.7599984960006014,0.7014924849632473
4,0t Graduate,1,2000000,5200000,16,724,5200000,3800000,4600000,2800000,Approved,16400000,2.59999870000065,0.3170731513979786
5,0t Graduate,0,9000000,23900000,12,658,5700000,4600000,32100000,6100000,Approved,48500000,2.65555526049386,0.49278349499415475
5,Graduate,0,8300000,31800000,16,858,24600000,11100000,26300000,8500000,Approved,70500000,3.831324839599417,0.4510638233891656
0,0t Graduate,1,3100000,8500000,8,614,1700000,4600000,11000000,3300000,Approved,20600000,2.7419345993759356,0.41262133919313887
2,Graduate,1,8500000,25600000,16,714,11400000,14800000,17200000,5700000,Approved,49100000,3.0117643515571353,0.5213849180980669
2,Graduate,1,1200000,4600000,20,605,3600000,1500000,4600000,600000,Approved,10300000,3.833330138891551,0.4466018983881652
4,Graduate,1,2800000,5500000,8,875,6900000,4000000,6000000,3300000,Approved,20200000,1.9642850127553526,0.27227721424370227
5,Graduate,1,2800000,10900000,6,359,5000000,3300000,7600000,3000000,Rejected,18900000,3.892855752551517,0.5767195462053151
5,Graduate,1,6500000,24100000,6,441,14100000,9600000,15300000,5200000,Rejected,44200000,3.707691737278194,0.5452488564423336
4,Graduate,0,8700000,25200000,18,790,25000000,9100000,18400000,8400000,Approved,60900000,2.8965513912009895,0.4137930966536437
1,0t Graduate,1,5400000,13600000,4,821,11600000,8700000,19900000,5600000,Approved,45800000,2.5185180521262867,0.2969432249575715
2,0t Graduate,0,8600000,33300000,16,375,19600000,11200000,25500000,11200000,Rejected,67500000,3.8720925730124915,0.4933333260246915
3,Graduate,0,4700000,9600000,10,545,5200000,7200000,12000000,5300000,Rejected,29700000,2.0425527569036688,0.3232323123490804
5,0t Graduate,1,1100000,3900000,4,891,1100000,200000,3400000,900000,Approved,5600000,3.5454513223169797,0.6964284470663488
0,Graduate,0,6400000,14000000,8,486,5100000,12700000,23900000,3700000,Rejected,45400000,2.1874996582031785,0.3083700372605719
0,Graduate,0,4300000,9900000,4,696,12400000,2100000,17000000,2100000,Approved,33600000,2.3023250459709197,0.29464284837372473
5,0t Graduate,1,2900000,11100000,4,683,1700000,3900000,9400000,3300000,Approved,18300000,3.827584887039694,0.6065573439039703
5,0t Graduate,0,9600000,27100000,8,594,25500000,4600000,26800000,13300000,Approved,70200000,2.8229163726128776,0.38603988054074245
3,0t Graduate,1,900000,2500000,20,529,900000,300000,3200000,700000,Rejected,5100000,2.777774691361454,0.4901959823145133
5,0t Graduate,0,8100000,26300000,4,429,3600000,8500000,22200000,6900000,Approved,41200000,3.2469131793934345,0.6383494990691869
0,0t Graduate,1,8800000,25000000,4,400,11300000,4000000,23600000,9400000,Rejected,48300000,2.840908768078549,0.5175983329689786
0,Graduate,0,8800000,17500000,4,848,25400000,8200000,31600000,5100000,Approved,70300000,1.9886361376549844,0.24893314012897383
1,0t Graduate,0,6400000,21500000,6,489,1600000,4600000,17600000,8900000,Rejected,32700000,3.3593744750977383,0.657492334633262
2,Graduate,0,2900000,6600000,10,326,8600000,2200000,7400000,3400000,Rejected,21600000,2.275861284185764,0.30555554140946567
5,Graduate,0,1600000,6100000,8,663,3900000,800000,6400000,1200000,Approved,12300000,3.8124976171889893,0.4959349190296814
1,0t Graduate,0,1600000,5100000,18,729,2500000,2000000,6200000,900000,Approved,11600000,3.187498007813745,0.4396551345124884
2,Graduate,1,3100000,10700000,4,398,3100000,3000000,7400000,2000000,Approved,15500000,3.4516117898026484,0.6903225361082235
2,0t Graduate,1,5600000,16700000,14,856,400000,10200000,14700000,5200000,Approved,30500000,2.982142324617442,0.5475409656543946
3,Graduate,1,8100000,19900000,20,347,22800000,14400000,29800000,5500000,Rejected,72500000,2.456789820149405,0.2744827548347206
3,0t Graduate,0,9100000,19300000,12,696,26200000,7700000,30100000,13300000,Approved,77300000,2.1208788878155067,0.24967658150483077
0,Graduate,1,5500000,17100000,8,353,400000,200000,17100000,5200000,Rejected,22900000,3.1090903438017556,0.7467248582216219
1,Graduate,1,9700000,34300000,20,756,15700000,18500000,26800000,14100000,Approved,75100000,3.5360821096822566,0.45672436142843725
4,Graduate,0,2300000,5400000,16,490,6200000,3700000,5500000,2100000,Rejected,17500000,2.347825066163015,0.3085714109387765
1,0t Graduate,1,5600000,18000000,10,531,6500000,9000000,19800000,8400000,Rejected,43700000,3.214285140306225,0.4118993040755308
2,0t Graduate,1,4500000,16600000,4,679,10300000,3100000,11700000,5000000,Approved,30100000,3.6888880691359844,0.5514949982892027
1,Graduate,1,500000,1800000,8,877,100000,200000,1100000,600000,Approved,2000000,3.5999928000144,0.899999550000225
0,Graduate,0,4200000,11000000,20,817,6700000,2400000,11700000,6100000,Approved,26900000,2.619046995465001,0.40892191788394355
1,0t Graduate,0,9100000,23300000,18,792,800000,12600000,32100000,12400000,Approved,57900000,2.5604392790726065,0.40241795505323047
4,Graduate,1,3200000,12800000,18,664,6300000,3400000,7600000,2100000,Approved,19400000,3.999998750000391,0.659793780423001
4,Graduate,1,6200000,21300000,16,882,11800000,3500000,12900000,4100000,Approved,32300000,3.4354833168575296,0.6594427040420215
3,0t Graduate,1,2500000,7700000,10,768,4500000,400000,8000000,2600000,Approved,15500000,3.0799987680004928,0.49677416149844117
0,Graduate,0,9100000,27100000,12,787,24300000,2900000,34800000,9500000,Approved,71500000,2.9780216507668515,0.3790209737199864
3,Graduate,1,500000,900000,12,538,0,700000,1500000,300000,Rejected,2500000,1.7999964000072,0.3599998560000576
4,0t Graduate,0,6900000,18000000,8,347,16400000,9300000,18300000,8700000,Rejected,52700000,2.6086952741021343,0.34155597074846356
0,Graduate,1,1800000,5200000,16,317,4900000,1500000,4000000,1300000,Rejected,11700000,2.888887283951509,0.444444406457743
0,Graduate,1,4000000,14500000,2,713,6200000,4900000,12200000,4700000,Approved,28000000,3.6249990937502266,0.5178571243622455
1,0t Graduate,0,3900000,12300000,10,683,1000000,700000,11700000,2400000,Approved,15800000,3.15384534516786,0.7784809633872808
2,0t Graduate,1,8000000,28100000,18,765,24000000,10500000,17700000,8200000,Approved,60400000,3.5124995609375547,0.4652317803769573
5,Graduate,0,900000,3200000,10,803,1600000,1700000,2300000,800000,Approved,6400000,3.555551604942661,0.4999999218750122
0,Graduate,1,8200000,29700000,6,405,3900000,800000,23900000,5700000,Rejected,34300000,3.6219507778108806,0.8658891875834056
5,Graduate,0,2300000,4900000,4,529,6200000,3900000,9200000,2000000,Rejected,21300000,2.130433856333106,0.2300469375564818
5,Graduate,1,6900000,19400000,6,801,10100000,9400000,17000000,5500000,Approved,42000000,2.811593795421189,0.46190475090702976
3,0t Graduate,0,8800000,30700000,12,707,15000000,100000,32800000,8000000,Approved,55900000,3.4886359672004583,0.549194981230859
1,Graduate,0,2600000,7200000,8,349,5900000,1400000,9400000,3000000,Rejected,19700000,2.7692297041424214,0.3654822149501414
1,Graduate,0,3700000,8700000,20,885,6200000,3500000,10900000,2600000,Approved,23200000,2.351350715851158,0.3749999838362076
2,Graduate,1,6200000,23800000,4,489,2900000,7500000,21300000,3300000,Approved,35000000,3.8387090582727326,0.6799999805714291
3,Graduate,1,1000000,2600000,6,341,2900000,1700000,3600000,1100000,Rejected,9300000,2.5999974000026,0.27956986241184273
1,0t Graduate,0,6000000,20000000,12,637,10800000,4300000,20000000,8600000,Approved,43700000,3.3333327777778705,0.45766589341725644
1,0t Graduate,1,9100000,31400000,4,304,14100000,16700000,30200000,9600000,Approved,70600000,3.450549071368234,0.44475920049916146
1,Graduate,0,1700000,6700000,16,537,4300000,2900000,3500000,1100000,Rejected,11800000,3.9411741522504986,0.5677965620511388
5,0t Graduate,1,1700000,4600000,12,503,900000,2200000,4800000,1200000,Rejected,9100000,2.705880761246611,0.5054944499456648
1,Graduate,0,7100000,14300000,12,720,4600000,500000,27300000,8400000,Approved,40800000,2.0140842233684193,0.3504901874879856
5,Graduate,0,9400000,36800000,10,509,20700000,7400000,22400000,6300000,Rejected,56800000,3.9148932005432764,0.6478873125371952
5,0t Graduate,0,6200000,16400000,6,360,900000,7200000,22400000,6300000,Rejected,36800000,2.645160863683732,0.4456521618029304
1,Graduate,0,8300000,31800000,16,818,23400000,7400000,32200000,8500000,Approved,71500000,3.831324839599417,0.4447552385348918
1,Graduate,1,8900000,21200000,8,716,5400000,9200000,23800000,7900000,Approved,46300000,2.382022204267168,0.45788335944096414
1,Graduate,1,6500000,14800000,12,360,3500000,2100000,15000000,7300000,Rejected,27900000,2.276922726627273,0.5304659308076727
3,Graduate,1,8100000,26700000,10,895,5100000,9800000,17100000,9900000,Approved,41900000,3.2962958893461867,0.6372314883715635
2,0t Graduate,0,4900000,13500000,8,328,10500000,8100000,18300000,3400000,Rejected,40300000,2.755101478550719,0.33498758473976215
4,Graduate,0,9100000,26600000,2,812,23300000,11900000,33100000,10400000,Approved,78700000,2.923076601859714,0.3379923718171236
3,Graduate,1,9000000,33100000,16,456,23800000,7000000,26000000,7100000,Rejected,63900000,3.677777369135848,0.517996862003179
4,Graduate,1,1300000,3900000,16,566,700000,200000,3400000,1600000,Approved,5900000,2.9999976923094676,0.6610168371157903
1,0t Graduate,0,6700000,25000000,20,598,5300000,12900000,13600000,7000000,Approved,38800000,3.7313427266652646,0.6443298803007763
5,0t Graduate,0,3200000,9300000,6,656,7000000,3200000,12700000,4200000,Approved,27100000,2.9062490917971586,0.34317341907109156
0,0t Graduate,0,7500000,28700000,2,895,2000000,4100000,21500000,7200000,Approved,34800000,3.8266661564445124,0.8247126199795224
3,Graduate,0,4900000,12800000,14,653,7300000,1000000,13000000,7200000,Approved,28500000,2.6122443648480886,0.4491227912588494
1,0t Graduate,1,700000,1800000,16,641,2100000,400000,1600000,900000,Approved,5000000,2.5714248979644316,0.3599999280000144
2,Graduate,0,6400000,16500000,8,544,12100000,6300000,15200000,5400000,Rejected,39000000,2.5781245971680318,0.4230769122287971
0,0t Graduate,1,3900000,14100000,20,811,5700000,3600000,10500000,5300000,Approved,25100000,3.6153836883631567,0.5617529656672126
4,Graduate,0,9700000,26900000,10,460,11400000,3900000,31400000,9300000,Rejected,56000000,2.773195590392207,0.4803571342793369
5,Graduate,1,3600000,12500000,12,795,10600000,2700000,11100000,4800000,Approved,29200000,3.4722212577163174,0.42808217712047336
2,Graduate,1,3400000,10300000,4,745,4900000,4000000,10000000,3900000,Approved,22800000,3.0294108737026844,0.4517543661511243
0,0t Graduate,0,9800000,20100000,16,606,6200000,800000,37300000,8700000,Approved,53000000,2.0510201988754897,0.3792452758632967
1,0t Graduate,0,5100000,14200000,6,451,6100000,7600000,11400000,5600000,Rejected,30700000,2.7843131795464355,0.4625407015459055
4,Graduate,1,5900000,11800000,8,479,11000000,1200000,15700000,3900000,Rejected,31800000,1.9999996610170065,0.37106917072109524
5,Graduate,0,1200000,2400000,14,495,1800000,1800000,4100000,1300000,Rejected,9000000,1.9999983333347222,0.26666663703704035
2,0t Graduate,0,9700000,30200000,14,769,23700000,13600000,26400000,7500000,Approved,71200000,3.1134017408864185,0.4241572974135211
5,0t Graduate,1,4700000,11800000,4,639,3600000,700000,9400000,5500000,Approved,19200000,2.510637763694093,0.6145833013237864
5,Graduate,0,4200000,12500000,18,723,1200000,300000,12900000,6100000,Approved,20500000,2.9761897675738647,0.6097560678167772
4,Graduate,0,9300000,26100000,16,623,11700000,10500000,21100000,10700000,Approved,54000000,2.8064513111342677,0.4833333243827162
3,0t Graduate,1,5300000,20800000,6,487,9700000,3400000,18500000,4200000,Rejected,35800000,3.924527561409894,0.5810055703629728
0,Graduate,0,7600000,30100000,2,743,20700000,8700000,27600000,9600000,Approved,66600000,3.9605257946676584,0.4519519451658867
2,Graduate,0,6200000,16900000,12,754,2300000,4200000,15300000,7900000,Approved,29700000,2.7258060119667724,0.569023549864527
0,Graduate,0,8900000,21600000,10,552,2300000,9900000,20700000,11900000,Approved,44800000,2.42696601944202,0.48214284638074
4,0t Graduate,1,7900000,27300000,10,560,23100000,14400000,28500000,10900000,Approved,76900000,3.455695765101802,0.35500649733411577
1,Graduate,1,3500000,10800000,14,632,6900000,1500000,10900000,4200000,Approved,23500000,3.0857134040818845,0.45957444852874685
2,Graduate,0,5300000,16700000,18,339,4600000,3300000,12000000,4100000,Rejected,24000000,3.150942801708905,0.695833304340279
2,0t Graduate,0,1400000,3100000,4,881,3700000,400000,5000000,1100000,Approved,10200000,2.214284132654191,0.3039215388312217
1,0t Graduate,1,9100000,23600000,20,535,2800000,17600000,26400000,4500000,Rejected,51300000,2.5934063084168892,0.46003897738715444
4,0t Graduate,0,4400000,17200000,4,563,4100000,3700000,12700000,2900000,Approved,23400000,3.909090020661359,0.7350427036306537
5,0t Graduate,0,2800000,8200000,14,615,7400000,3300000,6700000,2700000,Approved,20100000,2.928570382653435,0.4079601787084488
3,0t Graduate,0,1300000,3300000,8,795,1400000,800000,4600000,1600000,Approved,8400000,2.5384595858003185,0.39285709608844094
4,Graduate,0,8400000,28700000,14,878,23400000,8300000,23900000,8600000,Approved,64200000,3.4166662599206834,0.44704049147912006
5,Graduate,1,5300000,14000000,6,633,11800000,4500000,12800000,6100000,Approved,35200000,2.6415089355643517,0.3977272614282028
2,Graduate,0,6000000,13900000,4,533,3000000,9600000,14600000,4100000,Rejected,31300000,2.3166662805556197,0.4440894426808485
2,0t Graduate,1,2100000,6800000,12,795,6100000,1900000,7200000,2400000,Approved,17600000,3.238093696145859,0.3863636144111583
0,0t Graduate,0,4300000,11000000,4,374,7100000,7300000,9300000,4700000,Rejected,28400000,2.5581389399676886,0.3873239300238053
4,0t Graduate,1,7300000,22900000,12,848,6300000,2900000,28500000,4100000,Approved,41800000,3.136985871645771,0.5478468768457685
2,Graduate,0,5200000,16200000,12,890,10500000,9600000,15800000,3900000,Approved,39800000,3.1153840162723045,0.4070351656523828
3,Graduate,0,4700000,9800000,14,444,8200000,300000,15700000,3800000,Rejected,28000000,2.085105939339162,0.34999998750000044
4,Graduate,0,7800000,28500000,4,803,15500000,11300000,21100000,9800000,Approved,57700000,3.6538456854043995,0.4939341335540012
3,Graduate,1,500000,1900000,18,618,0,600000,1000000,400000,Approved,2000000,3.7999924000152,0.9499995250002375
1,0t Graduate,1,6000000,20300000,14,845,5000000,7800000,23700000,8700000,Approved,45200000,3.3833327694445385,0.44911503431161426
4,Graduate,0,4800000,10800000,12,833,3000000,4000000,16400000,7100000,Approved,30500000,2.2499995312500976,0.3540983490459558
3,Graduate,1,8900000,19300000,12,767,12000000,2200000,24700000,7700000,Approved,46600000,2.16853908218662,0.4141630812411356
1,Graduate,1,1800000,4000000,16,747,700000,200000,4600000,900000,Approved,6400000,2.2222209876550068,0.6249999023437652
2,Graduate,0,3000000,7000000,4,588,5300000,3400000,11900000,3400000,Approved,24000000,2.3333325555558146,0.2916666545138894
4,0t Graduate,0,7700000,24500000,20,582,9800000,6600000,29100000,6500000,Approved,52000000,3.181817768595095,0.4711538370931954
1,0t Graduate,0,8300000,20400000,14,348,5600000,12500000,29100000,4700000,Rejected,51900000,2.4578310291769845,0.3930635762415496
4,0t Graduate,0,4200000,9400000,4,726,10000000,8100000,16100000,5500000,Approved,39700000,2.238094705215546,0.23677581267567221
4,Graduate,1,8000000,31200000,6,482,19800000,11500000,22200000,5700000,Rejected,59200000,3.899999512500061,0.5270270181245437
2,Graduate,1,9400000,30000000,16,565,1200000,3900000,28200000,9000000,Approved,42300000,3.191489022182019,0.7092198413896018
1,Graduate,0,800000,2400000,16,872,2400000,1200000,1900000,900000,Approved,6400000,2.9999962500046875,0.37499994140625914
0,Graduate,1,500000,1300000,4,825,600000,0,1800000,200000,Approved,2600000,2.5999948000104,0.49999980769238167
2,Graduate,1,6100000,22300000,8,694,16200000,10900000,22900000,7200000,Approved,57200000,3.655737105616868,0.38986013304440326
3,Graduate,1,8500000,30800000,20,448,23000000,1400000,22900000,7900000,Rejected,55200000,3.6235289854671784,0.5579710043845832
5,Graduate,1,7600000,18000000,12,452,7900000,4300000,23800000,4700000,Rejected,40700000,2.368420740997271,0.4422604313940926
3,0t Graduate,0,8700000,17900000,12,897,16400000,3500000,31600000,12500000,Approved,64000000,2.0574710278768933,0.2796874956298829
4,0t Graduate,0,9400000,20200000,10,803,24800000,1000000,34400000,4800000,Approved,65000000,2.1489359416025593,0.31076922598816575
1,0t Graduate,1,400000,900000,8,828,600000,500000,1500000,300000,Approved,2900000,2.2499943750140625,0.310344720570786
0,Graduate,0,2700000,7500000,6,832,7700000,1200000,10000000,2500000,Approved,21400000,2.7777767489715743,0.35046727334265076
1,0t Graduate,1,2300000,5500000,6,861,1600000,1200000,4700000,1700000,Approved,9200000,2.3913033081289963,0.5978260219754324
0,Graduate,0,7500000,15900000,2,535,17500000,5700000,23600000,4500000,Rejected,51300000,2.119999717333371,0.30994151442609136
4,0t Graduate,1,7100000,19400000,16,363,17900000,2600000,22600000,4000000,Rejected,47100000,2.7323939813529603,0.41188958785797053
1,0t Graduate,1,8800000,28600000,8,631,11000000,13200000,25000000,7700000,Approved,56900000,3.24999963068186,0.5026361950327558
2,0t Graduate,0,8400000,20700000,6,513,500000,16400000,18800000,7900000,Rejected,43600000,2.464285420918402,0.4747706313126002
0,Graduate,1,4700000,16200000,16,317,12700000,400000,9400000,2500000,Rejected,25000000,3.446807777274941,0.647999974080001
1,Graduate,0,6900000,19500000,2,809,6100000,10600000,22900000,9300000,Approved,48900000,2.8260865469439787,0.3987729979801023
3,0t Graduate,0,2400000,8200000,10,531,6800000,1900000,5700000,2000000,Rejected,16400000,3.4166652430561486,0.499999969512197
1,0t Graduate,1,1600000,4800000,14,544,2200000,200000,6200000,1200000,Rejected,9800000,2.999998125001172,0.4897958683881767
0,Graduate,0,3500000,7800000,14,366,6400000,3000000,13700000,4900000,Rejected,28000000,2.2285707918369164,0.27857141862244933
0,0t Graduate,0,3700000,12700000,14,797,1300000,1100000,12300000,3700000,Approved,18400000,3.432431504748242,0.6902173537925351
1,0t Graduate,0,3200000,12000000,16,597,6800000,1900000,7700000,2200000,Approved,18600000,3.7499988281253662,0.6451612556364916
2,0t Graduate,1,7000000,22500000,12,632,12500000,4600000,20400000,4900000,Approved,42400000,3.2142852551021064,0.5306603648429159
5,0t Graduate,0,9300000,28300000,12,741,7600000,12900000,32400000,5200000,Approved,58100000,3.04301042548275,0.4870912136473113
0,0t Graduate,0,200000,800000,20,331,300000,0,500000,100000,Rejected,900000,3.9999800000999994,0.8888879012356653
4,Graduate,0,6900000,16500000,8,426,3900000,5200000,18300000,9000000,Rejected,36400000,2.3913040012602895,0.4532966908434975
3,0t Graduate,0,9000000,26500000,8,533,17100000,12400000,27800000,6000000,Rejected,63300000,2.944444117283987,0.4186413835917633
1,0t Graduate,0,6900000,22700000,16,394,3800000,4300000,27400000,8700000,Rejected,44200000,3.289854595673247,0.5135746490141482
0,Graduate,0,7500000,25100000,14,877,21000000,11400000,16900000,10700000,Approved,60000000,3.346666220444504,0.4183333263611112
5,0t Graduate,0,9200000,28000000,8,527,18700000,7700000,24400000,6400000,Rejected,57200000,3.043477930056747,0.48951048095261396
1,Graduate,0,4600000,12700000,8,468,10400000,0,14500000,3900000,Rejected,28800000,2.760868965028486,0.4409722069106873
4,Graduate,1,5000000,19600000,18,611,13400000,4400000,14400000,4600000,Approved,36800000,3.9199992160001567,0.532608681179112
2,Graduate,0,4500000,17200000,6,832,2700000,8500000,10900000,6700000,Approved,28800000,3.822221372839695,0.5972222014853402
0,Graduate,0,7900000,22700000,18,508,6600000,7000000,31600000,8900000,Rejected,54100000,2.873417357795271,0.419593337900308
5,0t Graduate,0,5100000,13500000,20,840,1400000,5300000,14700000,4500000,Approved,25900000,2.6470583044983718,0.5212355011105985
4,Graduate,0,3700000,7600000,14,794,9500000,7300000,12100000,4500000,Approved,33400000,2.0540534989044597,0.22754490336691907
1,0t Graduate,0,5300000,17800000,12,889,15300000,500000,14900000,6800000,Approved,37500000,3.3584899323603903,0.47466665400888924
4,0t Graduate,0,200000,500000,16,765,600000,100000,600000,100000,Approved,1400000,2.4999875000625,0.35714260204099857
3,Graduate,1,9000000,18600000,16,518,18400000,17600000,28900000,10300000,Rejected,75200000,2.0666664370370627,0.24734042224281352
3,0t Graduate,0,6900000,17100000,4,694,4200000,6100000,27000000,6000000,Approved,43300000,2.4782605103970274,0.3949191594706892
2,0t Graduate,0,700000,2300000,8,663,700000,500000,2800000,1000000,Approved,5000000,3.2857095918434402,0.4599999080000184
0,Graduate,0,2500000,8900000,2,662,4000000,2100000,9700000,3000000,Approved,18800000,3.5599985760005697,0.47340423013807287
0,0t Graduate,0,4600000,14400000,14,642,10100000,8700000,11100000,4800000,Approved,34700000,3.130434102079543,0.4149855788188594
4,Graduate,0,1000000,3900000,10,701,2200000,1000000,4000000,900000,Approved,8100000,3.8999961000039,0.4814814220393306
4,0t Graduate,1,9200000,30100000,6,632,23700000,6600000,34200000,6200000,Approved,70700000,3.271738774811003,0.42574256823560724
3,Graduate,1,2200000,4400000,2,861,1300000,2600000,4500000,2300000,Approved,10700000,1.9999990909095042,0.4112149148397276
4,Graduate,1,9700000,33300000,12,784,14600000,15800000,37900000,6500000,Approved,74800000,3.432989336805223,0.44518715982370105
0,Graduate,1,5500000,18200000,4,332,8100000,4000000,16400000,5600000,Approved,34100000,3.309090307438126,0.5337243245242134
4,0t Graduate,1,1300000,3400000,2,763,3800000,200000,5100000,1400000,Approved,10500000,2.6153826035518435,0.32380949297052447
1,0t Graduate,1,7900000,19100000,2,593,20800000,12200000,26100000,7800000,Approved,66900000,2.417721212946682,0.2855007431165808
2,0t Graduate,0,4300000,8800000,6,512,7200000,6500000,16900000,2700000,Rejected,33300000,2.046511151974151,0.2642642563284007
0,0t Graduate,0,3800000,13300000,6,655,9600000,0,8600000,2600000,Approved,20800000,3.499999078947611,0.6394230461815843
3,0t Graduate,0,8700000,24700000,8,369,4000000,800000,31100000,4800000,Rejected,40700000,2.839080133439065,0.6068795919685603
3,Graduate,0,1300000,3100000,14,348,1500000,600000,3900000,600000,Rejected,6600000,2.384613550297269,0.46969689853077295
1,0t Graduate,1,6800000,16800000,10,736,2000000,2600000,23800000,5600000,Approved,34000000,2.4705878719723717,0.494117632525952
1,0t Graduate,0,9100000,24000000,20,353,25100000,9200000,26100000,10900000,Rejected,71300000,2.637362347542599,0.3366058858821054
0,Graduate,0,3000000,11300000,16,478,5600000,2000000,9800000,2000000,Rejected,19400000,3.7666654111115294,0.5824741967796806
0,0t Graduate,1,1200000,3000000,4,827,3200000,600000,2300000,1500000,Approved,7600000,2.499997916668403,0.3947367901662118
1,0t Graduate,1,5000000,16900000,12,517,2200000,1500000,15500000,5400000,Rejected,24600000,3.3799993240001354,0.6869918419922015
5,Graduate,1,9700000,24700000,18,648,15100000,600000,25200000,6800000,Approved,47700000,2.546391490062733,0.517819695643193
2,0t Graduate,1,7000000,23800000,10,689,8400000,5400000,15700000,7800000,Approved,37300000,3.3999995142857835,0.6380696879874078
1,Graduate,0,4100000,9100000,20,550,9900000,5200000,10800000,4800000,Approved,30700000,2.2195116537776456,0.2964169284554746
0,Graduate,1,5300000,12900000,20,826,15500000,6800000,12000000,5200000,Approved,39500000,2.433961804912867,0.3265822702131071
1,0t Graduate,0,7300000,19200000,14,599,18400000,5400000,15900000,3700000,Approved,43400000,2.6301366260086816,0.4423963031705921
1,Graduate,0,6500000,18500000,16,815,6300000,10000000,13400000,4000000,Approved,33700000,2.846153408284091,0.5489614080426882
4,Graduate,1,600000,1400000,4,761,800000,500000,2100000,300000,Approved,3700000,2.333329444450926,0.37837827611397945
3,0t Graduate,1,5200000,15000000,20,432,6900000,5000000,15600000,5100000,Rejected,32600000,2.8846148298817633,0.46012268527231026
4,0t Graduate,1,2800000,9200000,18,442,5800000,4800000,8400000,1300000,Rejected,20300000,3.285713112245317,0.45320194811813064
1,Graduate,1,7800000,23300000,6,620,3500000,2100000,22200000,7600000,Approved,35400000,2.987179104207807,0.6581920718024838
2,Graduate,0,3000000,6500000,4,476,7900000,300000,9400000,1500000,Rejected,19100000,2.166665944444685,0.34031411830816133
4,Graduate,0,9300000,34900000,6,837,27400000,800000,21400000,8500000,Approved,58100000,3.752687768528197,0.6006884578194758
3,0t Graduate,1,5100000,18000000,6,510,13400000,6600000,17200000,7600000,Rejected,44800000,3.5294110726644954,0.40178570531728336
4,0t Graduate,1,4300000,16100000,18,849,3800000,6600000,17100000,6400000,Approved,33900000,3.7441851757708893,0.47492623967769204
3,Graduate,0,1100000,2100000,8,737,2900000,2000000,2500000,900000,Approved,8300000,1.9090891735552968,0.25301201770939546
2,Graduate,0,6500000,16200000,10,809,14000000,4700000,13200000,8600000,Approved,40500000,2.4923073088757985,0.39999999012345705
3,0t Graduate,0,6400000,23000000,8,520,12100000,11400000,16000000,3800000,Rejected,43300000,3.5937494384766504,0.5311778168319211
2,0t Graduate,0,7400000,22500000,16,834,6400000,12600000,15700000,6000000,Approved,40700000,3.040540129656739,0.5528255392426158
4,Graduate,0,8700000,32100000,8,397,8900000,17000000,34700000,4800000,Rejected,65400000,3.689654748315546,0.4908256805684147
0,0t Graduate,0,9200000,24700000,14,438,4800000,16000000,20600000,10700000,Rejected,52100000,2.6847823168714875,0.47408828264705793
1,Graduate,1,6200000,19700000,18,820,11200000,3400000,15600000,4700000,Approved,34900000,3.1774188423517997,0.5644698978661921
1,0t Graduate,0,1200000,4600000,20,323,2000000,1700000,2600000,1400000,Rejected,7700000,3.833330138891551,0.5974025198178545
1,0t Graduate,1,7000000,20300000,14,837,7700000,2200000,19700000,5500000,Approved,35100000,2.899999585714345,0.5783475618704398
5,Graduate,1,3800000,10100000,2,571,7400000,6600000,12600000,3300000,Approved,29900000,2.657894037396306,0.33779263084305583
0,Graduate,0,4900000,16300000,14,479,1600000,6400000,18600000,2700000,Rejected,29300000,3.326529933361238,0.5563139741872364
2,Graduate,1,7800000,22100000,6,533,11900000,2500000,19300000,10800000,Rejected,44500000,2.8333329700855168,0.4966292023229393
1,0t Graduate,1,7400000,17200000,8,899,16500000,8700000,16700000,4900000,Approved,46800000,2.3243240102264853,0.36752135966834704
1,0t Graduate,0,7000000,26600000,16,460,20500000,3300000,27700000,4600000,Rejected,56100000,3.7999994571429347,0.47415328923077915
1,0t Graduate,0,4900000,12500000,2,636,14200000,6400000,13900000,5000000,Approved,39500000,2.551019887546962,0.31645568819099523
3,0t Graduate,0,5800000,20600000,20,434,8400000,2700000,22600000,7000000,Rejected,40700000,3.5517235255649093,0.5061424937065726
5,0t Graduate,0,2000000,6900000,18,516,4600000,3400000,6500000,1600000,Rejected,16100000,3.4499982750008624,0.4285714019520868
4,Graduate,0,8300000,24600000,2,382,1400000,1200000,16700000,6600000,Rejected,25900000,2.9638550645957755,0.9498069131348682
0,Graduate,1,1000000,2800000,12,616,700000,700000,3900000,700000,Approved,6000000,2.7999972000028,0.46666658888890183
3,Graduate,0,5500000,11600000,6,745,9400000,8000000,12800000,5400000,Approved,35600000,2.1090905256199046,0.325842687476329
5,Graduate,0,1400000,3400000,6,697,2000000,500000,4600000,1600000,Approved,8700000,2.42856969387879,0.3908045527810859
4,Graduate,0,3700000,12300000,6,364,5900000,4200000,13700000,4400000,Rejected,28200000,3.3243234258585335,0.4361701972989292
2,0t Graduate,1,2100000,6900000,2,566,700000,1500000,8100000,1000000,Approved,11300000,3.2857127210891806,0.6106194149894323
4,0t Graduate,0,6200000,21900000,12,462,9400000,2000000,16600000,8300000,Rejected,36300000,3.5322574947971783,0.6033057685039733
0,0t Graduate,0,9300000,31900000,2,331,7100000,11200000,23700000,8000000,Approved,50000000,3.430107158052994,0.6379999872400003
3,0t Graduate,1,5100000,10300000,12,839,13400000,5400000,10700000,7500000,Approved,37000000,2.0196074471357948,0.2783783708546386
0,Graduate,1,7000000,14000000,4,702,9000000,3100000,21400000,7600000,Approved,41100000,1.999999714285755,0.34063259511842836
3,Graduate,1,5300000,17900000,2,580,10200000,6400000,11600000,3600000,Approved,31800000,3.3773578533287067,0.5628930640599665
3,Graduate,0,900000,2800000,10,560,2700000,300000,1900000,1300000,Approved,6200000,3.1111076543248286,0.45161283038502736
4,0t Graduate,1,9400000,25700000,14,845,27300000,4100000,26500000,12200000,Approved,70100000,2.7340422623359295,0.3666191103192709
4,0t Graduate,1,2600000,8500000,4,392,5500000,100000,8800000,2900000,Approved,17300000,3.269229511834803,0.4913294513682398
2,Graduate,0,1500000,4900000,16,387,0,2400000,3700000,1300000,Rejected,7400000,3.2666644888903407,0.662162072680801
1,Graduate,1,1800000,6300000,12,749,4200000,200000,3800000,2700000,Approved,10900000,3.499998055556636,0.577981598350312
3,Graduate,1,7800000,20000000,14,727,4600000,7200000,17300000,8600000,Approved,37700000,2.564102235371508,0.5305039647081177
3,Graduate,1,2100000,7400000,14,656,5600000,400000,5200000,2800000,Approved,14000000,3.5238078458057878,0.5285713908163292
0,0t Graduate,1,8300000,17500000,20,643,24800000,8900000,18800000,5100000,Approved,57600000,2.108433480911629,0.3038194391698014
2,0t Graduate,1,4400000,16800000,4,307,12800000,7200000,9700000,5800000,Approved,35500000,3.8181809504134203,0.47323942328903035
2,0t Graduate,0,2300000,5000000,16,588,2000000,3500000,7000000,1500000,Approved,14000000,2.1739120982990876,0.35714283163265487
3,Graduate,1,7700000,22300000,20,895,22200000,13300000,23900000,9100000,Approved,68500000,2.8961035199865557,0.3255474405029571
0,0t Graduate,1,9300000,29400000,10,351,24200000,6800000,35800000,6100000,Rejected,72900000,3.161289982656991,0.40329217553783026
5,0t Graduate,0,5900000,16400000,12,891,10200000,10400000,19600000,4700000,Approved,44900000,2.7796605458202466,0.36525611658672347
5,0t Graduate,1,1900000,4900000,4,442,3200000,2100000,5800000,900000,Rejected,12000000,2.578946011081047,0.4083332993055584
0,0t Graduate,0,6900000,19500000,20,686,2300000,8700000,16400000,6200000,Approved,33600000,2.8260865469439787,0.5803571255846094
4,Graduate,1,2100000,8200000,20,432,6000000,900000,5600000,1000000,Rejected,13500000,3.904760045352359,0.6074073624142694
0,0t Graduate,0,8200000,20900000,14,766,4400000,12300000,18400000,12100000,Approved,47200000,2.548780176978027,0.4427966007882076
4,0t Graduate,0,7700000,17200000,6,561,6000000,5000000,15400000,6800000,Approved,33200000,2.2337659436667607,0.51807227355204
5,0t Graduate,0,7700000,19000000,2,539,4000000,14500000,29300000,4100000,Rejected,51900000,2.4675321470737472,0.36608862493085503
1,Graduate,0,700000,1400000,6,759,1000000,500000,2600000,700000,Approved,4800000,1.9999971428612244,0.2916666059027904
5,Graduate,0,7100000,18200000,8,750,21000000,7900000,20800000,5300000,Approved,55000000,2.5633799206507155,0.3309090848925621
2,Graduate,0,3900000,13600000,10,373,11600000,1000000,8400000,3600000,Rejected,24600000,3.48717859303113,0.55284550598189
1,0t Graduate,1,5200000,20500000,10,407,1100000,3400000,18200000,3800000,Rejected,26500000,3.9423069341717434,0.7735848764684953
4,0t Graduate,0,5500000,20200000,14,611,13700000,5700000,15100000,7200000,Approved,41700000,3.672726604958799,0.4844124584073751
3,Graduate,0,2600000,6300000,10,783,6500000,2400000,6500000,2600000,Approved,18000000,2.4230759911246187,0.34999998055555664
0,0t Graduate,1,7300000,24000000,18,651,16600000,100000,19600000,4500000,Approved,40800000,3.2876707825108515,0.5882352797001157
3,Graduate,0,8700000,31100000,16,760,400000,1800000,19300000,4800000,Rejected,26300000,3.5747122327916974,1.182509460741085
3,Graduate,0,9000000,22700000,16,793,11700000,10800000,35000000,7000000,Approved,64500000,2.52222194197534,0.35193797903972124
4,Graduate,0,400000,800000,16,685,500000,300000,1300000,600000,Approved,2700000,1.9999950000125,0.29629618655696793
2,0t Graduate,1,3300000,10700000,8,806,5700000,600000,11500000,4900000,Approved,22700000,3.2424232598717393,0.4713656180015146
1,0t Graduate,0,6300000,17800000,12,770,6000000,3000000,17000000,3200000,Approved,29200000,2.82539637692121,0.6095890202195541
0,0t Graduate,0,7000000,23600000,14,663,13800000,9100000,21300000,7200000,Approved,51400000,3.371428089795987,0.45914395993883345
2,Graduate,1,2100000,8100000,4,592,2000000,2500000,7900000,2700000,Approved,15100000,3.857141020409038,0.5364238055348474
3,0t Graduate,0,7600000,26300000,18,580,19100000,14600000,25500000,5100000,Approved,64300000,3.4605258604571234,0.40902021136827044
1,Graduate,0,8200000,17500000,4,609,4500000,5600000,24100000,7700000,Approved,41900000,2.1341460812016972,0.4176610878839836
3,0t Graduate,1,9200000,23200000,8,380,13100000,15500000,18900000,6100000,Rejected,53600000,2.521738856332733,0.4328358128202274
3,Graduate,0,3800000,12100000,20,364,4100000,5100000,11600000,3000000,Rejected,23800000,3.1842096883658715,0.508403339983053
1,Graduate,0,3200000,8900000,12,866,5100000,700000,9900000,2400000,Approved,18100000,2.7812491308596465,0.49171268001587404
4,0t Graduate,0,9700000,31700000,10,342,700000,100000,36700000,12000000,Rejected,49500000,3.268040900201969,0.6404040274665853
5,Graduate,0,4700000,14400000,16,884,9900000,4400000,9300000,3800000,Approved,27400000,3.063829135355503,0.5255474260749115
4,Graduate,1,3800000,12500000,18,859,3900000,4600000,8200000,2700000,Approved,19400000,3.289472818559785,0.6443298636943369
4,Graduate,0,400000,1000000,20,692,500000,400000,1600000,200000,Approved,2700000,2.499993750015625,0.37037023319620993
4,0t Graduate,1,3200000,6800000,16,675,8000000,1900000,6800000,4000000,Approved,20700000,2.1249993359377077,0.32850239958925603
5,Graduate,1,3900000,12700000,8,886,3500000,5800000,14900000,5400000,Approved,29600000,3.2564094214334816,0.42905403955898513
1,Graduate,1,3500000,13100000,10,477,3200000,6200000,7500000,3100000,Rejected,20000000,3.742856073469693,0.6549999672500016
2,Graduate,0,2200000,8300000,6,596,4700000,3000000,8500000,1800000,Approved,18000000,3.772725557852019,0.46111108549382857
4,0t Graduate,0,6400000,19700000,20,400,2300000,6100000,20100000,6200000,Rejected,34700000,3.078124519043044,0.5677233265785785
3,Graduate,0,9100000,19900000,2,711,2200000,17900000,24300000,13000000,Approved,57400000,2.1868129465040718,0.34668988943048973
0,0t Graduate,1,3300000,8900000,2,418,4200000,6000000,9300000,3700000,Rejected,23200000,2.6969688797064,0.3836206731197986
3,Graduate,0,7800000,21800000,8,517,7700000,5100000,19500000,9100000,Rejected,41400000,2.794871436554944,0.5265700355900957
0,0t Graduate,1,6200000,16200000,6,508,5600000,5700000,21500000,3600000,Rejected,36400000,2.6129028043705156,0.44505493282816116
3,0t Graduate,1,7000000,26100000,18,689,17200000,5700000,20500000,5900000,Approved,49300000,3.7285708959184434,0.5294117539673072
0,Graduate,0,9200000,28200000,12,455,19200000,6400000,34700000,5900000,Rejected,66200000,3.0652170581285807,0.4259818666770111
5,0t Graduate,1,7500000,20800000,6,617,100000,14200000,19300000,8200000,Approved,41800000,2.773332963555605,0.49760764359790327
2,Graduate,0,5300000,13200000,10,500,4700000,9800000,20400000,2900000,Rejected,37800000,2.4905655678178173,0.34920633996808625
5,0t Graduate,1,6800000,22800000,14,382,17600000,700000,21700000,5800000,Rejected,45800000,3.352940683391076,0.4978165830171052
1,0t Graduate,0,7900000,20800000,18,538,10000000,9700000,29900000,10600000,Rejected,60200000,2.6329110591251825,0.34551494442666203
0,0t Graduate,1,6200000,14900000,8,855,0,7200000,14200000,8200000,Approved,29600000,2.40322541883461,0.5033783613723527
1,Graduate,0,1000000,3000000,18,614,1800000,1700000,3700000,700000,Approved,7900000,2.999997000003,0.3797467873738244
2,Graduate,1,7800000,25400000,10,513,22100000,600000,23500000,9800000,Rejected,56000000,3.2564098389218157,0.45357142047193894
5,Graduate,1,3000000,8800000,14,402,5600000,5300000,8600000,4200000,Rejected,23700000,2.9333323555558817,0.37130800121063284
5,Graduate,1,5700000,15000000,20,819,15500000,9800000,14100000,3400000,Approved,42800000,2.631578485687985,0.35046728153113826
4,0t Graduate,0,6600000,25400000,12,622,9200000,3500000,19900000,7500000,Approved,40100000,3.8484842653811717,0.6334164430569466
4,Graduate,1,7100000,18200000,4,790,2500000,2200000,25500000,9600000,Approved,39800000,2.5633799206507155,0.45728642067119546
3,Graduate,1,1300000,4800000,14,808,3100000,2000000,5100000,1500000,Approved,11700000,3.6923048520731907,0.4102563751917628
2,0t Graduate,0,5200000,16800000,18,369,5400000,8600000,17000000,6800000,Rejected,37800000,3.230768609467575,0.44444443268665523
3,Graduate,0,5600000,20300000,4,330,16100000,5100000,15300000,4200000,Approved,40700000,3.624999352678687,0.4987714865166711
2,Graduate,0,7100000,16500000,14,857,3700000,10700000,18500000,8200000,Approved,41100000,2.323943334655868,0.4014598442467191
2,Graduate,0,5100000,19100000,8,457,13200000,5100000,16400000,7600000,Rejected,42300000,3.7450973048828815,0.45153663235137986
3,0t Graduate,1,7600000,29300000,8,843,21500000,3000000,22800000,11200000,Approved,58500000,3.8552626506233354,0.5008546922930822
0,Graduate,1,2500000,5400000,6,463,1900000,3500000,8200000,1800000,Rejected,15400000,2.1599991360003457,0.35064932787991376
3,Graduate,0,6900000,22800000,16,582,17700000,2200000,23500000,4400000,Approved,47800000,3.3043473471960367,0.4769874377199281
0,Graduate,0,3100000,6500000,2,391,100000,3800000,9900000,2400000,Rejected,16200000,2.096773517169833,0.4012345431336702
2,Graduate,1,9700000,35100000,20,612,13400000,13500000,38200000,6500000,Approved,71600000,3.6185563279838835,0.4902234568404545
0,0t Graduate,1,5800000,12600000,2,859,13500000,4700000,21200000,4500000,Approved,43900000,2.1724134185494104,0.28701593879234766
4,0t Graduate,0,7600000,18600000,18,779,9100000,5600000,15200000,10000000,Approved,39900000,2.447368099030513,0.46616540185049116
5,0t Graduate,0,700000,2800000,2,561,900000,400000,1900000,800000,Approved,4000000,3.999994285722449,0.6999998250000438
3,Graduate,0,2300000,5600000,18,420,1300000,600000,6700000,2100000,Rejected,10700000,2.434781550094978,0.5233644370687442
3,0t Graduate,0,1600000,3300000,8,609,4700000,100000,6000000,800000,Approved,11600000,2.0624987109383057,0.284482734096316
4,0t Graduate,0,8100000,19300000,14,821,16500000,8500000,25800000,8300000,Approved,59100000,2.382715755220277,0.32656513829839023
1,Graduate,0,7700000,17100000,14,603,11100000,12100000,30300000,7100000,Approved,60600000,2.2207789323663722,0.282178213165376
4,Graduate,0,1500000,3400000,10,778,3800000,300000,4000000,2200000,Approved,10300000,2.266665155556563,0.33009705533038297
3,0t Graduate,0,7400000,23500000,2,460,20600000,12200000,25900000,9200000,Approved,67900000,3.175675246530372,0.3460971966701444
4,0t Graduate,1,8900000,27100000,18,363,7800000,9600000,25400000,12700000,Rejected,55500000,3.0449434780962386,0.4882882794903013
0,Graduate,0,2400000,5300000,16,482,5500000,4200000,8400000,2600000,Rejected,20700000,2.2083324131948276,0.256038634973979
5,Graduate,0,5600000,20300000,4,772,10600000,6000000,13600000,7600000,Approved,37800000,3.624999352678687,0.5370370228297084
4,Graduate,0,5900000,14400000,6,745,15300000,5100000,16500000,3000000,Approved,39900000,2.4406775524275335,0.36090224659392867
1,Graduate,0,1600000,3300000,2,513,400000,1300000,4600000,2200000,Rejected,8500000,2.0624987109383057,0.38823524844291196
5,0t Graduate,0,1100000,4000000,2,362,1800000,1300000,3500000,1100000,Approved,7700000,3.6363603305815175,0.5194804520155257
2,Graduate,1,6600000,25600000,6,740,10900000,1900000,18900000,9200000,Approved,40900000,3.8787872910928347,0.6259168551120573
3,Graduate,0,8900000,24400000,10,774,11200000,6100000,31400000,7300000,Approved,56000000,2.741572725665986,0.4357142779336736
1,Graduate,1,6400000,16400000,20,555,6000000,2500000,20100000,7400000,Approved,36000000,2.5624995996094375,0.4555555429012349
4,0t Graduate,1,8200000,17300000,12,588,9700000,1200000,20700000,4800000,Approved,36400000,2.109755840273678,0.4752747122177277
1,Graduate,0,500000,1300000,14,619,1500000,100000,2000000,500000,Approved,4100000,2.5999948000104,0.3170730933968065
0,Graduate,0,9700000,31600000,18,607,24300000,7900000,32400000,7500000,Approved,72100000,3.2577316229142657,0.43828016035672457
3,0t Graduate,1,7100000,16700000,4,435,1700000,9600000,24300000,6200000,Rejected,41800000,2.3521123447729093,0.39952152154254733
4,0t Graduate,1,1400000,3400000,14,835,3100000,100000,4100000,2100000,Approved,9400000,2.42856969387879,0.3617020891806288
1,0t Graduate,0,7200000,28100000,14,767,10000000,10400000,27500000,4000000,Approved,51900000,3.902777235725384,0.5414258084503698
1,Graduate,1,8400000,26200000,14,643,19400000,11500000,17900000,6900000,Approved,55700000,3.1190472477324707,0.47037701130382387
4,0t Graduate,0,4300000,13900000,2,894,10100000,100000,8600000,3300000,Approved,22100000,3.2325573877773515,0.628959247558405
0,0t Graduate,1,8800000,29800000,8,343,20000000,4900000,33300000,12200000,Rejected,70400000,3.3863632515496307,0.4232954485327351
4,0t Graduate,0,4000000,15100000,8,800,8700000,6900000,12200000,4400000,Approved,32200000,3.774999056250236,0.4689440848154011
3,0t Graduate,1,6900000,17900000,18,494,7700000,11200000,15400000,8700000,Rejected,43000000,2.5942025225793444,0.4162790600865335
4,Graduate,0,9600000,33000000,14,336,5800000,8500000,30100000,4900000,Rejected,49300000,3.4374996419271207,0.6693711831770551
2,0t Graduate,0,6900000,16500000,16,785,19600000,8600000,27100000,3600000,Approved,58900000,2.3913040012602895,0.28013581867341564
1,0t Graduate,1,3600000,13400000,16,732,5200000,6700000,7300000,3300000,Approved,22500000,3.722221188271892,0.595555529086421
2,0t Graduate,0,1900000,4600000,12,587,3000000,1300000,4800000,1100000,Approved,10200000,2.421051357341391,0.45098034794310315
3,0t Graduate,1,9700000,30800000,18,471,12700000,3800000,37300000,10400000,Rejected,64200000,3.1752574046126387,0.4797507713434459
2,0t Graduate,0,1200000,4100000,8,497,2700000,700000,3700000,1300000,Rejected,8400000,3.4166638194468173,0.488095179988669
1,0t Graduate,0,400000,1600000,16,784,800000,700000,700000,100000,Approved,2300000,3.999990000025,0.6956518714557081
2,Graduate,0,6600000,21500000,18,471,13700000,9800000,17100000,4800000,Rejected,45400000,3.257575264003748,0.4735682715073068
2,Graduate,0,1500000,3300000,4,763,300000,1200000,5400000,700000,Approved,7600000,2.1999985333343113,0.434210469182833
4,0t Graduate,0,3500000,9500000,2,655,9900000,6600000,9400000,3100000,Approved,29000000,2.714284938775732,0.327586195600476
3,0t Graduate,1,4000000,8600000,4,667,11500000,6300000,15300000,3500000,Approved,36600000,2.1499994625001344,0.23497267117561008
3,0t Graduate,0,4100000,14100000,8,367,900000,800000,8900000,5300000,Rejected,15900000,3.4390235514576704,0.8867923970570819
4,Graduate,0,5800000,18500000,16,436,1400000,5500000,17100000,6500000,Rejected,30500000,3.189654622473341,0.6065573571620538
4,Graduate,1,8600000,23300000,12,785,18800000,3800000,23500000,4500000,Approved,50600000,2.7093020105462777,0.4604742992001127
2,Graduate,0,4500000,11400000,10,388,11600000,3000000,14300000,2900000,Rejected,31800000,2.5333327703704955,0.35849055476444797
2,Graduate,1,9900000,37300000,8,385,600000,900000,27400000,14200000,Rejected,43100000,3.7676763871033954,0.865429214259183
1,0t Graduate,1,3200000,8100000,10,670,9100000,3800000,9200000,1900000,Approved,24000000,2.5312492089846224,0.3374999859375006
5,Graduate,1,8900000,19100000,20,329,13300000,11400000,29500000,10000000,Rejected,64200000,2.1460671745991937,0.2975077835279161
5,0t Graduate,1,2100000,4900000,12,651,2500000,2100000,6100000,1800000,Approved,12500000,2.3333322222227513,0.3919999686400025
1,Graduate,0,7100000,26000000,16,727,4300000,9500000,18900000,8900000,Approved,41600000,3.6619713152153075,0.6249999849759619
2,Graduate,1,7800000,28900000,14,646,1800000,1800000,17700000,11000000,Approved,32300000,3.7051277301118293,0.894736814404433
3,0t Graduate,1,8600000,23200000,12,894,22100000,13900000,29200000,4500000,Approved,69700000,2.6976741049216155,0.33285508848127565
3,Graduate,1,5100000,17000000,10,477,1700000,3300000,13700000,6300000,Rejected,25000000,3.33333267973869,0.6799999728000011
5,0t Graduate,0,600000,2000000,20,811,300000,400000,1900000,600000,Approved,3200000,3.333327777787037,0.624999804687561
0,Graduate,1,6600000,21200000,18,377,1000000,9600000,14800000,9500000,Rejected,34900000,3.212120725436254,0.6074498393280848
0,0t Graduate,1,4700000,17000000,18,802,3600000,1600000,17800000,2700000,Approved,25700000,3.6170205070169135,0.661478573483324
2,Graduate,1,7700000,19700000,14,885,19900000,14600000,22000000,8000000,Approved,64500000,2.558441226176464,0.305426351853855
4,Graduate,1,6400000,21900000,6,437,7000000,10000000,24600000,4100000,Rejected,45700000,3.421874465332115,0.47921224334327694
2,Graduate,0,1100000,2500000,20,615,2800000,1700000,2300000,1300000,Approved,8100000,2.2727252066134485,0.3086419372046991
2,0t Graduate,0,8900000,17800000,20,603,3300000,17600000,29000000,13100000,Approved,63000000,1.9999997752809242,0.28253967805492575
0,0t Graduate,1,2100000,8300000,20,765,0,3600000,7700000,2100000,Approved,13400000,3.952379070295681,0.619402938850527
4,0t Graduate,1,2300000,5800000,8,469,6100000,4200000,7900000,2400000,Rejected,20600000,2.5217380340269417,0.2815533843906124
3,Graduate,0,8300000,17700000,16,848,10500000,1100000,18700000,5900000,Approved,36200000,2.132529863550619,0.4889502627361806
4,Graduate,0,900000,2700000,20,327,400000,1200000,2200000,1200000,Rejected,5000000,2.9999966666703703,0.5399998920000216
3,0t Graduate,1,9200000,35000000,4,716,1100000,10200000,33600000,11400000,Approved,56300000,3.8043474125709333,0.6216696159561347
3,Graduate,0,9800000,28300000,2,715,19500000,9600000,28800000,9200000,Approved,67100000,2.8877548073719583,0.42175856301403036
0,0t Graduate,0,200000,600000,12,683,400000,200000,400000,0,Approved,1000000,2.9999850000749997,0.5999994000006
2,0t Graduate,1,3200000,9700000,6,737,7300000,3500000,9700000,2600000,Approved,23100000,3.031249052734671,0.4199134017353506
5,0t Graduate,0,7800000,27000000,6,728,4400000,13100000,18500000,7400000,Approved,43400000,3.4615380177515362,0.6221198013336451
1,Graduate,0,8300000,30000000,18,350,12800000,10800000,23800000,9400000,Rejected,56800000,3.6144573958485067,0.528169004785757
1,Graduate,1,2100000,5200000,14,802,100000,600000,6400000,2500000,Approved,9600000,2.4761892970527155,0.5416666102430614
5,0t Graduate,1,400000,1400000,4,483,1100000,700000,800000,100000,Approved,2700000,3.499991250021875,0.5185183264746939
3,Graduate,1,7700000,21800000,18,684,100000,600000,15600000,5500000,Approved,21800000,2.831168463484615,0.9999999541284424
4,Graduate,1,5600000,16500000,20,692,14500000,7800000,18000000,7400000,Approved,47700000,2.9464280452807063,0.34591194243371187
0,Graduate,0,8400000,31000000,4,783,19000000,13300000,30600000,6900000,Approved,69800000,3.6904757511338393,0.4441260681357297
3,Graduate,1,1300000,4300000,18,412,600000,900000,5200000,1200000,Rejected,7900000,3.3076897633155666,0.5443037285691483
0,0t Graduate,0,8700000,30200000,10,447,14200000,14800000,28200000,6100000,Rejected,63300000,3.4712639688202334,0.47709319941400946
0,0t Graduate,0,2700000,8400000,14,610,900000,1900000,6100000,2800000,Approved,11700000,3.1111099588481634,0.7179486565855849
5,Graduate,1,800000,1800000,8,881,300000,1100000,2600000,400000,Approved,4400000,2.2499971875035154,0.4090908161157236
5,Graduate,1,3800000,10300000,16,606,7700000,1900000,9900000,2700000,Approved,22200000,2.7105256024932625,0.46396394306468725
5,Graduate,1,700000,2600000,2,869,1100000,500000,1400000,500000,Approved,3500000,3.7142804081708456,0.7428569306123055
4,Graduate,1,400000,1400000,2,496,400000,200000,1100000,400000,Approved,2100000,3.499991250021875,0.6666663492065004
1,Graduate,1,3200000,9300000,6,483,6700000,1900000,7800000,3600000,Rejected,20000000,2.9062490917971586,0.46499997675000115
3,Graduate,0,7500000,22200000,8,741,6600000,6900000,17600000,11000000,Approved,42100000,2.959999605333386,0.5273159019639928
2,0t Graduate,0,3700000,13500000,4,820,4700000,1600000,14000000,5300000,Approved,25600000,3.648647662527659,0.5273437294006356
5,Graduate,0,3300000,9100000,18,697,8800000,1800000,11300000,2600000,Approved,24500000,2.7575749219469934,0.3714285562682222
1,Graduate,1,200000,500000,20,713,0,200000,500000,100000,Approved,800000,2.4999875000625,0.6249992187509765
1,0t Graduate,0,7100000,17000000,6,754,1100000,500000,27000000,6800000,Approved,35400000,2.3943658599484703,0.4802259751348595
3,0t Graduate,1,1500000,5100000,14,837,4100000,1000000,3300000,1400000,Approved,9800000,3.3999977333348443,0.5204081101624377
0,0t Graduate,0,3000000,6500000,2,691,7800000,4500000,8900000,2500000,Approved,23700000,2.166665944444685,0.27426159180330834
3,Graduate,1,1900000,5300000,12,436,2300000,3500000,5000000,2600000,Rejected,13400000,2.7894722160672547,0.3955223585431076
0,0t Graduate,0,9100000,30100000,8,322,26200000,9500000,18800000,5900000,Rejected,60400000,3.3076919442096764,0.49834436261019266
0,0t Graduate,0,2200000,7500000,2,333,3400000,600000,6200000,1500000,Approved,11700000,3.4090893595048364,0.6410255862371294
0,0t Graduate,1,8400000,23000000,14,455,400000,13400000,29800000,9400000,Rejected,53000000,2.738094912131558,0.43396225596297633
1,Graduate,1,400000,700000,10,787,1000000,200000,1600000,500000,Approved,3300000,1.7499956250109374,0.21212114784207642
2,Graduate,1,5600000,15800000,16,748,10300000,100000,21700000,6300000,Approved,38400000,2.8214280676021306,0.41145832261827286
5,0t Graduate,1,8200000,27100000,4,643,15400000,7700000,21300000,4100000,Approved,48500000,3.3048776457466285,0.5587628750770541
0,0t Graduate,1,1600000,3400000,8,867,0,2700000,4300000,1300000,Approved,8300000,2.1249986718758302,0.40963850486283077
3,0t Graduate,0,1800000,5600000,20,860,1900000,1700000,4300000,900000,Approved,8800000,3.1111093827170095,0.636363564049595
5,0t Graduate,1,6500000,23900000,2,507,500000,10200000,15900000,8000000,Approved,34600000,3.6769225112426906,0.6907514251227912
1,Graduate,1,3100000,11500000,4,871,1500000,2400000,7100000,3600000,Approved,14600000,3.7096762226850895,0.7876711789266316
3,0t Graduate,0,3100000,9800000,12,820,6400000,5200000,10900000,4400000,Approved,26900000,3.1612893028099025,0.36431225411478607
4,Graduate,1,5300000,14500000,4,352,12600000,4900000,10500000,3500000,Rejected,31500000,2.735848540405936,0.4603174457042081
4,Graduate,0,1100000,4000000,14,887,2400000,1500000,4200000,1600000,Approved,9700000,3.6363603305815175,0.4123710915081349
1,Graduate,1,6000000,13400000,12,731,1300000,4300000,21300000,6900000,Approved,33800000,2.233332961111173,0.396449692412731
0,Graduate,1,6100000,14600000,18,645,14500000,200000,23000000,4600000,Approved,42300000,2.393442230583241,0.3451536561429396
3,0t Graduate,0,4100000,14100000,10,300,7600000,2100000,8400000,2200000,Rejected,20300000,3.4390235514576704,0.6945812465723524
5,Graduate,1,7000000,26200000,12,896,13100000,6600000,23600000,5700000,Approved,49000000,3.7428566081633416,0.5346938666389007
0,0t Graduate,1,8900000,27700000,6,372,18200000,14900000,33700000,6100000,Rejected,72900000,3.1123592008585166,0.3799725599455067
4,Graduate,0,4800000,12000000,6,441,8400000,1300000,18200000,3200000,Rejected,31100000,2.499999479166775,0.38585207762533513
3,Graduate,1,7400000,18300000,4,348,14300000,12600000,17900000,9800000,Rejected,54600000,2.472972638787481,0.3351648290262852
0,Graduate,0,9700000,27500000,18,343,13400000,16500000,20000000,8200000,Rejected,58100000,2.8350512541184276,0.47332185071735194
5,Graduate,1,9700000,22600000,16,346,23500000,12900000,26800000,13000000,Rejected,76200000,2.329896667020962,0.2965879226169564
0,0t Graduate,1,4500000,11500000,14,509,13400000,2300000,15400000,5900000,Rejected,37000000,2.555554987654447,0.31081080241051884
5,Graduate,0,8800000,29300000,10,560,16800000,13900000,31100000,9900000,Approved,71700000,3.3295450761880594,0.4086471351653119
3,Graduate,1,3000000,7500000,6,881,1400000,4500000,6100000,2300000,Approved,14300000,2.4999991666669446,0.524475487798917
5,Graduate,0,1300000,3000000,20,540,1000000,2300000,3200000,1900000,Rejected,8400000,2.3076905325457444,0.3571428146258554
3,Graduate,0,5000000,12700000,14,865,4700000,8100000,19500000,6300000,Approved,38600000,2.5399994920001014,0.3290155355177322
5,Graduate,1,1000000,2300000,12,317,2800000,500000,3300000,800000,Rejected,7400000,2.2999977000023,0.31081076880935554
0,0t Graduate,1,3300000,11300000,20,559,4200000,2900000,11000000,1900000,Approved,20000000,3.4242413865935193,0.5649999717500014
2,0t Graduate,0,6500000,23900000,18,457,1200000,12400000,18100000,7300000,Rejected,39000000,3.6769225112426906,0.6128204971071668
1,0t Graduate,0,4100000,12800000,8,780,8200000,700000,14100000,5800000,Approved,28800000,3.121950458060864,0.4444444290123462
1,Graduate,0,9200000,29700000,10,607,17800000,11800000,35700000,12000000,Approved,77300000,3.228260518667335,0.3842173300877448
