loan_id,no_of_dependents,education,employment_type,income_annum,loan_amount,loan_term,cibil_score,bank_asset_value,loan_status
1,5, Graduate,0,80000.0,220000.0,3.0,747,55000.0, Rejected
2,1, Not Graduate,1,350000.0,1360000.0,23.0,786,430000.0, Approved
3,1, Not Graduate,1,250000.0,1270000.0,15.0,643,325000.0, Rejected
4,2, Graduate,0,70000.0,450000.0,16.0,617,75000.0, Rejected
5,4, Graduate,0,40000.0,640000.0,10.0,674,10000.0, Rejected
6,0, Graduate,0,50000.0,650000.0,14.0,767,5000.0, Rejected
7,1, Graduate,0,100000.0,370000.0,16.0,816,35000.0, Rejected
8,0, Not Graduate,0,30000.0,130000.0,2.0,672,10000.0, Rejected
9,3, Graduate,1,1220000.0,4710000.0,24.0,898,1360000.0, Rejected
10,3, Not Graduate,0,0.0,260000.0,1.0,386,0.0, Rejected
11,4, Graduate,0,0.0,450000.0,20.0,721,0.0, Rejected
12,1, Not Graduate,0,110000.0,360000.0,17.0,855,50000.0, Rejected
13,2, Not Graduate,1,350000.0,1380000.0,17.0,767,110000.0, Approved
14,1, Graduate,0,70000.0,330000.0,10.0,621,25000.0, Rejected
15,0, Graduate,1,660000.0,4580000.0,10.0,679,435000.0, Rejected
16,5, Graduate,0,0.0,360000.0,10.0,900,0.0, Rejected
17,3, Graduate,1,370000.0,1550000.0,22.0,733,170000.0, Rejected
18,0, Graduate,1,1300000.0,4100000.0,21.0,669,1400000.0, Approved
19,4, Graduate,0,80000.0,360000.0,23.0,424,65000.0, Rejected
20,3, Graduate,0,30000.0,390000.0,13.0,760,40000.0, Rejected
21,2, Graduate,0,80000.0,210000.0,3.0,368,35000.0, Rejected
22,3, Graduate,0,10000.0,650000.0,19.0,610,5000.0, Rejected
23,5, Graduate,1,1000000.0,6300000.0,24.0,742,235000.0, Rejected
24,1, Graduate,1,660000.0,4210000.0,15.0,667,375000.0, Rejected
25,5, Graduate,1,530000.0,3520000.0,20.0,658,430000.0, Rejected
26,5, Not Graduate,1,530000.0,3540000.0,23.0,607,595000.0, Rejected
27,1, Graduate,0,130000.0,410000.0,15.0,676,50000.0, Rejected
28,3, Graduate,0,50000.0,560000.0,16.0,856,20000.0, Rejected
29,4, Graduate,1,760000.0,1910000.0,5.0,689,750000.0, Rejected
30,1, Graduate,0,0.0,400000.0,13.0,774,0.0, Rejected
31,1, Graduate,1,690000.0,1400000.0,2.0,682,535000.0, Rejected
32,2, Graduate,0,60000.0,580000.0,17.0,636,75000.0, Rejected
33,3, Graduate,0,60000.0,500000.0,14.0,682,50000.0, Rejected
34,1, Not Graduate,1,240000.0,450000.0,4.0,819,245000.0, Rejected
35,4, Not Graduate,0,30000.0,640000.0,14.0,782,30000.0, Rejected
36,0, Not Graduate,1,490000.0,2830000.0,21.0,714,600000.0, Rejected
37,3, Graduate,1,1170000.0,2350000.0,3.0,840,1160000.0, Rejected
38,2, Graduate,1,540000.0,660000.0,3.0,823,105000.0, Approved
39,5, Graduate,1,1070000.0,2360000.0,5.0,677,620000.0, Rejected
40,1, Graduate,0,10000.0,160000.0,5.0,846,15000.0, Rejected
41,4, Graduate,1,660000.0,2250000.0,19.0,731,250000.0, Rejected
42,3, Graduate,0,0.0,670000.0,12.0,848,0.0, Rejected
43,4, Graduate,0,10000.0,300000.0,2.0,613,15000.0, Rejected
44,4, Not Graduate,1,270000.0,1440000.0,24.0,748,250000.0, Rejected
45,5, Graduate,0,130000.0,650000.0,22.0,674,80000.0, Rejected
46,2, Graduate,0,50000.0,320000.0,22.0,887,10000.0, Rejected
47,3, Graduate,0,90000.0,240000.0,5.0,888,55000.0, Rejected
48,1, Graduate,0,0.0,140000.0,5.0,832,0.0, Rejected
49,2, Graduate,1,630000.0,4070000.0,13.0,663,910000.0, Rejected
50,1, Graduate,0,70000.0,690000.0,10.0,670,75000.0, Rejected
51,0, Not Graduate,1,150000.0,950000.0,12.0,320,170000.0, Rejected
52,4, Not Graduate,1,360000.0,2470000.0,15.0,671,255000.0, Rejected
53,0, Not Graduate,1,850000.0,5420000.0,23.0,681,215000.0, Rejected
54,4, Not Graduate,0,0.0,60000.0,5.0,640,0.0, Rejected
55,5, Graduate,1,1100000.0,2870000.0,3.0,398,510000.0, Rejected
56,2, Not Graduate,0,40000.0,360000.0,16.0,752,30000.0, Rejected
57,1, Graduate,1,290000.0,2030000.0,23.0,683,215000.0, Rejected
58,5, Graduate,0,70000.0,630000.0,23.0,684,50000.0, Rejected
59,1, Graduate,1,1170000.0,660000.0,3.0,532,930000.0, Rejected
60,2, Graduate,1,1580000.0,3500000.0,5.0,660,2340000.0, Rejected
61,3, Graduate,0,100000.0,460000.0,19.0,775,50000.0, Rejected
62,0, Graduate,0,120000.0,350000.0,1.0,853,115000.0, Rejected
63,0, Not Graduate,1,680000.0,4510000.0,18.0,605,295000.0, Rejected
64,1, Graduate,0,0.0,630000.0,11.0,794,0.0, Rejected
65,1, Graduate,1,1570000.0,4970000.0,19.0,640,595000.0, Rejected
66,1, Graduate,0,100000.0,400000.0,18.0,810,90000.0, Rejected
67,2, Graduate,0,20000.0,60000.0,3.0,650,10000.0, Rejected
68,3, Not Graduate,1,260000.0,1030000.0,14.0,667,40000.0, Rejected
69,0, Graduate,1,540000.0,860000.0,5.0,652,670000.0, Approved
70,5, Not Graduate,1,620000.0,2100000.0,17.0,313,175000.0, Rejected
71,4, Not Graduate,0,0.0,360000.0,17.0,455,0.0, Rejected
72,2, Graduate,1,1070000.0,6020000.0,11.0,641,820000.0, Rejected
73,0, Graduate,0,100000.0,520000.0,15.0,871,70000.0, Rejected
74,3, Not Graduate,1,630000.0,1240000.0,4.0,860,705000.0, Rejected
75,2, Not Graduate,1,290000.0,1700000.0,20.0,686,270000.0, Rejected
76,5, Not Graduate,0,40000.0,360000.0,15.0,747,20000.0, Rejected
77,0, Not Graduate,0,60000.0,260000.0,3.0,821,10000.0, Rejected
78,2, Graduate,0,160000.0,600000.0,14.0,789,190000.0, Rejected
79,0, Graduate,1,400000.0,790000.0,2.0,697,235000.0, Rejected
80,0, Graduate,0,20000.0,80000.0,4.0,818,25000.0, Rejected
81,3, Not Graduate,1,660000.0,2570000.0,20.0,847,430000.0, Rejected
82,4, Graduate,0,60000.0,170000.0,3.0,801,65000.0, Rejected
83,3, Graduate,1,330000.0,2110000.0,24.0,484,465000.0, Rejected
84,0, Graduate,1,1260000.0,8440000.0,14.0,724,1275000.0, Rejected
85,2, Graduate,0,110000.0,420000.0,15.0,602,75000.0, Rejected
86,5, Graduate,0,30000.0,390000.0,15.0,873,25000.0, Rejected
87,3, Not Graduate,0,190000.0,1160000.0,19.0,773,165000.0, Rejected
88,4, Graduate,1,1250000.0,1340000.0,2.0,385,1150000.0, Rejected
89,0, Not Graduate,1,520000.0,2470000.0,11.0,714,160000.0, Rejected
90,5, Graduate,0,10000.0,460000.0,20.0,825,10000.0, Rejected
91,3, Graduate,1,1210000.0,4940000.0,20.0,594,365000.0, Rejected
92,3, Not Graduate,0,50000.0,190000.0,4.0,865,5000.0, Rejected
93,3, Not Graduate,0,0.0,120000.0,5.0,830,0.0, Rejected
94,3, Graduate,1,550000.0,3560000.0,20.0,692,145000.0, Rejected
95,5, Not Graduate,0,50000.0,490000.0,17.0,765,60000.0, Rejected
96,2, Graduate,0,130000.0,140000.0,1.0,900,170000.0, Rejected
97,4, Graduate,0,0.0,610000.0,12.0,837,0.0, Rejected
98,4, Graduate,0,120000.0,410000.0,11.0,716,125000.0, Rejected
99,0, Graduate,0,0.0,400000.0,15.0,635,0.0, Rejected
100,1, Graduate,0,40000.0,60000.0,3.0,776,25000.0, Rejected
101,2, Graduate,1,630000.0,2670000.0,16.0,786,495000.0, Rejected
102,0, Graduate,0,140000.0,90000.0,3.0,693,50000.0, Approved
103,0, Graduate,0,20000.0,400000.0,15.0,501,10000.0, Rejected
104,3, Graduate,0,20000.0,360000.0,25.0,719,20000.0, Rejected
105,1, Not Graduate,0,100000.0,120000.0,3.0,652,40000.0, Rejected
106,1, Graduate,1,980000.0,3270000.0,19.0,542,460000.0, Rejected
107,2, Graduate,1,590000.0,1430000.0,2.0,569,680000.0, Rejected
108,1, Not Graduate,0,90000.0,300000.0,1.0,886,30000.0, Rejected
109,0, Graduate,1,850000.0,2230000.0,3.0,892,380000.0, Rejected
110,1, Graduate,0,50000.0,640000.0,21.0,667,5000.0, Rejected
111,1, Graduate,0,140000.0,580000.0,16.0,640,155000.0, Rejected
112,4, Graduate,0,0.0,660000.0,18.0,900,0.0, Rejected
113,0, Not Graduate,0,0.0,660000.0,19.0,881,0.0, Rejected
114,5, Not Graduate,0,30000.0,600000.0,19.0,730,10000.0, Rejected
115,1, Graduate,1,1770000.0,5790000.0,19.0,812,1880000.0, Approved
116,1, Not Graduate,0,80000.0,240000.0,2.0,885,75000.0, Rejected
117,3, Not Graduate,1,530000.0,1460000.0,5.0,705,325000.0, Rejected
118,1, Graduate,0,10000.0,130000.0,3.0,440,5000.0, Rejected
119,1, Not Graduate,0,80000.0,270000.0,5.0,678,70000.0, Rejected
120,4, Graduate,1,580000.0,2090000.0,23.0,303,460000.0, Rejected
121,0, Not Graduate,0,190000.0,1060000.0,13.0,417,190000.0, Rejected
122,2, Not Graduate,0,0.0,170000.0,1.0,586,0.0, Rejected
123,0, Graduate,1,670000.0,2860000.0,21.0,742,575000.0, Rejected
124,3, Graduate,1,360000.0,430000.0,1.0,661,265000.0, Rejected
125,0, Graduate,1,1100000.0,3260000.0,1.0,549,820000.0, Rejected
126,1, Graduate,1,1530000.0,5640000.0,16.0,788,1160000.0, Approved
127,3, Not Graduate,1,130000.0,220000.0,4.0,668,175000.0, Rejected
128,0, Not Graduate,1,410000.0,490000.0,1.0,668,510000.0, Rejected
129,3, Graduate,0,40000.0,640000.0,17.0,374,40000.0, Rejected
130,2, Graduate,0,0.0,540000.0,20.0,328,0.0, Rejected
131,0, Graduate,0,20000.0,680000.0,14.0,624,5000.0, Rejected
132,5, Graduate,0,100000.0,190000.0,5.0,765,115000.0, Rejected
133,1, Graduate,1,1150000.0,2700000.0,5.0,690,900000.0, Rejected
134,3, Graduate,1,330000.0,1560000.0,11.0,842,180000.0, Rejected
135,5, Not Graduate,0,60000.0,140000.0,4.0,652,20000.0, Rejected
136,5, Graduate,0,20000.0,200000.0,1.0,894,5000.0, Rejected
137,4, Graduate,1,1100000.0,4120000.0,16.0,676,180000.0, Rejected
138,3, Not Graduate,0,50000.0,60000.0,2.0,700,15000.0, Rejected
139,5, Graduate,1,770000.0,4740000.0,21.0,654,110000.0, Rejected
140,4, Not Graduate,0,40000.0,150000.0,4.0,572,45000.0, Rejected
141,5, Not Graduate,0,20000.0,160000.0,1.0,500,10000.0, Rejected
142,1, Graduate,0,80000.0,600000.0,20.0,742,50000.0, Rejected
143,2, Graduate,0,80000.0,200000.0,4.0,839,100000.0, Rejected
144,4, Graduate,1,340000.0,830000.0,2.0,760,90000.0, Rejected
145,2, Graduate,1,1360000.0,9400000.0,14.0,650,1725000.0, Rejected
146,3, Graduate,1,740000.0,1870000.0,1.0,382,735000.0, Rejected
147,1, Graduate,0,10000.0,600000.0,22.0,690,5000.0, Rejected
148,4, Graduate,0,0.0,600000.0,17.0,387,0.0, Rejected
149,3, Graduate,1,1380000.0,790000.0,5.0,716,315000.0, Approved
150,5, Graduate,1,660000.0,4590000.0,12.0,720,375000.0, Rejected
151,0, Not Graduate,0,70000.0,640000.0,19.0,648,20000.0, Rejected
152,3, Graduate,0,0.0,270000.0,3.0,335,0.0, Rejected
153,2, Graduate,1,780000.0,2460000.0,14.0,883,135000.0, Approved
154,1, Graduate,0,0.0,620000.0,23.0,647,0.0, Rejected
155,1, Not Graduate,0,0.0,380000.0,11.0,617,0.0, Rejected
156,3, Graduate,0,130000.0,600000.0,18.0,614,150000.0, Rejected
157,5, Graduate,0,70000.0,360000.0,18.0,872,30000.0, Rejected
158,0, Not Graduate,1,540000.0,2920000.0,12.0,867,655000.0, Rejected
159,2, Graduate,1,530000.0,2050000.0,19.0,729,195000.0, Approved
160,3, Not Graduate,0,30000.0,170000.0,2.0,800,35000.0, Rejected
161,3, Graduate,0,60000.0,220000.0,4.0,586,35000.0, Rejected
162,1, Graduate,0,30000.0,600000.0,18.0,888,25000.0, Rejected
163,2, Graduate,0,30000.0,370000.0,25.0,697,5000.0, Rejected
164,0, Graduate,0,0.0,60000.0,3.0,696,0.0, Rejected
165,1, Graduate,1,530000.0,3310000.0,14.0,422,165000.0, Rejected
166,3, Not Graduate,0,40000.0,580000.0,19.0,842,30000.0, Rejected
167,1, Graduate,0,30000.0,230000.0,3.0,830,10000.0, Rejected
168,1, Graduate,0,90000.0,150000.0,1.0,879,65000.0, Rejected
169,4, Graduate,0,0.0,510000.0,13.0,741,0.0, Rejected
170,1, Graduate,0,90000.0,120000.0,2.0,820,35000.0, Rejected
171,5, Graduate,0,70000.0,570000.0,24.0,786,65000.0, Rejected
172,1, Graduate,1,1610000.0,1200000.0,1.0,880,2360000.0, Rejected
173,5, Graduate,0,130000.0,230000.0,3.0,859,95000.0, Rejected
174,2, Graduate,0,10000.0,320000.0,12.0,464,10000.0, Rejected
175,1, Graduate,1,410000.0,1350000.0,18.0,681,350000.0, Approved
176,0, Graduate,1,840000.0,1880000.0,2.0,659,670000.0, Rejected
177,5, Graduate,0,0.0,310000.0,24.0,689,0.0, Rejected
178,5, Graduate,1,1090000.0,7060000.0,10.0,386,330000.0, Rejected
179,3, Not Graduate,0,70000.0,440000.0,11.0,691,95000.0, Rejected
180,2, Graduate,0,80000.0,160000.0,2.0,885,55000.0, Rejected
181,1, Graduate,0,60000.0,150000.0,2.0,851,60000.0, Rejected
182,0, Graduate,1,2120000.0,3950000.0,4.0,720,1780000.0, Rejected
183,3, Not Graduate,1,600000.0,3570000.0,16.0,782,380000.0, Rejected
184,2, Not Graduate,0,60000.0,260000.0,4.0,700,40000.0, Rejected
185,5, Graduate,0,0.0,580000.0,20.0,649,0.0, Rejected
186,0, Graduate,1,830000.0,5670000.0,16.0,855,245000.0, Rejected
187,1, Not Graduate,0,40000.0,270000.0,2.0,662,25000.0, Rejected
188,4, Graduate,0,30000.0,290000.0,3.0,536,20000.0, Rejected
189,4, Graduate,1,700000.0,2710000.0,13.0,357,1035000.0, Rejected
190,2, Graduate,1,1490000.0,4370000.0,2.0,624,880000.0, Rejected
191,0, Graduate,1,460000.0,2900000.0,21.0,816,460000.0, Rejected
192,3, Not Graduate,1,340000.0,2350000.0,21.0,646,100000.0, Rejected
193,0, Not Graduate,0,20000.0,110000.0,3.0,527,5000.0, Rejected
194,5, Graduate,1,970000.0,1460000.0,2.0,552,1280000.0, Rejected
195,4, Graduate,1,560000.0,1800000.0,13.0,410,630000.0, Rejected
196,2, Graduate,0,50000.0,130000.0,4.0,741,25000.0, Rejected
197,1, Not Graduate,0,0.0,220000.0,2.0,747,0.0, Rejected
198,0, Not Graduate,0,50000.0,350000.0,24.0,830,15000.0, Rejected
199,4, Not Graduate,0,50000.0,350000.0,14.0,900,55000.0, Rejected
200,3, Not Graduate,1,290000.0,280000.0,4.0,606,60000.0, Rejected
201,2, Graduate,1,750000.0,2740000.0,14.0,636,870000.0, Rejected
202,1, Graduate,0,30000.0,540000.0,20.0,376,25000.0, Rejected
203,0, Graduate,0,10000.0,590000.0,18.0,621,5000.0, Rejected
204,3, Not Graduate,1,490000.0,1170000.0,5.0,698,640000.0, Rejected
205,1, Graduate,0,30000.0,110000.0,5.0,594,45000.0, Rejected
206,5, Graduate,0,80000.0,560000.0,12.0,714,35000.0, Rejected
207,4, Graduate,0,0.0,490000.0,16.0,759,0.0, Rejected
208,5, Graduate,0,30000.0,310000.0,14.0,615,35000.0, Rejected
209,4, Graduate,0,130000.0,140000.0,5.0,315,150000.0, Rejected
210,3, Graduate,0,50000.0,380000.0,16.0,397,70000.0, Rejected
211,5, Graduate,0,80000.0,280000.0,5.0,643,65000.0, Rejected
212,4, Graduate,0,20000.0,340000.0,16.0,750,20000.0, Rejected
213,2, Graduate,0,60000.0,590000.0,19.0,604,75000.0, Rejected
214,3, Graduate,0,130000.0,480000.0,11.0,605,100000.0, Rejected
215,4, Not Graduate,1,220000.0,640000.0,2.0,711,170000.0, Rejected
216,0, Graduate,1,2170000.0,10470000.0,24.0,621,1185000.0, Rejected
217,4, Graduate,0,10000.0,200000.0,3.0,679,10000.0, Rejected
218,5, Not Graduate,0,40000.0,260000.0,1.0,602,40000.0, Rejected
219,2, Graduate,1,570000.0,3580000.0,15.0,419,415000.0, Rejected
220,1, Not Graduate,0,0.0,530000.0,25.0,367,0.0, Rejected
221,1, Graduate,0,60000.0,670000.0,21.0,609,10000.0, Rejected
222,4, Graduate,1,580000.0,1200000.0,2.0,689,65000.0, Rejected
223,1, Graduate,1,640000.0,2940000.0,24.0,853,540000.0, Rejected
224,4, Graduate,1,640000.0,920000.0,2.0,627,440000.0, Rejected
225,2, Graduate,0,70000.0,490000.0,17.0,615,85000.0, Rejected
226,1, Graduate,1,910000.0,5370000.0,25.0,850,780000.0, Rejected
227,5, Not Graduate,0,120000.0,370000.0,22.0,620,170000.0, Rejected
228,5, Graduate,1,570000.0,3370000.0,13.0,336,215000.0, Rejected
229,0, Not Graduate,0,130000.0,810000.0,20.0,455,195000.0, Rejected
230,4, Graduate,0,70000.0,70000.0,2.0,831,35000.0, Rejected
231,1, Not Graduate,1,360000.0,1670000.0,22.0,887,360000.0, Rejected
232,5, Graduate,0,0.0,440000.0,12.0,802,0.0, Rejected
233,2, Graduate,0,0.0,670000.0,24.0,788,0.0, Rejected
234,2, Graduate,1,300000.0,1610000.0,13.0,651,90000.0, Rejected
235,0, Graduate,0,30000.0,490000.0,17.0,745,10000.0, Rejected
236,2, Not Graduate,0,60000.0,390000.0,21.0,634,65000.0, Rejected
237,2, Graduate,0,90000.0,530000.0,12.0,805,55000.0, Rejected
238,1, Graduate,1,1500000.0,7930000.0,14.0,373,2170000.0, Rejected
239,4, Graduate,1,640000.0,3540000.0,21.0,628,355000.0, Rejected
240,3, Graduate,0,140000.0,130000.0,5.0,623,205000.0, Rejected
241,2, Not Graduate,1,550000.0,2570000.0,14.0,648,215000.0, Rejected
242,2, Not Graduate,0,50000.0,670000.0,17.0,853,10000.0, Rejected
243,3, Not Graduate,1,440000.0,1910000.0,23.0,863,235000.0, Rejected
244,2, Graduate,0,30000.0,140000.0,1.0,755,40000.0, Rejected
245,1, Graduate,0,10000.0,480000.0,14.0,325,10000.0, Rejected
246,1, Not Graduate,1,180000.0,680000.0,11.0,522,50000.0, Rejected
247,3, Graduate,0,0.0,420000.0,21.0,424,0.0, Rejected
248,5, Not Graduate,0,130000.0,560000.0,11.0,400,70000.0, Rejected
249,2, Not Graduate,0,0.0,570000.0,12.0,735,0.0, Rejected
250,5, Not Graduate,1,390000.0,970000.0,1.0,626,220000.0, Rejected
251,2, Graduate,0,80000.0,120000.0,2.0,765,90000.0, Rejected
252,4, Graduate,0,40000.0,450000.0,12.0,616,40000.0, Rejected
253,2, Not Graduate,0,40000.0,80000.0,1.0,706,55000.0, Rejected
254,1, Graduate,0,70000.0,530000.0,25.0,843,55000.0, Rejected
255,0, Graduate,0,30000.0,220000.0,5.0,846,15000.0, Rejected
256,0, Graduate,1,980000.0,590000.0,1.0,546,1465000.0, Rejected
257,0, Not Graduate,1,920000.0,6100000.0,23.0,757,550000.0, Rejected
258,0, Graduate,0,120000.0,240000.0,4.0,742,85000.0, Rejected
259,5, Graduate,0,0.0,180000.0,3.0,748,0.0, Rejected
260,5, Graduate,0,60000.0,550000.0,18.0,521,15000.0, Rejected
261,2, Graduate,0,70000.0,210000.0,3.0,772,45000.0, Rejected
262,5, Not Graduate,1,640000.0,2440000.0,19.0,659,140000.0, Rejected
263,2, Graduate,0,40000.0,670000.0,13.0,614,10000.0, Rejected
264,4, Graduate,0,80000.0,60000.0,4.0,627,10000.0, Rejected
265,2, Not Graduate,1,190000.0,1270000.0,22.0,890,20000.0, Rejected
266,0, Not Graduate,0,30000.0,70000.0,4.0,824,20000.0, Rejected
267,3, Graduate,1,1260000.0,5530000.0,23.0,895,1555000.0, Rejected
268,3, Not Graduate,0,20000.0,290000.0,2.0,612,20000.0, Rejected
269,1, Graduate,1,600000.0,540000.0,5.0,629,595000.0, Rejected
270,1, Graduate,1,730000.0,1860000.0,3.0,624,605000.0, Rejected
271,2, Not Graduate,1,290000.0,660000.0,3.0,853,360000.0, Rejected
272,3, Not Graduate,1,400000.0,1350000.0,24.0,738,535000.0, Approved
273,0, Not Graduate,0,30000.0,280000.0,2.0,678,40000.0, Rejected
274,5, Not Graduate,0,70000.0,160000.0,3.0,648,85000.0, Rejected
275,0, Graduate,1,580000.0,3810000.0,10.0,575,205000.0, Rejected
276,0, Graduate,0,130000.0,290000.0,2.0,848,120000.0, Rejected
277,2, Not Graduate,0,0.0,690000.0,22.0,741,0.0, Rejected
278,2, Graduate,0,70000.0,170000.0,3.0,623,60000.0, Rejected
279,4, Not Graduate,0,90000.0,670000.0,13.0,521,70000.0, Rejected
280,0, Not Graduate,0,60000.0,490000.0,22.0,595,15000.0, Rejected
281,0, Not Graduate,0,50000.0,500000.0,11.0,341,10000.0, Rejected
282,2, Graduate,1,650000.0,740000.0,5.0,724,885000.0, Approved
283,2, Graduate,0,0.0,200000.0,2.0,491,0.0, Rejected
284,4, Graduate,0,70000.0,370000.0,15.0,595,35000.0, Rejected
285,4, Graduate,0,60000.0,110000.0,1.0,835,30000.0, Rejected
286,1, Graduate,0,20000.0,670000.0,12.0,346,20000.0, Rejected
287,3, Graduate,1,1780000.0,12380000.0,12.0,868,1190000.0, Rejected
288,0, Graduate,0,0.0,90000.0,3.0,889,0.0, Rejected
289,0, Graduate,0,90000.0,330000.0,21.0,386,15000.0, Rejected
290,4, Graduate,1,320000.0,160000.0,4.0,864,95000.0, Approved
291,4, Graduate,0,0.0,480000.0,19.0,740,0.0, Rejected
292,1, Graduate,0,10000.0,640000.0,18.0,786,10000.0, Rejected
293,3, Not Graduate,0,10000.0,200000.0,2.0,835,0.0, Rejected
294,1, Graduate,1,570000.0,3370000.0,13.0,638,325000.0, Rejected
295,3, Graduate,0,80000.0,210000.0,2.0,404,85000.0, Rejected
296,5, Graduate,0,0.0,470000.0,25.0,603,0.0, Rejected
297,0, Not Graduate,0,0.0,350000.0,19.0,653,0.0, Rejected
298,1, Graduate,0,110000.0,350000.0,14.0,318,125000.0, Rejected
299,4, Graduate,0,0.0,240000.0,2.0,332,0.0, Rejected
300,1, Graduate,0,10000.0,620000.0,16.0,438,15000.0, Rejected
301,5, Graduate,0,90000.0,290000.0,5.0,826,110000.0, Rejected
302,1, Graduate,1,900000.0,5140000.0,17.0,743,990000.0, Rejected
303,0, Graduate,1,1080000.0,5820000.0,18.0,708,465000.0, Rejected
304,5, Graduate,0,80000.0,80000.0,4.0,777,80000.0, Rejected
305,4, Not Graduate,1,380000.0,1150000.0,16.0,889,380000.0, Approved
306,4, Not Graduate,0,20000.0,220000.0,5.0,570,15000.0, Rejected
307,2, Graduate,0,130000.0,280000.0,2.0,719,105000.0, Rejected
308,5, Graduate,1,1130000.0,3160000.0,3.0,829,1210000.0, Rejected
309,2, Not Graduate,1,450000.0,3050000.0,20.0,830,645000.0, Rejected
310,2, Graduate,1,350000.0,790000.0,4.0,891,180000.0, Rejected
311,0, Graduate,0,50000.0,320000.0,16.0,596,20000.0, Rejected
312,1, Graduate,1,660000.0,1740000.0,5.0,688,620000.0, Rejected
313,4, Graduate,0,20000.0,600000.0,19.0,662,5000.0, Rejected
314,4, Not Graduate,1,500000.0,2520000.0,22.0,873,460000.0, Rejected
315,1, Not Graduate,1,450000.0,3000000.0,13.0,616,100000.0, Rejected
316,4, Graduate,0,20000.0,250000.0,4.0,754,15000.0, Rejected
317,1, Graduate,1,510000.0,3310000.0,15.0,437,495000.0, Rejected
318,5, Graduate,0,0.0,430000.0,18.0,664,0.0, Rejected
319,0, Graduate,0,150000.0,440000.0,5.0,706,60000.0, Rejected
320,0, Graduate,0,50000.0,430000.0,24.0,649,30000.0, Rejected
321,0, Graduate,0,0.0,440000.0,25.0,447,0.0, Rejected
322,1, Not Graduate,1,270000.0,1670000.0,19.0,767,285000.0, Rejected
323,1, Graduate,1,390000.0,1970000.0,12.0,849,330000.0, Rejected
324,3, Graduate,0,10000.0,440000.0,10.0,700,5000.0, Rejected
325,4, Not Graduate,1,360000.0,380000.0,2.0,675,265000.0, Rejected
326,4, Not Graduate,1,730000.0,380000.0,1.0,612,85000.0, Rejected
327,3, Graduate,0,160000.0,310000.0,2.0,681,190000.0, Rejected
328,3, Graduate,1,330000.0,1940000.0,21.0,632,50000.0, Rejected
329,0, Graduate,0,50000.0,160000.0,1.0,850,65000.0, Rejected
330,3, Graduate,1,680000.0,3570000.0,10.0,625,585000.0, Rejected
331,1, Graduate,0,110000.0,670000.0,10.0,462,90000.0, Rejected
332,2, Not Graduate,0,0.0,350000.0,22.0,699,0.0, Rejected
333,1, Graduate,0,10000.0,620000.0,15.0,600,15000.0, Rejected
334,3, Graduate,1,560000.0,2640000.0,15.0,622,795000.0, Rejected
335,4, Graduate,0,0.0,140000.0,2.0,621,0.0, Rejected
336,1, Graduate,0,0.0,130000.0,5.0,600,0.0, Rejected
337,4, Not Graduate,0,70000.0,150000.0,1.0,846,95000.0, Rejected
338,1, Not Graduate,1,500000.0,3180000.0,19.0,747,80000.0, Rejected
339,4, Graduate,0,60000.0,320000.0,20.0,512,75000.0, Rejected
340,5, Graduate,0,90000.0,260000.0,3.0,893,95000.0, Rejected
341,1, Graduate,0,100000.0,420000.0,18.0,620,135000.0, Rejected
342,4, Graduate,0,30000.0,450000.0,19.0,864,40000.0, Rejected
343,2, Graduate,1,730000.0,1720000.0,1.0,887,125000.0, Rejected
344,0, Graduate,1,780000.0,710000.0,5.0,600,745000.0, Rejected
345,1, Graduate,0,0.0,300000.0,21.0,826,0.0, Rejected
346,2, Graduate,0,10000.0,500000.0,15.0,625,0.0, Rejected
347,0, Graduate,1,390000.0,1690000.0,25.0,850,285000.0, Approved
348,1, Graduate,0,70000.0,340000.0,25.0,675,15000.0, Rejected
349,2, Graduate,1,1260000.0,4920000.0,25.0,626,1410000.0, Rejected
350,2, Graduate,1,1040000.0,2340000.0,2.0,636,1515000.0, Rejected
351,5, Graduate,1,1040000.0,6720000.0,20.0,674,935000.0, Rejected
352,2, Not Graduate,0,110000.0,160000.0,5.0,665,45000.0, Rejected
353,5, Graduate,0,40000.0,600000.0,12.0,611,50000.0, Rejected
354,3, Graduate,1,1130000.0,6430000.0,16.0,829,1465000.0, Rejected
355,4, Graduate,0,90000.0,220000.0,5.0,889,100000.0, Rejected
356,0, Graduate,1,450000.0,3010000.0,24.0,691,435000.0, Rejected
357,4, Graduate,0,70000.0,560000.0,10.0,786,90000.0, Rejected
358,4, Graduate,1,620000.0,1410000.0,4.0,782,205000.0, Rejected
359,5, Not Graduate,0,0.0,240000.0,3.0,632,0.0, Rejected
360,4, Graduate,0,80000.0,610000.0,11.0,879,115000.0, Rejected
361,2, Graduate,0,60000.0,510000.0,21.0,772,80000.0, Rejected
362,5, Graduate,1,500000.0,3050000.0,23.0,481,225000.0, Rejected
363,4, Graduate,1,480000.0,1930000.0,10.0,825,625000.0, Rejected
364,5, Graduate,0,80000.0,500000.0,10.0,634,65000.0, Rejected
365,3, Not Graduate,0,0.0,390000.0,16.0,813,0.0, Rejected
366,5, Graduate,1,860000.0,700000.0,4.0,783,1100000.0, Approved
367,1, Not Graduate,0,10000.0,250000.0,5.0,679,0.0, Rejected
368,2, Not Graduate,0,0.0,370000.0,13.0,792,0.0, Rejected
369,0, Graduate,0,20000.0,90000.0,4.0,623,25000.0, Rejected
370,1, Graduate,0,90000.0,80000.0,3.0,694,110000.0, Rejected
371,1, Graduate,0,0.0,110000.0,4.0,866,0.0, Rejected
372,1, Graduate,0,0.0,360000.0,13.0,880,0.0, Rejected
373,4, Graduate,0,90000.0,380000.0,25.0,693,100000.0, Rejected
374,5, Graduate,0,120000.0,800000.0,25.0,726,35000.0, Rejected
375,5, Graduate,0,0.0,320000.0,23.0,647,0.0, Rejected
376,4, Graduate,0,0.0,160000.0,4.0,645,0.0, Rejected
377,2, Not Graduate,0,120000.0,100000.0,5.0,751,135000.0, Approved
378,4, Graduate,1,830000.0,4780000.0,14.0,889,610000.0, Rejected
379,4, Not Graduate,0,30000.0,360000.0,24.0,723,45000.0, Rejected
380,4, Graduate,0,40000.0,170000.0,2.0,640,35000.0, Rejected
381,2, Graduate,0,60000.0,190000.0,2.0,433,60000.0, Rejected
382,2, Graduate,0,40000.0,290000.0,3.0,477,25000.0, Rejected
383,3, Graduate,0,90000.0,370000.0,21.0,651,100000.0, Rejected
384,3, Not Graduate,0,110000.0,100000.0,5.0,700,85000.0, Rejected
385,3, Not Graduate,1,530000.0,380000.0,5.0,805,65000.0, Approved
386,3, Not Graduate,0,0.0,290000.0,3.0,683,0.0, Rejected
387,5, Graduate,1,1100000.0,5210000.0,22.0,702,1390000.0, Rejected
388,1, Graduate,0,120000.0,780000.0,23.0,752,50000.0, Rejected
389,1, Not Graduate,0,20000.0,590000.0,10.0,614,10000.0, Rejected
390,3, Not Graduate,0,90000.0,580000.0,12.0,444,85000.0, Rejected
391,3, Not Graduate,0,80000.0,130000.0,5.0,611,100000.0, Rejected
392,0, Graduate,0,60000.0,530000.0,19.0,854,25000.0, Rejected
393,1, Graduate,1,810000.0,2050000.0,4.0,690,1140000.0, Rejected
394,0, Not Graduate,0,0.0,160000.0,3.0,792,0.0, Rejected
395,0, Graduate,1,1030000.0,3600000.0,12.0,530,390000.0, Rejected
396,4, Not Graduate,1,260000.0,1520000.0,13.0,784,120000.0, Rejected
397,5, Not Graduate,0,50000.0,590000.0,20.0,475,55000.0, Rejected
398,2, Graduate,0,110000.0,80000.0,5.0,638,160000.0, Rejected
399,1, Not Graduate,0,90000.0,580000.0,11.0,575,100000.0, Rejected
400,3, Not Graduate,0,80000.0,440000.0,15.0,675,60000.0, Rejected
401,3, Graduate,0,0.0,470000.0,15.0,804,0.0, Rejected
402,2, Not Graduate,0,50000.0,310000.0,11.0,699,35000.0, Rejected
403,1, Graduate,0,110000.0,270000.0,1.0,805,105000.0, Rejected
404,3, Not Graduate,0,40000.0,390000.0,25.0,548,25000.0, Rejected
405,3, Graduate,1,1530000.0,4050000.0,4.0,799,1245000.0, Rejected
406,4, Not Graduate,1,660000.0,3150000.0,24.0,684,185000.0, Rejected
407,0, Graduate,1,1530000.0,2500000.0,1.0,630,1120000.0, Rejected
408,3, Graduate,0,0.0,500000.0,11.0,626,0.0, Rejected
409,5, Not Graduate,0,70000.0,560000.0,13.0,716,10000.0, Rejected
410,1, Graduate,0,30000.0,480000.0,12.0,781,40000.0, Rejected
411,5, Graduate,0,40000.0,540000.0,18.0,319,15000.0, Rejected
412,2, Not Graduate,0,30000.0,270000.0,5.0,615,25000.0, Rejected
413,4, Not Graduate,1,380000.0,2570000.0,17.0,363,115000.0, Rejected
414,1, Graduate,1,450000.0,1880000.0,16.0,731,210000.0, Rejected
415,4, Graduate,0,70000.0,420000.0,19.0,618,40000.0, Rejected
416,0, Graduate,0,0.0,400000.0,21.0,766,0.0, Rejected
417,3, Graduate,0,40000.0,570000.0,20.0,310,5000.0, Rejected
418,1, Graduate,0,10000.0,460000.0,24.0,827,15000.0, Rejected
419,2, Graduate,0,30000.0,200000.0,3.0,870,5000.0, Rejected
420,0, Not Graduate,0,20000.0,530000.0,19.0,900,5000.0, Rejected
421,0, Not Graduate,0,60000.0,320000.0,16.0,728,75000.0, Rejected
422,4, Not Graduate,1,400000.0,2510000.0,17.0,668,200000.0, Rejected
423,0, Graduate,0,30000.0,360000.0,20.0,712,35000.0, Rejected
424,1, Graduate,1,1210000.0,7580000.0,12.0,874,370000.0, Rejected
425,4, Graduate,0,40000.0,570000.0,24.0,679,15000.0, Rejected
426,0, Graduate,0,50000.0,100000.0,2.0,847,45000.0, Rejected
427,2, Graduate,0,10000.0,510000.0,15.0,705,15000.0, Rejected
428,5, Not Graduate,0,120000.0,650000.0,21.0,608,25000.0, Rejected
429,1, Graduate,0,90000.0,440000.0,10.0,732,60000.0, Rejected
430,2, Graduate,1,350000.0,1580000.0,10.0,457,55000.0, Rejected
431,2, Graduate,1,440000.0,530000.0,1.0,664,165000.0, Rejected
432,4, Not Graduate,0,100000.0,480000.0,14.0,685,135000.0, Rejected
433,3, Graduate,0,150000.0,810000.0,22.0,655,35000.0, Rejected
434,4, Graduate,1,450000.0,2650000.0,21.0,749,585000.0, Rejected
435,1, Graduate,0,0.0,100000.0,5.0,722,0.0, Rejected
436,1, Not Graduate,0,100000.0,480000.0,13.0,898,130000.0, Rejected
437,4, Graduate,0,100000.0,600000.0,21.0,685,85000.0, Rejected
438,3, Not Graduate,1,440000.0,440000.0,3.0,719,585000.0, Approved
439,4, Not Graduate,1,600000.0,3580000.0,24.0,681,185000.0, Rejected
440,1, Graduate,0,40000.0,90000.0,4.0,696,45000.0, Rejected
441,3, Graduate,1,970000.0,980000.0,4.0,625,1020000.0, Rejected
442,1, Not Graduate,1,770000.0,3140000.0,16.0,805,660000.0, Rejected
443,3, Graduate,0,30000.0,520000.0,13.0,661,35000.0, Rejected
444,3, Graduate,0,90000.0,650000.0,23.0,672,90000.0, Rejected
445,4, Not Graduate,0,40000.0,670000.0,22.0,766,55000.0, Rejected
446,4, Not Graduate,1,480000.0,2820000.0,20.0,734,305000.0, Rejected
447,4, Not Graduate,0,20000.0,680000.0,21.0,866,20000.0, Rejected
448,3, Not Graduate,1,490000.0,3060000.0,24.0,713,645000.0, Rejected
449,3, Graduate,0,140000.0,400000.0,1.0,626,55000.0, Rejected
450,1, Graduate,1,1590000.0,9050000.0,10.0,642,1240000.0, Rejected
451,2, Not Graduate,0,90000.0,150000.0,2.0,408,130000.0, Rejected
452,4, Graduate,0,10000.0,310000.0,11.0,862,10000.0, Rejected
453,5, Graduate,1,730000.0,1230000.0,2.0,631,330000.0, Rejected
454,1, Not Graduate,1,150000.0,710000.0,22.0,638,90000.0, Rejected
455,1, Graduate,1,1920000.0,3680000.0,4.0,702,2570000.0, Rejected
456,0, Graduate,0,130000.0,360000.0,3.0,657,185000.0, Rejected
457,4, Graduate,1,500000.0,3450000.0,17.0,614,715000.0, Rejected
458,1, Graduate,0,0.0,480000.0,23.0,761,0.0, Rejected
459,0, Graduate,0,30000.0,70000.0,4.0,581,25000.0, Rejected
460,5, Graduate,0,60000.0,160000.0,4.0,847,20000.0, Rejected
461,5, Graduate,0,60000.0,160000.0,1.0,620,15000.0, Rejected
462,4, Graduate,0,70000.0,510000.0,22.0,762,15000.0, Rejected
463,3, Not Graduate,1,340000.0,510000.0,4.0,691,40000.0, Rejected
464,0, Graduate,0,100000.0,560000.0,16.0,638,135000.0, Rejected
465,3, Not Graduate,1,400000.0,1960000.0,18.0,656,495000.0, Rejected
466,5, Graduate,0,20000.0,250000.0,4.0,810,20000.0, Rejected
467,5, Graduate,0,90000.0,500000.0,12.0,811,135000.0, Rejected
468,2, Not Graduate,0,150000.0,600000.0,17.0,722,215000.0, Rejected
469,2, Graduate,1,640000.0,2110000.0,21.0,623,650000.0, Rejected
470,2, Not Graduate,1,890000.0,6190000.0,25.0,606,670000.0, Rejected
471,2, Graduate,1,560000.0,3500000.0,13.0,637,175000.0, Rejected
472,1, Not Graduate,1,590000.0,1320000.0,3.0,634,485000.0, Rejected
473,2, Graduate,0,150000.0,750000.0,22.0,772,50000.0, Rejected
474,1, Not Graduate,0,10000.0,90000.0,4.0,619,5000.0, Rejected
475,1, Graduate,1,420000.0,1700000.0,20.0,643,595000.0, Rejected
476,4, Not Graduate,0,20000.0,140000.0,3.0,725,10000.0, Rejected
477,1, Graduate,0,0.0,670000.0,18.0,658,0.0, Rejected
478,1, Graduate,0,60000.0,190000.0,1.0,369,55000.0, Rejected
479,2, Not Graduate,0,0.0,490000.0,21.0,570,0.0, Rejected
480,1, Graduate,0,80000.0,480000.0,11.0,875,30000.0, Rejected
481,3, Graduate,0,0.0,170000.0,1.0,824,0.0, Rejected
482,2, Graduate,0,10000.0,680000.0,14.0,663,15000.0, Rejected
483,0, Graduate,0,60000.0,680000.0,25.0,756,25000.0, Rejected
484,2, Graduate,0,70000.0,130000.0,4.0,639,90000.0, Rejected
485,1, Graduate,0,90000.0,100000.0,2.0,838,70000.0, Rejected
486,3, Not Graduate,1,240000.0,1380000.0,20.0,583,170000.0, Rejected
487,2, Graduate,0,110000.0,630000.0,24.0,693,55000.0, Rejected
488,3, Graduate,0,30000.0,520000.0,22.0,898,35000.0, Rejected
489,0, Not Graduate,1,480000.0,1620000.0,20.0,689,640000.0, Approved
490,5, Not Graduate,0,30000.0,540000.0,13.0,896,15000.0, Rejected
491,0, Graduate,0,30000.0,620000.0,23.0,685,5000.0, Rejected
492,5, Graduate,1,480000.0,690000.0,3.0,778,140000.0, Rejected
493,4, Graduate,0,70000.0,510000.0,25.0,727,85000.0, Rejected
494,5, Graduate,1,1380000.0,3300000.0,2.0,854,980000.0, Rejected
495,4, Graduate,1,300000.0,1760000.0,15.0,834,85000.0, Rejected
496,2, Graduate,1,620000.0,1720000.0,5.0,550,355000.0, Rejected
497,4, Graduate,0,70000.0,380000.0,24.0,618,55000.0, Rejected
498,3, Graduate,0,90000.0,160000.0,2.0,793,115000.0, Rejected
499,4, Not Graduate,0,70000.0,690000.0,11.0,716,70000.0, Rejected
500,3, Not Graduate,0,0.0,460000.0,20.0,675,0.0, Rejected
501,5, Graduate,0,50000.0,90000.0,2.0,720,15000.0, Rejected
502,5, Graduate,0,60000.0,250000.0,5.0,750,40000.0, Rejected
503,5, Graduate,0,30000.0,380000.0,22.0,609,5000.0, Rejected
504,4, Not Graduate,0,70000.0,190000.0,3.0,591,80000.0, Rejected
505,5, Graduate,0,60000.0,110000.0,1.0,716,40000.0, Rejected
506,4, Graduate,0,50000.0,370000.0,25.0,760,30000.0, Rejected
507,4, Not Graduate,1,240000.0,1630000.0,18.0,674,195000.0, Rejected
508,1, Not Graduate,0,50000.0,570000.0,15.0,694,55000.0, Rejected
509,1, Not Graduate,0,60000.0,640000.0,11.0,779,55000.0, Rejected
510,4, Not Graduate,1,170000.0,960000.0,21.0,747,210000.0, Rejected
511,3, Graduate,0,10000.0,620000.0,16.0,769,10000.0, Rejected
512,2, Graduate,0,40000.0,230000.0,3.0,309,50000.0, Rejected
513,0, Not Graduate,0,50000.0,250000.0,2.0,612,55000.0, Rejected
514,1, Not Graduate,1,560000.0,450000.0,3.0,383,205000.0, Rejected
515,4, Graduate,0,40000.0,690000.0,21.0,615,5000.0, Rejected
516,0, Graduate,0,80000.0,230000.0,1.0,874,110000.0, Rejected
517,1, Graduate,0,0.0,450000.0,24.0,857,0.0, Rejected
518,2, Not Graduate,1,320000.0,1900000.0,12.0,766,360000.0, Rejected
519,3, Not Graduate,0,80000.0,520000.0,17.0,676,90000.0, Rejected
520,4, Graduate,0,80000.0,620000.0,21.0,675,40000.0, Rejected
521,2, Graduate,1,810000.0,2360000.0,5.0,471,695000.0, Rejected
522,1, Graduate,0,80000.0,600000.0,14.0,633,120000.0, Rejected
523,4, Not Graduate,1,880000.0,2780000.0,19.0,444,1145000.0, Rejected
524,0, Not Graduate,0,50000.0,290000.0,1.0,881,25000.0, Rejected
525,5, Not Graduate,1,170000.0,560000.0,23.0,401,90000.0, Rejected
526,3, Graduate,0,0.0,630000.0,23.0,671,0.0, Rejected
527,1, Graduate,1,910000.0,1590000.0,1.0,836,605000.0, Rejected
528,3, Graduate,1,700000.0,1970000.0,5.0,802,435000.0, Rejected
529,4, Graduate,0,60000.0,260000.0,3.0,626,60000.0, Rejected
530,5, Not Graduate,0,30000.0,490000.0,24.0,792,5000.0, Rejected
531,2, Not Graduate,0,0.0,280000.0,5.0,430,0.0, Rejected
532,3, Not Graduate,0,20000.0,140000.0,1.0,850,25000.0, Rejected
533,0, Not Graduate,0,120000.0,140000.0,4.0,809,150000.0, Rejected
534,1, Graduate,0,0.0,430000.0,10.0,718,0.0, Rejected
535,0, Not Graduate,0,130000.0,370000.0,1.0,749,115000.0, Rejected
536,3, Not Graduate,0,70000.0,530000.0,15.0,765,85000.0, Rejected
537,5, Not Graduate,0,20000.0,420000.0,22.0,805,15000.0, Rejected
538,2, Graduate,1,250000.0,1040000.0,11.0,595,360000.0, Rejected
539,2, Graduate,0,50000.0,420000.0,16.0,717,20000.0, Rejected
540,0, Graduate,0,10000.0,680000.0,14.0,866,15000.0, Rejected
541,4, Not Graduate,0,90000.0,350000.0,13.0,522,40000.0, Rejected
542,4, Graduate,0,0.0,70000.0,5.0,737,0.0, Rejected
543,5, Graduate,0,60000.0,640000.0,16.0,681,45000.0, Rejected
544,2, Graduate,0,100000.0,540000.0,13.0,787,95000.0, Rejected
545,0, Graduate,0,90000.0,250000.0,5.0,684,40000.0, Rejected
546,0, Graduate,1,1020000.0,3500000.0,25.0,847,895000.0, Approved
547,0, Graduate,0,60000.0,190000.0,5.0,526,75000.0, Rejected
548,3, Graduate,1,1590000.0,3220000.0,4.0,880,730000.0, Rejected
549,5, Graduate,1,700000.0,1620000.0,3.0,606,640000.0, Rejected
550,4, Not Graduate,1,140000.0,200000.0,2.0,818,80000.0, Rejected
551,4, Graduate,1,450000.0,2930000.0,14.0,802,380000.0, Rejected
552,3, Not Graduate,0,30000.0,140000.0,5.0,816,30000.0, Rejected
553,1, Graduate,0,100000.0,550000.0,16.0,628,60000.0, Rejected
554,3, Graduate,1,300000.0,1650000.0,20.0,712,450000.0, Rejected
555,5, Not Graduate,0,60000.0,380000.0,16.0,888,55000.0, Rejected
556,0, Graduate,0,60000.0,600000.0,17.0,720,75000.0, Rejected
557,3, Graduate,1,1860000.0,4460000.0,2.0,669,2075000.0, Rejected
558,0, Graduate,1,710000.0,360000.0,2.0,844,920000.0, Approved
559,5, Not Graduate,1,390000.0,280000.0,1.0,840,135000.0, Rejected
560,5, Graduate,1,1090000.0,2920000.0,3.0,611,450000.0, Rejected
561,2, Not Graduate,1,300000.0,540000.0,4.0,827,235000.0, Rejected
562,0, Graduate,0,50000.0,510000.0,25.0,892,65000.0, Rejected
563,4, Graduate,1,750000.0,2670000.0,21.0,879,280000.0, Rejected
564,3, Graduate,0,140000.0,610000.0,22.0,314,205000.0, Rejected
565,5, Graduate,0,90000.0,200000.0,2.0,764,25000.0, Rejected
566,0, Graduate,1,670000.0,4470000.0,12.0,620,230000.0, Rejected
567,1, Graduate,0,80000.0,270000.0,1.0,315,25000.0, Rejected
568,2, Graduate,0,50000.0,450000.0,17.0,504,45000.0, Rejected
569,1, Not Graduate,0,40000.0,240000.0,2.0,340,55000.0, Rejected
570,5, Graduate,1,340000.0,2140000.0,10.0,851,155000.0, Rejected
571,1, Graduate,0,10000.0,340000.0,19.0,778,10000.0, Rejected
572,1, Not Graduate,1,540000.0,2580000.0,18.0,868,185000.0, Rejected
573,2, Graduate,0,0.0,230000.0,3.0,602,0.0, Rejected
574,2, Graduate,1,1450000.0,4740000.0,21.0,743,395000.0, Approved
575,2, Not Graduate,1,270000.0,700000.0,1.0,629,215000.0, Rejected
576,2, Not Graduate,0,10000.0,550000.0,17.0,526,10000.0, Rejected
577,1, Graduate,0,80000.0,600000.0,19.0,723,75000.0, Rejected
578,4, Not Graduate,0,70000.0,590000.0,14.0,657,20000.0, Rejected
579,4, Graduate,1,910000.0,3730000.0,18.0,888,295000.0, Rejected
580,2, Graduate,1,730000.0,3290000.0,25.0,834,760000.0, Rejected
581,3, Graduate,1,1010000.0,2250000.0,2.0,427,1245000.0, Rejected
582,0, Not Graduate,0,60000.0,440000.0,16.0,636,80000.0, Rejected
583,5, Graduate,1,550000.0,880000.0,4.0,704,680000.0, Rejected
584,3, Graduate,1,1700000.0,5760000.0,19.0,850,2490000.0, Rejected
585,5, Graduate,1,570000.0,2800000.0,18.0,379,385000.0, Rejected
586,3, Graduate,1,330000.0,1700000.0,19.0,806,185000.0, Rejected
587,3, Graduate,0,70000.0,570000.0,16.0,504,10000.0, Rejected
588,4, Graduate,0,120000.0,670000.0,21.0,731,90000.0, Rejected
589,0, Graduate,1,380000.0,1120000.0,3.0,724,385000.0, Rejected
590,3, Graduate,1,2530000.0,3690000.0,2.0,760,3140000.0, Rejected
591,2, Graduate,0,160000.0,540000.0,23.0,575,75000.0, Rejected
592,5, Graduate,0,0.0,400000.0,22.0,687,0.0, Rejected
593,4, Graduate,0,30000.0,320000.0,23.0,671,30000.0, Rejected
594,5, Graduate,0,40000.0,190000.0,4.0,738,35000.0, Rejected
595,2, Not Graduate,0,70000.0,470000.0,21.0,320,35000.0, Rejected
596,2, Graduate,1,440000.0,2740000.0,15.0,699,535000.0, Rejected
597,3, Graduate,1,1110000.0,580000.0,4.0,700,380000.0, Approved
598,2, Graduate,0,90000.0,690000.0,24.0,781,125000.0, Rejected
599,0, Graduate,0,50000.0,250000.0,5.0,617,70000.0, Rejected
600,2, Graduate,0,120000.0,590000.0,10.0,425,75000.0, Rejected
601,3, Graduate,0,50000.0,680000.0,17.0,751,30000.0, Rejected
602,5, Graduate,1,710000.0,860000.0,1.0,745,810000.0, Rejected
603,2, Graduate,1,400000.0,1450000.0,21.0,395,295000.0, Rejected
604,4, Graduate,0,100000.0,560000.0,21.0,760,15000.0, Rejected
605,4, Graduate,1,960000.0,2720000.0,5.0,832,1330000.0, Rejected
606,4, Graduate,1,330000.0,2070000.0,21.0,472,230000.0, Rejected
607,5, Graduate,1,510000.0,1160000.0,3.0,800,195000.0, Rejected
608,1, Graduate,0,40000.0,90000.0,1.0,633,35000.0, Rejected
609,4, Graduate,1,1500000.0,4010000.0,5.0,889,610000.0, Rejected
610,4, Graduate,0,40000.0,440000.0,17.0,643,15000.0, Rejected
611,1, Graduate,0,100000.0,180000.0,4.0,669,85000.0, Rejected
612,5, Not Graduate,0,50000.0,540000.0,14.0,729,30000.0, Rejected
613,4, Graduate,0,50000.0,330000.0,12.0,662,45000.0, Rejected
614,3, Graduate,0,40000.0,280000.0,2.0,763,60000.0, Rejected
615,5, Not Graduate,0,60000.0,320000.0,11.0,651,80000.0, Rejected
616,4, Not Graduate,0,60000.0,150000.0,1.0,681,5000.0, Rejected
617,4, Graduate,1,1130000.0,6610000.0,24.0,406,195000.0, Rejected
618,1, Graduate,1,990000.0,550000.0,2.0,407,945000.0, Rejected
619,3, Not Graduate,0,0.0,410000.0,23.0,516,0.0, Rejected
620,5, Not Graduate,1,290000.0,190000.0,4.0,828,385000.0, Approved
621,2, Graduate,1,260000.0,400000.0,1.0,567,255000.0, Rejected
622,0, Graduate,1,1600000.0,7590000.0,15.0,772,670000.0, Rejected
623,3, Graduate,0,80000.0,510000.0,10.0,798,60000.0, Rejected
624,2, Graduate,1,500000.0,830000.0,3.0,827,615000.0, Rejected
625,3, Graduate,1,810000.0,3410000.0,23.0,645,1125000.0, Rejected
626,2, Graduate,1,730000.0,4520000.0,24.0,871,315000.0, Rejected
627,2, Graduate,0,130000.0,150000.0,3.0,376,110000.0, Rejected
628,3, Not Graduate,0,30000.0,440000.0,23.0,859,10000.0, Rejected
629,1, Graduate,1,700000.0,1410000.0,3.0,621,555000.0, Rejected
630,3, Graduate,0,10000.0,540000.0,11.0,566,0.0, Rejected
631,3, Not Graduate,0,0.0,570000.0,10.0,718,0.0, Rejected
632,2, Not Graduate,0,170000.0,1070000.0,16.0,766,170000.0, Rejected
633,0, Graduate,1,870000.0,2940000.0,25.0,617,1125000.0, Rejected
634,2, Graduate,1,880000.0,940000.0,4.0,811,1320000.0, Approved
635,4, Graduate,0,120000.0,130000.0,5.0,814,45000.0, Rejected
636,3, Graduate,1,280000.0,1280000.0,23.0,769,300000.0, Rejected
637,5, Graduate,0,10000.0,280000.0,4.0,826,15000.0, Rejected
638,3, Graduate,1,470000.0,3080000.0,15.0,625,425000.0, Rejected
639,1, Graduate,1,2540000.0,17440000.0,21.0,875,2530000.0, Rejected
640,5, Graduate,1,1510000.0,8210000.0,14.0,652,1015000.0, Rejected
641,2, Graduate,1,520000.0,760000.0,5.0,671,545000.0, Approved
642,1, Graduate,0,70000.0,450000.0,12.0,524,45000.0, Rejected
643,3, Graduate,1,650000.0,3780000.0,24.0,362,500000.0, Rejected
644,2, Graduate,0,70000.0,390000.0,15.0,872,15000.0, Rejected
645,2, Graduate,1,1060000.0,1010000.0,5.0,674,120000.0, Approved
646,4, Not Graduate,1,290000.0,370000.0,5.0,857,50000.0, Approved
647,4, Graduate,1,770000.0,2730000.0,15.0,471,285000.0, Rejected
648,0, Graduate,0,0.0,410000.0,14.0,664,0.0, Rejected
649,4, Not Graduate,1,600000.0,330000.0,5.0,736,80000.0, Approved
650,5, Graduate,0,60000.0,610000.0,23.0,654,20000.0, Rejected
651,2, Graduate,0,80000.0,700000.0,18.0,886,95000.0, Rejected
652,4, Graduate,1,760000.0,2580000.0,25.0,852,885000.0, Approved
653,0, Graduate,0,50000.0,200000.0,2.0,776,60000.0, Rejected
654,3, Not Graduate,1,650000.0,350000.0,3.0,312,905000.0, Rejected
655,5, Graduate,0,0.0,120000.0,3.0,535,0.0, Rejected
656,4, Graduate,0,90000.0,410000.0,13.0,813,30000.0, Rejected
657,2, Graduate,1,1800000.0,8710000.0,16.0,867,1020000.0, Rejected
658,3, Graduate,0,30000.0,610000.0,14.0,864,40000.0, Rejected
659,2, Graduate,0,20000.0,130000.0,1.0,790,25000.0, Rejected
660,3, Graduate,1,840000.0,1080000.0,4.0,887,465000.0, Approved
661,5, Graduate,0,10000.0,270000.0,3.0,885,0.0, Rejected
662,2, Not Graduate,1,460000.0,3140000.0,20.0,885,445000.0, Rejected
663,4, Graduate,0,70000.0,500000.0,15.0,679,30000.0, Rejected
664,4, Graduate,1,1250000.0,7850000.0,17.0,476,1055000.0, Rejected
665,0, Graduate,1,1750000.0,5030000.0,3.0,670,2480000.0, Rejected
666,3, Graduate,1,1560000.0,6470000.0,12.0,781,1405000.0, Rejected
667,0, Graduate,0,120000.0,700000.0,17.0,841,165000.0, Rejected
668,1, Graduate,1,990000.0,5390000.0,24.0,608,645000.0, Rejected
669,4, Graduate,1,580000.0,2680000.0,14.0,616,570000.0, Rejected
670,3, Graduate,1,820000.0,5560000.0,24.0,624,1110000.0, Rejected
671,5, Graduate,0,0.0,400000.0,11.0,623,0.0, Rejected
672,0, Not Graduate,1,280000.0,920000.0,22.0,622,270000.0, Rejected
673,5, Graduate,1,680000.0,3690000.0,18.0,785,750000.0, Rejected
674,5, Graduate,0,60000.0,630000.0,25.0,341,80000.0, Rejected
675,5, Graduate,0,90000.0,530000.0,21.0,552,20000.0, Rejected
676,0, Not Graduate,1,660000.0,2450000.0,21.0,777,375000.0, Approved
677,1, Graduate,0,110000.0,680000.0,17.0,451,70000.0, Rejected
678,0, Graduate,1,760000.0,2610000.0,21.0,635,1045000.0, Rejected
679,2, Not Graduate,1,530000.0,1740000.0,18.0,796,760000.0, Approved
680,4, Not Graduate,1,970000.0,6550000.0,21.0,346,260000.0, Rejected
681,0, Not Graduate,0,60000.0,350000.0,19.0,356,15000.0, Rejected
682,0, Graduate,0,30000.0,580000.0,17.0,450,40000.0, Rejected
683,1, Graduate,1,520000.0,2320000.0,20.0,883,265000.0, Rejected
684,2, Graduate,0,0.0,500000.0,17.0,845,0.0, Rejected
685,0, Not Graduate,1,440000.0,1390000.0,11.0,702,65000.0, Approved
686,4, Graduate,0,100000.0,400000.0,18.0,662,50000.0, Rejected
687,4, Graduate,0,70000.0,480000.0,19.0,636,75000.0, Rejected
688,0, Graduate,0,10000.0,340000.0,24.0,807,5000.0, Rejected
689,5, Not Graduate,0,100000.0,120000.0,2.0,494,80000.0, Rejected
690,5, Graduate,1,520000.0,1410000.0,5.0,764,720000.0, Rejected
691,2, Graduate,0,120000.0,550000.0,21.0,798,30000.0, Rejected
692,4, Graduate,0,60000.0,70000.0,2.0,742,10000.0, Rejected
693,5, Graduate,0,20000.0,540000.0,11.0,899,25000.0, Rejected
694,4, Graduate,0,0.0,620000.0,10.0,464,0.0, Rejected
695,2, Graduate,0,70000.0,230000.0,3.0,651,35000.0, Rejected
696,2, Graduate,1,1400000.0,970000.0,1.0,413,775000.0, Rejected
697,5, Graduate,0,150000.0,510000.0,17.0,471,80000.0, Rejected
698,0, Graduate,0,0.0,350000.0,21.0,456,0.0, Rejected
699,3, Graduate,0,30000.0,450000.0,10.0,662,5000.0, Rejected
700,1, Graduate,1,820000.0,1470000.0,2.0,612,645000.0, Rejected
701,3, Graduate,0,70000.0,370000.0,10.0,750,20000.0, Rejected
702,3, Graduate,0,30000.0,480000.0,22.0,372,35000.0, Rejected
703,4, Graduate,1,1070000.0,4450000.0,13.0,409,675000.0, Rejected
704,2, Graduate,0,20000.0,470000.0,20.0,708,15000.0, Rejected
705,4, Graduate,0,80000.0,480000.0,16.0,663,10000.0, Rejected
706,5, Not Graduate,0,70000.0,610000.0,23.0,621,15000.0, Rejected
707,1, Graduate,1,1220000.0,5470000.0,24.0,641,1275000.0, Rejected
708,5, Not Graduate,0,70000.0,440000.0,11.0,663,80000.0, Rejected
709,0, Graduate,1,880000.0,2980000.0,21.0,825,965000.0, Approved
710,1, Graduate,1,520000.0,2760000.0,20.0,890,590000.0, Rejected
711,4, Not Graduate,0,0.0,290000.0,3.0,412,0.0, Rejected
712,4, Graduate,0,70000.0,600000.0,13.0,447,75000.0, Rejected
713,5, Graduate,0,30000.0,240000.0,3.0,897,10000.0, Rejected
714,4, Graduate,1,1000000.0,2330000.0,4.0,691,235000.0, Rejected
715,4, Graduate,0,80000.0,320000.0,16.0,656,95000.0, Rejected
716,3, Not Graduate,0,0.0,260000.0,1.0,651,0.0, Rejected
717,0, Not Graduate,0,30000.0,580000.0,20.0,705,35000.0, Rejected
718,3, Not Graduate,1,800000.0,5280000.0,19.0,800,980000.0, Rejected
719,4, Graduate,0,20000.0,260000.0,1.0,633,30000.0, Rejected
720,2, Not Graduate,1,650000.0,4030000.0,16.0,619,190000.0, Rejected
721,3, Not Graduate,0,80000.0,670000.0,25.0,759,115000.0, Rejected
722,4, Graduate,0,90000.0,390000.0,20.0,734,85000.0, Rejected
723,4, Graduate,0,180000.0,660000.0,17.0,786,225000.0, Rejected
724,0, Not Graduate,0,20000.0,580000.0,25.0,674,20000.0, Rejected
725,5, Graduate,0,50000.0,610000.0,22.0,482,45000.0, Rejected
726,1, Not Graduate,0,50000.0,410000.0,21.0,739,55000.0, Rejected
727,3, Graduate,1,1240000.0,4730000.0,18.0,695,680000.0, Rejected
728,3, Not Graduate,1,680000.0,4140000.0,13.0,814,950000.0, Rejected
729,3, Graduate,1,380000.0,1240000.0,20.0,832,100000.0, Approved
730,4, Graduate,0,0.0,70000.0,3.0,720,0.0, Rejected
731,0, Graduate,0,20000.0,460000.0,22.0,345,5000.0, Rejected
732,4, Not Graduate,0,30000.0,490000.0,10.0,826,15000.0, Rejected
733,4, Graduate,1,780000.0,1880000.0,5.0,619,315000.0, Rejected
734,5, Graduate,1,560000.0,2140000.0,24.0,389,95000.0, Rejected
735,2, Graduate,0,150000.0,330000.0,1.0,650,120000.0, Rejected
736,0, Not Graduate,0,10000.0,560000.0,13.0,815,10000.0, Rejected
737,3, Graduate,0,0.0,60000.0,2.0,666,0.0, Rejected
738,1, Not Graduate,0,110000.0,650000.0,22.0,608,50000.0, Rejected
739,3, Graduate,0,10000.0,230000.0,5.0,809,15000.0, Rejected
740,4, Graduate,1,860000.0,3770000.0,11.0,737,220000.0, Rejected
741,0, Graduate,1,710000.0,750000.0,2.0,671,375000.0, Rejected
742,0, Graduate,0,0.0,100000.0,1.0,656,0.0, Rejected
743,0, Not Graduate,0,110000.0,740000.0,16.0,627,35000.0, Rejected
744,2, Graduate,1,980000.0,1250000.0,3.0,670,1060000.0, Approved
745,3, Graduate,0,70000.0,320000.0,20.0,337,45000.0, Rejected
746,2, Not Graduate,0,150000.0,280000.0,5.0,617,110000.0, Rejected
747,5, Graduate,0,40000.0,470000.0,17.0,662,15000.0, Rejected
748,1, Graduate,0,10000.0,550000.0,17.0,643,10000.0, Rejected
749,5, Not Graduate,0,10000.0,600000.0,17.0,699,10000.0, Rejected
750,4, Graduate,1,990000.0,1810000.0,3.0,871,350000.0, Rejected
751,2, Graduate,0,100000.0,690000.0,17.0,786,15000.0, Rejected
752,2, Not Graduate,0,40000.0,320000.0,21.0,889,10000.0, Rejected
753,5, Graduate,1,1140000.0,4440000.0,17.0,336,1165000.0, Rejected
754,4, Graduate,0,70000.0,500000.0,13.0,608,20000.0, Rejected
755,0, Graduate,1,760000.0,2400000.0,20.0,836,600000.0, Approved
756,4, Not Graduate,1,330000.0,450000.0,2.0,789,105000.0, Rejected
757,3, Graduate,0,0.0,60000.0,4.0,773,0.0, Rejected
758,5, Graduate,1,1250000.0,3720000.0,2.0,750,135000.0, Rejected
759,4, Not Graduate,0,60000.0,650000.0,19.0,647,35000.0, Rejected
760,0, Not Graduate,1,310000.0,1090000.0,18.0,725,70000.0, Approved
761,4, Graduate,0,90000.0,670000.0,20.0,678,60000.0, Rejected
762,2, Graduate,1,680000.0,980000.0,4.0,638,635000.0, Rejected
763,1, Graduate,1,2110000.0,9140000.0,18.0,772,1295000.0, Rejected
764,2, Not Graduate,0,60000.0,410000.0,11.0,686,65000.0, Rejected
765,1, Graduate,0,20000.0,110000.0,2.0,840,25000.0, Rejected
766,4, Graduate,1,1930000.0,9580000.0,20.0,812,2075000.0, Rejected
767,3, Not Graduate,1,460000.0,2230000.0,16.0,796,650000.0, Rejected
768,4, Not Graduate,0,130000.0,520000.0,19.0,683,55000.0, Rejected
769,0, Graduate,1,480000.0,1970000.0,22.0,690,175000.0, Approved
770,4, Not Graduate,0,20000.0,340000.0,19.0,629,20000.0, Rejected
771,1, Graduate,0,20000.0,310000.0,22.0,681,20000.0, Rejected
772,2, Not Graduate,0,120000.0,90000.0,1.0,687,100000.0, Rejected
773,3, Graduate,0,10000.0,440000.0,16.0,552,0.0, Rejected
774,4, Graduate,1,570000.0,1620000.0,5.0,729,500000.0, Rejected
775,4, Not Graduate,0,30000.0,630000.0,21.0,553,40000.0, Rejected
776,2, Graduate,1,1060000.0,3710000.0,11.0,685,605000.0, Rejected
777,3, Graduate,0,0.0,80000.0,2.0,543,0.0, Rejected
778,5, Not Graduate,0,120000.0,100000.0,3.0,826,70000.0, Rejected
779,4, Not Graduate,0,60000.0,480000.0,16.0,816,20000.0, Rejected
780,4, Graduate,0,0.0,490000.0,10.0,810,0.0, Rejected
781,5, Graduate,0,60000.0,460000.0,23.0,724,50000.0, Rejected
782,1, Graduate,0,60000.0,200000.0,5.0,698,60000.0, Rejected
783,1, Graduate,0,0.0,570000.0,21.0,601,0.0, Rejected
784,0, Graduate,0,120000.0,340000.0,5.0,619,100000.0, Rejected
785,2, Graduate,0,0.0,620000.0,22.0,800,0.0, Rejected
786,3, Not Graduate,0,150000.0,980000.0,24.0,591,70000.0, Rejected
787,4, Graduate,1,1380000.0,7030000.0,15.0,336,740000.0, Rejected
788,4, Graduate,1,440000.0,1730000.0,17.0,391,650000.0, Rejected
789,0, Graduate,0,40000.0,170000.0,4.0,887,20000.0, Rejected
790,4, Not Graduate,0,110000.0,700000.0,16.0,710,150000.0, Rejected
791,2, Graduate,0,30000.0,400000.0,19.0,510,15000.0, Rejected
792,0, Graduate,1,840000.0,1570000.0,2.0,800,195000.0, Rejected
793,2, Graduate,0,80000.0,50000.0,2.0,760,35000.0, Rejected
794,0, Graduate,0,100000.0,340000.0,10.0,366,50000.0, Rejected
795,4, Graduate,0,0.0,670000.0,20.0,615,0.0, Rejected
796,0, Not Graduate,0,120000.0,210000.0,1.0,683,125000.0, Rejected
797,1, Not Graduate,0,70000.0,320000.0,17.0,824,100000.0, Rejected
798,3, Graduate,1,850000.0,2770000.0,19.0,677,1080000.0, Approved
799,4, Graduate,0,40000.0,490000.0,12.0,734,35000.0, Rejected
800,5, Not Graduate,1,320000.0,1110000.0,21.0,783,335000.0, Rejected
801,3, Not Graduate,0,90000.0,90000.0,2.0,357,90000.0, Rejected
802,4, Graduate,0,70000.0,190000.0,1.0,637,70000.0, Rejected
803,3, Graduate,1,450000.0,2730000.0,12.0,810,210000.0, Rejected
804,1, Graduate,0,130000.0,360000.0,1.0,851,85000.0, Rejected
805,3, Graduate,1,560000.0,3010000.0,10.0,805,520000.0, Rejected
806,0, Not Graduate,0,50000.0,80000.0,1.0,845,10000.0, Rejected
807,3, Not Graduate,0,70000.0,290000.0,4.0,628,55000.0, Rejected
808,4, Not Graduate,1,620000.0,2180000.0,19.0,789,810000.0, Rejected
809,5, Graduate,0,120000.0,510000.0,18.0,531,95000.0, Rejected
810,5, Graduate,1,730000.0,570000.0,4.0,410,635000.0, Rejected
811,2, Not Graduate,0,70000.0,310000.0,16.0,508,25000.0, Rejected
812,3, Not Graduate,1,310000.0,530000.0,1.0,757,375000.0, Rejected
813,5, Graduate,0,20000.0,530000.0,21.0,635,10000.0, Rejected
814,3, Not Graduate,0,10000.0,530000.0,24.0,839,15000.0, Rejected
815,5, Not Graduate,1,790000.0,4980000.0,11.0,693,1180000.0, Rejected
816,3, Graduate,1,550000.0,3460000.0,21.0,828,760000.0, Rejected
817,4, Graduate,1,900000.0,1130000.0,4.0,876,195000.0, Approved
818,3, Graduate,1,250000.0,200000.0,1.0,547,140000.0, Rejected
819,4, Graduate,1,1530000.0,7600000.0,10.0,691,2175000.0, Rejected
820,4, Graduate,0,0.0,640000.0,15.0,687,0.0, Rejected
821,2, Not Graduate,0,50000.0,350000.0,12.0,339,70000.0, Rejected
822,5, Graduate,0,40000.0,670000.0,12.0,795,35000.0, Rejected
823,0, Graduate,0,80000.0,570000.0,12.0,862,60000.0, Rejected
824,4, Graduate,0,90000.0,520000.0,10.0,604,20000.0, Rejected
825,5, Graduate,0,20000.0,600000.0,25.0,838,25000.0, Rejected
826,1, Not Graduate,0,20000.0,610000.0,18.0,867,25000.0, Rejected
827,3, Graduate,1,660000.0,350000.0,1.0,386,120000.0, Rejected
828,1, Graduate,0,160000.0,110000.0,4.0,610,65000.0, Rejected
829,3, Not Graduate,0,50000.0,230000.0,5.0,793,45000.0, Rejected
830,2, Graduate,0,40000.0,570000.0,22.0,530,40000.0, Rejected
831,4, Graduate,1,390000.0,1660000.0,22.0,887,115000.0, Rejected
832,0, Graduate,1,1230000.0,6910000.0,16.0,706,545000.0, Rejected
833,4, Graduate,1,1410000.0,8920000.0,13.0,800,520000.0, Rejected
834,3, Graduate,0,50000.0,60000.0,4.0,750,20000.0, Rejected
835,0, Graduate,0,0.0,440000.0,11.0,704,0.0, Rejected
836,4, Graduate,0,60000.0,490000.0,15.0,522,65000.0, Rejected
837,0, Not Graduate,0,0.0,500000.0,18.0,604,0.0, Rejected
838,3, Graduate,0,30000.0,220000.0,3.0,373,35000.0, Rejected
839,2, Graduate,0,50000.0,90000.0,3.0,353,30000.0, Rejected
840,2, Graduate,0,30000.0,60000.0,5.0,430,35000.0, Rejected
841,4, Graduate,1,500000.0,3290000.0,18.0,878,735000.0, Rejected
842,1, Graduate,1,520000.0,2470000.0,25.0,730,560000.0, Rejected
843,3, Graduate,0,50000.0,560000.0,14.0,773,35000.0, Rejected
844,4, Not Graduate,0,50000.0,450000.0,13.0,702,55000.0, Rejected
845,4, Graduate,0,110000.0,670000.0,15.0,697,150000.0, Rejected
846,2, Graduate,0,0.0,70000.0,1.0,663,0.0, Rejected
847,0, Graduate,1,750000.0,1700000.0,3.0,717,355000.0, Rejected
848,3, Not Graduate,0,50000.0,170000.0,4.0,766,70000.0, Rejected
849,0, Graduate,1,380000.0,490000.0,2.0,690,540000.0, Rejected
850,5, Graduate,0,30000.0,390000.0,22.0,366,25000.0, Rejected
851,5, Graduate,1,950000.0,2710000.0,2.0,638,595000.0, Rejected
852,3, Not Graduate,0,70000.0,400000.0,20.0,637,35000.0, Rejected
853,1, Graduate,1,1700000.0,6960000.0,21.0,682,1355000.0, Approved
854,5, Not Graduate,0,20000.0,190000.0,5.0,896,30000.0, Rejected
855,2, Graduate,1,1480000.0,2900000.0,3.0,648,460000.0, Rejected
856,1, Graduate,0,160000.0,750000.0,15.0,699,110000.0, Rejected
857,4, Graduate,0,80000.0,380000.0,21.0,862,110000.0, Rejected
858,5, Graduate,1,500000.0,2340000.0,17.0,687,295000.0, Rejected
859,2, Graduate,1,690000.0,3140000.0,17.0,826,810000.0, Rejected
860,4, Graduate,1,610000.0,2420000.0,14.0,867,395000.0, Rejected
861,1, Not Graduate,1,700000.0,1920000.0,5.0,749,860000.0, Rejected
862,3, Graduate,1,1210000.0,2630000.0,3.0,757,1785000.0, Rejected
863,4, Graduate,0,30000.0,450000.0,18.0,466,20000.0, Rejected
864,0, Graduate,0,90000.0,440000.0,19.0,762,115000.0, Rejected
865,3, Graduate,0,90000.0,480000.0,18.0,615,135000.0, Rejected
866,3, Graduate,1,570000.0,2410000.0,15.0,689,840000.0, Rejected
867,1, Graduate,0,10000.0,70000.0,5.0,410,5000.0, Rejected
868,1, Graduate,0,30000.0,480000.0,24.0,363,25000.0, Rejected
869,2, Not Graduate,0,140000.0,460000.0,12.0,836,75000.0, Rejected
870,2, Not Graduate,1,260000.0,610000.0,3.0,669,140000.0, Rejected
871,0, Graduate,0,40000.0,340000.0,15.0,614,30000.0, Rejected
872,3, Graduate,0,110000.0,190000.0,4.0,793,40000.0, Rejected
873,0, Graduate,0,80000.0,300000.0,4.0,659,90000.0, Rejected
874,0, Graduate,0,70000.0,530000.0,21.0,763,60000.0, Rejected
875,1, Graduate,0,10000.0,600000.0,21.0,786,15000.0, Rejected
876,0, Graduate,1,480000.0,470000.0,5.0,658,595000.0, Approved
877,0, Not Graduate,1,830000.0,4960000.0,21.0,419,460000.0, Rejected
878,4, Graduate,1,650000.0,820000.0,3.0,778,525000.0, Rejected
879,2, Graduate,0,30000.0,470000.0,17.0,591,35000.0, Rejected
880,2, Graduate,1,880000.0,5140000.0,21.0,799,325000.0, Rejected
881,3, Graduate,0,0.0,180000.0,4.0,721,0.0, Rejected
882,2, Graduate,0,60000.0,490000.0,19.0,535,80000.0, Rejected
883,5, Graduate,1,1690000.0,11210000.0,19.0,869,495000.0, Rejected
884,3, Graduate,0,140000.0,80000.0,3.0,717,190000.0, Rejected
885,4, Not Graduate,0,80000.0,470000.0,16.0,733,110000.0, Rejected
886,2, Graduate,1,1370000.0,9090000.0,25.0,686,1020000.0, Rejected
887,4, Graduate,0,70000.0,420000.0,10.0,766,85000.0, Rejected
888,2, Graduate,1,780000.0,2670000.0,17.0,642,475000.0, Rejected
889,2, Graduate,0,70000.0,120000.0,3.0,786,90000.0, Rejected
890,4, Graduate,1,1250000.0,7470000.0,14.0,824,1570000.0, Rejected
891,0, Not Graduate,0,0.0,330000.0,25.0,856,0.0, Rejected
892,0, Not Graduate,0,160000.0,100000.0,5.0,644,145000.0, Rejected
893,0, Not Graduate,1,280000.0,1230000.0,25.0,676,280000.0, Approved
894,5, Graduate,0,80000.0,460000.0,20.0,616,10000.0, Rejected
895,0, Graduate,0,90000.0,160000.0,4.0,616,130000.0, Rejected
896,2, Graduate,0,90000.0,630000.0,11.0,637,60000.0, Rejected
897,1, Graduate,0,10000.0,470000.0,24.0,704,10000.0, Rejected
898,4, Not Graduate,0,140000.0,140000.0,3.0,823,50000.0, Rejected
899,1, Graduate,0,20000.0,600000.0,17.0,792,20000.0, Rejected
900,5, Graduate,1,1020000.0,6710000.0,25.0,427,1260000.0, Rejected
901,1, Graduate,0,130000.0,690000.0,15.0,866,120000.0, Rejected
902,3, Graduate,0,60000.0,370000.0,10.0,631,70000.0, Rejected
903,0, Graduate,0,60000.0,350000.0,16.0,673,65000.0, Rejected
904,5, Graduate,0,110000.0,440000.0,24.0,678,50000.0, Rejected
905,2, Graduate,1,970000.0,4960000.0,24.0,859,690000.0, Rejected
906,0, Not Graduate,0,40000.0,250000.0,1.0,674,10000.0, Rejected
907,0, Not Graduate,1,480000.0,2410000.0,23.0,509,75000.0, Rejected
908,1, Graduate,0,110000.0,130000.0,1.0,836,20000.0, Rejected
909,3, Graduate,1,510000.0,430000.0,5.0,489,725000.0, Rejected
910,0, Graduate,0,30000.0,320000.0,15.0,621,45000.0, Rejected
911,4, Graduate,1,1650000.0,6420000.0,23.0,701,385000.0, Rejected
912,4, Graduate,0,0.0,380000.0,19.0,691,0.0, Rejected
913,0, Graduate,0,30000.0,170000.0,4.0,713,10000.0, Rejected
914,1, Graduate,0,0.0,400000.0,19.0,451,0.0, Rejected
915,1, Graduate,0,70000.0,700000.0,10.0,853,55000.0, Rejected
916,2, Graduate,1,340000.0,2370000.0,18.0,570,330000.0, Rejected
917,5, Graduate,0,110000.0,260000.0,2.0,673,95000.0, Rejected
918,5, Not Graduate,0,60000.0,50000.0,5.0,672,65000.0, Rejected
919,5, Not Graduate,1,1330000.0,1280000.0,1.0,709,725000.0, Rejected
920,3, Graduate,0,70000.0,410000.0,14.0,761,20000.0, Rejected
921,1, Not Graduate,1,570000.0,1750000.0,21.0,705,70000.0, Approved
922,2, Graduate,1,1190000.0,6900000.0,16.0,779,860000.0, Rejected
923,4, Not Graduate,0,20000.0,160000.0,5.0,615,25000.0, Rejected
924,5, Not Graduate,1,220000.0,1050000.0,11.0,888,115000.0, Rejected
925,4, Graduate,0,90000.0,160000.0,2.0,382,35000.0, Rejected
926,4, Graduate,0,50000.0,400000.0,10.0,812,70000.0, Rejected
927,0, Graduate,0,50000.0,150000.0,4.0,839,10000.0, Rejected
928,3, Graduate,0,80000.0,80000.0,2.0,899,15000.0, Rejected
929,2, Graduate,1,1230000.0,2070000.0,4.0,620,1635000.0, Rejected
930,3, Graduate,1,550000.0,3070000.0,24.0,886,595000.0, Rejected
931,0, Graduate,0,60000.0,190000.0,3.0,719,40000.0, Rejected
932,2, Not Graduate,0,70000.0,180000.0,2.0,624,80000.0, Rejected
933,2, Not Graduate,1,260000.0,1000000.0,15.0,436,295000.0, Rejected
934,1, Graduate,0,100000.0,120000.0,2.0,360,15000.0, Rejected
935,3, Graduate,0,110000.0,380000.0,16.0,403,115000.0, Rejected
936,3, Graduate,0,50000.0,340000.0,25.0,775,50000.0, Rejected
937,1, Graduate,1,380000.0,620000.0,5.0,831,550000.0, Approved
938,4, Not Graduate,0,50000.0,260000.0,4.0,802,75000.0, Rejected
939,0, Graduate,1,980000.0,6470000.0,22.0,464,615000.0, Rejected
940,3, Graduate,1,1830000.0,1220000.0,2.0,864,1695000.0, Approved
941,1, Graduate,0,0.0,330000.0,21.0,856,0.0, Rejected
942,2, Graduate,0,50000.0,470000.0,22.0,876,10000.0, Rejected
943,5, Graduate,1,450000.0,980000.0,5.0,877,320000.0, Rejected
944,1, Not Graduate,0,0.0,60000.0,3.0,832,0.0, Rejected
945,5, Graduate,1,400000.0,2030000.0,11.0,663,360000.0, Rejected
946,4, Graduate,1,680000.0,1940000.0,1.0,688,475000.0, Rejected
947,0, Graduate,1,550000.0,2760000.0,23.0,696,685000.0, Rejected
948,5, Not Graduate,1,250000.0,890000.0,25.0,754,305000.0, Rejected
949,4, Not Graduate,1,440000.0,1700000.0,10.0,895,495000.0, Rejected
950,5, Graduate,1,670000.0,1810000.0,4.0,678,140000.0, Rejected
951,2, Graduate,0,10000.0,130000.0,4.0,712,10000.0, Rejected
952,2, Graduate,0,70000.0,490000.0,16.0,784,95000.0, Rejected
953,2, Graduate,0,50000.0,380000.0,15.0,640,10000.0, Rejected
954,2, Not Graduate,1,560000.0,3170000.0,14.0,773,370000.0, Rejected
955,1, Graduate,0,80000.0,470000.0,12.0,836,120000.0, Rejected
956,2, Graduate,1,1300000.0,4830000.0,20.0,507,1220000.0, Rejected
957,2, Graduate,0,0.0,430000.0,20.0,837,0.0, Rejected
958,1, Graduate,1,1500000.0,7820000.0,24.0,653,525000.0, Rejected
959,2, Graduate,0,50000.0,220000.0,2.0,610,45000.0, Rejected
960,4, Not Graduate,1,500000.0,1050000.0,4.0,646,355000.0, Rejected
961,4, Graduate,0,0.0,410000.0,25.0,619,0.0, Rejected
962,3, Graduate,0,80000.0,110000.0,1.0,747,60000.0, Rejected
963,4, Graduate,0,130000.0,190000.0,1.0,715,45000.0, Rejected
964,0, Graduate,1,640000.0,1350000.0,1.0,773,720000.0, Rejected
965,0, Graduate,0,80000.0,330000.0,17.0,676,115000.0, Rejected
966,0, Graduate,0,110000.0,290000.0,5.0,622,85000.0, Rejected
967,1, Not Graduate,1,250000.0,1070000.0,13.0,646,245000.0, Rejected
968,4, Graduate,1,1080000.0,3490000.0,15.0,752,760000.0, Rejected
969,0, Graduate,1,880000.0,2830000.0,20.0,900,260000.0, Approved
970,3, Graduate,0,60000.0,360000.0,20.0,822,90000.0, Rejected
971,1, Graduate,0,60000.0,390000.0,19.0,622,15000.0, Rejected
972,3, Not Graduate,1,450000.0,2330000.0,14.0,613,115000.0, Rejected
973,4, Not Graduate,0,90000.0,140000.0,3.0,626,65000.0, Rejected
974,2, Graduate,1,1860000.0,6560000.0,25.0,661,1900000.0, Approved
975,3, Graduate,0,70000.0,370000.0,10.0,643,40000.0, Rejected
976,2, Graduate,0,0.0,140000.0,4.0,697,0.0, Rejected
977,1, Graduate,0,20000.0,60000.0,4.0,622,25000.0, Rejected
978,3, Graduate,0,110000.0,510000.0,16.0,824,65000.0, Rejected
979,3, Graduate,0,90000.0,500000.0,20.0,615,35000.0, Rejected
980,5, Graduate,0,40000.0,620000.0,23.0,697,25000.0, Rejected
981,1, Graduate,1,2190000.0,3610000.0,3.0,719,875000.0, Rejected
982,1, Not Graduate,0,0.0,660000.0,22.0,316,0.0, Rejected
983,0, Graduate,1,770000.0,1820000.0,1.0,598,795000.0, Rejected
984,4, Graduate,1,2470000.0,9140000.0,14.0,792,3010000.0, Rejected
985,3, Not Graduate,0,20000.0,430000.0,22.0,652,10000.0, Rejected
986,3, Graduate,0,0.0,600000.0,24.0,633,0.0, Rejected
987,1, Graduate,1,460000.0,2420000.0,14.0,771,60000.0, Rejected
988,1, Graduate,1,580000.0,2830000.0,22.0,883,245000.0, Rejected
989,4, Graduate,1,660000.0,4540000.0,15.0,419,90000.0, Rejected
990,1, Not Graduate,1,620000.0,470000.0,5.0,701,360000.0, Approved
991,2, Not Graduate,1,230000.0,1330000.0,14.0,682,70000.0, Rejected
992,2, Graduate,0,0.0,150000.0,1.0,556,0.0, Rejected
993,5, Graduate,0,0.0,470000.0,15.0,455,0.0, Rejected
994,2, Graduate,1,350000.0,2380000.0,22.0,669,80000.0, Rejected
995,2, Graduate,0,20000.0,540000.0,20.0,874,15000.0, Rejected
996,4, Graduate,1,810000.0,4460000.0,21.0,629,320000.0, Rejected
997,3, Not Graduate,0,140000.0,520000.0,17.0,317,145000.0, Rejected
998,2, Graduate,0,80000.0,210000.0,1.0,741,50000.0, Rejected
999,5, Not Graduate,1,270000.0,800000.0,2.0,816,85000.0, Rejected
1000,1, Graduate,0,60000.0,240000.0,1.0,836,35000.0, Rejected
1001,2, Graduate,0,80000.0,610000.0,15.0,521,35000.0, Rejected
1002,5, Graduate,0,0.0,400000.0,12.0,895,0.0, Rejected
1003,4, Not Graduate,1,370000.0,1410000.0,16.0,659,545000.0, Rejected
1004,1, Not Graduate,0,110000.0,220000.0,2.0,798,15000.0, Rejected
1005,5, Not Graduate,1,770000.0,460000.0,4.0,767,820000.0, Approved
1006,2, Graduate,0,30000.0,690000.0,24.0,839,15000.0, Rejected
1007,3, Graduate,1,430000.0,1050000.0,3.0,660,85000.0, Rejected
1008,1, Not Graduate,1,390000.0,2140000.0,10.0,725,45000.0, Rejected
1009,1, Graduate,0,60000.0,230000.0,4.0,837,80000.0, Rejected
1010,3, Graduate,0,0.0,120000.0,4.0,621,0.0, Rejected
1011,1, Graduate,0,50000.0,240000.0,4.0,320,75000.0, Rejected
1012,2, Not Graduate,1,520000.0,2920000.0,19.0,381,375000.0, Rejected
1013,1, Not Graduate,0,120000.0,790000.0,11.0,698,45000.0, Rejected
1014,2, Graduate,1,770000.0,960000.0,1.0,842,915000.0, Rejected
1015,3, Not Graduate,0,30000.0,230000.0,4.0,709,40000.0, Rejected
1016,0, Not Graduate,0,120000.0,140000.0,3.0,851,150000.0, Rejected
1017,3, Graduate,0,10000.0,690000.0,18.0,823,10000.0, Rejected
1018,2, Graduate,0,0.0,690000.0,23.0,733,0.0, Rejected
1019,4, Not Graduate,0,50000.0,360000.0,24.0,310,10000.0, Rejected
1020,3, Graduate,1,460000.0,2970000.0,10.0,470,175000.0, Rejected
1021,4, Graduate,1,760000.0,3290000.0,16.0,652,550000.0, Rejected
1022,4, Graduate,0,110000.0,270000.0,1.0,564,160000.0, Rejected
1023,2, Not Graduate,1,360000.0,2500000.0,12.0,898,400000.0, Rejected
1024,2, Not Graduate,1,630000.0,4320000.0,20.0,758,795000.0, Rejected
1025,0, Not Graduate,1,520000.0,620000.0,5.0,878,255000.0, Approved
1026,5, Graduate,0,120000.0,670000.0,13.0,737,125000.0, Rejected
1027,1, Not Graduate,0,30000.0,250000.0,4.0,852,40000.0, Rejected
1028,3, Not Graduate,0,60000.0,650000.0,15.0,758,45000.0, Rejected
1029,2, Graduate,1,940000.0,6380000.0,24.0,639,660000.0, Rejected
1030,3, Not Graduate,0,0.0,470000.0,17.0,833,0.0, Rejected
1031,5, Graduate,0,70000.0,270000.0,3.0,880,60000.0, Rejected
1032,5, Graduate,0,90000.0,690000.0,17.0,848,135000.0, Rejected
1033,4, Graduate,0,80000.0,460000.0,24.0,675,55000.0, Rejected
1034,1, Graduate,1,700000.0,1010000.0,2.0,662,240000.0, Rejected
1035,0, Graduate,0,20000.0,390000.0,23.0,551,15000.0, Rejected
1036,3, Graduate,0,70000.0,220000.0,2.0,708,30000.0, Rejected
1037,1, Graduate,1,1690000.0,4070000.0,3.0,810,1495000.0, Rejected
1038,0, Not Graduate,1,130000.0,130000.0,3.0,786,35000.0, Approved
1039,3, Graduate,1,930000.0,5660000.0,21.0,636,1330000.0, Rejected
1040,1, Graduate,1,370000.0,1270000.0,15.0,750,480000.0, Approved
1041,2, Graduate,1,860000.0,4020000.0,19.0,798,275000.0, Rejected
1042,3, Not Graduate,0,0.0,650000.0,15.0,613,0.0, Rejected
1043,1, Graduate,0,70000.0,380000.0,15.0,709,55000.0, Rejected
1044,5, Graduate,1,450000.0,2190000.0,13.0,712,530000.0, Rejected
1045,0, Not Graduate,1,170000.0,470000.0,2.0,759,70000.0, Rejected
1046,1, Graduate,1,980000.0,2530000.0,2.0,604,180000.0, Rejected
1047,2, Graduate,0,70000.0,410000.0,21.0,631,60000.0, Rejected
1048,3, Graduate,0,90000.0,300000.0,5.0,840,95000.0, Rejected
1049,3, Not Graduate,0,70000.0,620000.0,14.0,881,30000.0, Rejected
1050,3, Graduate,0,140000.0,140000.0,5.0,524,160000.0, Rejected
1051,2, Not Graduate,0,70000.0,580000.0,25.0,747,100000.0, Rejected
1052,0, Graduate,1,940000.0,2810000.0,5.0,649,275000.0, Rejected
1053,3, Not Graduate,0,70000.0,640000.0,13.0,775,55000.0, Rejected
1054,0, Not Graduate,0,0.0,230000.0,3.0,699,0.0, Rejected
1055,1, Not Graduate,0,140000.0,890000.0,25.0,791,55000.0, Rejected
1056,5, Graduate,1,310000.0,1830000.0,16.0,849,70000.0, Rejected
1057,5, Not Graduate,0,70000.0,450000.0,24.0,792,45000.0, Rejected
1058,0, Graduate,0,100000.0,610000.0,14.0,568,125000.0, Rejected
1059,0, Graduate,0,40000.0,230000.0,2.0,846,35000.0, Rejected
1060,5, Graduate,0,50000.0,230000.0,2.0,794,20000.0, Rejected
1061,3, Not Graduate,1,220000.0,570000.0,2.0,644,35000.0, Rejected
1062,4, Not Graduate,1,230000.0,730000.0,20.0,756,200000.0, Approved
1063,4, Not Graduate,0,0.0,320000.0,14.0,843,0.0, Rejected
1064,2, Graduate,0,10000.0,250000.0,5.0,833,5000.0, Rejected
1065,5, Graduate,1,710000.0,1540000.0,1.0,637,580000.0, Rejected
1066,5, Not Graduate,0,0.0,560000.0,10.0,603,0.0, Rejected
1067,2, Graduate,0,0.0,300000.0,24.0,836,0.0, Rejected
1068,4, Graduate,0,70000.0,50000.0,4.0,639,75000.0, Rejected
1069,1, Graduate,1,1220000.0,980000.0,4.0,559,145000.0, Rejected
1070,3, Graduate,0,60000.0,60000.0,2.0,617,60000.0, Rejected
1071,3, Graduate,0,0.0,620000.0,15.0,886,0.0, Rejected
1072,1, Graduate,1,330000.0,450000.0,4.0,640,410000.0, Rejected
1073,1, Graduate,0,170000.0,790000.0,15.0,792,145000.0, Rejected
1074,4, Graduate,0,0.0,360000.0,12.0,703,0.0, Rejected
1075,2, Not Graduate,1,440000.0,2570000.0,15.0,606,195000.0, Rejected
1076,1, Graduate,0,120000.0,790000.0,15.0,684,25000.0, Rejected
1077,2, Graduate,1,1040000.0,2300000.0,3.0,822,880000.0, Rejected
1078,0, Graduate,0,30000.0,650000.0,24.0,694,40000.0, Rejected
1079,3, Graduate,0,80000.0,650000.0,16.0,644,65000.0, Rejected
1080,4, Not Graduate,0,110000.0,340000.0,14.0,816,125000.0, Rejected
1081,3, Not Graduate,0,30000.0,220000.0,5.0,364,15000.0, Rejected
1082,4, Graduate,0,120000.0,840000.0,18.0,521,85000.0, Rejected
1083,0, Graduate,1,320000.0,1210000.0,18.0,819,175000.0, Approved
1084,3, Not Graduate,0,100000.0,200000.0,3.0,885,25000.0, Rejected
1085,0, Not Graduate,0,40000.0,430000.0,15.0,709,25000.0, Rejected
1086,4, Graduate,0,130000.0,560000.0,15.0,642,150000.0, Rejected
1087,1, Graduate,1,670000.0,3140000.0,22.0,615,435000.0, Rejected
1088,3, Graduate,0,20000.0,540000.0,22.0,889,20000.0, Rejected
1089,0, Not Graduate,0,80000.0,470000.0,18.0,658,95000.0, Rejected
1090,5, Graduate,0,150000.0,780000.0,24.0,837,85000.0, Rejected
1091,3, Not Graduate,0,0.0,500000.0,19.0,681,0.0, Rejected
1092,3, Graduate,0,0.0,490000.0,24.0,614,0.0, Rejected
1093,3, Graduate,1,870000.0,2320000.0,3.0,647,400000.0, Rejected
1094,2, Graduate,0,20000.0,430000.0,18.0,390,10000.0, Rejected
1095,0, Graduate,0,0.0,340000.0,11.0,773,0.0, Rejected
1096,0, Graduate,0,0.0,630000.0,15.0,833,0.0, Rejected
1097,3, Graduate,1,640000.0,3610000.0,18.0,900,860000.0, Rejected
1098,1, Graduate,0,30000.0,460000.0,15.0,605,15000.0, Rejected
1099,3, Not Graduate,0,60000.0,390000.0,14.0,684,15000.0, Rejected
1100,2, Graduate,0,190000.0,690000.0,24.0,465,100000.0, Rejected
1101,4, Graduate,0,60000.0,430000.0,12.0,630,60000.0, Rejected
1102,2, Not Graduate,0,110000.0,530000.0,24.0,610,70000.0, Rejected
1103,1, Not Graduate,0,60000.0,250000.0,5.0,763,50000.0, Rejected
1104,3, Not Graduate,0,0.0,530000.0,24.0,755,0.0, Rejected
1105,0, Not Graduate,0,20000.0,640000.0,10.0,637,15000.0, Rejected
1106,5, Graduate,0,60000.0,440000.0,18.0,701,90000.0, Rejected
1107,3, Graduate,0,90000.0,520000.0,15.0,639,45000.0, Rejected
1108,1, Not Graduate,0,60000.0,100000.0,4.0,679,90000.0, Rejected
1109,0, Graduate,1,1440000.0,2520000.0,1.0,884,555000.0, Rejected
1110,2, Graduate,1,390000.0,620000.0,3.0,543,100000.0, Rejected
1111,4, Not Graduate,1,230000.0,1180000.0,19.0,851,265000.0, Rejected
1112,4, Graduate,1,1510000.0,1240000.0,1.0,661,1635000.0, Rejected
1113,3, Graduate,1,850000.0,4880000.0,20.0,748,1050000.0, Rejected
1114,2, Graduate,1,860000.0,1790000.0,2.0,686,500000.0, Rejected
1115,5, Graduate,0,40000.0,80000.0,4.0,793,55000.0, Rejected
1116,5, Graduate,1,720000.0,1960000.0,3.0,682,190000.0, Rejected
1117,1, Graduate,0,0.0,330000.0,25.0,776,0.0, Rejected
1118,4, Not Graduate,0,10000.0,490000.0,19.0,611,5000.0, Rejected
1119,2, Graduate,1,600000.0,3990000.0,17.0,640,730000.0, Rejected
1120,3, Graduate,0,0.0,350000.0,20.0,878,0.0, Rejected
1121,0, Not Graduate,0,70000.0,480000.0,25.0,630,50000.0, Rejected
1122,3, Not Graduate,1,730000.0,3560000.0,21.0,323,335000.0, Rejected
1123,3, Not Graduate,0,30000.0,160000.0,3.0,708,5000.0, Rejected
1124,2, Not Graduate,0,0.0,650000.0,10.0,676,0.0, Rejected
1125,4, Graduate,1,810000.0,5150000.0,15.0,627,605000.0, Rejected
1126,2, Graduate,1,1180000.0,960000.0,2.0,816,1255000.0, Approved
1127,0, Graduate,0,10000.0,210000.0,3.0,797,10000.0, Rejected
1128,2, Graduate,0,0.0,260000.0,4.0,875,0.0, Rejected
1129,1, Graduate,0,40000.0,650000.0,14.0,651,10000.0, Rejected
1130,3, Graduate,1,980000.0,4600000.0,18.0,336,560000.0, Rejected
1131,4, Not Graduate,0,0.0,310000.0,16.0,311,0.0, Rejected
1132,5, Graduate,0,0.0,390000.0,22.0,884,0.0, Rejected
1133,0, Graduate,0,60000.0,220000.0,5.0,736,50000.0, Rejected
1134,5, Graduate,0,0.0,560000.0,12.0,525,0.0, Rejected
1135,3, Graduate,1,990000.0,3430000.0,22.0,654,945000.0, Rejected
1136,2, Graduate,0,90000.0,600000.0,18.0,636,15000.0, Rejected
1137,5, Not Graduate,1,190000.0,1180000.0,24.0,774,50000.0, Rejected
1138,1, Graduate,0,100000.0,330000.0,24.0,866,115000.0, Rejected
1139,2, Graduate,1,580000.0,2970000.0,13.0,879,640000.0, Rejected
1140,3, Graduate,1,1060000.0,3540000.0,13.0,710,335000.0, Rejected
1141,5, Not Graduate,0,20000.0,120000.0,2.0,676,5000.0, Rejected
1142,0, Graduate,0,130000.0,620000.0,19.0,714,120000.0, Rejected
1143,5, Graduate,0,0.0,370000.0,15.0,858,0.0, Rejected
1144,5, Graduate,1,1000000.0,4350000.0,10.0,686,290000.0, Rejected
1145,4, Graduate,0,100000.0,270000.0,4.0,760,75000.0, Rejected
1146,5, Not Graduate,1,200000.0,830000.0,24.0,827,105000.0, Rejected
1147,3, Not Graduate,1,310000.0,600000.0,1.0,854,435000.0, Rejected
1148,0, Graduate,1,1240000.0,6450000.0,11.0,832,505000.0, Rejected
1149,3, Not Graduate,1,1060000.0,1390000.0,5.0,805,1195000.0, Approved
1150,1, Not Graduate,0,10000.0,350000.0,14.0,593,10000.0, Rejected
1151,2, Not Graduate,0,80000.0,260000.0,3.0,601,10000.0, Rejected
1152,5, Not Graduate,0,60000.0,600000.0,23.0,683,50000.0, Rejected
1153,4, Graduate,1,900000.0,3130000.0,18.0,676,215000.0, Rejected
1154,0, Graduate,1,740000.0,4740000.0,22.0,345,755000.0, Rejected
1155,4, Graduate,1,630000.0,2660000.0,23.0,678,560000.0, Rejected
1156,4, Not Graduate,0,200000.0,720000.0,20.0,771,25000.0, Rejected
1157,4, Graduate,0,0.0,240000.0,2.0,668,0.0, Rejected
1158,5, Not Graduate,1,380000.0,2170000.0,20.0,550,450000.0, Rejected
1159,0, Not Graduate,0,60000.0,480000.0,18.0,363,30000.0, Rejected
1160,0, Graduate,0,10000.0,600000.0,10.0,691,10000.0, Rejected
1161,4, Not Graduate,1,410000.0,1550000.0,21.0,635,220000.0, Rejected
1162,2, Graduate,0,10000.0,410000.0,10.0,652,15000.0, Rejected
1163,5, Graduate,0,120000.0,310000.0,3.0,773,100000.0, Rejected
1164,5, Not Graduate,0,100000.0,660000.0,16.0,746,105000.0, Rejected
1165,3, Graduate,0,150000.0,180000.0,5.0,666,35000.0, Rejected
1166,5, Not Graduate,1,440000.0,290000.0,3.0,845,70000.0, Approved
1167,4, Not Graduate,0,0.0,320000.0,12.0,738,0.0, Rejected
1168,1, Graduate,0,40000.0,150000.0,2.0,633,20000.0, Rejected
1169,4, Graduate,0,60000.0,280000.0,4.0,796,65000.0, Rejected
1170,0, Graduate,1,550000.0,3700000.0,10.0,309,495000.0, Rejected
1171,5, Graduate,0,40000.0,300000.0,4.0,852,25000.0, Rejected
1172,5, Not Graduate,0,0.0,520000.0,16.0,863,0.0, Rejected
1173,3, Graduate,0,80000.0,620000.0,11.0,876,25000.0, Rejected
1174,1, Graduate,0,80000.0,230000.0,2.0,846,15000.0, Rejected
1175,5, Graduate,0,30000.0,210000.0,5.0,753,40000.0, Rejected
1176,3, Graduate,1,2410000.0,2570000.0,4.0,624,2145000.0, Rejected
1177,3, Not Graduate,1,240000.0,1400000.0,17.0,819,240000.0, Rejected
1178,1, Graduate,0,40000.0,510000.0,22.0,754,20000.0, Rejected
1179,4, Not Graduate,0,170000.0,400000.0,1.0,710,105000.0, Rejected
1180,4, Graduate,1,1370000.0,3030000.0,4.0,747,295000.0, Rejected
1181,4, Not Graduate,0,20000.0,210000.0,5.0,707,25000.0, Rejected
1182,2, Graduate,1,870000.0,5580000.0,14.0,813,810000.0, Rejected
1183,4, Graduate,0,60000.0,610000.0,15.0,753,15000.0, Rejected
1184,1, Not Graduate,1,340000.0,860000.0,4.0,872,415000.0, Rejected
1185,2, Graduate,1,920000.0,3500000.0,13.0,308,665000.0, Rejected
1186,4, Not Graduate,1,490000.0,3120000.0,21.0,813,575000.0, Rejected
1187,2, Graduate,1,1030000.0,2730000.0,2.0,782,120000.0, Rejected
1188,1, Graduate,0,80000.0,550000.0,16.0,732,10000.0, Rejected
1189,4, Graduate,1,1810000.0,1940000.0,4.0,890,615000.0, Approved
1190,0, Not Graduate,0,70000.0,160000.0,1.0,807,30000.0, Rejected
1191,5, Graduate,0,170000.0,220000.0,3.0,632,200000.0, Rejected
1192,1, Graduate,1,520000.0,730000.0,3.0,617,565000.0, Rejected
1193,3, Graduate,1,510000.0,480000.0,2.0,626,490000.0, Rejected
1194,3, Graduate,1,410000.0,2640000.0,18.0,842,550000.0, Rejected
1195,1, Graduate,0,70000.0,510000.0,14.0,525,30000.0, Rejected
1196,3, Not Graduate,1,310000.0,410000.0,1.0,318,425000.0, Rejected
1197,1, Not Graduate,1,620000.0,1930000.0,23.0,803,850000.0, Approved
1198,0, Not Graduate,0,140000.0,280000.0,4.0,805,100000.0, Rejected
1199,1, Not Graduate,0,10000.0,60000.0,1.0,887,0.0, Rejected
1200,4, Graduate,0,30000.0,220000.0,1.0,823,35000.0, Rejected
1201,4, Not Graduate,0,20000.0,510000.0,13.0,608,10000.0, Rejected
1202,2, Graduate,1,820000.0,4900000.0,16.0,768,995000.0, Rejected
1203,3, Graduate,1,760000.0,3500000.0,14.0,352,250000.0, Rejected
1204,5, Graduate,1,1140000.0,3230000.0,3.0,320,975000.0, Rejected
1205,3, Graduate,1,1030000.0,2700000.0,2.0,850,835000.0, Rejected
1206,1, Not Graduate,0,60000.0,620000.0,16.0,885,15000.0, Rejected
1207,5, Graduate,1,340000.0,1790000.0,25.0,326,205000.0, Rejected
1208,5, Graduate,0,50000.0,680000.0,10.0,613,10000.0, Rejected
1209,3, Graduate,1,1080000.0,7460000.0,24.0,773,810000.0, Rejected
1210,5, Not Graduate,0,70000.0,380000.0,19.0,821,90000.0, Rejected
1211,5, Graduate,1,990000.0,1590000.0,1.0,710,475000.0, Rejected
1212,4, Graduate,0,50000.0,370000.0,24.0,817,60000.0, Rejected
1213,0, Graduate,0,40000.0,270000.0,5.0,888,15000.0, Rejected
1214,1, Not Graduate,1,420000.0,1480000.0,13.0,666,440000.0, Approved
1215,3, Graduate,0,70000.0,440000.0,10.0,631,95000.0, Rejected
1216,4, Graduate,1,420000.0,2320000.0,12.0,609,230000.0, Rejected
1217,2, Graduate,0,100000.0,360000.0,23.0,639,135000.0, Rejected
1218,5, Graduate,1,730000.0,3210000.0,17.0,442,590000.0, Rejected
1219,5, Graduate,0,10000.0,270000.0,4.0,656,5000.0, Rejected
1220,3, Graduate,0,70000.0,470000.0,17.0,696,95000.0, Rejected
1221,0, Not Graduate,0,30000.0,310000.0,19.0,716,5000.0, Rejected
1222,0, Graduate,0,30000.0,590000.0,22.0,302,5000.0, Rejected
1223,3, Graduate,0,100000.0,440000.0,23.0,750,95000.0, Rejected
1224,3, Not Graduate,0,40000.0,280000.0,4.0,873,50000.0, Rejected
1225,4, Graduate,0,20000.0,340000.0,17.0,698,25000.0, Rejected
1226,3, Graduate,0,0.0,170000.0,4.0,675,0.0, Rejected
1227,2, Graduate,0,70000.0,580000.0,18.0,780,100000.0, Rejected
1228,4, Graduate,1,1510000.0,7120000.0,14.0,846,1635000.0, Rejected
1229,5, Not Graduate,0,80000.0,370000.0,21.0,542,115000.0, Rejected
1230,5, Graduate,0,0.0,130000.0,1.0,677,0.0, Rejected
1231,5, Not Graduate,1,840000.0,3270000.0,25.0,755,900000.0, Rejected
1232,5, Graduate,0,80000.0,390000.0,20.0,809,105000.0, Rejected
1233,1, Graduate,1,570000.0,1610000.0,3.0,633,360000.0, Rejected
1234,2, Graduate,0,30000.0,630000.0,19.0,702,45000.0, Rejected
1235,4, Graduate,0,100000.0,480000.0,10.0,612,45000.0, Rejected
1236,4, Graduate,0,0.0,230000.0,1.0,718,0.0, Rejected
1237,5, Not Graduate,1,380000.0,610000.0,2.0,558,530000.0, Rejected
1238,0, Graduate,1,570000.0,1740000.0,22.0,664,830000.0, Approved
1239,4, Not Graduate,0,80000.0,380000.0,23.0,865,40000.0, Rejected
1240,2, Graduate,0,90000.0,480000.0,15.0,852,25000.0, Rejected
1241,3, Not Graduate,1,300000.0,910000.0,12.0,612,350000.0, Rejected
1242,2, Not Graduate,0,50000.0,640000.0,21.0,374,70000.0, Rejected
1243,5, Not Graduate,0,0.0,70000.0,2.0,653,0.0, Rejected
1244,5, Not Graduate,1,280000.0,870000.0,23.0,608,275000.0, Rejected
1245,1, Not Graduate,1,300000.0,620000.0,1.0,636,350000.0, Rejected
1246,4, Graduate,0,40000.0,600000.0,15.0,807,15000.0, Rejected
1247,4, Graduate,1,600000.0,1780000.0,5.0,828,880000.0, Rejected
1248,4, Graduate,1,860000.0,550000.0,1.0,627,525000.0, Rejected
1249,5, Not Graduate,0,50000.0,100000.0,3.0,407,50000.0, Rejected
1250,4, Graduate,0,20000.0,650000.0,17.0,635,15000.0, Rejected
1251,0, Not Graduate,0,20000.0,90000.0,3.0,680,15000.0, Rejected
1252,0, Graduate,1,860000.0,6020000.0,12.0,765,930000.0, Rejected
1253,3, Graduate,1,450000.0,2590000.0,15.0,490,670000.0, Rejected
1254,4, Graduate,0,20000.0,350000.0,12.0,872,20000.0, Rejected
1255,1, Graduate,1,2410000.0,1550000.0,3.0,620,2920000.0, Rejected
1256,3, Graduate,0,80000.0,500000.0,22.0,692,10000.0, Rejected
1257,5, Graduate,0,60000.0,460000.0,16.0,691,75000.0, Rejected
1258,4, Graduate,0,90000.0,380000.0,22.0,610,45000.0, Rejected
1259,0, Graduate,0,50000.0,60000.0,5.0,632,15000.0, Rejected
1260,1, Graduate,1,710000.0,1760000.0,5.0,791,185000.0, Rejected
1261,3, Graduate,0,90000.0,240000.0,1.0,865,95000.0, Rejected
1262,1, Not Graduate,1,150000.0,1020000.0,15.0,669,225000.0, Rejected
1263,4, Graduate,0,40000.0,190000.0,4.0,628,40000.0, Rejected
1264,2, Graduate,0,20000.0,560000.0,23.0,756,10000.0, Rejected
1265,1, Graduate,1,1130000.0,2440000.0,5.0,747,435000.0, Rejected
1266,1, Graduate,0,70000.0,510000.0,23.0,312,60000.0, Rejected
1267,5, Graduate,0,90000.0,300000.0,18.0,769,15000.0, Rejected
1268,0, Graduate,0,80000.0,250000.0,3.0,756,55000.0, Rejected
1269,4, Graduate,1,1570000.0,7200000.0,20.0,612,1620000.0, Rejected
1270,1, Graduate,0,110000.0,260000.0,1.0,791,160000.0, Rejected
1271,4, Graduate,0,0.0,610000.0,15.0,604,0.0, Rejected
1272,0, Not Graduate,0,60000.0,470000.0,24.0,680,25000.0, Rejected
1273,5, Not Graduate,0,0.0,450000.0,17.0,734,0.0, Rejected
1274,4, Graduate,1,1390000.0,9690000.0,13.0,753,1585000.0, Rejected
1275,0, Graduate,0,0.0,350000.0,19.0,828,0.0, Rejected
1276,0, Graduate,0,30000.0,590000.0,14.0,755,10000.0, Rejected
1277,3, Graduate,0,10000.0,560000.0,14.0,696,5000.0, Rejected
1278,5, Not Graduate,0,30000.0,410000.0,10.0,641,45000.0, Rejected
1279,5, Graduate,1,990000.0,2230000.0,4.0,625,320000.0, Rejected
1280,4, Graduate,0,110000.0,320000.0,3.0,826,115000.0, Rejected
1281,2, Graduate,1,550000.0,340000.0,5.0,620,240000.0, Rejected
1282,3, Not Graduate,0,100000.0,620000.0,12.0,389,80000.0, Rejected
1283,5, Graduate,0,80000.0,460000.0,15.0,666,100000.0, Rejected
1284,0, Graduate,1,560000.0,2470000.0,22.0,796,440000.0, Rejected
1285,5, Graduate,0,30000.0,190000.0,4.0,379,35000.0, Rejected
1286,2, Graduate,1,570000.0,2310000.0,22.0,839,395000.0, Approved
1287,1, Graduate,1,850000.0,4990000.0,12.0,639,1275000.0, Rejected
1288,1, Graduate,0,40000.0,90000.0,4.0,373,30000.0, Rejected
1289,5, Graduate,0,20000.0,250000.0,3.0,609,5000.0, Rejected
1290,5, Graduate,1,2100000.0,10810000.0,10.0,603,1390000.0, Rejected
1291,3, Graduate,0,70000.0,670000.0,25.0,782,80000.0, Rejected
1292,5, Graduate,0,50000.0,150000.0,2.0,689,65000.0, Rejected
1293,2, Graduate,0,70000.0,70000.0,2.0,893,50000.0, Rejected
1294,5, Graduate,0,0.0,240000.0,3.0,740,0.0, Rejected
1295,4, Not Graduate,1,220000.0,1090000.0,25.0,628,280000.0, Rejected
1296,2, Graduate,0,50000.0,330000.0,12.0,461,60000.0, Rejected
1297,3, Graduate,0,10000.0,220000.0,2.0,727,10000.0, Rejected
1298,4, Graduate,1,370000.0,1330000.0,25.0,635,460000.0, Rejected
1299,4, Graduate,0,30000.0,580000.0,14.0,813,25000.0, Rejected
1300,1, Not Graduate,0,0.0,260000.0,3.0,796,0.0, Rejected
1301,2, Graduate,1,2060000.0,2240000.0,5.0,631,325000.0, Rejected
1302,4, Not Graduate,0,40000.0,460000.0,23.0,634,60000.0, Rejected
1303,3, Graduate,1,1090000.0,6660000.0,23.0,834,330000.0, Rejected
1304,1, Graduate,1,390000.0,2660000.0,11.0,430,260000.0, Rejected
1305,4, Not Graduate,0,130000.0,210000.0,3.0,358,185000.0, Rejected
1306,2, Not Graduate,0,40000.0,70000.0,4.0,828,15000.0, Rejected
1307,1, Not Graduate,0,10000.0,670000.0,18.0,817,15000.0, Rejected
1308,2, Not Graduate,0,60000.0,380000.0,20.0,670,75000.0, Rejected
1309,2, Graduate,1,1050000.0,3940000.0,14.0,606,1555000.0, Rejected
1310,2, Not Graduate,1,130000.0,600000.0,12.0,798,65000.0, Rejected
1311,1, Graduate,0,50000.0,590000.0,22.0,840,25000.0, Rejected
1312,4, Not Graduate,1,370000.0,1580000.0,22.0,867,505000.0, Rejected
1313,5, Graduate,1,1750000.0,4630000.0,1.0,661,750000.0, Rejected
1314,0, Not Graduate,1,190000.0,1310000.0,20.0,609,165000.0, Rejected
1315,4, Graduate,0,10000.0,350000.0,10.0,710,10000.0, Rejected
1316,1, Graduate,0,30000.0,70000.0,2.0,676,15000.0, Rejected
1317,0, Graduate,0,70000.0,460000.0,13.0,655,100000.0, Rejected
1318,0, Not Graduate,1,650000.0,2770000.0,23.0,715,670000.0, Approved
1319,0, Graduate,0,0.0,460000.0,16.0,501,0.0, Rejected
1320,5, Graduate,0,140000.0,130000.0,5.0,632,40000.0, Rejected
1321,3, Graduate,0,0.0,150000.0,3.0,674,0.0, Rejected
1322,1, Graduate,0,60000.0,570000.0,13.0,776,25000.0, Rejected
1323,5, Not Graduate,0,60000.0,140000.0,3.0,624,65000.0, Rejected
1324,5, Graduate,1,820000.0,3790000.0,25.0,655,185000.0, Rejected
1325,3, Not Graduate,0,0.0,90000.0,1.0,837,0.0, Rejected
1326,0, Graduate,0,60000.0,130000.0,1.0,798,85000.0, Rejected
1327,3, Graduate,0,60000.0,350000.0,19.0,821,55000.0, Rejected
1328,3, Not Graduate,0,120000.0,110000.0,4.0,665,55000.0, Rejected
1329,5, Graduate,0,190000.0,420000.0,5.0,629,275000.0, Rejected
1330,1, Graduate,0,0.0,270000.0,4.0,639,0.0, Rejected
1331,2, Graduate,0,120000.0,780000.0,11.0,661,165000.0, Rejected
1332,3, Not Graduate,0,50000.0,620000.0,23.0,699,55000.0, Rejected
1333,3, Graduate,0,10000.0,380000.0,21.0,868,10000.0, Rejected
1334,0, Not Graduate,0,70000.0,70000.0,1.0,888,80000.0, Rejected
1335,0, Not Graduate,1,210000.0,920000.0,19.0,883,170000.0, Rejected
1336,5, Graduate,1,400000.0,2640000.0,12.0,675,495000.0, Rejected
1337,0, Graduate,0,70000.0,540000.0,19.0,717,90000.0, Rejected
1338,4, Graduate,0,10000.0,610000.0,14.0,683,5000.0, Rejected
1339,3, Graduate,1,1750000.0,8470000.0,18.0,664,1155000.0, Rejected
1340,0, Graduate,0,20000.0,680000.0,11.0,365,25000.0, Rejected
1341,1, Graduate,1,580000.0,3000000.0,23.0,849,485000.0, Rejected
1342,4, Graduate,1,1520000.0,10070000.0,16.0,618,1995000.0, Rejected
1343,5, Not Graduate,0,180000.0,860000.0,17.0,654,175000.0, Rejected
1344,2, Not Graduate,0,120000.0,180000.0,2.0,825,110000.0, Rejected
1345,3, Not Graduate,1,410000.0,510000.0,5.0,647,60000.0, Rejected
1346,3, Graduate,0,90000.0,360000.0,11.0,627,45000.0, Rejected
1347,1, Graduate,0,50000.0,200000.0,2.0,604,40000.0, Rejected
1348,2, Graduate,0,0.0,680000.0,13.0,842,0.0, Rejected
1349,2, Not Graduate,0,70000.0,360000.0,23.0,645,70000.0, Rejected
1350,5, Graduate,1,1160000.0,1340000.0,2.0,827,1280000.0, Rejected
1351,5, Not Graduate,1,310000.0,540000.0,1.0,470,315000.0, Rejected
1352,4, Graduate,1,770000.0,800000.0,2.0,776,990000.0, Rejected
1353,3, Graduate,0,0.0,180000.0,4.0,845,0.0, Rejected
1354,0, Not Graduate,0,120000.0,210000.0,4.0,528,120000.0, Rejected
1355,5, Graduate,0,40000.0,390000.0,19.0,778,5000.0, Rejected
1356,1, Not Graduate,0,140000.0,390000.0,5.0,563,110000.0, Rejected
1357,1, Not Graduate,0,0.0,640000.0,17.0,685,0.0, Rejected
1358,1, Graduate,1,380000.0,370000.0,3.0,865,240000.0, Approved
1359,5, Graduate,1,330000.0,1870000.0,25.0,304,195000.0, Rejected
1360,5, Graduate,0,0.0,550000.0,21.0,674,0.0, Rejected
1361,1, Not Graduate,1,410000.0,1790000.0,10.0,324,310000.0, Rejected
1362,5, Graduate,0,30000.0,170000.0,5.0,896,45000.0, Rejected
1363,0, Graduate,0,40000.0,670000.0,25.0,368,20000.0, Rejected
1364,0, Graduate,1,1200000.0,7930000.0,18.0,715,1355000.0, Rejected
1365,4, Not Graduate,0,70000.0,630000.0,12.0,717,60000.0, Rejected
1366,3, Graduate,1,1700000.0,3860000.0,2.0,698,945000.0, Rejected
1367,0, Not Graduate,1,540000.0,520000.0,5.0,694,120000.0, Approved
1368,4, Not Graduate,0,0.0,370000.0,15.0,630,0.0, Rejected
1369,2, Graduate,1,1470000.0,2490000.0,5.0,715,1755000.0, Approved
1370,3, Graduate,0,20000.0,320000.0,18.0,679,10000.0, Rejected
1371,0, Not Graduate,0,30000.0,520000.0,16.0,729,10000.0, Rejected
1372,2, Graduate,0,100000.0,610000.0,13.0,630,55000.0, Rejected
1373,4, Not Graduate,0,80000.0,100000.0,1.0,842,75000.0, Rejected
1374,0, Graduate,1,890000.0,4790000.0,21.0,865,965000.0, Rejected
1375,0, Graduate,0,120000.0,290000.0,3.0,319,75000.0, Rejected
1376,5, Not Graduate,1,740000.0,3170000.0,25.0,643,590000.0, Rejected
1377,2, Graduate,0,80000.0,180000.0,1.0,388,60000.0, Rejected
1378,0, Graduate,0,0.0,80000.0,2.0,649,0.0, Rejected
1379,1, Graduate,1,650000.0,2430000.0,23.0,371,425000.0, Rejected
1380,5, Graduate,0,50000.0,360000.0,11.0,842,45000.0, Rejected
1381,5, Graduate,0,80000.0,350000.0,19.0,462,70000.0, Rejected
1382,0, Graduate,0,0.0,670000.0,12.0,666,0.0, Rejected
1383,5, Not Graduate,0,60000.0,670000.0,13.0,697,60000.0, Rejected
1384,3, Graduate,0,70000.0,170000.0,2.0,798,35000.0, Rejected
1385,2, Graduate,1,500000.0,3050000.0,18.0,818,230000.0, Rejected
1386,3, Graduate,0,50000.0,150000.0,2.0,689,35000.0, Rejected
1387,4, Not Graduate,0,120000.0,750000.0,17.0,787,135000.0, Rejected
1388,3, Graduate,1,320000.0,610000.0,3.0,679,75000.0, Rejected
1389,1, Not Graduate,0,100000.0,280000.0,4.0,820,145000.0, Rejected
1390,5, Graduate,1,900000.0,2480000.0,3.0,884,775000.0, Rejected
1391,5, Graduate,0,80000.0,490000.0,24.0,825,40000.0, Rejected
1392,1, Graduate,0,100000.0,420000.0,23.0,823,105000.0, Rejected
1393,5, Graduate,1,800000.0,1660000.0,3.0,480,130000.0, Rejected
1394,3, Graduate,0,40000.0,570000.0,10.0,822,30000.0, Rejected
1395,4, Graduate,1,990000.0,2700000.0,4.0,760,775000.0, Rejected
1396,0, Not Graduate,0,140000.0,640000.0,16.0,311,45000.0, Rejected
1397,1, Graduate,0,30000.0,340000.0,18.0,766,40000.0, Rejected
1398,3, Graduate,0,50000.0,280000.0,4.0,723,60000.0, Rejected
1399,3, Graduate,0,30000.0,450000.0,15.0,867,10000.0, Rejected
1400,3, Not Graduate,1,270000.0,1460000.0,19.0,771,165000.0, Rejected
1401,0, Graduate,0,80000.0,460000.0,10.0,813,20000.0, Rejected
1402,2, Graduate,1,1870000.0,12690000.0,20.0,499,2410000.0, Rejected
1403,5, Graduate,1,810000.0,4680000.0,21.0,795,450000.0, Rejected
1404,5, Not Graduate,0,50000.0,430000.0,23.0,809,35000.0, Rejected
1405,4, Graduate,0,70000.0,630000.0,22.0,796,40000.0, Rejected
1406,2, Graduate,1,400000.0,2280000.0,23.0,529,215000.0, Rejected
1407,5, Not Graduate,1,1000000.0,3300000.0,19.0,631,1145000.0, Rejected
1408,4, Not Graduate,0,150000.0,320000.0,5.0,702,170000.0, Rejected
1409,4, Graduate,0,70000.0,460000.0,24.0,865,60000.0, Rejected
1410,3, Not Graduate,0,0.0,480000.0,18.0,616,0.0, Rejected
1411,1, Graduate,1,580000.0,2130000.0,22.0,805,475000.0, Approved
1412,3, Graduate,0,80000.0,480000.0,17.0,757,10000.0, Rejected
1413,0, Graduate,1,900000.0,3050000.0,11.0,385,175000.0, Rejected
1414,5, Graduate,0,40000.0,310000.0,23.0,329,25000.0, Rejected
1415,4, Graduate,0,110000.0,220000.0,1.0,603,125000.0, Rejected
1416,1, Not Graduate,0,40000.0,80000.0,1.0,662,55000.0, Rejected
1417,5, Graduate,0,40000.0,580000.0,17.0,750,5000.0, Rejected
1418,4, Graduate,0,20000.0,220000.0,4.0,786,10000.0, Rejected
1419,4, Graduate,0,100000.0,450000.0,19.0,600,40000.0, Rejected
1420,3, Not Graduate,0,10000.0,420000.0,20.0,862,10000.0, Rejected
1421,1, Graduate,0,110000.0,290000.0,3.0,780,140000.0, Rejected
1422,1, Graduate,0,60000.0,370000.0,14.0,853,25000.0, Rejected
1423,5, Graduate,1,3220000.0,14810000.0,11.0,685,3525000.0, Rejected
1424,4, Graduate,0,20000.0,510000.0,10.0,524,20000.0, Rejected
1425,1, Not Graduate,0,80000.0,700000.0,20.0,611,30000.0, Rejected
1426,1, Not Graduate,0,80000.0,520000.0,17.0,677,55000.0, Rejected
1427,5, Graduate,1,690000.0,920000.0,2.0,807,670000.0, Rejected
1428,3, Not Graduate,0,10000.0,400000.0,14.0,848,0.0, Rejected
1429,2, Graduate,1,1200000.0,2590000.0,5.0,796,800000.0, Rejected
1430,0, Not Graduate,1,780000.0,1770000.0,2.0,472,245000.0, Rejected
1431,2, Graduate,1,1010000.0,3720000.0,21.0,546,865000.0, Rejected
1432,1, Graduate,0,30000.0,670000.0,21.0,735,40000.0, Rejected
1433,4, Graduate,1,870000.0,3370000.0,25.0,674,725000.0, Rejected
1434,0, Graduate,0,40000.0,670000.0,19.0,348,5000.0, Rejected
1435,0, Graduate,0,70000.0,690000.0,12.0,352,10000.0, Rejected
1436,4, Graduate,1,420000.0,2650000.0,22.0,899,400000.0, Rejected
1437,0, Graduate,0,70000.0,110000.0,3.0,647,40000.0, Rejected
1438,4, Not Graduate,1,940000.0,4620000.0,24.0,661,850000.0, Rejected
1439,0, Graduate,0,30000.0,110000.0,2.0,829,10000.0, Rejected
1440,5, Graduate,1,340000.0,2080000.0,25.0,545,405000.0, Rejected
1441,5, Not Graduate,0,0.0,690000.0,20.0,618,0.0, Rejected
1442,2, Graduate,0,90000.0,340000.0,15.0,631,120000.0, Rejected
1443,0, Graduate,0,0.0,90000.0,4.0,724,0.0, Rejected
1444,3, Graduate,1,670000.0,3960000.0,11.0,780,685000.0, Rejected
1445,4, Not Graduate,0,90000.0,480000.0,17.0,630,45000.0, Rejected
1446,0, Graduate,0,10000.0,80000.0,2.0,822,10000.0, Rejected
1447,5, Graduate,0,120000.0,280000.0,4.0,876,30000.0, Rejected
1448,5, Not Graduate,1,260000.0,710000.0,3.0,629,305000.0, Rejected
1449,4, Not Graduate,0,150000.0,340000.0,3.0,520,105000.0, Rejected
1450,3, Graduate,0,160000.0,480000.0,5.0,790,210000.0, Rejected
1451,0, Graduate,0,50000.0,350000.0,25.0,874,55000.0, Rejected
1452,0, Graduate,0,60000.0,320000.0,20.0,853,40000.0, Rejected
1453,3, Not Graduate,0,70000.0,70000.0,4.0,842,95000.0, Rejected
1454,3, Graduate,0,30000.0,210000.0,5.0,424,15000.0, Rejected
1455,3, Graduate,1,860000.0,4370000.0,11.0,643,1250000.0, Rejected
1456,5, Not Graduate,0,0.0,250000.0,1.0,831,0.0, Rejected
1457,4, Graduate,0,60000.0,150000.0,4.0,418,90000.0, Rejected
1458,3, Graduate,0,90000.0,250000.0,2.0,625,15000.0, Rejected
1459,4, Graduate,1,500000.0,750000.0,4.0,424,240000.0, Rejected
1460,2, Graduate,1,710000.0,1590000.0,1.0,880,810000.0, Rejected
1461,0, Graduate,1,410000.0,650000.0,3.0,640,570000.0, Rejected
1462,0, Graduate,0,20000.0,400000.0,24.0,759,5000.0, Rejected
1463,1, Graduate,0,0.0,690000.0,25.0,717,0.0, Rejected
1464,2, Graduate,0,40000.0,80000.0,3.0,619,20000.0, Rejected
1465,3, Not Graduate,0,70000.0,110000.0,3.0,896,90000.0, Rejected
1466,3, Graduate,0,10000.0,590000.0,17.0,632,10000.0, Rejected
1467,5, Not Graduate,1,350000.0,200000.0,1.0,618,200000.0, Rejected
1468,2, Graduate,1,860000.0,2190000.0,5.0,405,90000.0, Rejected
1469,3, Not Graduate,1,520000.0,3640000.0,11.0,600,455000.0, Rejected
1470,1, Not Graduate,0,0.0,280000.0,2.0,847,0.0, Rejected
1471,4, Graduate,1,1150000.0,3440000.0,4.0,536,1315000.0, Rejected
1472,0, Not Graduate,0,0.0,340000.0,19.0,488,0.0, Rejected
1473,2, Not Graduate,0,0.0,570000.0,19.0,660,0.0, Rejected
1474,0, Graduate,1,710000.0,1710000.0,1.0,702,920000.0, Rejected
1475,4, Graduate,0,30000.0,70000.0,1.0,798,25000.0, Rejected
1476,2, Graduate,0,80000.0,220000.0,1.0,842,45000.0, Rejected
1477,4, Not Graduate,0,30000.0,80000.0,4.0,604,35000.0, Rejected
1478,3, Not Graduate,1,580000.0,2970000.0,16.0,710,275000.0, Rejected
1479,3, Not Graduate,1,480000.0,1550000.0,19.0,338,645000.0, Rejected
1480,3, Graduate,0,120000.0,70000.0,1.0,741,25000.0, Rejected
1481,4, Not Graduate,1,390000.0,2170000.0,22.0,704,495000.0, Rejected
1482,4, Graduate,0,70000.0,470000.0,11.0,676,15000.0, Rejected
1483,4, Graduate,0,10000.0,560000.0,17.0,814,0.0, Rejected
1484,0, Graduate,1,1350000.0,3280000.0,1.0,852,820000.0, Rejected
1485,4, Graduate,1,730000.0,4930000.0,17.0,848,1050000.0, Rejected
1486,3, Graduate,1,720000.0,1540000.0,1.0,767,1065000.0, Rejected
1487,1, Graduate,0,20000.0,100000.0,3.0,826,10000.0, Rejected
1488,4, Graduate,1,1600000.0,10930000.0,15.0,706,495000.0, Rejected
1489,1, Graduate,1,570000.0,2350000.0,20.0,751,340000.0, Approved
1490,3, Graduate,1,780000.0,3100000.0,14.0,836,445000.0, Rejected
1491,4, Graduate,0,0.0,410000.0,13.0,602,0.0, Rejected
1492,0, Graduate,1,990000.0,5390000.0,19.0,708,715000.0, Rejected
1493,0, Graduate,0,70000.0,240000.0,1.0,667,85000.0, Rejected
1494,1, Graduate,0,60000.0,390000.0,22.0,347,70000.0, Rejected
1495,5, Graduate,0,70000.0,180000.0,5.0,808,65000.0, Rejected
1496,0, Graduate,0,10000.0,500000.0,10.0,730,15000.0, Rejected
1497,0, Graduate,0,50000.0,560000.0,22.0,695,20000.0, Rejected
1498,0, Graduate,1,1180000.0,5260000.0,19.0,704,385000.0, Rejected
1499,3, Graduate,0,60000.0,690000.0,21.0,616,70000.0, Rejected
1500,0, Not Graduate,1,350000.0,1270000.0,21.0,667,155000.0, Approved
1501,2, Graduate,0,110000.0,640000.0,25.0,606,10000.0, Rejected
1502,4, Graduate,0,0.0,360000.0,14.0,816,0.0, Rejected
1503,0, Graduate,0,100000.0,170000.0,1.0,800,95000.0, Rejected
1504,5, Graduate,0,110000.0,90000.0,4.0,685,80000.0, Rejected
1505,5, Graduate,0,110000.0,300000.0,5.0,878,125000.0, Rejected
1506,0, Graduate,0,20000.0,180000.0,1.0,711,10000.0, Rejected
1507,0, Graduate,0,40000.0,540000.0,22.0,482,55000.0, Rejected
1508,2, Graduate,0,0.0,580000.0,16.0,489,0.0, Rejected
1509,0, Graduate,0,0.0,530000.0,11.0,601,0.0, Rejected
1510,0, Not Graduate,0,30000.0,610000.0,18.0,381,35000.0, Rejected
1511,4, Not Graduate,0,50000.0,330000.0,19.0,731,40000.0, Rejected
1512,5, Not Graduate,1,440000.0,2280000.0,13.0,729,510000.0, Rejected
1513,2, Not Graduate,1,200000.0,590000.0,1.0,630,280000.0, Rejected
1514,5, Graduate,1,880000.0,3270000.0,25.0,685,1005000.0, Rejected
1515,2, Graduate,0,20000.0,130000.0,4.0,660,10000.0, Rejected
1516,5, Graduate,1,280000.0,1030000.0,10.0,886,250000.0, Rejected
1517,0, Graduate,1,790000.0,5480000.0,23.0,643,1085000.0, Rejected
1518,5, Not Graduate,1,230000.0,540000.0,2.0,837,170000.0, Rejected
1519,5, Graduate,0,120000.0,230000.0,5.0,683,125000.0, Rejected
1520,2, Not Graduate,1,600000.0,3630000.0,12.0,680,450000.0, Rejected
1521,1, Graduate,1,570000.0,3710000.0,12.0,612,155000.0, Rejected
1522,2, Not Graduate,0,80000.0,470000.0,23.0,615,15000.0, Rejected
1523,2, Graduate,1,1020000.0,4180000.0,17.0,634,1460000.0, Rejected
1524,2, Graduate,0,120000.0,740000.0,18.0,738,115000.0, Rejected
1525,3, Graduate,0,60000.0,590000.0,18.0,888,15000.0, Rejected
1526,3, Graduate,0,20000.0,50000.0,3.0,745,25000.0, Rejected
1527,3, Graduate,1,2400000.0,11070000.0,19.0,456,1995000.0, Rejected
1528,2, Graduate,0,90000.0,410000.0,16.0,773,105000.0, Rejected
1529,1, Not Graduate,0,90000.0,480000.0,23.0,555,25000.0, Rejected
1530,2, Graduate,0,80000.0,440000.0,14.0,899,110000.0, Rejected
1531,0, Graduate,0,10000.0,610000.0,12.0,829,10000.0, Rejected
1532,1, Graduate,0,0.0,200000.0,2.0,679,0.0, Rejected
1533,3, Not Graduate,1,740000.0,1480000.0,4.0,684,105000.0, Rejected
1534,5, Graduate,1,2010000.0,1870000.0,1.0,862,1090000.0, Rejected
1535,5, Graduate,0,100000.0,240000.0,5.0,833,45000.0, Rejected
1536,4, Graduate,0,0.0,570000.0,17.0,823,0.0, Rejected
1537,1, Graduate,0,20000.0,660000.0,13.0,645,5000.0, Rejected
1538,3, Graduate,1,710000.0,2130000.0,4.0,640,775000.0, Rejected
1539,1, Graduate,0,60000.0,470000.0,13.0,675,10000.0, Rejected
1540,1, Graduate,0,50000.0,670000.0,25.0,812,20000.0, Rejected
1541,5, Not Graduate,0,0.0,520000.0,21.0,694,0.0, Rejected
1542,2, Graduate,1,560000.0,3250000.0,10.0,720,680000.0, Rejected
1543,0, Graduate,1,1220000.0,1460000.0,3.0,866,1470000.0, Approved
1544,4, Graduate,1,620000.0,4140000.0,14.0,682,890000.0, Rejected
1545,3, Not Graduate,1,280000.0,1890000.0,19.0,637,385000.0, Rejected
1546,1, Graduate,0,120000.0,440000.0,12.0,699,25000.0, Rejected
1547,4, Not Graduate,0,40000.0,90000.0,3.0,830,50000.0, Rejected
1548,1, Graduate,0,20000.0,370000.0,14.0,311,15000.0, Rejected
1549,5, Graduate,0,0.0,180000.0,1.0,762,0.0, Rejected
1550,0, Graduate,0,50000.0,700000.0,25.0,806,10000.0, Rejected
1551,5, Not Graduate,0,0.0,190000.0,2.0,637,0.0, Rejected
1552,4, Graduate,0,60000.0,130000.0,3.0,651,20000.0, Rejected
1553,3, Not Graduate,1,480000.0,2190000.0,23.0,734,270000.0, Rejected
1554,1, Not Graduate,1,410000.0,2660000.0,12.0,809,60000.0, Rejected
1555,0, Graduate,1,820000.0,2150000.0,4.0,730,225000.0, Rejected
1556,5, Graduate,1,1340000.0,7900000.0,23.0,787,970000.0, Rejected
1557,4, Graduate,0,20000.0,310000.0,20.0,750,25000.0, Rejected
1558,5, Graduate,1,710000.0,1990000.0,3.0,620,840000.0, Rejected
1559,1, Not Graduate,0,90000.0,470000.0,20.0,652,40000.0, Rejected
1560,1, Not Graduate,1,600000.0,3090000.0,19.0,697,185000.0, Rejected
1561,3, Graduate,0,80000.0,690000.0,17.0,688,50000.0, Rejected
1562,0, Graduate,1,320000.0,290000.0,1.0,795,430000.0, Rejected
1563,2, Not Graduate,0,90000.0,660000.0,17.0,477,20000.0, Rejected
1564,5, Graduate,0,30000.0,660000.0,25.0,663,25000.0, Rejected
1565,1, Not Graduate,1,260000.0,1100000.0,15.0,657,60000.0, Rejected
1566,4, Graduate,0,70000.0,160000.0,4.0,640,55000.0, Rejected
1567,5, Graduate,1,730000.0,640000.0,5.0,786,205000.0, Approved
1568,3, Graduate,1,370000.0,1940000.0,17.0,600,80000.0, Rejected
1569,3, Graduate,1,1950000.0,7660000.0,10.0,674,715000.0, Rejected
1570,1, Graduate,1,570000.0,660000.0,1.0,610,260000.0, Rejected
1571,1, Graduate,1,340000.0,1240000.0,20.0,892,165000.0, Approved
1572,1, Graduate,0,0.0,400000.0,16.0,624,0.0, Rejected
1573,2, Not Graduate,1,230000.0,770000.0,13.0,870,40000.0, Approved
1574,1, Not Graduate,1,470000.0,640000.0,2.0,867,100000.0, Rejected
1575,5, Graduate,1,1580000.0,8330000.0,15.0,394,575000.0, Rejected
1576,5, Graduate,0,40000.0,380000.0,15.0,743,55000.0, Rejected
1577,0, Graduate,1,680000.0,750000.0,1.0,622,665000.0, Rejected
1578,4, Graduate,1,560000.0,3030000.0,23.0,657,630000.0, Rejected
1579,1, Graduate,1,530000.0,1870000.0,25.0,676,330000.0, Approved
1580,5, Graduate,0,10000.0,590000.0,16.0,759,5000.0, Rejected
1581,5, Graduate,0,60000.0,480000.0,13.0,779,10000.0, Rejected
1582,5, Graduate,0,0.0,510000.0,17.0,794,0.0, Rejected
1583,2, Graduate,1,840000.0,4650000.0,17.0,688,760000.0, Rejected
1584,4, Graduate,1,1090000.0,1410000.0,2.0,647,1480000.0, Rejected
1585,3, Not Graduate,0,40000.0,540000.0,11.0,680,55000.0, Rejected
1586,5, Graduate,0,0.0,660000.0,12.0,688,0.0, Rejected
1587,1, Graduate,0,0.0,550000.0,23.0,873,0.0, Rejected
1588,5, Graduate,0,60000.0,340000.0,13.0,476,20000.0, Rejected
1589,4, Graduate,1,420000.0,1420000.0,17.0,689,195000.0, Rejected
1590,3, Not Graduate,1,210000.0,1260000.0,22.0,685,295000.0, Rejected
1591,2, Graduate,0,80000.0,680000.0,22.0,490,25000.0, Rejected
1592,0, Not Graduate,0,90000.0,220000.0,1.0,468,130000.0, Rejected
1593,1, Graduate,0,50000.0,670000.0,15.0,867,40000.0, Rejected
1594,0, Graduate,1,730000.0,1800000.0,4.0,714,540000.0, Rejected
1595,2, Not Graduate,0,80000.0,250000.0,2.0,515,30000.0, Rejected
1596,4, Graduate,0,50000.0,450000.0,15.0,626,50000.0, Rejected
1597,4, Graduate,0,70000.0,90000.0,4.0,744,50000.0, Rejected
1598,2, Graduate,1,1150000.0,2710000.0,1.0,646,710000.0, Rejected
1599,5, Graduate,1,1080000.0,4170000.0,12.0,355,510000.0, Rejected
1600,2, Not Graduate,1,520000.0,2540000.0,12.0,708,100000.0, Rejected
1601,1, Graduate,0,80000.0,670000.0,14.0,764,65000.0, Rejected
1602,3, Graduate,0,0.0,370000.0,19.0,600,0.0, Rejected
1603,0, Graduate,0,120000.0,120000.0,4.0,840,130000.0, Rejected
1604,0, Graduate,1,1630000.0,3250000.0,4.0,872,1815000.0, Rejected
1605,4, Graduate,0,10000.0,370000.0,24.0,842,5000.0, Rejected
1606,5, Graduate,0,10000.0,210000.0,2.0,652,10000.0, Rejected
1607,4, Graduate,1,510000.0,1500000.0,2.0,665,235000.0, Rejected
1608,1, Not Graduate,1,430000.0,2500000.0,17.0,784,480000.0, Rejected
1609,2, Graduate,0,70000.0,420000.0,20.0,625,10000.0, Rejected
1610,0, Graduate,0,10000.0,360000.0,22.0,720,5000.0, Rejected
1611,1, Not Graduate,0,20000.0,680000.0,19.0,770,10000.0, Rejected
1612,4, Graduate,1,840000.0,3070000.0,23.0,765,995000.0, Rejected
1613,4, Graduate,1,640000.0,2190000.0,13.0,899,125000.0, Rejected
1614,0, Graduate,0,10000.0,650000.0,24.0,834,5000.0, Rejected
1615,4, Graduate,0,130000.0,850000.0,19.0,849,80000.0, Rejected
1616,5, Graduate,1,690000.0,2960000.0,11.0,779,80000.0, Rejected
1617,4, Not Graduate,1,750000.0,1980000.0,4.0,334,875000.0, Rejected
1618,3, Graduate,0,0.0,490000.0,18.0,695,0.0, Rejected
1619,2, Graduate,0,0.0,210000.0,5.0,817,0.0, Rejected
1620,4, Not Graduate,0,0.0,270000.0,2.0,694,0.0, Rejected
1621,3, Graduate,0,0.0,680000.0,23.0,768,0.0, Rejected
1622,1, Graduate,1,1060000.0,7370000.0,22.0,533,1190000.0, Rejected
1623,4, Graduate,1,800000.0,2820000.0,15.0,531,835000.0, Rejected
1624,5, Not Graduate,1,800000.0,440000.0,3.0,753,350000.0, Approved
1625,1, Graduate,0,0.0,530000.0,11.0,646,0.0, Rejected
1626,4, Graduate,1,510000.0,370000.0,1.0,685,620000.0, Rejected
1627,0, Graduate,0,0.0,320000.0,24.0,653,0.0, Rejected
1628,3, Graduate,0,70000.0,110000.0,2.0,691,75000.0, Rejected
1629,3, Graduate,0,20000.0,340000.0,19.0,566,10000.0, Rejected
1630,0, Graduate,0,0.0,250000.0,2.0,881,0.0, Rejected
1631,2, Not Graduate,1,340000.0,2290000.0,11.0,816,290000.0, Rejected
1632,5, Graduate,0,150000.0,960000.0,25.0,757,20000.0, Rejected
1633,3, Graduate,0,70000.0,530000.0,20.0,691,45000.0, Rejected
1634,1, Not Graduate,0,10000.0,420000.0,18.0,749,15000.0, Rejected
1635,5, Not Graduate,0,90000.0,520000.0,12.0,665,100000.0, Rejected
1636,3, Graduate,0,20000.0,640000.0,19.0,773,10000.0, Rejected
1637,2, Graduate,0,0.0,560000.0,18.0,582,0.0, Rejected
1638,1, Graduate,1,1020000.0,1610000.0,3.0,877,960000.0, Rejected
1639,5, Not Graduate,0,100000.0,580000.0,24.0,853,15000.0, Rejected
1640,1, Not Graduate,0,40000.0,290000.0,2.0,676,15000.0, Rejected
1641,0, Graduate,0,110000.0,600000.0,16.0,563,95000.0, Rejected
1642,4, Not Graduate,1,480000.0,2120000.0,21.0,645,320000.0, Rejected
1643,0, Graduate,0,110000.0,400000.0,10.0,829,40000.0, Rejected
1644,5, Graduate,0,140000.0,450000.0,21.0,879,165000.0, Rejected
1645,4, Graduate,0,120000.0,690000.0,21.0,605,95000.0, Rejected
1646,0, Not Graduate,0,60000.0,520000.0,14.0,392,30000.0, Rejected
1647,4, Graduate,0,110000.0,220000.0,1.0,513,35000.0, Rejected
1648,3, Not Graduate,1,390000.0,1580000.0,22.0,382,375000.0, Rejected
1649,1, Not Graduate,1,350000.0,2020000.0,13.0,724,360000.0, Rejected
1650,4, Not Graduate,0,70000.0,610000.0,12.0,772,75000.0, Rejected
1651,3, Graduate,1,750000.0,4410000.0,20.0,565,305000.0, Rejected
1652,2, Graduate,1,1080000.0,6650000.0,21.0,759,1010000.0, Rejected
1653,0, Graduate,0,50000.0,360000.0,24.0,418,70000.0, Rejected
1654,2, Graduate,0,10000.0,100000.0,3.0,320,5000.0, Rejected
1655,5, Graduate,0,90000.0,290000.0,5.0,700,35000.0, Rejected
1656,3, Not Graduate,0,30000.0,460000.0,17.0,647,35000.0, Rejected
1657,2, Graduate,1,1030000.0,4920000.0,12.0,603,360000.0, Rejected
1658,2, Graduate,1,1250000.0,4080000.0,15.0,731,570000.0, Approved
1659,3, Graduate,1,450000.0,2280000.0,16.0,332,110000.0, Rejected
1660,1, Graduate,1,400000.0,920000.0,5.0,729,190000.0, Rejected
1661,4, Graduate,0,70000.0,350000.0,12.0,729,45000.0, Rejected
1662,5, Graduate,0,140000.0,960000.0,12.0,843,25000.0, Rejected
1663,5, Not Graduate,1,320000.0,250000.0,1.0,623,425000.0, Rejected
1664,0, Graduate,0,110000.0,280000.0,3.0,855,90000.0, Rejected
1665,4, Not Graduate,1,190000.0,330000.0,2.0,735,175000.0, Rejected
1666,0, Not Graduate,1,310000.0,460000.0,1.0,739,190000.0, Rejected
1667,5, Graduate,1,2770000.0,18150000.0,18.0,428,2875000.0, Rejected
1668,4, Not Graduate,1,220000.0,860000.0,20.0,816,155000.0, Rejected
1669,2, Graduate,0,40000.0,410000.0,11.0,853,45000.0, Rejected
1670,1, Not Graduate,1,700000.0,1840000.0,2.0,807,875000.0, Rejected
1671,2, Graduate,1,1600000.0,9090000.0,22.0,859,1665000.0, Rejected
1672,1, Not Graduate,0,80000.0,510000.0,21.0,605,65000.0, Rejected
1673,3, Not Graduate,1,450000.0,3060000.0,13.0,384,540000.0, Rejected
1674,0, Not Graduate,0,140000.0,640000.0,23.0,334,110000.0, Rejected
1675,0, Not Graduate,1,140000.0,290000.0,1.0,737,35000.0, Rejected
1676,3, Graduate,0,40000.0,570000.0,15.0,842,10000.0, Rejected
1677,4, Graduate,0,0.0,100000.0,1.0,699,0.0, Rejected
1678,3, Graduate,0,100000.0,280000.0,5.0,744,40000.0, Rejected
1679,5, Graduate,1,600000.0,380000.0,4.0,817,745000.0, Approved
1680,3, Graduate,0,120000.0,690000.0,15.0,728,55000.0, Rejected
1681,1, Graduate,0,30000.0,190000.0,2.0,683,20000.0, Rejected
1682,5, Not Graduate,0,30000.0,80000.0,2.0,886,30000.0, Rejected
1683,3, Graduate,1,960000.0,2930000.0,18.0,742,310000.0, Approved
1684,0, Not Graduate,0,140000.0,590000.0,11.0,707,160000.0, Rejected
1685,2, Graduate,0,40000.0,290000.0,2.0,707,45000.0, Rejected
1686,1, Not Graduate,1,500000.0,1280000.0,2.0,619,430000.0, Rejected
1687,1, Not Graduate,0,30000.0,290000.0,1.0,676,25000.0, Rejected
1688,4, Graduate,1,430000.0,2170000.0,23.0,773,105000.0, Rejected
1689,2, Graduate,0,100000.0,230000.0,1.0,817,70000.0, Rejected
1690,1, Not Graduate,1,260000.0,280000.0,3.0,710,60000.0, Approved
1691,3, Graduate,0,10000.0,590000.0,18.0,641,5000.0, Rejected
1692,1, Graduate,0,80000.0,210000.0,3.0,651,110000.0, Rejected
1693,1, Graduate,1,1260000.0,1770000.0,1.0,608,1140000.0, Rejected
1694,1, Graduate,0,120000.0,380000.0,22.0,694,135000.0, Rejected
1695,4, Graduate,1,1720000.0,3600000.0,4.0,557,1555000.0, Rejected
1696,1, Graduate,0,40000.0,490000.0,21.0,775,15000.0, Rejected
1697,1, Graduate,0,170000.0,120000.0,3.0,693,160000.0, Approved
1698,4, Graduate,0,40000.0,440000.0,21.0,674,45000.0, Rejected
1699,5, Not Graduate,1,440000.0,1100000.0,4.0,380,130000.0, Rejected
1700,2, Graduate,0,30000.0,330000.0,23.0,664,35000.0, Rejected
1701,5, Not Graduate,0,0.0,690000.0,16.0,776,0.0, Rejected
1702,0, Graduate,0,60000.0,100000.0,5.0,741,5000.0, Rejected
1703,4, Graduate,0,30000.0,320000.0,20.0,894,25000.0, Rejected
1704,4, Graduate,0,50000.0,500000.0,11.0,424,35000.0, Rejected
1705,1, Graduate,1,790000.0,5200000.0,25.0,758,405000.0, Rejected
1706,1, Graduate,0,40000.0,550000.0,18.0,624,45000.0, Rejected
1707,0, Graduate,1,450000.0,2410000.0,25.0,674,610000.0, Rejected
1708,1, Graduate,0,20000.0,600000.0,23.0,441,25000.0, Rejected
1709,3, Graduate,1,770000.0,1180000.0,3.0,666,990000.0, Rejected
1710,1, Graduate,1,700000.0,3620000.0,25.0,802,960000.0, Rejected
1711,1, Graduate,0,50000.0,230000.0,2.0,865,70000.0, Rejected
1712,3, Graduate,1,260000.0,460000.0,2.0,658,70000.0, Rejected
1713,0, Not Graduate,0,60000.0,570000.0,11.0,653,45000.0, Rejected
1714,3, Graduate,1,1170000.0,7040000.0,25.0,873,115000.0, Rejected
1715,4, Graduate,1,450000.0,2740000.0,19.0,608,365000.0, Rejected
1716,3, Not Graduate,0,60000.0,180000.0,2.0,751,85000.0, Rejected
1717,2, Graduate,0,0.0,690000.0,15.0,772,0.0, Rejected
1718,4, Graduate,0,10000.0,160000.0,3.0,817,10000.0, Rejected
1719,1, Not Graduate,0,80000.0,410000.0,22.0,682,80000.0, Rejected
1720,4, Graduate,0,50000.0,360000.0,18.0,628,15000.0, Rejected
1721,0, Graduate,0,150000.0,130000.0,5.0,768,65000.0, Approved
1722,0, Graduate,0,20000.0,490000.0,17.0,668,15000.0, Rejected
1723,3, Graduate,1,960000.0,3770000.0,17.0,790,350000.0, Rejected
1724,4, Graduate,0,70000.0,580000.0,20.0,757,65000.0, Rejected
1725,1, Graduate,0,120000.0,370000.0,19.0,826,95000.0, Rejected
1726,0, Graduate,1,720000.0,4030000.0,20.0,853,595000.0, Rejected
1727,5, Graduate,0,60000.0,420000.0,13.0,849,15000.0, Rejected
1728,1, Not Graduate,0,70000.0,60000.0,3.0,646,60000.0, Rejected
1729,5, Not Graduate,0,50000.0,550000.0,21.0,611,10000.0, Rejected
1730,2, Graduate,1,290000.0,1410000.0,11.0,838,385000.0, Rejected
1731,5, Graduate,1,1250000.0,6000000.0,15.0,649,725000.0, Rejected
1732,0, Graduate,0,150000.0,810000.0,15.0,645,195000.0, Rejected
1733,3, Graduate,1,830000.0,3380000.0,21.0,669,900000.0, Rejected
1734,2, Graduate,0,70000.0,210000.0,3.0,878,80000.0, Rejected
1735,4, Graduate,1,870000.0,3250000.0,24.0,838,470000.0, Rejected
1736,1, Not Graduate,1,290000.0,650000.0,3.0,788,120000.0, Rejected
1737,0, Graduate,1,700000.0,4530000.0,12.0,859,470000.0, Rejected
1738,2, Graduate,0,0.0,220000.0,3.0,771,0.0, Rejected
1739,2, Graduate,0,60000.0,240000.0,5.0,640,85000.0, Rejected
1740,0, Graduate,0,70000.0,390000.0,11.0,620,45000.0, Rejected
1741,4, Not Graduate,1,320000.0,2240000.0,17.0,600,475000.0, Rejected
1742,4, Not Graduate,0,70000.0,660000.0,21.0,854,80000.0, Rejected
1743,3, Not Graduate,1,440000.0,2180000.0,13.0,893,95000.0, Rejected
1744,5, Graduate,1,640000.0,3830000.0,22.0,309,655000.0, Rejected
1745,4, Graduate,0,30000.0,330000.0,23.0,636,15000.0, Rejected
1746,3, Graduate,1,1270000.0,3510000.0,4.0,873,560000.0, Rejected
1747,5, Graduate,1,1040000.0,4370000.0,10.0,744,480000.0, Rejected
1748,2, Graduate,1,1170000.0,5370000.0,25.0,726,1620000.0, Rejected
1749,0, Not Graduate,1,290000.0,1590000.0,17.0,783,230000.0, Rejected
1750,4, Graduate,1,1260000.0,3290000.0,3.0,348,1305000.0, Rejected
1751,3, Graduate,0,80000.0,100000.0,2.0,688,40000.0, Rejected
1752,2, Graduate,1,770000.0,1400000.0,1.0,613,640000.0, Rejected
1753,4, Graduate,0,60000.0,70000.0,3.0,626,35000.0, Rejected
1754,1, Graduate,1,500000.0,3300000.0,12.0,726,275000.0, Rejected
1755,2, Not Graduate,1,400000.0,2040000.0,10.0,541,180000.0, Rejected
1756,4, Not Graduate,0,30000.0,200000.0,3.0,747,20000.0, Rejected
1757,2, Not Graduate,1,260000.0,160000.0,2.0,663,265000.0, Approved
1758,0, Graduate,0,110000.0,640000.0,23.0,708,45000.0, Rejected
1759,0, Graduate,0,10000.0,260000.0,5.0,794,15000.0, Rejected
1760,0, Graduate,0,10000.0,140000.0,1.0,316,5000.0, Rejected
1761,5, Graduate,1,810000.0,5050000.0,14.0,431,625000.0, Rejected
1762,1, Not Graduate,1,570000.0,1420000.0,1.0,641,125000.0, Rejected
1763,0, Graduate,1,1360000.0,7400000.0,20.0,672,180000.0, Rejected
1764,1, Graduate,0,0.0,150000.0,4.0,731,0.0, Rejected
1765,0, Graduate,1,630000.0,2850000.0,25.0,768,780000.0, Rejected
1766,5, Graduate,1,860000.0,2560000.0,5.0,765,920000.0, Rejected
1767,2, Not Graduate,0,90000.0,690000.0,19.0,658,120000.0, Rejected
1768,4, Graduate,0,70000.0,670000.0,22.0,350,85000.0, Rejected
1769,4, Graduate,0,120000.0,200000.0,4.0,674,120000.0, Rejected
1770,0, Graduate,1,780000.0,5200000.0,24.0,367,1005000.0, Rejected
1771,4, Graduate,1,530000.0,540000.0,4.0,615,345000.0, Rejected
1772,0, Not Graduate,1,150000.0,820000.0,11.0,806,130000.0, Rejected
1773,0, Not Graduate,0,70000.0,160000.0,5.0,779,85000.0, Rejected
1774,3, Not Graduate,1,300000.0,1680000.0,18.0,627,65000.0, Rejected
1775,3, Not Graduate,0,20000.0,540000.0,14.0,392,25000.0, Rejected
1776,3, Graduate,0,40000.0,150000.0,3.0,821,15000.0, Rejected
1777,1, Graduate,1,1110000.0,1840000.0,2.0,330,1455000.0, Rejected
1778,3, Graduate,0,150000.0,440000.0,4.0,741,80000.0, Rejected
1779,0, Graduate,1,1080000.0,2940000.0,2.0,749,600000.0, Rejected
1780,5, Not Graduate,0,70000.0,300000.0,3.0,568,15000.0, Rejected
1781,5, Graduate,1,620000.0,3180000.0,21.0,678,830000.0, Rejected
1782,2, Not Graduate,0,0.0,90000.0,5.0,790,0.0, Rejected
1783,3, Graduate,0,100000.0,640000.0,17.0,624,100000.0, Rejected
1784,5, Graduate,0,10000.0,670000.0,12.0,621,10000.0, Rejected
1785,3, Graduate,0,110000.0,770000.0,16.0,725,55000.0, Rejected
1786,2, Not Graduate,1,510000.0,3020000.0,15.0,772,755000.0, Rejected
1787,5, Graduate,0,0.0,520000.0,23.0,767,0.0, Rejected
1788,0, Graduate,1,480000.0,2920000.0,14.0,662,455000.0, Rejected
1789,1, Graduate,1,1480000.0,2810000.0,2.0,433,1140000.0, Rejected
1790,3, Graduate,0,60000.0,170000.0,2.0,750,25000.0, Rejected
1791,5, Graduate,0,100000.0,250000.0,3.0,425,35000.0, Rejected
1792,5, Not Graduate,1,730000.0,2200000.0,23.0,856,825000.0, Approved
1793,2, Graduate,1,740000.0,4240000.0,25.0,683,1025000.0, Rejected
1794,0, Graduate,1,1080000.0,4110000.0,16.0,886,270000.0, Approved
1795,4, Graduate,0,160000.0,330000.0,4.0,699,60000.0, Rejected
1796,5, Graduate,1,1660000.0,1110000.0,4.0,757,2460000.0, Approved
1797,1, Not Graduate,0,10000.0,210000.0,4.0,788,0.0, Rejected
1798,2, Graduate,1,600000.0,1610000.0,5.0,462,485000.0, Rejected
1799,5, Graduate,1,760000.0,1310000.0,2.0,405,625000.0, Rejected
1800,5, Graduate,0,0.0,230000.0,4.0,861,0.0, Rejected
1801,2, Not Graduate,0,0.0,370000.0,11.0,641,0.0, Rejected
1802,2, Not Graduate,0,30000.0,110000.0,4.0,643,45000.0, Rejected
1803,3, Graduate,0,0.0,120000.0,3.0,300,0.0, Rejected
1804,5, Graduate,1,440000.0,1010000.0,3.0,631,505000.0, Rejected
1805,4, Graduate,0,50000.0,420000.0,16.0,332,50000.0, Rejected
1806,1, Not Graduate,0,50000.0,230000.0,1.0,808,40000.0, Rejected
1807,0, Graduate,0,80000.0,370000.0,12.0,609,15000.0, Rejected
1808,0, Graduate,1,370000.0,1100000.0,4.0,638,420000.0, Rejected
1809,4, Graduate,1,1800000.0,6770000.0,19.0,822,1095000.0, Rejected
1810,2, Graduate,0,70000.0,360000.0,13.0,633,30000.0, Rejected
1811,2, Graduate,0,90000.0,500000.0,19.0,721,130000.0, Rejected
1812,2, Not Graduate,1,290000.0,1290000.0,22.0,859,345000.0, Rejected
1813,5, Graduate,1,860000.0,1870000.0,3.0,610,1245000.0, Rejected
1814,2, Graduate,0,0.0,280000.0,4.0,782,0.0, Rejected
1815,2, Graduate,0,40000.0,190000.0,3.0,660,50000.0, Rejected
1816,5, Not Graduate,0,40000.0,540000.0,15.0,891,40000.0, Rejected
1817,5, Graduate,0,90000.0,270000.0,5.0,390,135000.0, Rejected
1818,4, Not Graduate,0,90000.0,270000.0,5.0,741,130000.0, Rejected
1819,3, Graduate,1,520000.0,2840000.0,15.0,701,760000.0, Rejected
1820,5, Graduate,0,60000.0,430000.0,13.0,808,85000.0, Rejected
1821,1, Graduate,1,1720000.0,870000.0,5.0,824,190000.0, Approved
1822,2, Graduate,0,40000.0,210000.0,1.0,858,45000.0, Rejected
1823,3, Graduate,1,290000.0,600000.0,4.0,777,140000.0, Rejected
1824,0, Not Graduate,1,450000.0,1190000.0,3.0,687,490000.0, Rejected
1825,4, Graduate,0,110000.0,210000.0,4.0,896,160000.0, Rejected
1826,3, Graduate,0,50000.0,530000.0,13.0,679,10000.0, Rejected
1827,5, Graduate,1,360000.0,1590000.0,23.0,668,320000.0, Rejected
1828,2, Not Graduate,0,10000.0,190000.0,1.0,857,10000.0, Rejected
1829,2, Not Graduate,0,0.0,550000.0,14.0,628,0.0, Rejected
1830,2, Graduate,0,180000.0,500000.0,3.0,811,75000.0, Rejected
1831,3, Not Graduate,1,750000.0,2400000.0,19.0,690,140000.0, Approved
1832,2, Graduate,0,50000.0,560000.0,10.0,748,10000.0, Rejected
1833,5, Graduate,1,1350000.0,6970000.0,11.0,617,1375000.0, Rejected
1834,3, Not Graduate,0,20000.0,600000.0,18.0,553,15000.0, Rejected
1835,2, Not Graduate,1,370000.0,1470000.0,20.0,719,55000.0, Approved
1836,0, Graduate,0,100000.0,430000.0,20.0,861,145000.0, Rejected
1837,0, Graduate,1,620000.0,2170000.0,15.0,609,630000.0, Rejected
1838,1, Graduate,0,90000.0,560000.0,11.0,432,75000.0, Rejected
1839,2, Not Graduate,1,470000.0,600000.0,2.0,608,225000.0, Rejected
1840,2, Graduate,1,790000.0,910000.0,5.0,869,805000.0, Approved
1841,3, Graduate,0,30000.0,700000.0,14.0,868,20000.0, Rejected
1842,3, Graduate,0,80000.0,480000.0,13.0,517,85000.0, Rejected
1843,2, Graduate,0,0.0,570000.0,19.0,343,0.0, Rejected
1844,1, Graduate,0,10000.0,410000.0,24.0,628,0.0, Rejected
1845,2, Not Graduate,1,280000.0,890000.0,19.0,698,385000.0, Approved
1846,5, Graduate,0,20000.0,300000.0,2.0,671,15000.0, Rejected
1847,3, Graduate,0,0.0,690000.0,24.0,835,0.0, Rejected
1848,2, Graduate,1,680000.0,1220000.0,4.0,815,980000.0, Rejected
1849,3, Not Graduate,0,0.0,390000.0,15.0,626,0.0, Rejected
1850,2, Graduate,0,30000.0,160000.0,4.0,684,35000.0, Rejected
1851,4, Graduate,0,90000.0,450000.0,10.0,785,90000.0, Rejected
1852,3, Not Graduate,1,680000.0,2370000.0,13.0,703,225000.0, Rejected
1853,1, Not Graduate,1,380000.0,1470000.0,17.0,842,565000.0, Approved
1854,4, Not Graduate,1,520000.0,1530000.0,5.0,512,390000.0, Rejected
1855,5, Not Graduate,0,40000.0,410000.0,10.0,645,25000.0, Rejected
1856,2, Graduate,1,400000.0,1070000.0,5.0,603,555000.0, Rejected
1857,5, Not Graduate,0,0.0,130000.0,5.0,884,0.0, Rejected
1858,3, Graduate,0,40000.0,630000.0,14.0,741,45000.0, Rejected
1859,4, Not Graduate,0,110000.0,90000.0,5.0,347,140000.0, Rejected
1860,5, Not Graduate,0,80000.0,580000.0,20.0,581,35000.0, Rejected
1861,1, Not Graduate,0,150000.0,420000.0,3.0,661,50000.0, Rejected
1862,3, Graduate,0,80000.0,390000.0,19.0,834,15000.0, Rejected
1863,4, Graduate,0,60000.0,560000.0,23.0,626,80000.0, Rejected
1864,5, Graduate,0,80000.0,210000.0,1.0,755,30000.0, Rejected
1865,4, Not Graduate,1,310000.0,770000.0,1.0,840,165000.0, Rejected
1866,4, Not Graduate,0,0.0,220000.0,4.0,737,0.0, Rejected
1867,5, Graduate,1,690000.0,2840000.0,13.0,895,365000.0, Rejected
1868,0, Graduate,0,10000.0,580000.0,22.0,556,10000.0, Rejected
1869,2, Graduate,1,1310000.0,3510000.0,1.0,900,1880000.0, Rejected
1870,3, Not Graduate,0,90000.0,460000.0,18.0,652,50000.0, Rejected
1871,3, Not Graduate,0,120000.0,590000.0,14.0,683,80000.0, Rejected
1872,3, Graduate,0,50000.0,560000.0,24.0,628,60000.0, Rejected
1873,4, Graduate,1,620000.0,3150000.0,18.0,726,435000.0, Rejected
1874,5, Not Graduate,1,280000.0,510000.0,1.0,817,390000.0, Rejected
1875,2, Not Graduate,0,30000.0,290000.0,4.0,329,25000.0, Rejected
1876,1, Graduate,0,50000.0,200000.0,2.0,660,30000.0, Rejected
1877,3, Graduate,1,540000.0,780000.0,4.0,781,790000.0, Rejected
1878,5, Graduate,1,2000000.0,11880000.0,23.0,880,1390000.0, Rejected
1879,2, Graduate,0,10000.0,220000.0,4.0,852,5000.0, Rejected
1880,2, Graduate,0,10000.0,110000.0,3.0,658,5000.0, Rejected
1881,0, Graduate,0,10000.0,520000.0,16.0,630,15000.0, Rejected
1882,5, Not Graduate,1,180000.0,260000.0,4.0,803,210000.0, Rejected
1883,3, Graduate,0,0.0,210000.0,3.0,801,0.0, Rejected
1884,4, Not Graduate,1,650000.0,3020000.0,16.0,899,815000.0, Rejected
1885,2, Graduate,0,20000.0,200000.0,3.0,309,15000.0, Rejected
1886,2, Graduate,0,10000.0,220000.0,1.0,742,5000.0, Rejected
1887,1, Graduate,0,100000.0,160000.0,2.0,835,115000.0, Rejected
1888,0, Graduate,1,540000.0,1720000.0,17.0,625,620000.0, Rejected
1889,2, Not Graduate,1,610000.0,1570000.0,5.0,614,490000.0, Rejected
1890,2, Not Graduate,0,80000.0,680000.0,25.0,506,15000.0, Rejected
1891,4, Graduate,1,390000.0,610000.0,3.0,841,80000.0, Rejected
1892,4, Graduate,0,70000.0,440000.0,14.0,674,85000.0, Rejected
1893,1, Not Graduate,0,100000.0,560000.0,13.0,669,125000.0, Rejected
1894,5, Graduate,0,60000.0,80000.0,3.0,679,65000.0, Rejected
1895,1, Graduate,0,0.0,300000.0,4.0,716,0.0, Rejected
1896,1, Not Graduate,0,120000.0,720000.0,17.0,822,135000.0, Rejected
1897,4, Graduate,1,660000.0,2790000.0,23.0,410,895000.0, Rejected
1898,5, Graduate,0,80000.0,220000.0,1.0,339,25000.0, Rejected
1899,4, Graduate,1,390000.0,1770000.0,24.0,686,250000.0, Rejected
1900,0, Not Graduate,0,60000.0,370000.0,22.0,724,45000.0, Rejected
1901,3, Graduate,1,340000.0,410000.0,5.0,804,175000.0, Approved
1902,3, Graduate,0,0.0,270000.0,2.0,780,0.0, Rejected
1903,0, Not Graduate,0,100000.0,200000.0,1.0,790,140000.0, Rejected
1904,3, Graduate,0,20000.0,440000.0,19.0,876,15000.0, Rejected
1905,5, Not Graduate,0,40000.0,140000.0,5.0,830,55000.0, Rejected
1906,4, Graduate,1,870000.0,850000.0,2.0,650,715000.0, Rejected
1907,3, Not Graduate,0,30000.0,80000.0,5.0,742,25000.0, Rejected
1908,5, Graduate,1,1470000.0,5810000.0,20.0,352,1380000.0, Rejected
1909,4, Graduate,0,50000.0,610000.0,20.0,889,25000.0, Rejected
1910,5, Graduate,0,20000.0,240000.0,4.0,899,15000.0, Rejected
1911,0, Graduate,0,40000.0,600000.0,13.0,713,35000.0, Rejected
1912,1, Not Graduate,1,390000.0,1030000.0,1.0,576,555000.0, Rejected
1913,0, Not Graduate,1,1720000.0,4340000.0,2.0,804,1720000.0, Rejected
1914,3, Graduate,0,90000.0,70000.0,2.0,639,50000.0, Rejected
1915,4, Graduate,0,0.0,130000.0,2.0,869,0.0, Rejected
1916,5, Not Graduate,0,40000.0,330000.0,17.0,659,60000.0, Rejected
1917,3, Not Graduate,1,410000.0,2080000.0,21.0,814,325000.0, Rejected
1918,3, Graduate,1,530000.0,3000000.0,18.0,632,750000.0, Rejected
1919,1, Graduate,0,40000.0,340000.0,19.0,703,35000.0, Rejected
1920,3, Graduate,0,50000.0,200000.0,1.0,615,45000.0, Rejected
1921,1, Graduate,0,90000.0,270000.0,2.0,369,100000.0, Rejected
1922,4, Graduate,1,890000.0,1590000.0,3.0,606,490000.0, Rejected
1923,4, Graduate,0,60000.0,290000.0,5.0,373,65000.0, Rejected
1924,5, Graduate,1,830000.0,760000.0,2.0,705,695000.0, Rejected
1925,1, Not Graduate,0,20000.0,200000.0,4.0,639,20000.0, Rejected
1926,0, Graduate,1,1050000.0,1810000.0,5.0,842,1335000.0, Approved
1927,4, Graduate,1,410000.0,1230000.0,11.0,832,145000.0, Rejected
1928,5, Graduate,1,870000.0,2050000.0,3.0,873,835000.0, Rejected
1929,0, Graduate,1,3730000.0,18000000.0,20.0,744,645000.0, Rejected
1930,4, Graduate,1,3080000.0,7590000.0,5.0,753,750000.0, Rejected
1931,4, Graduate,0,10000.0,360000.0,25.0,684,10000.0, Rejected
1932,5, Graduate,0,0.0,410000.0,14.0,614,0.0, Rejected
1933,5, Graduate,0,30000.0,450000.0,16.0,414,30000.0, Rejected
1934,2, Graduate,1,940000.0,3110000.0,25.0,477,385000.0, Rejected
1935,3, Graduate,0,40000.0,540000.0,23.0,419,20000.0, Rejected
1936,3, Not Graduate,1,360000.0,2490000.0,13.0,500,100000.0, Rejected
1937,0, Graduate,1,2380000.0,11230000.0,20.0,685,1065000.0, Rejected
1938,3, Not Graduate,0,60000.0,300000.0,1.0,636,75000.0, Rejected
1939,0, Graduate,0,20000.0,370000.0,17.0,671,20000.0, Rejected
1940,4, Graduate,0,20000.0,310000.0,16.0,820,30000.0, Rejected
1941,2, Graduate,0,40000.0,410000.0,24.0,748,5000.0, Rejected
1942,2, Graduate,0,70000.0,410000.0,11.0,688,85000.0, Rejected
1943,4, Not Graduate,0,20000.0,520000.0,15.0,675,20000.0, Rejected
1944,5, Not Graduate,1,150000.0,1020000.0,12.0,640,70000.0, Rejected
1945,1, Not Graduate,1,1280000.0,5630000.0,10.0,453,1435000.0, Rejected
1946,1, Graduate,0,50000.0,650000.0,19.0,712,55000.0, Rejected
1947,3, Graduate,0,10000.0,580000.0,19.0,663,5000.0, Rejected
1948,5, Graduate,0,70000.0,410000.0,19.0,321,75000.0, Rejected
1949,0, Graduate,1,490000.0,1430000.0,3.0,755,355000.0, Rejected
1950,2, Graduate,1,770000.0,3500000.0,20.0,504,440000.0, Rejected
1951,3, Graduate,0,90000.0,330000.0,10.0,890,70000.0, Rejected
1952,4, Graduate,0,0.0,140000.0,1.0,354,0.0, Rejected
1953,5, Graduate,1,1160000.0,6570000.0,16.0,727,740000.0, Rejected
1954,2, Not Graduate,1,380000.0,1040000.0,2.0,602,255000.0, Rejected
1955,0, Not Graduate,0,0.0,390000.0,21.0,652,0.0, Rejected
1956,0, Not Graduate,1,260000.0,1780000.0,14.0,388,300000.0, Rejected
1957,1, Graduate,0,140000.0,740000.0,18.0,851,160000.0, Rejected
1958,3, Graduate,0,60000.0,100000.0,3.0,696,10000.0, Rejected
1959,4, Graduate,1,650000.0,3090000.0,19.0,350,690000.0, Rejected
1960,2, Not Graduate,1,1000000.0,3600000.0,21.0,345,730000.0, Rejected
1961,0, Graduate,0,40000.0,250000.0,2.0,627,35000.0, Rejected
1962,2, Graduate,1,920000.0,6010000.0,11.0,811,815000.0, Rejected
1963,4, Not Graduate,0,0.0,200000.0,2.0,778,0.0, Rejected
1964,2, Graduate,1,790000.0,3300000.0,13.0,701,1000000.0, Rejected
1965,3, Graduate,0,50000.0,570000.0,24.0,720,50000.0, Rejected
1966,1, Graduate,1,540000.0,3290000.0,13.0,692,480000.0, Rejected
1967,2, Graduate,1,540000.0,1670000.0,22.0,677,335000.0, Approved
1968,5, Graduate,0,0.0,100000.0,1.0,817,0.0, Rejected
1969,1, Graduate,1,670000.0,1690000.0,5.0,822,965000.0, Rejected
1970,4, Graduate,1,810000.0,3090000.0,23.0,441,605000.0, Rejected
1971,1, Graduate,1,520000.0,580000.0,4.0,863,465000.0, Approved
1972,2, Not Graduate,0,140000.0,770000.0,14.0,877,160000.0, Rejected
1973,2, Graduate,1,830000.0,2340000.0,3.0,610,160000.0, Rejected
1974,5, Graduate,1,680000.0,1170000.0,2.0,743,880000.0, Rejected
1975,0, Graduate,0,0.0,70000.0,4.0,824,0.0, Rejected
1976,5, Not Graduate,1,580000.0,3550000.0,12.0,563,685000.0, Rejected
1977,2, Graduate,0,90000.0,330000.0,14.0,695,10000.0, Rejected
1978,1, Graduate,0,30000.0,70000.0,2.0,627,25000.0, Rejected
1979,5, Not Graduate,0,110000.0,770000.0,18.0,642,20000.0, Rejected
1980,5, Not Graduate,0,0.0,500000.0,20.0,636,0.0, Rejected
1981,0, Graduate,1,1120000.0,3450000.0,24.0,687,1240000.0, Approved
1982,2, Not Graduate,0,40000.0,250000.0,1.0,792,10000.0, Rejected
1983,2, Graduate,1,1750000.0,8620000.0,19.0,505,1875000.0, Rejected
1984,4, Graduate,0,0.0,550000.0,24.0,710,0.0, Rejected
1985,0, Graduate,0,0.0,620000.0,20.0,718,0.0, Rejected
1986,4, Graduate,0,20000.0,590000.0,22.0,717,15000.0, Rejected
1987,4, Not Graduate,0,70000.0,70000.0,2.0,622,40000.0, Rejected
1988,4, Graduate,1,1000000.0,6890000.0,16.0,757,565000.0, Rejected
1989,3, Graduate,1,800000.0,4920000.0,13.0,848,1085000.0, Rejected
1990,4, Not Graduate,1,340000.0,1630000.0,20.0,728,250000.0, Rejected
1991,5, Not Graduate,0,10000.0,510000.0,21.0,839,5000.0, Rejected
1992,1, Graduate,0,110000.0,250000.0,2.0,574,15000.0, Rejected
1993,5, Graduate,0,60000.0,310000.0,11.0,832,35000.0, Rejected
1994,5, Graduate,0,0.0,80000.0,3.0,816,0.0, Rejected
1995,2, Not Graduate,0,110000.0,720000.0,16.0,609,130000.0, Rejected
1996,3, Graduate,1,710000.0,1430000.0,4.0,622,290000.0, Rejected
1997,4, Not Graduate,0,0.0,430000.0,10.0,694,0.0, Rejected
1998,2, Graduate,1,2090000.0,4810000.0,1.0,347,785000.0, Rejected
1999,0, Graduate,0,120000.0,580000.0,14.0,645,170000.0, Rejected
2000,0, Graduate,0,100000.0,80000.0,4.0,694,95000.0, Approved
2001,2, Graduate,1,770000.0,2930000.0,13.0,896,890000.0, Rejected
2002,1, Graduate,0,90000.0,610000.0,19.0,852,100000.0, Rejected
2003,2, Not Graduate,1,550000.0,3790000.0,23.0,803,730000.0, Rejected
2004,2, Graduate,1,1560000.0,7840000.0,14.0,401,2230000.0, Rejected
2005,3, Graduate,0,40000.0,110000.0,1.0,757,5000.0, Rejected
2006,0, Not Graduate,1,220000.0,1130000.0,24.0,793,320000.0, Rejected
2007,0, Graduate,0,60000.0,370000.0,13.0,688,80000.0, Rejected
2008,4, Not Graduate,0,110000.0,310000.0,5.0,698,70000.0, Rejected
2009,5, Graduate,1,1590000.0,2880000.0,2.0,743,2020000.0, Rejected
2010,2, Graduate,0,110000.0,680000.0,19.0,689,125000.0, Rejected
2011,2, Graduate,1,1000000.0,3090000.0,15.0,681,1210000.0, Approved
2012,1, Graduate,1,430000.0,1170000.0,5.0,758,175000.0, Rejected
2013,0, Not Graduate,1,240000.0,1420000.0,23.0,602,240000.0, Rejected
2014,1, Graduate,0,10000.0,440000.0,16.0,781,0.0, Rejected
2015,3, Graduate,0,40000.0,490000.0,22.0,631,50000.0, Rejected
2016,4, Graduate,1,800000.0,450000.0,4.0,318,1145000.0, Rejected
2017,1, Graduate,0,20000.0,120000.0,4.0,659,20000.0, Rejected
2018,0, Not Graduate,0,0.0,460000.0,20.0,728,0.0, Rejected
2019,3, Graduate,0,50000.0,500000.0,13.0,382,55000.0, Rejected
2020,2, Graduate,0,90000.0,600000.0,15.0,854,50000.0, Rejected
2021,3, Not Graduate,0,80000.0,110000.0,5.0,862,80000.0, Rejected
2022,5, Graduate,1,330000.0,790000.0,4.0,734,365000.0, Rejected
2023,1, Not Graduate,1,460000.0,1760000.0,18.0,857,140000.0, Approved
2024,0, Graduate,0,60000.0,420000.0,20.0,747,20000.0, Rejected
2025,1, Graduate,0,10000.0,560000.0,16.0,716,10000.0, Rejected
2026,2, Graduate,0,40000.0,320000.0,21.0,714,30000.0, Rejected
2027,2, Not Graduate,1,1160000.0,6180000.0,14.0,613,1560000.0, Rejected
2028,0, Not Graduate,0,140000.0,520000.0,20.0,796,75000.0, Rejected
2029,5, Graduate,1,2080000.0,10190000.0,21.0,674,330000.0, Rejected
2030,4, Graduate,0,20000.0,130000.0,5.0,647,20000.0, Rejected
2031,3, Graduate,1,970000.0,2910000.0,25.0,666,1025000.0, Approved
2032,3, Graduate,0,0.0,410000.0,18.0,888,0.0, Rejected
2033,2, Graduate,1,3860000.0,8400000.0,4.0,625,4080000.0, Rejected
2034,1, Not Graduate,0,0.0,260000.0,1.0,708,0.0, Rejected
2035,1, Graduate,1,2550000.0,7960000.0,21.0,706,2730000.0, Approved
2036,5, Graduate,0,10000.0,400000.0,10.0,665,0.0, Rejected
2037,4, Graduate,1,470000.0,2330000.0,14.0,667,290000.0, Rejected
2038,1, Graduate,1,740000.0,4460000.0,12.0,313,290000.0, Rejected
2039,3, Graduate,0,140000.0,360000.0,2.0,516,35000.0, Rejected
2040,1, Graduate,1,430000.0,1300000.0,18.0,864,185000.0, Approved
2041,4, Not Graduate,0,0.0,500000.0,21.0,605,0.0, Rejected
2042,3, Graduate,0,0.0,330000.0,22.0,817,0.0, Rejected
2043,1, Graduate,0,110000.0,730000.0,22.0,323,55000.0, Rejected
2044,3, Graduate,0,60000.0,400000.0,23.0,476,25000.0, Rejected
2045,2, Not Graduate,1,880000.0,2160000.0,4.0,762,1115000.0, Rejected
2046,2, Not Graduate,1,630000.0,840000.0,4.0,805,435000.0, Approved
2047,5, Graduate,0,80000.0,450000.0,10.0,713,55000.0, Rejected
2048,2, Not Graduate,0,0.0,580000.0,22.0,638,0.0, Rejected
2049,1, Graduate,1,430000.0,230000.0,2.0,649,295000.0, Rejected
2050,4, Graduate,1,2340000.0,14840000.0,22.0,811,1305000.0, Rejected
2051,3, Graduate,0,40000.0,480000.0,11.0,688,20000.0, Rejected
2052,0, Graduate,1,1020000.0,6640000.0,25.0,804,1360000.0, Rejected
2053,2, Graduate,0,150000.0,180000.0,5.0,770,50000.0, Rejected
2054,2, Not Graduate,0,0.0,70000.0,5.0,771,0.0, Rejected
2055,0, Not Graduate,1,300000.0,480000.0,1.0,615,270000.0, Rejected
2056,0, Graduate,0,80000.0,360000.0,13.0,664,45000.0, Rejected
2057,1, Graduate,0,0.0,80000.0,4.0,663,0.0, Rejected
2058,3, Graduate,0,30000.0,100000.0,2.0,611,35000.0, Rejected
2059,2, Graduate,1,380000.0,370000.0,2.0,665,520000.0, Rejected
2060,4, Graduate,1,940000.0,4540000.0,19.0,886,1135000.0, Rejected
2061,1, Graduate,0,0.0,630000.0,24.0,644,0.0, Rejected
2062,1, Graduate,0,0.0,410000.0,15.0,865,0.0, Rejected
2063,4, Not Graduate,0,130000.0,580000.0,15.0,873,80000.0, Rejected
2064,4, Graduate,0,0.0,340000.0,25.0,403,0.0, Rejected
2065,5, Graduate,0,150000.0,470000.0,10.0,631,120000.0, Rejected
2066,4, Not Graduate,1,220000.0,890000.0,24.0,681,245000.0, Rejected
2067,0, Graduate,0,90000.0,330000.0,13.0,669,20000.0, Rejected
2068,2, Graduate,0,0.0,180000.0,4.0,676,0.0, Rejected
2069,5, Graduate,0,0.0,530000.0,13.0,730,0.0, Rejected
2070,0, Graduate,0,60000.0,260000.0,3.0,715,30000.0, Rejected
2071,5, Not Graduate,1,420000.0,2590000.0,14.0,828,450000.0, Rejected
2072,2, Graduate,0,120000.0,720000.0,24.0,671,80000.0, Rejected
2073,5, Graduate,0,50000.0,540000.0,19.0,636,35000.0, Rejected
2074,0, Not Graduate,0,0.0,450000.0,16.0,783,0.0, Rejected
2075,3, Not Graduate,0,140000.0,710000.0,12.0,720,135000.0, Rejected
2076,2, Not Graduate,0,60000.0,390000.0,20.0,734,35000.0, Rejected
2077,1, Graduate,0,50000.0,600000.0,11.0,614,65000.0, Rejected
2078,2, Graduate,0,70000.0,470000.0,10.0,869,100000.0, Rejected
2079,2, Not Graduate,0,0.0,400000.0,19.0,638,0.0, Rejected
2080,2, Not Graduate,0,0.0,300000.0,25.0,804,0.0, Rejected
2081,3, Graduate,0,30000.0,540000.0,23.0,839,5000.0, Rejected
2082,0, Graduate,1,890000.0,560000.0,3.0,827,635000.0, Approved
2083,1, Graduate,0,100000.0,100000.0,5.0,653,110000.0, Approved
2084,0, Not Graduate,0,0.0,300000.0,2.0,855,0.0, Rejected
2085,5, Graduate,0,20000.0,480000.0,16.0,668,25000.0, Rejected
2086,5, Graduate,0,0.0,620000.0,24.0,709,0.0, Rejected
2087,5, Graduate,1,250000.0,200000.0,4.0,834,35000.0, Approved
2088,0, Graduate,0,30000.0,290000.0,4.0,622,40000.0, Rejected
2089,4, Not Graduate,1,370000.0,300000.0,4.0,540,130000.0, Rejected
2090,3, Graduate,0,50000.0,330000.0,23.0,768,10000.0, Rejected
2091,4, Not Graduate,0,40000.0,290000.0,2.0,643,50000.0, Rejected
2092,5, Not Graduate,1,300000.0,1760000.0,12.0,369,270000.0, Rejected
2093,3, Graduate,0,100000.0,360000.0,18.0,878,30000.0, Rejected
2094,0, Graduate,0,0.0,190000.0,2.0,630,0.0, Rejected
2095,5, Graduate,0,40000.0,530000.0,18.0,657,10000.0, Rejected
2096,0, Not Graduate,1,150000.0,190000.0,2.0,870,150000.0, Rejected
2097,3, Graduate,0,130000.0,130000.0,4.0,820,65000.0, Rejected
2098,0, Graduate,1,800000.0,650000.0,2.0,828,1050000.0, Approved
2099,0, Not Graduate,0,0.0,150000.0,3.0,747,0.0, Rejected
2100,1, Graduate,1,590000.0,1720000.0,2.0,776,470000.0, Rejected
2101,4, Not Graduate,0,40000.0,610000.0,21.0,721,10000.0, Rejected
2102,4, Graduate,1,450000.0,2080000.0,24.0,491,220000.0, Rejected
2103,4, Graduate,0,20000.0,100000.0,5.0,754,20000.0, Rejected
2104,2, Graduate,1,740000.0,4980000.0,11.0,718,835000.0, Rejected
2105,1, Not Graduate,0,70000.0,530000.0,10.0,693,30000.0, Rejected
2106,5, Graduate,0,130000.0,810000.0,23.0,758,105000.0, Rejected
2107,5, Not Graduate,0,50000.0,150000.0,2.0,658,60000.0, Rejected
2108,5, Not Graduate,0,0.0,70000.0,1.0,883,0.0, Rejected
2109,4, Graduate,0,180000.0,350000.0,1.0,687,50000.0, Rejected
2110,4, Not Graduate,1,440000.0,940000.0,4.0,660,310000.0, Rejected
2111,1, Graduate,1,930000.0,2260000.0,1.0,636,875000.0, Rejected
2112,0, Graduate,0,70000.0,100000.0,2.0,694,10000.0, Rejected
2113,4, Graduate,1,840000.0,2150000.0,4.0,613,495000.0, Rejected
2114,5, Not Graduate,0,30000.0,480000.0,15.0,794,30000.0, Rejected
2115,0, Graduate,0,70000.0,230000.0,1.0,889,100000.0, Rejected
2116,4, Graduate,1,1010000.0,6720000.0,21.0,666,680000.0, Rejected
2117,3, Graduate,1,1610000.0,10800000.0,16.0,742,530000.0, Rejected
2118,2, Graduate,1,1290000.0,6500000.0,25.0,784,1095000.0, Rejected
2119,4, Graduate,0,80000.0,500000.0,10.0,693,40000.0, Rejected
2120,3, Not Graduate,1,440000.0,2490000.0,12.0,808,175000.0, Rejected
2121,1, Not Graduate,0,10000.0,250000.0,1.0,489,10000.0, Rejected
2122,3, Graduate,0,30000.0,200000.0,2.0,705,40000.0, Rejected
2123,1, Not Graduate,0,60000.0,400000.0,23.0,341,75000.0, Rejected
2124,4, Graduate,1,840000.0,5690000.0,16.0,709,300000.0, Rejected
2125,1, Not Graduate,1,320000.0,810000.0,4.0,638,375000.0, Rejected
2126,3, Graduate,1,760000.0,5240000.0,15.0,866,320000.0, Rejected
2127,2, Graduate,0,60000.0,460000.0,15.0,615,30000.0, Rejected
2128,0, Graduate,0,50000.0,220000.0,4.0,887,70000.0, Rejected
2129,0, Not Graduate,0,20000.0,600000.0,17.0,750,30000.0, Rejected
2130,2, Graduate,0,0.0,410000.0,21.0,742,0.0, Rejected
2131,5, Graduate,0,90000.0,100000.0,4.0,420,15000.0, Rejected
2132,0, Graduate,1,1000000.0,6250000.0,18.0,414,510000.0, Rejected
2133,4, Graduate,0,0.0,250000.0,1.0,897,0.0, Rejected
2134,5, Graduate,0,30000.0,500000.0,23.0,699,40000.0, Rejected
2135,4, Not Graduate,0,20000.0,640000.0,22.0,834,5000.0, Rejected
2136,3, Not Graduate,0,60000.0,560000.0,22.0,693,40000.0, Rejected
2137,3, Graduate,0,110000.0,310000.0,1.0,603,55000.0, Rejected
2138,5, Not Graduate,1,780000.0,5400000.0,23.0,771,95000.0, Rejected
2139,5, Graduate,1,330000.0,1950000.0,11.0,827,395000.0, Rejected
2140,5, Not Graduate,1,460000.0,3070000.0,11.0,668,570000.0, Rejected
2141,5, Not Graduate,0,0.0,240000.0,2.0,693,0.0, Rejected
2142,1, Graduate,0,10000.0,190000.0,4.0,312,5000.0, Rejected
2143,5, Not Graduate,0,20000.0,500000.0,17.0,877,5000.0, Rejected
2144,5, Graduate,1,410000.0,1600000.0,23.0,857,305000.0, Rejected
2145,3, Graduate,1,710000.0,800000.0,3.0,678,315000.0, Rejected
2146,4, Not Graduate,0,100000.0,670000.0,25.0,773,80000.0, Rejected
2147,3, Graduate,0,150000.0,560000.0,21.0,900,95000.0, Rejected
2148,0, Graduate,0,100000.0,250000.0,4.0,332,40000.0, Rejected
2149,1, Graduate,1,840000.0,4990000.0,23.0,795,965000.0, Rejected
2150,1, Not Graduate,1,800000.0,4180000.0,24.0,539,250000.0, Rejected
2151,4, Graduate,0,60000.0,450000.0,24.0,730,75000.0, Rejected
2152,5, Graduate,0,100000.0,700000.0,17.0,759,90000.0, Rejected
2153,3, Not Graduate,0,110000.0,660000.0,14.0,625,140000.0, Rejected
2154,0, Not Graduate,0,110000.0,330000.0,3.0,436,10000.0, Rejected
2155,3, Graduate,0,0.0,620000.0,12.0,678,0.0, Rejected
2156,5, Graduate,0,110000.0,420000.0,14.0,682,20000.0, Rejected
2157,5, Graduate,1,1890000.0,10760000.0,25.0,640,2705000.0, Rejected
2158,2, Graduate,1,1600000.0,1310000.0,2.0,733,1735000.0, Approved
2159,3, Graduate,0,70000.0,170000.0,1.0,682,40000.0, Rejected
2160,4, Not Graduate,1,720000.0,3580000.0,10.0,779,395000.0, Rejected
2161,3, Graduate,0,0.0,520000.0,21.0,769,0.0, Rejected
2162,1, Graduate,0,40000.0,370000.0,19.0,853,55000.0, Rejected
2163,0, Graduate,0,30000.0,100000.0,1.0,810,40000.0, Rejected
2164,4, Not Graduate,0,40000.0,60000.0,1.0,639,50000.0, Rejected
2165,2, Graduate,0,140000.0,310000.0,4.0,610,175000.0, Rejected
2166,0, Not Graduate,0,20000.0,370000.0,12.0,711,20000.0, Rejected
2167,0, Graduate,0,50000.0,290000.0,3.0,830,5000.0, Rejected
2168,1, Graduate,1,410000.0,1530000.0,22.0,614,90000.0, Rejected
2169,1, Graduate,0,40000.0,580000.0,21.0,653,40000.0, Rejected
2170,1, Graduate,0,100000.0,240000.0,2.0,820,65000.0, Rejected
2171,4, Graduate,0,80000.0,480000.0,14.0,773,70000.0, Rejected
2172,3, Graduate,1,760000.0,1050000.0,4.0,891,320000.0, Rejected
2173,0, Graduate,0,100000.0,510000.0,22.0,420,100000.0, Rejected
2174,3, Not Graduate,1,260000.0,1010000.0,12.0,643,115000.0, Rejected
2175,3, Graduate,0,140000.0,200000.0,2.0,463,105000.0, Rejected
2176,1, Not Graduate,0,70000.0,630000.0,10.0,702,55000.0, Rejected
2177,3, Graduate,0,20000.0,600000.0,25.0,687,5000.0, Rejected
2178,0, Graduate,0,30000.0,110000.0,1.0,315,40000.0, Rejected
2179,0, Graduate,0,30000.0,550000.0,21.0,822,25000.0, Rejected
2180,5, Graduate,0,100000.0,250000.0,5.0,884,130000.0, Rejected
2181,2, Graduate,0,30000.0,630000.0,19.0,865,15000.0, Rejected
2182,4, Graduate,0,50000.0,80000.0,1.0,695,15000.0, Rejected
2183,3, Graduate,0,120000.0,620000.0,14.0,665,15000.0, Rejected
2184,4, Graduate,1,680000.0,2290000.0,25.0,708,155000.0, Approved
2185,4, Graduate,0,100000.0,200000.0,2.0,688,30000.0, Rejected
2186,4, Not Graduate,1,700000.0,1710000.0,1.0,705,145000.0, Rejected
2187,5, Not Graduate,1,830000.0,4810000.0,17.0,402,1125000.0, Rejected
2188,4, Not Graduate,0,60000.0,70000.0,2.0,642,85000.0, Rejected
2189,5, Not Graduate,0,130000.0,830000.0,23.0,880,185000.0, Rejected
2190,0, Graduate,0,70000.0,620000.0,18.0,786,100000.0, Rejected
2191,3, Graduate,1,360000.0,1590000.0,23.0,725,285000.0, Rejected
2192,5, Not Graduate,1,570000.0,1360000.0,4.0,705,480000.0, Rejected
2193,2, Graduate,1,510000.0,860000.0,5.0,638,145000.0, Rejected
2194,4, Graduate,1,350000.0,450000.0,2.0,827,100000.0, Rejected
2195,2, Graduate,1,950000.0,2000000.0,3.0,759,1125000.0, Rejected
2196,0, Graduate,0,0.0,250000.0,1.0,506,0.0, Rejected
2197,0, Graduate,0,0.0,90000.0,3.0,785,0.0, Rejected
2198,1, Not Graduate,1,350000.0,1820000.0,19.0,755,445000.0, Rejected
2199,4, Graduate,0,50000.0,300000.0,5.0,699,25000.0, Rejected
2200,1, Graduate,0,0.0,140000.0,2.0,724,0.0, Rejected
2201,2, Not Graduate,1,440000.0,940000.0,1.0,620,325000.0, Rejected
2202,3, Graduate,0,60000.0,220000.0,5.0,688,90000.0, Rejected
2203,1, Graduate,1,1080000.0,4920000.0,23.0,852,1545000.0, Rejected
2204,0, Graduate,1,1190000.0,7050000.0,16.0,625,1115000.0, Rejected
2205,4, Not Graduate,0,140000.0,190000.0,5.0,689,40000.0, Rejected
2206,2, Not Graduate,1,360000.0,2430000.0,12.0,802,165000.0, Rejected
2207,5, Graduate,0,70000.0,140000.0,5.0,527,45000.0, Rejected
2208,0, Not Graduate,0,60000.0,540000.0,11.0,772,80000.0, Rejected
2209,5, Graduate,0,110000.0,210000.0,2.0,394,35000.0, Rejected
2210,3, Not Graduate,0,30000.0,290000.0,4.0,816,10000.0, Rejected
2211,4, Not Graduate,0,40000.0,300000.0,1.0,423,25000.0, Rejected
2212,3, Not Graduate,0,70000.0,570000.0,20.0,710,100000.0, Rejected
2213,3, Graduate,0,50000.0,690000.0,18.0,808,40000.0, Rejected
2214,4, Not Graduate,0,50000.0,610000.0,19.0,347,50000.0, Rejected
2215,4, Not Graduate,1,640000.0,2480000.0,19.0,732,410000.0, Rejected
2216,5, Graduate,1,370000.0,1470000.0,12.0,746,135000.0, Rejected
2217,3, Not Graduate,0,30000.0,420000.0,23.0,352,10000.0, Rejected
2218,2, Graduate,0,130000.0,460000.0,10.0,630,160000.0, Rejected
2219,5, Not Graduate,0,60000.0,280000.0,3.0,875,80000.0, Rejected
2220,4, Graduate,0,60000.0,350000.0,15.0,630,45000.0, Rejected
2221,0, Not Graduate,1,290000.0,1320000.0,15.0,421,175000.0, Rejected
2222,5, Graduate,1,1670000.0,5290000.0,10.0,658,2055000.0, Rejected
2223,1, Graduate,0,100000.0,550000.0,19.0,767,105000.0, Rejected
2224,2, Graduate,0,110000.0,520000.0,13.0,804,15000.0, Rejected
2225,5, Graduate,0,130000.0,420000.0,23.0,828,75000.0, Rejected
2226,4, Graduate,1,1070000.0,4570000.0,18.0,352,1130000.0, Rejected
2227,4, Graduate,0,70000.0,430000.0,21.0,873,65000.0, Rejected
2228,2, Graduate,1,1360000.0,3730000.0,2.0,786,2000000.0, Rejected
2229,1, Graduate,1,1030000.0,4150000.0,21.0,814,1350000.0, Approved
2230,5, Graduate,0,0.0,670000.0,10.0,327,0.0, Rejected
2231,5, Not Graduate,0,70000.0,680000.0,19.0,662,80000.0, Rejected
2232,3, Graduate,1,1450000.0,6020000.0,11.0,705,830000.0, Rejected
2233,0, Not Graduate,0,90000.0,390000.0,21.0,616,95000.0, Rejected
2234,4, Not Graduate,0,10000.0,390000.0,20.0,612,10000.0, Rejected
2235,5, Graduate,0,30000.0,80000.0,5.0,836,25000.0, Rejected
2236,5, Graduate,1,1910000.0,8590000.0,24.0,625,2470000.0, Rejected
2237,5, Not Graduate,1,460000.0,570000.0,3.0,647,500000.0, Rejected
2238,1, Graduate,1,550000.0,2250000.0,25.0,857,740000.0, Approved
2239,0, Graduate,1,720000.0,2610000.0,20.0,819,355000.0, Approved
2240,5, Graduate,1,1470000.0,9000000.0,19.0,800,865000.0, Rejected
2241,2, Not Graduate,1,480000.0,3230000.0,23.0,819,465000.0, Rejected
2242,4, Graduate,0,150000.0,220000.0,5.0,697,220000.0, Rejected
2243,3, Graduate,0,100000.0,400000.0,21.0,725,60000.0, Rejected
2244,2, Not Graduate,1,200000.0,600000.0,18.0,782,30000.0, Approved
2245,4, Not Graduate,1,390000.0,1750000.0,13.0,324,280000.0, Rejected
2246,1, Graduate,1,1110000.0,940000.0,3.0,675,955000.0, Approved
2247,0, Graduate,0,70000.0,350000.0,15.0,701,85000.0, Rejected
2248,0, Not Graduate,1,620000.0,2150000.0,20.0,731,695000.0, Approved
2249,4, Graduate,1,560000.0,600000.0,1.0,477,810000.0, Rejected
2250,2, Graduate,0,60000.0,640000.0,13.0,636,70000.0, Rejected
2251,3, Graduate,0,60000.0,690000.0,25.0,681,30000.0, Rejected
2252,1, Not Graduate,0,50000.0,470000.0,25.0,481,50000.0, Rejected
2253,4, Graduate,0,90000.0,490000.0,19.0,869,95000.0, Rejected
2254,1, Not Graduate,0,0.0,610000.0,24.0,673,0.0, Rejected
2255,0, Not Graduate,0,80000.0,110000.0,4.0,610,25000.0, Rejected
2256,5, Graduate,0,30000.0,140000.0,3.0,853,10000.0, Rejected
2257,5, Graduate,1,380000.0,450000.0,4.0,660,120000.0, Approved
2258,3, Graduate,1,970000.0,6490000.0,21.0,791,895000.0, Rejected
2259,1, Graduate,1,570000.0,3210000.0,18.0,761,165000.0, Rejected
2260,4, Graduate,0,130000.0,750000.0,23.0,854,130000.0, Rejected
2261,3, Not Graduate,0,60000.0,410000.0,23.0,665,75000.0, Rejected
2262,2, Graduate,1,510000.0,1640000.0,22.0,522,360000.0, Rejected
2263,5, Not Graduate,0,50000.0,210000.0,2.0,834,45000.0, Rejected
2264,4, Graduate,1,480000.0,2070000.0,20.0,794,660000.0, Rejected
2265,1, Graduate,1,1030000.0,5730000.0,16.0,425,925000.0, Rejected
2266,3, Graduate,0,100000.0,570000.0,19.0,772,40000.0, Rejected
2267,4, Graduate,1,660000.0,3680000.0,12.0,611,385000.0, Rejected
2268,3, Not Graduate,0,10000.0,520000.0,14.0,885,10000.0, Rejected
2269,3, Graduate,0,0.0,460000.0,12.0,785,0.0, Rejected
2270,3, Graduate,1,820000.0,4760000.0,13.0,834,785000.0, Rejected
2271,1, Graduate,0,40000.0,530000.0,22.0,707,60000.0, Rejected
2272,4, Graduate,1,260000.0,1070000.0,16.0,484,265000.0, Rejected
2273,0, Graduate,0,0.0,160000.0,3.0,612,0.0, Rejected
2274,0, Graduate,0,40000.0,550000.0,14.0,720,25000.0, Rejected
2275,1, Not Graduate,0,0.0,510000.0,23.0,557,0.0, Rejected
2276,1, Graduate,1,630000.0,1870000.0,3.0,629,830000.0, Rejected
2277,5, Not Graduate,0,0.0,120000.0,3.0,654,0.0, Rejected
2278,3, Graduate,0,0.0,290000.0,1.0,796,0.0, Rejected
2279,4, Graduate,1,1740000.0,1560000.0,4.0,723,1905000.0, Approved
2280,4, Graduate,0,30000.0,340000.0,24.0,693,15000.0, Rejected
2281,2, Graduate,1,1110000.0,910000.0,5.0,692,295000.0, Approved
2282,2, Graduate,0,20000.0,50000.0,3.0,849,10000.0, Rejected
2283,0, Graduate,1,720000.0,1660000.0,5.0,373,510000.0, Rejected
2284,2, Graduate,1,760000.0,5040000.0,24.0,744,350000.0, Rejected
2285,2, Graduate,0,60000.0,410000.0,20.0,544,25000.0, Rejected
2286,0, Graduate,0,40000.0,190000.0,1.0,795,5000.0, Rejected
2287,5, Not Graduate,1,160000.0,470000.0,4.0,683,155000.0, Rejected
2288,0, Graduate,0,90000.0,400000.0,18.0,418,85000.0, Rejected
2289,2, Graduate,1,780000.0,2430000.0,13.0,779,285000.0, Approved
2290,4, Graduate,0,60000.0,500000.0,19.0,646,85000.0, Rejected
2291,2, Graduate,0,20000.0,600000.0,21.0,753,15000.0, Rejected
2292,3, Graduate,0,40000.0,170000.0,5.0,671,5000.0, Rejected
2293,3, Graduate,1,1010000.0,6740000.0,18.0,673,410000.0, Rejected
2294,3, Graduate,0,70000.0,380000.0,15.0,610,75000.0, Rejected
2295,5, Graduate,1,950000.0,1350000.0,1.0,726,365000.0, Rejected
2296,1, Graduate,1,1450000.0,2640000.0,4.0,646,255000.0, Rejected
2297,3, Graduate,0,150000.0,380000.0,1.0,607,145000.0, Rejected
2298,4, Graduate,0,60000.0,420000.0,14.0,869,50000.0, Rejected
2299,5, Graduate,1,820000.0,480000.0,2.0,872,955000.0, Approved
2300,1, Graduate,0,0.0,150000.0,4.0,847,0.0, Rejected
2301,1, Not Graduate,1,120000.0,610000.0,23.0,654,175000.0, Rejected
2302,3, Graduate,0,100000.0,400000.0,13.0,688,20000.0, Rejected
2303,2, Graduate,0,60000.0,620000.0,25.0,882,10000.0, Rejected
2304,0, Graduate,1,860000.0,5780000.0,12.0,519,1275000.0, Rejected
2305,2, Not Graduate,0,20000.0,520000.0,17.0,687,20000.0, Rejected
2306,2, Graduate,0,20000.0,150000.0,5.0,417,20000.0, Rejected
2307,1, Graduate,0,0.0,60000.0,4.0,676,0.0, Rejected
2308,1, Graduate,0,20000.0,270000.0,5.0,821,5000.0, Rejected
2309,5, Graduate,0,80000.0,120000.0,1.0,601,25000.0, Rejected
2310,5, Graduate,1,370000.0,610000.0,4.0,736,260000.0, Rejected
2311,1, Graduate,0,70000.0,630000.0,15.0,585,20000.0, Rejected
2312,4, Not Graduate,0,60000.0,380000.0,12.0,782,45000.0, Rejected
2313,4, Graduate,1,1700000.0,3050000.0,4.0,810,1505000.0, Rejected
2314,0, Not Graduate,0,90000.0,700000.0,12.0,749,10000.0, Rejected
2315,1, Not Graduate,0,50000.0,80000.0,4.0,724,15000.0, Rejected
2316,3, Graduate,1,800000.0,2990000.0,15.0,730,500000.0, Rejected
2317,5, Graduate,1,1100000.0,3450000.0,13.0,691,190000.0, Rejected
2318,1, Graduate,0,30000.0,680000.0,13.0,657,10000.0, Rejected
2319,4, Graduate,1,850000.0,2510000.0,4.0,813,360000.0, Rejected
2320,1, Graduate,0,20000.0,140000.0,1.0,791,15000.0, Rejected
2321,4, Not Graduate,1,360000.0,2360000.0,17.0,777,395000.0, Rejected
2322,1, Not Graduate,0,30000.0,210000.0,3.0,600,10000.0, Rejected
2323,3, Graduate,0,0.0,160000.0,4.0,695,0.0, Rejected
2324,0, Graduate,0,110000.0,60000.0,5.0,760,145000.0, Approved
2325,3, Not Graduate,0,20000.0,140000.0,5.0,487,20000.0, Rejected
2326,4, Not Graduate,0,0.0,360000.0,11.0,778,0.0, Rejected
2327,5, Not Graduate,1,550000.0,3290000.0,10.0,863,395000.0, Rejected
2328,5, Graduate,0,0.0,210000.0,3.0,686,0.0, Rejected
2329,2, Graduate,0,140000.0,660000.0,20.0,852,205000.0, Rejected
2330,3, Graduate,0,30000.0,480000.0,14.0,642,45000.0, Rejected
2331,1, Graduate,0,30000.0,270000.0,5.0,323,20000.0, Rejected
2332,0, Graduate,1,1630000.0,6620000.0,11.0,864,1570000.0, Rejected
2333,1, Graduate,0,110000.0,120000.0,1.0,693,150000.0, Rejected
2334,1, Graduate,0,80000.0,270000.0,3.0,823,100000.0, Rejected
2335,3, Graduate,0,110000.0,660000.0,22.0,692,85000.0, Rejected
2336,0, Graduate,1,1750000.0,1270000.0,4.0,714,815000.0, Approved
2337,2, Graduate,0,0.0,290000.0,2.0,894,0.0, Rejected
2338,1, Graduate,0,110000.0,300000.0,4.0,797,85000.0, Rejected
2339,0, Graduate,0,60000.0,630000.0,25.0,780,65000.0, Rejected
2340,2, Graduate,0,80000.0,550000.0,13.0,867,115000.0, Rejected
2341,1, Not Graduate,0,40000.0,210000.0,3.0,583,50000.0, Rejected
2342,0, Graduate,1,380000.0,1710000.0,17.0,786,145000.0, Rejected
2343,3, Graduate,1,1010000.0,2510000.0,3.0,854,1120000.0, Rejected
2344,5, Graduate,1,330000.0,2030000.0,20.0,782,165000.0, Rejected
2345,5, Not Graduate,0,60000.0,240000.0,5.0,881,65000.0, Rejected
2346,1, Graduate,0,0.0,650000.0,23.0,677,0.0, Rejected
2347,1, Graduate,0,0.0,530000.0,21.0,358,0.0, Rejected
2348,0, Graduate,1,2270000.0,12530000.0,17.0,790,970000.0, Rejected
2349,5, Graduate,0,40000.0,330000.0,22.0,703,10000.0, Rejected
2350,1, Graduate,1,500000.0,3360000.0,10.0,686,85000.0, Rejected
2351,2, Graduate,0,70000.0,160000.0,5.0,651,90000.0, Rejected
2352,1, Not Graduate,0,80000.0,550000.0,23.0,890,15000.0, Rejected
2353,5, Graduate,0,0.0,290000.0,5.0,607,0.0, Rejected
2354,4, Not Graduate,0,110000.0,130000.0,3.0,690,50000.0, Rejected
2355,5, Not Graduate,1,330000.0,2250000.0,21.0,740,445000.0, Rejected
2356,2, Graduate,1,420000.0,2450000.0,16.0,656,240000.0, Rejected
2357,0, Not Graduate,0,0.0,550000.0,13.0,794,0.0, Rejected
2358,2, Graduate,0,0.0,190000.0,3.0,866,0.0, Rejected
2359,4, Graduate,1,1080000.0,3930000.0,15.0,631,590000.0, Rejected
2360,4, Graduate,1,880000.0,5680000.0,17.0,315,500000.0, Rejected
2361,1, Graduate,0,0.0,600000.0,10.0,894,0.0, Rejected
2362,1, Graduate,0,40000.0,120000.0,3.0,690,20000.0, Rejected
2363,5, Graduate,0,30000.0,260000.0,3.0,716,40000.0, Rejected
2364,3, Graduate,0,30000.0,510000.0,25.0,625,25000.0, Rejected
2365,2, Graduate,0,40000.0,300000.0,21.0,700,35000.0, Rejected
2366,5, Graduate,0,40000.0,580000.0,23.0,786,20000.0, Rejected
2367,3, Graduate,0,40000.0,200000.0,4.0,559,50000.0, Rejected
2368,5, Graduate,0,40000.0,330000.0,10.0,604,35000.0, Rejected
2369,4, Graduate,0,100000.0,620000.0,13.0,805,30000.0, Rejected
2370,1, Not Graduate,1,300000.0,1280000.0,20.0,786,115000.0, Rejected
2371,1, Graduate,1,1100000.0,2500000.0,1.0,651,830000.0, Rejected
2372,5, Not Graduate,0,110000.0,580000.0,22.0,681,130000.0, Rejected
2373,1, Graduate,1,1030000.0,1630000.0,3.0,608,1455000.0, Rejected
2374,0, Graduate,1,1050000.0,700000.0,3.0,765,1080000.0, Approved
2375,5, Graduate,0,40000.0,460000.0,18.0,454,30000.0, Rejected
2376,4, Graduate,0,0.0,560000.0,12.0,619,0.0, Rejected
2377,5, Graduate,1,960000.0,5390000.0,14.0,715,1000000.0, Rejected
2378,5, Not Graduate,1,300000.0,500000.0,2.0,813,445000.0, Rejected
2379,1, Graduate,1,850000.0,2650000.0,18.0,623,650000.0, Rejected
2380,4, Not Graduate,1,180000.0,200000.0,1.0,834,60000.0, Rejected
2381,5, Not Graduate,1,460000.0,3140000.0,14.0,628,115000.0, Rejected
2382,1, Not Graduate,0,180000.0,650000.0,22.0,806,85000.0, Rejected
2383,2, Not Graduate,0,110000.0,690000.0,10.0,764,100000.0, Rejected
2384,4, Graduate,0,50000.0,480000.0,18.0,681,70000.0, Rejected
2385,3, Graduate,0,20000.0,500000.0,20.0,673,10000.0, Rejected
2386,0, Graduate,1,360000.0,2420000.0,13.0,671,190000.0, Rejected
2387,3, Graduate,0,30000.0,500000.0,12.0,777,25000.0, Rejected
2388,4, Graduate,1,1150000.0,7970000.0,13.0,424,1595000.0, Rejected
2389,5, Not Graduate,0,10000.0,290000.0,4.0,753,5000.0, Rejected
2390,1, Graduate,0,70000.0,400000.0,24.0,696,30000.0, Rejected
2391,4, Graduate,0,0.0,520000.0,10.0,852,0.0, Rejected
2392,0, Graduate,0,20000.0,170000.0,5.0,728,15000.0, Rejected
2393,4, Graduate,1,800000.0,5220000.0,14.0,845,975000.0, Rejected
2394,1, Graduate,1,580000.0,2040000.0,23.0,617,295000.0, Rejected
2395,3, Not Graduate,1,560000.0,1470000.0,1.0,864,460000.0, Rejected
2396,2, Graduate,0,140000.0,510000.0,24.0,672,130000.0, Rejected
2397,3, Graduate,0,0.0,390000.0,19.0,351,0.0, Rejected
2398,1, Graduate,0,50000.0,290000.0,5.0,599,20000.0, Rejected
2399,1, Graduate,0,30000.0,170000.0,5.0,608,40000.0, Rejected
2400,0, Graduate,1,1080000.0,3810000.0,23.0,836,965000.0, Approved
2401,4, Graduate,1,640000.0,1630000.0,1.0,815,715000.0, Rejected
2402,4, Graduate,1,470000.0,1740000.0,20.0,616,465000.0, Rejected
2403,3, Graduate,0,50000.0,540000.0,19.0,874,75000.0, Rejected
2404,2, Graduate,1,2120000.0,13910000.0,15.0,732,1565000.0, Rejected
2405,2, Graduate,0,0.0,570000.0,15.0,582,0.0, Rejected
2406,0, Graduate,1,670000.0,360000.0,1.0,895,405000.0, Rejected
2407,1, Graduate,0,30000.0,680000.0,23.0,781,20000.0, Rejected
2408,0, Graduate,0,10000.0,160000.0,4.0,707,5000.0, Rejected
2409,4, Not Graduate,0,60000.0,260000.0,2.0,683,90000.0, Rejected
2410,5, Graduate,1,850000.0,2370000.0,1.0,849,1120000.0, Rejected
2411,5, Graduate,0,50000.0,560000.0,11.0,833,25000.0, Rejected
2412,5, Graduate,0,30000.0,380000.0,11.0,897,15000.0, Rejected
2413,1, Graduate,1,280000.0,1940000.0,24.0,621,70000.0, Rejected
2414,0, Graduate,0,10000.0,390000.0,22.0,763,15000.0, Rejected
2415,3, Graduate,0,0.0,260000.0,1.0,849,0.0, Rejected
2416,4, Not Graduate,0,40000.0,470000.0,16.0,611,35000.0, Rejected
2417,5, Graduate,0,30000.0,250000.0,4.0,782,40000.0, Rejected
2418,2, Graduate,1,730000.0,4140000.0,10.0,827,490000.0, Rejected
2419,0, Graduate,1,790000.0,4080000.0,13.0,448,970000.0, Rejected
2420,4, Graduate,0,70000.0,530000.0,23.0,900,50000.0, Rejected
2421,4, Graduate,1,880000.0,3680000.0,25.0,771,950000.0, Rejected
2422,2, Graduate,0,0.0,480000.0,10.0,795,0.0, Rejected
2423,2, Not Graduate,0,120000.0,300000.0,1.0,671,80000.0, Rejected
2424,2, Graduate,0,60000.0,610000.0,21.0,696,90000.0, Rejected
2425,5, Graduate,0,40000.0,230000.0,1.0,655,40000.0, Rejected
2426,5, Not Graduate,0,0.0,370000.0,14.0,871,0.0, Rejected
2427,0, Graduate,1,780000.0,3750000.0,14.0,814,360000.0, Rejected
2428,2, Not Graduate,1,370000.0,210000.0,1.0,604,60000.0, Rejected
2429,3, Graduate,0,40000.0,190000.0,1.0,659,45000.0, Rejected
2430,4, Not Graduate,0,70000.0,210000.0,5.0,647,45000.0, Rejected
2431,2, Graduate,1,960000.0,1050000.0,1.0,634,1200000.0, Rejected
2432,4, Not Graduate,1,400000.0,380000.0,2.0,350,245000.0, Rejected
2433,1, Not Graduate,1,380000.0,690000.0,2.0,646,235000.0, Rejected
2434,1, Graduate,0,0.0,360000.0,24.0,884,0.0, Rejected
2435,2, Not Graduate,1,460000.0,530000.0,3.0,545,360000.0, Rejected
2436,4, Graduate,0,110000.0,290000.0,5.0,626,145000.0, Rejected
2437,1, Graduate,0,20000.0,230000.0,1.0,882,20000.0, Rejected
2438,2, Graduate,0,30000.0,390000.0,15.0,743,15000.0, Rejected
2439,4, Graduate,0,140000.0,510000.0,10.0,755,125000.0, Rejected
2440,2, Graduate,0,130000.0,820000.0,25.0,600,15000.0, Rejected
2441,5, Graduate,0,0.0,360000.0,23.0,662,0.0, Rejected
2442,4, Graduate,0,0.0,200000.0,5.0,762,0.0, Rejected
2443,1, Not Graduate,1,210000.0,540000.0,5.0,339,215000.0, Rejected
2444,2, Not Graduate,0,130000.0,840000.0,22.0,655,40000.0, Rejected
2445,1, Graduate,0,110000.0,350000.0,24.0,699,55000.0, Rejected
2446,2, Graduate,0,30000.0,510000.0,15.0,857,15000.0, Rejected
2447,0, Graduate,1,940000.0,4310000.0,11.0,814,100000.0, Rejected
2448,1, Graduate,0,70000.0,390000.0,11.0,774,10000.0, Rejected
2449,1, Graduate,0,160000.0,660000.0,17.0,862,85000.0, Rejected
2450,3, Graduate,0,80000.0,630000.0,23.0,639,35000.0, Rejected
2451,5, Graduate,1,660000.0,2310000.0,13.0,746,175000.0, Rejected
2452,1, Not Graduate,1,540000.0,1410000.0,4.0,826,170000.0, Rejected
2453,4, Graduate,0,30000.0,200000.0,3.0,864,40000.0, Rejected
2454,2, Graduate,0,120000.0,190000.0,3.0,630,125000.0, Rejected
2455,0, Graduate,1,1450000.0,4830000.0,10.0,313,1130000.0, Rejected
2456,4, Graduate,0,0.0,160000.0,2.0,662,0.0, Rejected
2457,4, Graduate,1,450000.0,1770000.0,24.0,787,65000.0, Rejected
2458,4, Graduate,0,70000.0,140000.0,5.0,646,40000.0, Rejected
2459,4, Graduate,0,170000.0,820000.0,21.0,882,215000.0, Rejected
2460,0, Graduate,0,130000.0,550000.0,23.0,899,125000.0, Rejected
2461,3, Not Graduate,0,0.0,220000.0,4.0,898,0.0, Rejected
2462,5, Not Graduate,1,420000.0,1900000.0,20.0,615,595000.0, Rejected
2463,1, Graduate,1,750000.0,2620000.0,23.0,834,255000.0, Approved
2464,4, Graduate,0,120000.0,130000.0,2.0,583,175000.0, Rejected
2465,1, Graduate,1,700000.0,4410000.0,21.0,659,995000.0, Rejected
2466,1, Graduate,0,0.0,190000.0,4.0,430,0.0, Rejected
2467,4, Graduate,0,80000.0,620000.0,13.0,655,120000.0, Rejected
2468,3, Graduate,0,60000.0,170000.0,4.0,873,10000.0, Rejected
2469,1, Graduate,1,1270000.0,5620000.0,16.0,717,1300000.0, Rejected
2470,2, Graduate,1,750000.0,860000.0,3.0,734,355000.0, Approved
2471,1, Graduate,1,360000.0,290000.0,5.0,578,100000.0, Rejected
2472,5, Not Graduate,1,1060000.0,3820000.0,23.0,677,965000.0, Rejected
2473,4, Not Graduate,1,230000.0,1140000.0,21.0,864,120000.0, Rejected
2474,0, Not Graduate,1,350000.0,1660000.0,14.0,849,360000.0, Rejected
2475,1, Graduate,1,730000.0,4030000.0,13.0,831,625000.0, Rejected
2476,3, Not Graduate,1,960000.0,3750000.0,23.0,728,625000.0, Rejected
2477,2, Graduate,0,50000.0,110000.0,2.0,619,20000.0, Rejected
2478,2, Not Graduate,0,20000.0,90000.0,4.0,683,20000.0, Rejected
2479,0, Graduate,0,60000.0,190000.0,5.0,357,75000.0, Rejected
2480,5, Not Graduate,0,50000.0,270000.0,2.0,693,45000.0, Rejected
2481,0, Graduate,0,200000.0,910000.0,16.0,821,190000.0, Rejected
2482,5, Not Graduate,0,70000.0,80000.0,3.0,802,55000.0, Rejected
2483,1, Not Graduate,1,330000.0,2310000.0,16.0,549,210000.0, Rejected
2484,4, Graduate,0,140000.0,350000.0,5.0,759,105000.0, Rejected
2485,3, Graduate,0,80000.0,120000.0,1.0,433,120000.0, Rejected
2486,2, Not Graduate,0,50000.0,380000.0,17.0,785,55000.0, Rejected
2487,0, Graduate,1,2250000.0,9650000.0,13.0,627,1580000.0, Rejected
2488,3, Not Graduate,0,10000.0,580000.0,17.0,740,5000.0, Rejected
2489,5, Graduate,0,70000.0,130000.0,3.0,691,55000.0, Rejected
2490,4, Graduate,1,1460000.0,4930000.0,20.0,856,1495000.0, Rejected
2491,2, Graduate,1,800000.0,2040000.0,3.0,733,600000.0, Rejected
2492,2, Graduate,0,70000.0,370000.0,22.0,853,75000.0, Rejected
2493,5, Not Graduate,0,30000.0,470000.0,25.0,688,15000.0, Rejected
2494,4, Graduate,0,0.0,120000.0,5.0,619,0.0, Rejected
2495,2, Graduate,1,2770000.0,15340000.0,15.0,693,3630000.0, Rejected
2496,4, Graduate,0,130000.0,460000.0,17.0,403,75000.0, Rejected
2497,2, Graduate,0,140000.0,280000.0,4.0,459,205000.0, Rejected
2498,1, Not Graduate,0,30000.0,530000.0,24.0,360,10000.0, Rejected
2499,5, Not Graduate,0,0.0,530000.0,17.0,833,0.0, Rejected
2500,4, Graduate,1,670000.0,2310000.0,14.0,680,500000.0, Rejected
2501,3, Not Graduate,0,90000.0,700000.0,24.0,668,110000.0, Rejected
2502,1, Not Graduate,0,40000.0,120000.0,3.0,741,45000.0, Rejected
2503,3, Graduate,0,20000.0,660000.0,13.0,429,5000.0, Rejected
2504,5, Not Graduate,0,20000.0,150000.0,4.0,816,10000.0, Rejected
2505,2, Graduate,0,120000.0,700000.0,16.0,668,110000.0, Rejected
2506,3, Graduate,1,1090000.0,4810000.0,15.0,859,560000.0, Rejected
2507,1, Not Graduate,1,230000.0,1370000.0,22.0,533,160000.0, Rejected
2508,4, Graduate,1,1010000.0,2990000.0,3.0,781,790000.0, Rejected
2509,0, Not Graduate,1,550000.0,2010000.0,16.0,769,515000.0, Approved
2510,3, Not Graduate,1,390000.0,2260000.0,17.0,447,175000.0, Rejected
2511,0, Graduate,0,50000.0,550000.0,13.0,798,15000.0, Rejected
2512,5, Not Graduate,1,210000.0,1230000.0,16.0,562,140000.0, Rejected
2513,3, Graduate,1,1180000.0,1940000.0,2.0,735,255000.0, Rejected
2514,3, Graduate,1,940000.0,4640000.0,12.0,630,785000.0, Rejected
2515,4, Graduate,0,0.0,180000.0,1.0,342,0.0, Rejected
2516,2, Not Graduate,0,0.0,670000.0,17.0,792,0.0, Rejected
2517,1, Graduate,1,800000.0,3300000.0,19.0,893,205000.0, Rejected
2518,1, Graduate,1,1080000.0,3030000.0,3.0,550,230000.0, Rejected
2519,1, Graduate,1,430000.0,550000.0,5.0,679,555000.0, Approved
2520,5, Not Graduate,0,90000.0,400000.0,19.0,617,20000.0, Rejected
2521,2, Graduate,0,60000.0,60000.0,4.0,852,90000.0, Rejected
2522,0, Graduate,0,140000.0,800000.0,10.0,885,85000.0, Rejected
2523,1, Graduate,1,880000.0,970000.0,2.0,700,495000.0, Rejected
2524,0, Graduate,0,60000.0,420000.0,12.0,678,15000.0, Rejected
2525,2, Not Graduate,0,70000.0,100000.0,2.0,674,65000.0, Rejected
2526,5, Graduate,1,1250000.0,6380000.0,15.0,543,1150000.0, Rejected
2527,2, Graduate,0,20000.0,210000.0,2.0,665,15000.0, Rejected
2528,4, Not Graduate,1,210000.0,950000.0,12.0,651,110000.0, Rejected
2529,1, Graduate,0,30000.0,500000.0,25.0,392,20000.0, Rejected
2530,5, Not Graduate,1,500000.0,3030000.0,20.0,840,275000.0, Rejected
2531,4, Graduate,0,20000.0,420000.0,23.0,847,15000.0, Rejected
2532,1, Not Graduate,1,470000.0,240000.0,4.0,847,270000.0, Approved
2533,2, Graduate,1,570000.0,3630000.0,20.0,854,595000.0, Rejected
2534,2, Graduate,0,120000.0,80000.0,2.0,892,60000.0, Rejected
2535,3, Not Graduate,0,160000.0,640000.0,21.0,812,95000.0, Rejected
2536,3, Not Graduate,0,50000.0,540000.0,15.0,724,35000.0, Rejected
2537,2, Not Graduate,1,380000.0,440000.0,5.0,710,40000.0, Approved
2538,2, Graduate,1,360000.0,2090000.0,15.0,874,285000.0, Rejected
2539,0, Not Graduate,0,0.0,320000.0,12.0,624,0.0, Rejected
2540,0, Not Graduate,1,210000.0,230000.0,1.0,651,40000.0, Rejected
2541,4, Graduate,0,0.0,280000.0,5.0,680,0.0, Rejected
2542,3, Not Graduate,1,320000.0,2210000.0,21.0,808,175000.0, Rejected
2543,3, Not Graduate,1,290000.0,1380000.0,17.0,543,200000.0, Rejected
2544,2, Graduate,0,110000.0,440000.0,22.0,704,140000.0, Rejected
2545,2, Graduate,0,50000.0,90000.0,5.0,762,15000.0, Rejected
2546,4, Graduate,0,30000.0,440000.0,25.0,626,40000.0, Rejected
2547,5, Graduate,0,30000.0,320000.0,12.0,875,15000.0, Rejected
2548,5, Graduate,0,30000.0,680000.0,15.0,802,30000.0, Rejected
2549,5, Graduate,0,40000.0,510000.0,10.0,617,40000.0, Rejected
2550,3, Graduate,0,60000.0,520000.0,18.0,664,80000.0, Rejected
2551,0, Graduate,0,30000.0,380000.0,23.0,385,30000.0, Rejected
2552,5, Graduate,0,110000.0,190000.0,3.0,825,80000.0, Rejected
2553,1, Not Graduate,0,0.0,470000.0,25.0,762,0.0, Rejected
2554,4, Not Graduate,0,100000.0,130000.0,4.0,869,40000.0, Rejected
2555,5, Graduate,1,790000.0,1470000.0,3.0,729,840000.0, Rejected
2556,1, Not Graduate,1,360000.0,1540000.0,25.0,708,130000.0, Approved
2557,5, Graduate,0,10000.0,70000.0,3.0,406,10000.0, Rejected
2558,0, Graduate,0,20000.0,320000.0,17.0,694,20000.0, Rejected
2559,0, Graduate,1,860000.0,4150000.0,23.0,674,1170000.0, Rejected
2560,5, Graduate,1,340000.0,930000.0,4.0,303,250000.0, Rejected
2561,1, Not Graduate,0,0.0,430000.0,12.0,862,0.0, Rejected
2562,4, Not Graduate,0,0.0,280000.0,4.0,832,0.0, Rejected
2563,1, Graduate,0,90000.0,230000.0,3.0,681,30000.0, Rejected
2564,4, Graduate,0,60000.0,200000.0,1.0,703,50000.0, Rejected
2565,5, Graduate,0,20000.0,400000.0,14.0,617,20000.0, Rejected
2566,4, Graduate,0,40000.0,370000.0,24.0,806,40000.0, Rejected
2567,2, Graduate,1,500000.0,2840000.0,13.0,757,570000.0, Rejected
2568,3, Graduate,0,20000.0,100000.0,3.0,872,10000.0, Rejected
2569,3, Not Graduate,0,0.0,320000.0,20.0,557,0.0, Rejected
2570,0, Not Graduate,0,70000.0,690000.0,23.0,625,25000.0, Rejected
2571,2, Graduate,0,0.0,550000.0,22.0,733,0.0, Rejected
2572,3, Not Graduate,0,60000.0,320000.0,24.0,437,10000.0, Rejected
2573,5, Graduate,0,40000.0,380000.0,19.0,656,45000.0, Rejected
2574,4, Graduate,1,1070000.0,5680000.0,12.0,626,865000.0, Rejected
2575,4, Graduate,0,100000.0,410000.0,22.0,818,45000.0, Rejected
2576,1, Graduate,1,520000.0,2680000.0,25.0,608,455000.0, Rejected
2577,1, Not Graduate,1,220000.0,1030000.0,23.0,691,130000.0, Rejected
2578,4, Graduate,0,110000.0,560000.0,21.0,685,140000.0, Rejected
2579,5, Graduate,0,90000.0,230000.0,4.0,770,75000.0, Rejected
2580,4, Graduate,0,140000.0,240000.0,1.0,551,20000.0, Rejected
2581,1, Graduate,1,510000.0,540000.0,4.0,724,755000.0, Approved
2582,3, Not Graduate,1,440000.0,680000.0,1.0,445,90000.0, Rejected
2583,0, Graduate,1,560000.0,570000.0,2.0,648,600000.0, Rejected
2584,1, Graduate,0,10000.0,390000.0,18.0,893,5000.0, Rejected
2585,5, Graduate,1,1170000.0,5090000.0,12.0,786,525000.0, Rejected
2586,3, Graduate,0,60000.0,120000.0,3.0,779,65000.0, Rejected
2587,3, Graduate,0,60000.0,610000.0,18.0,704,15000.0, Rejected
2588,3, Graduate,0,80000.0,270000.0,4.0,621,105000.0, Rejected
2589,2, Graduate,0,0.0,110000.0,2.0,802,0.0, Rejected
2590,2, Not Graduate,1,710000.0,2210000.0,21.0,676,430000.0, Approved
2591,3, Not Graduate,0,170000.0,1100000.0,22.0,643,170000.0, Rejected
2592,5, Not Graduate,0,60000.0,120000.0,2.0,628,5000.0, Rejected
2593,4, Graduate,0,0.0,370000.0,18.0,700,0.0, Rejected
2594,5, Graduate,1,280000.0,600000.0,3.0,875,380000.0, Rejected
2595,2, Graduate,1,1980000.0,11510000.0,21.0,859,2085000.0, Rejected
2596,1, Not Graduate,0,10000.0,60000.0,1.0,656,5000.0, Rejected
2597,2, Graduate,0,30000.0,330000.0,11.0,618,30000.0, Rejected
2598,4, Graduate,0,90000.0,510000.0,21.0,659,125000.0, Rejected
2599,0, Graduate,1,980000.0,1880000.0,3.0,825,355000.0, Rejected
2600,2, Graduate,0,40000.0,450000.0,23.0,643,35000.0, Rejected
2601,5, Graduate,0,60000.0,230000.0,5.0,794,25000.0, Rejected
2602,5, Graduate,0,0.0,330000.0,15.0,761,0.0, Rejected
2603,3, Not Graduate,0,80000.0,640000.0,16.0,678,90000.0, Rejected
2604,3, Graduate,1,780000.0,1710000.0,4.0,810,955000.0, Rejected
2605,3, Graduate,0,50000.0,410000.0,20.0,740,70000.0, Rejected
2606,0, Graduate,0,0.0,490000.0,10.0,686,0.0, Rejected
2607,4, Graduate,0,70000.0,270000.0,1.0,806,10000.0, Rejected
2608,1, Graduate,0,90000.0,580000.0,16.0,733,45000.0, Rejected
2609,5, Not Graduate,1,360000.0,1420000.0,10.0,891,235000.0, Rejected
2610,5, Graduate,0,80000.0,590000.0,15.0,749,80000.0, Rejected
2611,4, Not Graduate,1,570000.0,3430000.0,21.0,805,695000.0, Rejected
2612,0, Graduate,1,1470000.0,930000.0,4.0,604,865000.0, Rejected
2613,3, Graduate,0,100000.0,330000.0,25.0,669,75000.0, Rejected
2614,4, Not Graduate,0,70000.0,180000.0,4.0,728,85000.0, Rejected
2615,1, Graduate,0,0.0,310000.0,25.0,799,0.0, Rejected
2616,3, Graduate,1,620000.0,4180000.0,16.0,843,250000.0, Rejected
2617,1, Graduate,0,140000.0,90000.0,4.0,796,130000.0, Approved
2618,2, Graduate,0,0.0,350000.0,20.0,675,0.0, Rejected
2619,1, Not Graduate,0,200000.0,770000.0,13.0,754,285000.0, Rejected
2620,3, Graduate,1,1300000.0,4480000.0,11.0,630,780000.0, Rejected
2621,2, Not Graduate,0,20000.0,420000.0,10.0,867,25000.0, Rejected
2622,3, Not Graduate,0,0.0,110000.0,4.0,606,0.0, Rejected
2623,5, Graduate,0,60000.0,670000.0,11.0,360,10000.0, Rejected
2624,3, Not Graduate,0,100000.0,490000.0,24.0,487,20000.0, Rejected
2625,2, Graduate,1,590000.0,3200000.0,22.0,706,225000.0, Rejected
2626,1, Not Graduate,0,180000.0,1180000.0,25.0,794,55000.0, Rejected
2627,5, Graduate,1,1080000.0,940000.0,1.0,423,605000.0, Rejected
2628,0, Graduate,1,410000.0,1220000.0,3.0,847,375000.0, Rejected
2629,0, Graduate,0,0.0,110000.0,3.0,375,0.0, Rejected
2630,0, Graduate,1,780000.0,4300000.0,24.0,866,720000.0, Rejected
2631,0, Graduate,0,130000.0,800000.0,16.0,744,35000.0, Rejected
2632,4, Not Graduate,0,30000.0,270000.0,4.0,630,30000.0, Rejected
2633,0, Graduate,1,380000.0,1970000.0,23.0,833,255000.0, Rejected
2634,2, Graduate,0,70000.0,50000.0,2.0,614,95000.0, Rejected
2635,0, Not Graduate,1,300000.0,1400000.0,24.0,753,415000.0, Rejected
2636,3, Graduate,0,50000.0,300000.0,18.0,814,60000.0, Rejected
2637,0, Not Graduate,1,640000.0,1950000.0,13.0,606,695000.0, Rejected
2638,1, Not Graduate,0,80000.0,220000.0,5.0,840,20000.0, Rejected
2639,2, Not Graduate,0,60000.0,280000.0,4.0,684,15000.0, Rejected
2640,2, Not Graduate,0,80000.0,290000.0,4.0,740,100000.0, Rejected
2641,5, Graduate,1,530000.0,270000.0,3.0,815,370000.0, Approved
2642,4, Graduate,1,540000.0,1640000.0,20.0,692,395000.0, Approved
2643,3, Not Graduate,0,0.0,200000.0,1.0,749,0.0, Rejected
2644,2, Graduate,1,910000.0,2200000.0,2.0,693,885000.0, Rejected
2645,1, Graduate,0,0.0,600000.0,17.0,619,0.0, Rejected
2646,0, Graduate,0,80000.0,320000.0,14.0,736,30000.0, Rejected
2647,2, Not Graduate,1,390000.0,2680000.0,10.0,486,40000.0, Rejected
2648,1, Graduate,1,1300000.0,2520000.0,5.0,587,1425000.0, Rejected
2649,0, Graduate,1,990000.0,610000.0,4.0,745,770000.0, Approved
2650,4, Graduate,1,780000.0,5260000.0,10.0,694,1115000.0, Rejected
2651,2, Graduate,0,80000.0,110000.0,2.0,739,90000.0, Rejected
2652,2, Graduate,1,410000.0,1560000.0,23.0,815,100000.0, Approved
2653,1, Graduate,0,150000.0,380000.0,5.0,757,50000.0, Rejected
2654,5, Graduate,0,30000.0,630000.0,23.0,709,25000.0, Rejected
2655,3, Not Graduate,0,40000.0,110000.0,4.0,548,55000.0, Rejected
2656,4, Graduate,0,130000.0,250000.0,2.0,660,60000.0, Rejected
2657,3, Not Graduate,0,80000.0,500000.0,13.0,674,100000.0, Rejected
2658,2, Not Graduate,0,160000.0,120000.0,2.0,814,85000.0, Rejected
2659,3, Graduate,0,100000.0,440000.0,10.0,586,50000.0, Rejected
2660,0, Graduate,0,40000.0,120000.0,1.0,666,55000.0, Rejected
2661,4, Graduate,0,40000.0,470000.0,18.0,753,5000.0, Rejected
2662,3, Not Graduate,0,10000.0,220000.0,1.0,742,10000.0, Rejected
2663,0, Graduate,0,0.0,290000.0,3.0,666,0.0, Rejected
2664,1, Graduate,1,1070000.0,4900000.0,23.0,851,1305000.0, Rejected
2665,3, Graduate,1,1210000.0,2220000.0,1.0,888,1525000.0, Rejected
2666,4, Graduate,1,1290000.0,1550000.0,3.0,726,1740000.0, Rejected
2667,0, Graduate,0,50000.0,310000.0,24.0,857,20000.0, Rejected
2668,3, Graduate,1,250000.0,1310000.0,14.0,826,70000.0, Rejected
2669,1, Not Graduate,0,0.0,340000.0,15.0,830,0.0, Rejected
2670,3, Graduate,0,120000.0,100000.0,4.0,726,60000.0, Rejected
2671,0, Graduate,0,10000.0,120000.0,1.0,361,10000.0, Rejected
2672,3, Graduate,1,440000.0,2130000.0,17.0,825,360000.0, Rejected
2673,4, Not Graduate,0,60000.0,260000.0,5.0,643,20000.0, Rejected
2674,2, Graduate,0,100000.0,190000.0,5.0,703,115000.0, Rejected
2675,0, Not Graduate,0,50000.0,530000.0,17.0,773,60000.0, Rejected
2676,0, Graduate,1,1640000.0,7350000.0,14.0,475,2375000.0, Rejected
2677,0, Graduate,1,790000.0,1290000.0,1.0,744,515000.0, Rejected
2678,0, Graduate,0,0.0,60000.0,2.0,864,0.0, Rejected
2679,3, Graduate,0,160000.0,850000.0,14.0,643,60000.0, Rejected
2680,4, Graduate,0,0.0,460000.0,19.0,632,0.0, Rejected
2681,1, Graduate,1,300000.0,1400000.0,18.0,666,165000.0, Rejected
2682,4, Not Graduate,0,110000.0,130000.0,4.0,731,160000.0, Rejected
2683,0, Graduate,1,640000.0,3570000.0,21.0,462,145000.0, Rejected
2684,5, Graduate,0,160000.0,310000.0,5.0,802,75000.0, Rejected
2685,3, Graduate,1,720000.0,4250000.0,23.0,659,160000.0, Rejected
2686,5, Graduate,0,60000.0,680000.0,18.0,764,30000.0, Rejected
2687,3, Graduate,0,70000.0,360000.0,20.0,697,15000.0, Rejected
2688,0, Graduate,0,30000.0,100000.0,5.0,675,25000.0, Rejected
2689,3, Graduate,0,60000.0,270000.0,2.0,848,45000.0, Rejected
2690,0, Graduate,0,0.0,190000.0,3.0,627,0.0, Rejected
2691,4, Graduate,1,800000.0,2580000.0,12.0,897,275000.0, Rejected
2692,2, Graduate,0,0.0,410000.0,20.0,393,0.0, Rejected
2693,3, Graduate,1,550000.0,1010000.0,3.0,737,355000.0, Rejected
2694,0, Graduate,1,760000.0,1260000.0,2.0,810,135000.0, Rejected
2695,5, Not Graduate,0,70000.0,100000.0,5.0,867,95000.0, Rejected
2696,0, Graduate,1,710000.0,600000.0,3.0,693,475000.0, Approved
2697,5, Graduate,1,480000.0,270000.0,3.0,740,445000.0, Approved
2698,3, Graduate,0,20000.0,520000.0,10.0,830,25000.0, Rejected
2699,1, Not Graduate,1,350000.0,2440000.0,25.0,842,230000.0, Rejected
2700,5, Not Graduate,0,0.0,440000.0,13.0,872,0.0, Rejected
2701,0, Graduate,0,80000.0,570000.0,25.0,798,110000.0, Rejected
2702,3, Not Graduate,1,260000.0,1410000.0,10.0,445,90000.0, Rejected
2703,0, Graduate,0,80000.0,390000.0,11.0,715,110000.0, Rejected
2704,1, Graduate,0,0.0,450000.0,15.0,351,0.0, Rejected
2705,2, Not Graduate,0,50000.0,170000.0,2.0,690,25000.0, Rejected
2706,1, Not Graduate,1,1090000.0,4930000.0,14.0,624,1340000.0, Rejected
2707,4, Graduate,1,820000.0,460000.0,3.0,641,1115000.0, Rejected
2708,3, Graduate,0,70000.0,640000.0,17.0,767,75000.0, Rejected
2709,1, Graduate,1,450000.0,2240000.0,12.0,823,110000.0, Rejected
2710,2, Graduate,1,2210000.0,10450000.0,22.0,632,1840000.0, Rejected
2711,0, Not Graduate,0,30000.0,690000.0,12.0,752,25000.0, Rejected
2712,3, Graduate,0,60000.0,330000.0,21.0,832,30000.0, Rejected
2713,5, Graduate,1,810000.0,2300000.0,2.0,805,1205000.0, Rejected
2714,1, Graduate,1,500000.0,2280000.0,24.0,359,285000.0, Rejected
2715,2, Graduate,1,620000.0,3950000.0,17.0,754,245000.0, Rejected
2716,1, Graduate,0,20000.0,680000.0,23.0,597,5000.0, Rejected
2717,4, Graduate,0,140000.0,190000.0,2.0,898,90000.0, Rejected
2718,3, Not Graduate,0,110000.0,330000.0,4.0,882,120000.0, Rejected
2719,0, Not Graduate,0,120000.0,470000.0,20.0,614,50000.0, Rejected
2720,2, Graduate,0,10000.0,170000.0,2.0,831,10000.0, Rejected
2721,1, Not Graduate,1,140000.0,890000.0,16.0,752,40000.0, Rejected
2722,3, Not Graduate,0,30000.0,440000.0,15.0,729,20000.0, Rejected
2723,1, Not Graduate,1,540000.0,730000.0,2.0,803,585000.0, Rejected
2724,3, Graduate,0,50000.0,440000.0,16.0,783,15000.0, Rejected
2725,4, Graduate,0,110000.0,270000.0,5.0,770,105000.0, Rejected
2726,1, Graduate,0,10000.0,400000.0,13.0,691,10000.0, Rejected
2727,4, Graduate,0,10000.0,640000.0,14.0,696,10000.0, Rejected
2728,5, Graduate,0,30000.0,670000.0,17.0,697,25000.0, Rejected
2729,5, Graduate,1,1750000.0,9090000.0,16.0,869,2230000.0, Rejected
2730,2, Graduate,1,850000.0,3020000.0,23.0,628,1260000.0, Rejected
2731,4, Not Graduate,0,0.0,170000.0,2.0,673,0.0, Rejected
2732,3, Graduate,0,0.0,520000.0,12.0,689,0.0, Rejected
2733,2, Graduate,1,900000.0,1630000.0,3.0,628,190000.0, Rejected
2734,1, Not Graduate,0,60000.0,110000.0,4.0,702,10000.0, Rejected
2735,1, Not Graduate,0,40000.0,100000.0,2.0,665,20000.0, Rejected
2736,3, Not Graduate,0,30000.0,640000.0,24.0,626,45000.0, Rejected
2737,0, Not Graduate,1,490000.0,1290000.0,3.0,415,430000.0, Rejected
2738,0, Graduate,0,130000.0,830000.0,15.0,510,60000.0, Rejected
2739,1, Not Graduate,0,20000.0,540000.0,18.0,735,5000.0, Rejected
2740,3, Graduate,1,550000.0,1890000.0,11.0,655,765000.0, Rejected
2741,0, Graduate,0,10000.0,430000.0,16.0,780,5000.0, Rejected
2742,4, Graduate,0,20000.0,280000.0,1.0,865,10000.0, Rejected
2743,1, Graduate,0,90000.0,620000.0,14.0,517,115000.0, Rejected
2744,5, Graduate,1,1050000.0,5880000.0,22.0,831,995000.0, Rejected
2745,4, Graduate,0,60000.0,100000.0,4.0,660,20000.0, Rejected
2746,3, Not Graduate,1,190000.0,1160000.0,12.0,645,130000.0, Rejected
2747,5, Graduate,1,1200000.0,2460000.0,1.0,643,1680000.0, Rejected
2748,4, Graduate,0,80000.0,430000.0,16.0,617,110000.0, Rejected
2749,0, Not Graduate,1,160000.0,760000.0,20.0,312,30000.0, Rejected
2750,0, Graduate,0,90000.0,450000.0,13.0,427,45000.0, Rejected
2751,5, Graduate,0,50000.0,230000.0,4.0,807,15000.0, Rejected
2752,2, Graduate,0,40000.0,460000.0,25.0,860,35000.0, Rejected
2753,1, Graduate,0,20000.0,330000.0,20.0,885,25000.0, Rejected
2754,5, Graduate,0,30000.0,210000.0,1.0,773,15000.0, Rejected
2755,3, Not Graduate,0,60000.0,380000.0,23.0,887,70000.0, Rejected
2756,1, Graduate,0,0.0,610000.0,24.0,871,0.0, Rejected
2757,4, Graduate,1,1030000.0,710000.0,3.0,762,1155000.0, Approved
2758,3, Not Graduate,0,30000.0,350000.0,17.0,744,45000.0, Rejected
2759,3, Not Graduate,1,280000.0,1380000.0,22.0,325,195000.0, Rejected
2760,0, Graduate,0,80000.0,690000.0,11.0,738,45000.0, Rejected
2761,4, Graduate,0,20000.0,530000.0,11.0,752,20000.0, Rejected
2762,0, Graduate,0,10000.0,90000.0,5.0,667,10000.0, Rejected
2763,0, Graduate,0,70000.0,490000.0,25.0,487,25000.0, Rejected
2764,2, Graduate,0,100000.0,580000.0,16.0,900,130000.0, Rejected
2765,0, Graduate,1,960000.0,5910000.0,22.0,772,175000.0, Rejected
2766,1, Not Graduate,1,460000.0,510000.0,2.0,673,50000.0, Rejected
2767,3, Graduate,1,790000.0,4610000.0,15.0,785,255000.0, Rejected
2768,0, Graduate,0,30000.0,70000.0,5.0,701,45000.0, Rejected
2769,5, Graduate,1,2890000.0,6210000.0,4.0,378,2405000.0, Rejected
2770,1, Graduate,0,110000.0,590000.0,25.0,658,20000.0, Rejected
2771,4, Graduate,0,40000.0,600000.0,24.0,671,60000.0, Rejected
2772,3, Graduate,1,1420000.0,6670000.0,23.0,895,1625000.0, Rejected
2773,5, Not Graduate,1,440000.0,290000.0,5.0,654,560000.0, Approved
2774,5, Graduate,0,70000.0,500000.0,10.0,635,30000.0, Rejected
2775,4, Graduate,0,40000.0,260000.0,3.0,700,10000.0, Rejected
2776,5, Graduate,0,70000.0,680000.0,14.0,450,55000.0, Rejected
2777,1, Graduate,1,670000.0,4290000.0,23.0,887,790000.0, Rejected
2778,4, Graduate,0,10000.0,610000.0,22.0,804,10000.0, Rejected
2779,5, Graduate,1,1540000.0,1540000.0,1.0,885,1515000.0, Rejected
2780,4, Graduate,0,0.0,430000.0,11.0,815,0.0, Rejected
2781,4, Graduate,0,0.0,520000.0,23.0,768,0.0, Rejected
2782,0, Not Graduate,0,120000.0,380000.0,15.0,645,125000.0, Rejected
2783,0, Not Graduate,0,60000.0,640000.0,11.0,631,40000.0, Rejected
2784,0, Not Graduate,0,90000.0,280000.0,5.0,714,20000.0, Rejected
2785,5, Not Graduate,1,420000.0,2090000.0,13.0,668,160000.0, Rejected
2786,3, Graduate,1,530000.0,2510000.0,16.0,629,640000.0, Rejected
2787,1, Not Graduate,1,320000.0,810000.0,4.0,734,435000.0, Rejected
2788,5, Graduate,1,830000.0,3850000.0,21.0,683,410000.0, Rejected
2789,0, Not Graduate,1,580000.0,2220000.0,19.0,896,215000.0, Approved
2790,4, Not Graduate,0,80000.0,160000.0,3.0,684,10000.0, Rejected
2791,5, Not Graduate,1,600000.0,3940000.0,22.0,366,855000.0, Rejected
2792,4, Not Graduate,0,40000.0,440000.0,16.0,788,40000.0, Rejected
2793,4, Graduate,0,90000.0,480000.0,19.0,351,130000.0, Rejected
2794,4, Graduate,0,20000.0,200000.0,4.0,798,25000.0, Rejected
2795,2, Graduate,0,0.0,310000.0,17.0,430,0.0, Rejected
2796,3, Graduate,0,70000.0,200000.0,5.0,817,20000.0, Rejected
2797,1, Graduate,1,430000.0,880000.0,4.0,602,345000.0, Rejected
2798,1, Graduate,0,30000.0,280000.0,4.0,695,5000.0, Rejected
2799,0, Not Graduate,0,0.0,310000.0,25.0,625,0.0, Rejected
2800,2, Graduate,0,120000.0,560000.0,15.0,611,50000.0, Rejected
2801,5, Not Graduate,0,90000.0,270000.0,5.0,784,95000.0, Rejected
2802,5, Not Graduate,0,0.0,220000.0,2.0,568,0.0, Rejected
2803,1, Not Graduate,0,60000.0,610000.0,12.0,775,30000.0, Rejected
2804,3, Not Graduate,0,30000.0,560000.0,23.0,846,25000.0, Rejected
2805,4, Graduate,0,30000.0,260000.0,4.0,669,10000.0, Rejected
2806,0, Not Graduate,1,180000.0,180000.0,5.0,370,210000.0, Rejected
2807,3, Not Graduate,1,720000.0,570000.0,3.0,791,790000.0, Approved
2808,1, Graduate,0,0.0,290000.0,2.0,785,0.0, Rejected
2809,2, Graduate,0,90000.0,360000.0,20.0,628,85000.0, Rejected
2810,0, Not Graduate,0,0.0,170000.0,4.0,618,0.0, Rejected
2811,1, Graduate,1,1250000.0,1870000.0,5.0,746,230000.0, Approved
2812,5, Graduate,0,30000.0,340000.0,21.0,875,15000.0, Rejected
2813,0, Graduate,0,0.0,130000.0,1.0,618,0.0, Rejected
2814,1, Graduate,1,1080000.0,5650000.0,23.0,675,260000.0, Rejected
2815,5, Graduate,0,0.0,600000.0,19.0,659,0.0, Rejected
2816,5, Not Graduate,0,0.0,360000.0,14.0,854,0.0, Rejected
2817,4, Graduate,0,0.0,160000.0,2.0,386,0.0, Rejected
2818,2, Graduate,1,900000.0,4600000.0,17.0,858,420000.0, Rejected
2819,4, Graduate,1,540000.0,1940000.0,23.0,306,725000.0, Rejected
2820,1, Graduate,1,390000.0,2530000.0,18.0,612,205000.0, Rejected
2821,3, Not Graduate,0,0.0,430000.0,21.0,709,0.0, Rejected
2822,4, Graduate,0,0.0,70000.0,3.0,879,0.0, Rejected
2823,3, Graduate,1,2150000.0,8550000.0,20.0,825,2590000.0, Rejected
2824,5, Graduate,1,650000.0,4340000.0,10.0,489,970000.0, Rejected
2825,1, Graduate,0,50000.0,210000.0,5.0,620,60000.0, Rejected
2826,2, Not Graduate,1,310000.0,1950000.0,13.0,712,315000.0, Rejected
2827,3, Not Graduate,0,0.0,190000.0,3.0,368,0.0, Rejected
2828,1, Graduate,0,0.0,180000.0,4.0,764,0.0, Rejected
2829,3, Graduate,1,530000.0,1220000.0,2.0,622,775000.0, Rejected
2830,4, Graduate,0,80000.0,590000.0,20.0,715,95000.0, Rejected
2831,1, Graduate,1,330000.0,1210000.0,19.0,716,125000.0, Approved
2832,4, Graduate,0,30000.0,410000.0,11.0,472,35000.0, Rejected
2833,0, Graduate,0,50000.0,500000.0,17.0,308,10000.0, Rejected
2834,1, Graduate,1,650000.0,3130000.0,20.0,582,355000.0, Rejected
2835,3, Graduate,1,350000.0,880000.0,2.0,771,90000.0, Rejected
2836,0, Not Graduate,0,0.0,190000.0,4.0,698,0.0, Rejected
2837,4, Not Graduate,0,50000.0,390000.0,20.0,871,30000.0, Rejected
2838,4, Graduate,1,940000.0,3280000.0,18.0,695,1035000.0, Rejected
2839,3, Not Graduate,0,50000.0,60000.0,1.0,852,45000.0, Rejected
2840,0, Graduate,1,900000.0,790000.0,3.0,612,225000.0, Rejected
2841,5, Graduate,1,770000.0,410000.0,4.0,817,680000.0, Approved
2842,2, Not Graduate,0,20000.0,190000.0,3.0,751,20000.0, Rejected
2843,3, Not Graduate,0,0.0,320000.0,25.0,794,0.0, Rejected
2844,4, Not Graduate,0,60000.0,320000.0,13.0,757,10000.0, Rejected
2845,1, Graduate,1,920000.0,5120000.0,19.0,865,475000.0, Rejected
2846,0, Graduate,0,170000.0,980000.0,15.0,615,180000.0, Rejected
2847,5, Not Graduate,0,150000.0,920000.0,13.0,797,20000.0, Rejected
2848,2, Graduate,0,40000.0,80000.0,5.0,709,15000.0, Rejected
2849,1, Graduate,0,60000.0,600000.0,22.0,751,25000.0, Rejected
2850,0, Graduate,0,50000.0,470000.0,13.0,860,50000.0, Rejected
2851,5, Graduate,0,20000.0,610000.0,25.0,779,10000.0, Rejected
2852,3, Graduate,1,1280000.0,8910000.0,22.0,623,1200000.0, Rejected
2853,5, Graduate,1,960000.0,6160000.0,23.0,654,1395000.0, Rejected
2854,3, Not Graduate,1,280000.0,1110000.0,23.0,690,340000.0, Rejected
2855,0, Graduate,0,20000.0,640000.0,24.0,609,10000.0, Rejected
2856,5, Graduate,0,90000.0,650000.0,23.0,860,70000.0, Rejected
2857,2, Graduate,1,960000.0,5740000.0,10.0,761,365000.0, Rejected
2858,5, Graduate,0,100000.0,190000.0,3.0,706,10000.0, Rejected
2859,0, Graduate,1,1040000.0,5850000.0,15.0,673,525000.0, Rejected
2860,1, Graduate,1,810000.0,4070000.0,19.0,585,500000.0, Rejected
2861,1, Not Graduate,0,70000.0,400000.0,18.0,713,60000.0, Rejected
2862,5, Graduate,1,980000.0,5230000.0,15.0,852,1395000.0, Rejected
2863,5, Not Graduate,1,700000.0,420000.0,2.0,678,1000000.0, Approved
2864,3, Graduate,0,60000.0,280000.0,2.0,876,10000.0, Rejected
2865,0, Graduate,0,120000.0,140000.0,3.0,841,115000.0, Rejected
2866,3, Graduate,0,0.0,690000.0,21.0,739,0.0, Rejected
2867,2, Graduate,0,0.0,650000.0,15.0,613,0.0, Rejected
2868,1, Not Graduate,0,60000.0,110000.0,2.0,748,15000.0, Rejected
2869,4, Graduate,0,60000.0,230000.0,4.0,863,85000.0, Rejected
2870,4, Graduate,1,420000.0,2800000.0,13.0,727,550000.0, Rejected
2871,0, Not Graduate,0,20000.0,460000.0,16.0,631,5000.0, Rejected
2872,0, Not Graduate,0,0.0,120000.0,5.0,474,0.0, Rejected
2873,4, Not Graduate,1,340000.0,1770000.0,15.0,729,335000.0, Rejected
2874,0, Graduate,0,120000.0,120000.0,1.0,880,95000.0, Rejected
2875,1, Not Graduate,1,450000.0,460000.0,2.0,816,425000.0, Rejected
2876,2, Graduate,0,0.0,610000.0,17.0,668,0.0, Rejected
2877,2, Graduate,0,0.0,140000.0,2.0,796,0.0, Rejected
2878,3, Graduate,0,80000.0,60000.0,4.0,794,95000.0, Rejected
2879,1, Graduate,1,1230000.0,2250000.0,2.0,810,1115000.0, Rejected
2880,0, Graduate,0,40000.0,360000.0,21.0,885,50000.0, Rejected
2881,0, Graduate,1,250000.0,1080000.0,22.0,686,370000.0, Rejected
2882,3, Not Graduate,0,70000.0,470000.0,17.0,707,35000.0, Rejected
2883,3, Graduate,0,50000.0,150000.0,5.0,602,15000.0, Rejected
2884,0, Graduate,0,20000.0,640000.0,21.0,826,20000.0, Rejected
2885,0, Graduate,1,640000.0,1510000.0,3.0,667,940000.0, Rejected
2886,1, Not Graduate,1,320000.0,740000.0,4.0,829,85000.0, Rejected
2887,3, Graduate,0,110000.0,400000.0,21.0,476,75000.0, Rejected
2888,1, Graduate,0,20000.0,380000.0,24.0,518,5000.0, Rejected
2889,5, Not Graduate,0,0.0,360000.0,12.0,732,0.0, Rejected
2890,0, Not Graduate,0,150000.0,280000.0,4.0,782,215000.0, Rejected
2891,4, Graduate,0,60000.0,360000.0,22.0,328,50000.0, Rejected
2892,4, Graduate,1,470000.0,2370000.0,11.0,801,315000.0, Rejected
2893,5, Not Graduate,1,520000.0,2620000.0,14.0,513,715000.0, Rejected
2894,0, Graduate,0,20000.0,580000.0,24.0,823,5000.0, Rejected
2895,3, Graduate,0,20000.0,650000.0,11.0,858,25000.0, Rejected
2896,4, Not Graduate,1,450000.0,730000.0,3.0,697,290000.0, Rejected
2897,3, Graduate,1,370000.0,1150000.0,18.0,623,325000.0, Rejected
2898,4, Graduate,0,0.0,510000.0,23.0,667,0.0, Rejected
2899,3, Graduate,0,150000.0,730000.0,13.0,722,145000.0, Rejected
2900,4, Graduate,0,40000.0,690000.0,25.0,854,55000.0, Rejected
2901,3, Graduate,0,140000.0,560000.0,18.0,726,200000.0, Rejected
2902,5, Not Graduate,0,90000.0,160000.0,3.0,509,115000.0, Rejected
2903,1, Graduate,0,60000.0,600000.0,16.0,873,20000.0, Rejected
2904,3, Graduate,1,910000.0,2500000.0,4.0,826,515000.0, Rejected
2905,1, Graduate,0,50000.0,210000.0,1.0,851,40000.0, Rejected
2906,1, Graduate,0,60000.0,280000.0,2.0,737,80000.0, Rejected
2907,0, Not Graduate,0,0.0,580000.0,20.0,669,0.0, Rejected
2908,5, Graduate,1,1060000.0,2380000.0,4.0,649,1555000.0, Rejected
2909,1, Graduate,1,510000.0,3290000.0,21.0,638,755000.0, Rejected
2910,2, Graduate,0,20000.0,620000.0,14.0,783,20000.0, Rejected
2911,1, Graduate,0,60000.0,160000.0,5.0,759,80000.0, Rejected
2912,3, Graduate,1,1130000.0,4470000.0,18.0,606,1695000.0, Rejected
2913,1, Not Graduate,0,90000.0,420000.0,10.0,766,115000.0, Rejected
2914,3, Not Graduate,0,40000.0,90000.0,2.0,676,40000.0, Rejected
2915,3, Graduate,0,80000.0,160000.0,3.0,611,105000.0, Rejected
2916,2, Graduate,0,90000.0,190000.0,2.0,860,20000.0, Rejected
2917,1, Not Graduate,0,50000.0,390000.0,14.0,680,50000.0, Rejected
2918,1, Not Graduate,1,480000.0,750000.0,1.0,636,195000.0, Rejected
2919,4, Graduate,1,580000.0,3550000.0,24.0,614,150000.0, Rejected
2920,4, Graduate,0,60000.0,60000.0,4.0,664,80000.0, Rejected
2921,0, Graduate,1,470000.0,2680000.0,25.0,899,470000.0, Rejected
2922,3, Not Graduate,0,60000.0,500000.0,14.0,832,25000.0, Rejected
2923,2, Not Graduate,0,0.0,200000.0,3.0,729,0.0, Rejected
2924,4, Graduate,0,0.0,480000.0,18.0,847,0.0, Rejected
2925,1, Graduate,1,630000.0,2220000.0,15.0,688,825000.0, Approved
2926,0, Not Graduate,0,150000.0,550000.0,25.0,690,20000.0, Rejected
2927,2, Not Graduate,0,10000.0,350000.0,14.0,780,15000.0, Rejected
2928,5, Not Graduate,1,310000.0,210000.0,4.0,618,190000.0, Rejected
2929,1, Not Graduate,1,590000.0,3040000.0,12.0,792,635000.0, Rejected
2930,1, Graduate,1,300000.0,1300000.0,23.0,834,330000.0, Rejected
2931,5, Graduate,0,0.0,100000.0,4.0,770,0.0, Rejected
2932,3, Graduate,0,120000.0,310000.0,1.0,607,160000.0, Rejected
2933,3, Graduate,0,80000.0,430000.0,10.0,583,40000.0, Rejected
2934,4, Graduate,0,120000.0,580000.0,22.0,716,120000.0, Rejected
2935,4, Not Graduate,1,190000.0,1180000.0,13.0,842,125000.0, Rejected
2936,1, Graduate,0,40000.0,190000.0,4.0,794,35000.0, Rejected
2937,1, Not Graduate,0,0.0,270000.0,4.0,611,0.0, Rejected
2938,4, Graduate,1,2430000.0,9870000.0,20.0,635,1590000.0, Rejected
2939,5, Not Graduate,0,100000.0,70000.0,5.0,691,75000.0, Approved
2940,4, Graduate,0,60000.0,590000.0,18.0,762,25000.0, Rejected
2941,1, Graduate,1,1460000.0,820000.0,4.0,781,1390000.0, Approved
2942,2, Graduate,1,430000.0,2820000.0,22.0,832,500000.0, Rejected
2943,1, Graduate,1,840000.0,5550000.0,16.0,820,590000.0, Rejected
2944,2, Not Graduate,0,70000.0,590000.0,21.0,831,105000.0, Rejected
2945,2, Not Graduate,0,120000.0,540000.0,15.0,851,20000.0, Rejected
2946,1, Graduate,1,330000.0,1790000.0,25.0,653,305000.0, Rejected
2947,0, Graduate,0,60000.0,630000.0,16.0,881,55000.0, Rejected
2948,4, Graduate,0,150000.0,390000.0,5.0,625,25000.0, Rejected
2949,3, Graduate,1,1140000.0,5000000.0,22.0,817,470000.0, Rejected
2950,1, Not Graduate,0,20000.0,320000.0,11.0,666,25000.0, Rejected
2951,2, Not Graduate,1,400000.0,2690000.0,11.0,444,345000.0, Rejected
2952,1, Graduate,0,60000.0,560000.0,18.0,638,45000.0, Rejected
2953,4, Not Graduate,0,20000.0,340000.0,13.0,690,15000.0, Rejected
2954,5, Graduate,0,90000.0,90000.0,5.0,792,120000.0, Rejected
2955,2, Not Graduate,1,230000.0,660000.0,4.0,611,140000.0, Rejected
2956,3, Graduate,0,20000.0,500000.0,17.0,610,25000.0, Rejected
2957,3, Not Graduate,0,40000.0,260000.0,1.0,610,20000.0, Rejected
2958,3, Not Graduate,1,730000.0,2250000.0,22.0,642,615000.0, Rejected
2959,5, Graduate,1,650000.0,3870000.0,10.0,601,195000.0, Rejected
2960,0, Not Graduate,1,380000.0,2540000.0,25.0,863,475000.0, Rejected
2961,2, Graduate,0,90000.0,480000.0,22.0,648,100000.0, Rejected
2962,5, Graduate,0,130000.0,400000.0,16.0,485,110000.0, Rejected
2963,2, Graduate,1,2180000.0,2180000.0,5.0,743,295000.0, Approved
2964,5, Not Graduate,1,440000.0,950000.0,5.0,673,340000.0, Rejected
2965,5, Not Graduate,0,100000.0,540000.0,22.0,675,40000.0, Rejected
2966,0, Not Graduate,0,90000.0,320000.0,21.0,834,60000.0, Rejected
2967,2, Not Graduate,1,280000.0,860000.0,25.0,681,365000.0, Approved
2968,5, Graduate,0,20000.0,110000.0,5.0,794,25000.0, Rejected
2969,0, Not Graduate,1,820000.0,2520000.0,15.0,651,360000.0, Approved
2970,1, Graduate,0,30000.0,370000.0,12.0,682,45000.0, Rejected
2971,4, Graduate,0,100000.0,500000.0,19.0,706,135000.0, Rejected
2972,5, Graduate,1,580000.0,1920000.0,22.0,785,485000.0, Approved
2973,3, Not Graduate,0,20000.0,510000.0,13.0,750,15000.0, Rejected
2974,0, Not Graduate,0,0.0,440000.0,24.0,837,0.0, Rejected
2975,0, Graduate,0,0.0,570000.0,17.0,725,0.0, Rejected
2976,5, Graduate,0,50000.0,200000.0,4.0,641,45000.0, Rejected
2977,0, Not Graduate,1,370000.0,950000.0,5.0,711,425000.0, Rejected
2978,1, Graduate,1,1000000.0,5420000.0,18.0,677,430000.0, Rejected
2979,0, Not Graduate,1,400000.0,2800000.0,16.0,769,530000.0, Rejected
2980,4, Not Graduate,0,60000.0,290000.0,3.0,874,50000.0, Rejected
2981,4, Graduate,0,150000.0,210000.0,5.0,656,140000.0, Rejected
2982,3, Graduate,0,20000.0,200000.0,2.0,687,5000.0, Rejected
2983,1, Not Graduate,1,290000.0,540000.0,2.0,625,155000.0, Rejected
2984,4, Not Graduate,1,360000.0,2320000.0,21.0,817,250000.0, Rejected
2985,5, Graduate,1,770000.0,4840000.0,17.0,401,525000.0, Rejected
2986,2, Not Graduate,0,90000.0,500000.0,12.0,629,105000.0, Rejected
2987,2, Graduate,0,0.0,620000.0,18.0,723,0.0, Rejected
2988,2, Graduate,0,60000.0,290000.0,5.0,653,20000.0, Rejected
2989,5, Not Graduate,0,20000.0,220000.0,1.0,607,20000.0, Rejected
2990,0, Not Graduate,0,60000.0,630000.0,10.0,646,60000.0, Rejected
2991,5, Graduate,1,370000.0,310000.0,2.0,379,100000.0, Rejected
2992,0, Not Graduate,0,150000.0,170000.0,1.0,688,15000.0, Rejected
2993,2, Graduate,0,80000.0,360000.0,16.0,890,110000.0, Rejected
2994,3, Graduate,0,0.0,610000.0,18.0,724,0.0, Rejected
2995,3, Graduate,1,710000.0,2430000.0,10.0,782,965000.0, Rejected
2996,0, Not Graduate,0,150000.0,670000.0,10.0,312,100000.0, Rejected
2997,2, Graduate,1,890000.0,4300000.0,16.0,775,905000.0, Rejected
2998,5, Graduate,1,510000.0,1610000.0,20.0,880,185000.0, Approved
2999,3, Graduate,0,30000.0,540000.0,10.0,829,40000.0, Rejected
3000,0, Not Graduate,1,1450000.0,9220000.0,21.0,886,510000.0, Rejected
3001,5, Graduate,0,100000.0,100000.0,1.0,673,65000.0, Rejected
3002,2, Not Graduate,0,110000.0,550000.0,21.0,805,50000.0, Rejected
3003,1, Graduate,1,800000.0,3020000.0,15.0,671,1020000.0, Rejected
3004,2, Graduate,1,960000.0,6100000.0,19.0,854,1250000.0, Rejected
3005,2, Graduate,0,100000.0,330000.0,10.0,639,60000.0, Rejected
3006,5, Not Graduate,0,0.0,650000.0,21.0,606,0.0, Rejected
3007,5, Not Graduate,0,70000.0,210000.0,4.0,683,85000.0, Rejected
3008,4, Graduate,0,40000.0,350000.0,15.0,797,55000.0, Rejected
3009,4, Graduate,0,110000.0,330000.0,17.0,871,105000.0, Rejected
3010,5, Graduate,0,50000.0,460000.0,19.0,454,70000.0, Rejected
3011,5, Graduate,0,140000.0,190000.0,2.0,592,90000.0, Rejected
3012,1, Graduate,1,680000.0,1670000.0,4.0,863,215000.0, Rejected
3013,1, Graduate,0,50000.0,590000.0,14.0,859,20000.0, Rejected
3014,2, Graduate,0,170000.0,90000.0,5.0,849,175000.0, Approved
3015,3, Graduate,0,90000.0,550000.0,24.0,610,60000.0, Rejected
3016,1, Graduate,1,590000.0,3840000.0,21.0,384,190000.0, Rejected
3017,2, Not Graduate,0,0.0,80000.0,5.0,694,0.0, Rejected
3018,0, Graduate,0,50000.0,300000.0,2.0,751,40000.0, Rejected
3019,4, Graduate,0,30000.0,150000.0,5.0,690,10000.0, Rejected
3020,3, Not Graduate,1,570000.0,2400000.0,10.0,771,60000.0, Rejected
3021,2, Graduate,0,30000.0,240000.0,4.0,853,40000.0, Rejected
3022,5, Graduate,1,520000.0,1400000.0,2.0,600,275000.0, Rejected
3023,0, Graduate,1,900000.0,1610000.0,3.0,770,370000.0, Rejected
3024,4, Graduate,1,480000.0,1970000.0,10.0,678,515000.0, Rejected
3025,0, Graduate,1,2700000.0,4550000.0,5.0,878,3495000.0, Approved
3026,2, Graduate,0,110000.0,360000.0,14.0,479,110000.0, Rejected
3027,1, Not Graduate,0,0.0,410000.0,16.0,774,0.0, Rejected
3028,4, Graduate,1,1170000.0,3960000.0,22.0,837,1530000.0, Approved
3029,0, Graduate,0,30000.0,580000.0,25.0,831,25000.0, Rejected
3030,1, Graduate,0,70000.0,500000.0,20.0,717,45000.0, Rejected
3031,3, Graduate,1,640000.0,970000.0,2.0,850,605000.0, Rejected
3032,2, Graduate,0,0.0,170000.0,3.0,336,0.0, Rejected
3033,2, Not Graduate,0,130000.0,180000.0,1.0,617,120000.0, Rejected
3034,4, Graduate,0,90000.0,650000.0,15.0,807,125000.0, Rejected
3035,0, Graduate,0,100000.0,420000.0,22.0,818,100000.0, Rejected
3036,3, Graduate,1,750000.0,520000.0,3.0,706,1000000.0, Approved
3037,5, Graduate,0,70000.0,220000.0,3.0,773,65000.0, Rejected
3038,4, Not Graduate,0,0.0,600000.0,19.0,720,0.0, Rejected
3039,5, Graduate,0,90000.0,290000.0,5.0,650,75000.0, Rejected
3040,4, Graduate,1,750000.0,4470000.0,22.0,712,165000.0, Rejected
3041,0, Graduate,1,1910000.0,4270000.0,2.0,890,805000.0, Rejected
3042,3, Not Graduate,0,0.0,280000.0,1.0,624,0.0, Rejected
3043,0, Graduate,1,540000.0,2620000.0,14.0,612,555000.0, Rejected
3044,2, Graduate,0,0.0,100000.0,3.0,839,0.0, Rejected
3045,5, Not Graduate,1,270000.0,1410000.0,15.0,617,195000.0, Rejected
3046,1, Not Graduate,0,70000.0,640000.0,14.0,816,20000.0, Rejected
3047,2, Graduate,1,2260000.0,8760000.0,20.0,723,2935000.0, Approved
3048,2, Graduate,0,10000.0,170000.0,4.0,805,5000.0, Rejected
3049,5, Graduate,0,90000.0,260000.0,3.0,879,90000.0, Rejected
3050,4, Graduate,0,0.0,300000.0,1.0,614,0.0, Rejected
3051,2, Graduate,1,1520000.0,10080000.0,16.0,780,1160000.0, Rejected
3052,3, Graduate,0,60000.0,590000.0,12.0,755,30000.0, Rejected
3053,2, Graduate,1,430000.0,3010000.0,19.0,674,285000.0, Rejected
3054,3, Graduate,0,100000.0,300000.0,5.0,655,125000.0, Rejected
3055,0, Graduate,0,0.0,410000.0,20.0,619,0.0, Rejected
3056,4, Not Graduate,0,60000.0,120000.0,4.0,759,70000.0, Rejected
3057,3, Graduate,1,700000.0,2650000.0,25.0,526,805000.0, Rejected
3058,2, Graduate,0,50000.0,280000.0,1.0,644,15000.0, Rejected
3059,4, Graduate,1,760000.0,2290000.0,13.0,865,180000.0, Rejected
3060,4, Not Graduate,1,440000.0,2560000.0,10.0,723,575000.0, Rejected
3061,3, Graduate,1,1030000.0,910000.0,3.0,668,1310000.0, Approved
3062,3, Graduate,0,50000.0,160000.0,4.0,620,55000.0, Rejected
3063,1, Graduate,1,790000.0,1230000.0,5.0,865,750000.0, Approved
3064,1, Graduate,1,3040000.0,15400000.0,12.0,678,1865000.0, Rejected
3065,4, Graduate,0,110000.0,710000.0,19.0,534,45000.0, Rejected
3066,5, Graduate,1,1200000.0,7480000.0,22.0,871,1240000.0, Rejected
3067,5, Graduate,0,60000.0,360000.0,14.0,806,85000.0, Rejected
3068,1, Not Graduate,0,100000.0,250000.0,4.0,829,70000.0, Rejected
3069,2, Graduate,0,30000.0,600000.0,12.0,742,15000.0, Rejected
3070,0, Graduate,0,80000.0,490000.0,16.0,657,40000.0, Rejected
3071,4, Not Graduate,0,70000.0,250000.0,3.0,747,10000.0, Rejected
3072,0, Graduate,0,130000.0,790000.0,12.0,775,110000.0, Rejected
3073,1, Graduate,1,660000.0,770000.0,2.0,843,980000.0, Rejected
3074,3, Graduate,0,20000.0,310000.0,23.0,759,25000.0, Rejected
3075,4, Graduate,0,0.0,690000.0,18.0,750,0.0, Rejected
3076,1, Not Graduate,0,0.0,650000.0,16.0,781,0.0, Rejected
3077,2, Not Graduate,0,170000.0,1030000.0,11.0,804,130000.0, Rejected
3078,4, Graduate,1,610000.0,2190000.0,23.0,853,905000.0, Rejected
3079,4, Graduate,0,40000.0,150000.0,2.0,711,30000.0, Rejected
3080,5, Not Graduate,1,430000.0,2950000.0,24.0,678,595000.0, Rejected
3081,3, Not Graduate,0,140000.0,220000.0,5.0,649,165000.0, Rejected
3082,4, Not Graduate,1,510000.0,2240000.0,13.0,630,285000.0, Rejected
3083,3, Graduate,0,0.0,360000.0,15.0,626,0.0, Rejected
3084,1, Graduate,0,70000.0,480000.0,16.0,626,45000.0, Rejected
3085,2, Not Graduate,1,310000.0,1040000.0,22.0,822,90000.0, Approved
3086,2, Graduate,0,110000.0,330000.0,3.0,896,65000.0, Rejected
3087,4, Graduate,1,780000.0,3780000.0,25.0,874,1050000.0, Rejected
3088,4, Graduate,1,570000.0,570000.0,2.0,858,660000.0, Rejected
3089,1, Graduate,0,100000.0,350000.0,19.0,626,50000.0, Rejected
3090,5, Graduate,0,40000.0,510000.0,15.0,856,25000.0, Rejected
3091,5, Graduate,0,0.0,210000.0,2.0,820,0.0, Rejected
3092,5, Not Graduate,1,900000.0,980000.0,5.0,743,615000.0, Approved
3093,3, Graduate,1,1740000.0,5030000.0,3.0,808,1400000.0, Rejected
3094,5, Not Graduate,0,100000.0,580000.0,14.0,522,110000.0, Rejected
3095,2, Graduate,0,150000.0,850000.0,17.0,708,115000.0, Rejected
3096,3, Graduate,0,20000.0,210000.0,2.0,657,5000.0, Rejected
3097,1, Not Graduate,1,290000.0,500000.0,3.0,879,240000.0, Rejected
3098,2, Graduate,0,130000.0,670000.0,14.0,793,80000.0, Rejected
3099,2, Graduate,0,70000.0,460000.0,12.0,684,35000.0, Rejected
3100,0, Graduate,1,860000.0,3120000.0,11.0,840,480000.0, Rejected
3101,1, Graduate,0,40000.0,590000.0,10.0,864,30000.0, Rejected
3102,1, Not Graduate,0,30000.0,600000.0,15.0,841,40000.0, Rejected
3103,0, Not Graduate,1,560000.0,2150000.0,24.0,723,630000.0, Approved
3104,3, Graduate,1,710000.0,4280000.0,14.0,321,735000.0, Rejected
3105,5, Graduate,0,120000.0,450000.0,17.0,835,90000.0, Rejected
3106,5, Graduate,0,90000.0,510000.0,22.0,763,10000.0, Rejected
3107,5, Not Graduate,0,130000.0,730000.0,17.0,646,75000.0, Rejected
3108,5, Graduate,0,10000.0,240000.0,5.0,631,10000.0, Rejected
3109,5, Graduate,1,1290000.0,6790000.0,21.0,644,830000.0, Rejected
3110,0, Graduate,0,20000.0,250000.0,4.0,695,20000.0, Rejected
3111,1, Graduate,1,1080000.0,5550000.0,19.0,838,420000.0, Rejected
3112,3, Graduate,1,620000.0,3100000.0,12.0,717,855000.0, Rejected
3113,2, Not Graduate,0,60000.0,580000.0,23.0,642,85000.0, Rejected
3114,5, Graduate,0,70000.0,340000.0,11.0,881,20000.0, Rejected
3115,0, Graduate,0,80000.0,430000.0,19.0,728,90000.0, Rejected
3116,3, Not Graduate,1,240000.0,610000.0,1.0,889,50000.0, Rejected
3117,3, Not Graduate,1,250000.0,1130000.0,18.0,790,235000.0, Rejected
3118,3, Graduate,0,90000.0,580000.0,23.0,704,30000.0, Rejected
3119,0, Graduate,1,1250000.0,6910000.0,22.0,884,380000.0, Rejected
3120,2, Graduate,0,70000.0,350000.0,12.0,680,5000.0, Rejected
3121,5, Graduate,1,640000.0,2110000.0,16.0,883,905000.0, Rejected
3122,3, Graduate,0,0.0,190000.0,5.0,633,0.0, Rejected
3123,0, Graduate,0,10000.0,430000.0,12.0,895,0.0, Rejected
3124,1, Graduate,1,1620000.0,8630000.0,12.0,426,1520000.0, Rejected
3125,0, Not Graduate,0,60000.0,580000.0,15.0,835,25000.0, Rejected
3126,0, Graduate,0,80000.0,250000.0,2.0,873,40000.0, Rejected
3127,0, Graduate,0,10000.0,380000.0,12.0,813,15000.0, Rejected
3128,3, Graduate,0,120000.0,320000.0,4.0,711,30000.0, Rejected
3129,0, Not Graduate,0,40000.0,650000.0,23.0,751,40000.0, Rejected
3130,1, Not Graduate,1,440000.0,2270000.0,11.0,601,290000.0, Rejected
3131,3, Not Graduate,0,120000.0,400000.0,20.0,754,45000.0, Rejected
3132,1, Not Graduate,0,0.0,290000.0,2.0,803,0.0, Rejected
3133,4, Not Graduate,1,530000.0,1360000.0,1.0,891,750000.0, Rejected
3134,0, Graduate,0,70000.0,320000.0,13.0,576,85000.0, Rejected
3135,5, Graduate,0,20000.0,430000.0,17.0,803,5000.0, Rejected
3136,5, Graduate,1,930000.0,2500000.0,2.0,814,1200000.0, Rejected
3137,3, Not Graduate,1,360000.0,840000.0,1.0,867,510000.0, Rejected
3138,5, Not Graduate,1,760000.0,4280000.0,10.0,729,370000.0, Rejected
3139,3, Graduate,1,870000.0,1350000.0,5.0,651,495000.0, Rejected
3140,0, Graduate,0,90000.0,630000.0,19.0,761,25000.0, Rejected
3141,2, Graduate,1,1520000.0,4940000.0,20.0,849,885000.0, Approved
3142,2, Not Graduate,0,40000.0,290000.0,5.0,675,40000.0, Rejected
3143,1, Graduate,1,760000.0,1410000.0,5.0,721,365000.0, Approved
3144,0, Graduate,0,0.0,250000.0,5.0,665,0.0, Rejected
3145,5, Graduate,1,350000.0,1650000.0,15.0,607,200000.0, Rejected
3146,0, Graduate,1,390000.0,1260000.0,24.0,867,285000.0, Approved
3147,4, Not Graduate,1,460000.0,2010000.0,10.0,644,410000.0, Rejected
3148,2, Graduate,0,0.0,470000.0,16.0,616,0.0, Rejected
3149,5, Not Graduate,0,0.0,180000.0,2.0,879,0.0, Rejected
3150,2, Graduate,1,670000.0,3070000.0,25.0,463,510000.0, Rejected
3151,0, Graduate,1,410000.0,1380000.0,10.0,872,195000.0, Rejected
3152,5, Graduate,0,40000.0,460000.0,11.0,787,55000.0, Rejected
3153,1, Not Graduate,1,480000.0,2140000.0,11.0,758,290000.0, Rejected
3154,0, Graduate,1,720000.0,3240000.0,11.0,645,175000.0, Rejected
3155,1, Graduate,0,20000.0,130000.0,4.0,428,5000.0, Rejected
3156,5, Graduate,1,660000.0,2230000.0,15.0,721,310000.0, Rejected
3157,2, Not Graduate,0,0.0,360000.0,12.0,785,0.0, Rejected
3158,4, Graduate,0,40000.0,460000.0,24.0,602,40000.0, Rejected
3159,3, Not Graduate,0,20000.0,180000.0,1.0,897,25000.0, Rejected
3160,2, Graduate,0,100000.0,470000.0,13.0,876,55000.0, Rejected
3161,1, Graduate,1,1820000.0,6620000.0,19.0,334,1655000.0, Rejected
3162,0, Graduate,0,10000.0,270000.0,1.0,834,10000.0, Rejected
3163,5, Graduate,1,1390000.0,5340000.0,24.0,882,915000.0, Rejected
3164,2, Graduate,1,890000.0,4440000.0,23.0,622,170000.0, Rejected
3165,4, Graduate,1,460000.0,2550000.0,18.0,632,195000.0, Rejected
3166,5, Graduate,0,0.0,250000.0,1.0,795,0.0, Rejected
3167,1, Not Graduate,1,130000.0,90000.0,3.0,824,165000.0, Approved
3168,5, Graduate,0,40000.0,80000.0,4.0,617,10000.0, Rejected
3169,5, Not Graduate,0,30000.0,500000.0,24.0,670,10000.0, Rejected
3170,0, Graduate,0,0.0,140000.0,1.0,682,0.0, Rejected
3171,3, Graduate,0,150000.0,760000.0,25.0,804,115000.0, Rejected
3172,1, Graduate,1,1590000.0,3920000.0,1.0,668,1850000.0, Rejected
3173,0, Graduate,0,90000.0,60000.0,1.0,651,35000.0, Rejected
3174,3, Graduate,1,1220000.0,1910000.0,2.0,687,1750000.0, Rejected
3175,0, Graduate,0,50000.0,590000.0,14.0,806,60000.0, Rejected
3176,3, Graduate,0,0.0,550000.0,19.0,791,0.0, Rejected
3177,3, Graduate,1,590000.0,2650000.0,16.0,797,520000.0, Rejected
3178,3, Not Graduate,1,320000.0,460000.0,3.0,356,85000.0, Rejected
3179,0, Not Graduate,0,40000.0,150000.0,2.0,534,25000.0, Rejected
3180,5, Graduate,0,170000.0,1100000.0,18.0,528,175000.0, Rejected
3181,3, Graduate,0,0.0,670000.0,25.0,662,0.0, Rejected
3182,5, Graduate,0,80000.0,610000.0,12.0,618,80000.0, Rejected
3183,1, Graduate,1,590000.0,2640000.0,14.0,655,260000.0, Rejected
3184,4, Graduate,1,820000.0,2720000.0,18.0,767,910000.0, Rejected
3185,5, Graduate,0,0.0,290000.0,3.0,606,0.0, Rejected
3186,4, Graduate,1,790000.0,520000.0,3.0,321,955000.0, Rejected
3187,3, Graduate,0,30000.0,170000.0,3.0,466,10000.0, Rejected
3188,4, Graduate,0,60000.0,420000.0,10.0,648,35000.0, Rejected
3189,4, Not Graduate,0,20000.0,140000.0,4.0,741,15000.0, Rejected
3190,3, Not Graduate,1,180000.0,1050000.0,23.0,633,125000.0, Rejected
3191,5, Graduate,0,0.0,510000.0,23.0,668,0.0, Rejected
3192,3, Not Graduate,0,0.0,440000.0,24.0,602,0.0, Rejected
3193,1, Not Graduate,0,50000.0,130000.0,3.0,810,75000.0, Rejected
3194,2, Graduate,0,0.0,360000.0,24.0,634,0.0, Rejected
3195,0, Graduate,1,1510000.0,6870000.0,25.0,661,1775000.0, Rejected
3196,3, Graduate,0,0.0,640000.0,10.0,646,0.0, Rejected
3197,3, Not Graduate,0,90000.0,500000.0,18.0,800,60000.0, Rejected
3198,4, Not Graduate,1,650000.0,2310000.0,13.0,734,640000.0, Rejected
3199,1, Graduate,1,600000.0,530000.0,2.0,631,775000.0, Rejected
3200,4, Graduate,1,510000.0,280000.0,5.0,811,385000.0, Approved
3201,5, Graduate,0,40000.0,80000.0,2.0,843,50000.0, Rejected
3202,3, Graduate,0,40000.0,260000.0,2.0,391,10000.0, Rejected
3203,3, Graduate,0,10000.0,550000.0,14.0,847,10000.0, Rejected
3204,4, Not Graduate,0,20000.0,260000.0,2.0,835,10000.0, Rejected
3205,3, Graduate,1,530000.0,2360000.0,19.0,623,340000.0, Rejected
3206,5, Not Graduate,0,130000.0,540000.0,25.0,657,115000.0, Rejected
3207,2, Not Graduate,0,30000.0,400000.0,15.0,683,25000.0, Rejected
3208,0, Not Graduate,0,0.0,600000.0,13.0,783,0.0, Rejected
3209,0, Graduate,0,10000.0,360000.0,21.0,630,5000.0, Rejected
3210,0, Graduate,1,1150000.0,4600000.0,19.0,737,1110000.0, Approved
3211,2, Graduate,0,0.0,700000.0,20.0,674,0.0, Rejected
3212,3, Graduate,0,80000.0,700000.0,24.0,672,45000.0, Rejected
3213,4, Graduate,0,0.0,210000.0,1.0,737,0.0, Rejected
3214,1, Graduate,0,120000.0,160000.0,2.0,864,140000.0, Rejected
3215,3, Graduate,0,50000.0,110000.0,3.0,631,60000.0, Rejected
3216,2, Graduate,1,760000.0,4920000.0,12.0,603,305000.0, Rejected
3217,5, Graduate,0,0.0,270000.0,2.0,609,0.0, Rejected
3218,2, Graduate,1,370000.0,1530000.0,15.0,715,160000.0, Rejected
3219,0, Not Graduate,1,640000.0,700000.0,4.0,317,855000.0, Rejected
3220,3, Not Graduate,1,430000.0,2490000.0,20.0,883,510000.0, Rejected
3221,0, Graduate,1,290000.0,1510000.0,21.0,874,60000.0, Rejected
3222,1, Graduate,0,80000.0,570000.0,25.0,810,100000.0, Rejected
3223,5, Graduate,0,60000.0,190000.0,1.0,600,10000.0, Rejected
3224,0, Graduate,0,140000.0,80000.0,3.0,773,65000.0, Approved
3225,1, Graduate,1,540000.0,1110000.0,2.0,371,750000.0, Rejected
3226,2, Not Graduate,1,460000.0,1440000.0,18.0,686,605000.0, Approved
3227,0, Graduate,1,1550000.0,6300000.0,23.0,716,1850000.0, Approved
3228,0, Graduate,0,150000.0,830000.0,24.0,754,110000.0, Rejected
3229,4, Graduate,1,800000.0,3480000.0,10.0,648,440000.0, Rejected
3230,5, Graduate,0,140000.0,690000.0,13.0,625,185000.0, Rejected
3231,5, Graduate,0,20000.0,280000.0,4.0,808,20000.0, Rejected
3232,2, Graduate,0,100000.0,50000.0,4.0,658,50000.0, Approved
3233,4, Graduate,0,70000.0,340000.0,23.0,617,50000.0, Rejected
3234,1, Graduate,0,100000.0,240000.0,5.0,381,135000.0, Rejected
3235,1, Graduate,0,0.0,200000.0,1.0,675,0.0, Rejected
3236,2, Graduate,0,100000.0,140000.0,3.0,602,100000.0, Rejected
3237,5, Graduate,1,270000.0,1670000.0,12.0,698,305000.0, Rejected
3238,1, Not Graduate,1,260000.0,1680000.0,19.0,739,40000.0, Rejected
3239,2, Graduate,1,740000.0,4220000.0,18.0,719,700000.0, Rejected
3240,1, Graduate,0,60000.0,420000.0,18.0,432,65000.0, Rejected
3241,3, Graduate,1,740000.0,610000.0,1.0,434,95000.0, Rejected
3242,0, Graduate,1,420000.0,1240000.0,5.0,699,540000.0, Rejected
3243,5, Graduate,0,120000.0,710000.0,19.0,636,170000.0, Rejected
3244,3, Graduate,0,110000.0,460000.0,18.0,662,50000.0, Rejected
3245,2, Not Graduate,0,0.0,170000.0,1.0,580,0.0, Rejected
3246,2, Graduate,0,70000.0,660000.0,19.0,765,70000.0, Rejected
3247,3, Graduate,1,620000.0,4300000.0,22.0,692,565000.0, Rejected
3248,0, Graduate,1,440000.0,2570000.0,19.0,721,565000.0, Rejected
3249,0, Not Graduate,0,100000.0,90000.0,3.0,706,50000.0, Rejected
3250,4, Graduate,1,810000.0,4520000.0,14.0,463,980000.0, Rejected
3251,1, Graduate,1,300000.0,560000.0,2.0,320,160000.0, Rejected
3252,4, Graduate,1,440000.0,270000.0,2.0,782,530000.0, Approved
3253,0, Graduate,0,0.0,60000.0,1.0,840,0.0, Rejected
3254,3, Graduate,1,980000.0,4540000.0,24.0,757,260000.0, Rejected
3255,1, Graduate,0,0.0,150000.0,2.0,651,0.0, Rejected
3256,3, Graduate,0,90000.0,230000.0,4.0,641,40000.0, Rejected
3257,4, Graduate,0,20000.0,280000.0,4.0,704,5000.0, Rejected
3258,2, Graduate,0,110000.0,460000.0,20.0,716,30000.0, Rejected
3259,3, Graduate,1,1330000.0,8770000.0,23.0,667,1585000.0, Rejected
3260,4, Not Graduate,0,30000.0,130000.0,5.0,812,40000.0, Rejected
3261,4, Graduate,0,140000.0,770000.0,24.0,620,195000.0, Rejected
3262,4, Graduate,0,0.0,540000.0,18.0,859,0.0, Rejected
3263,2, Graduate,1,980000.0,4420000.0,10.0,781,1235000.0, Rejected
3264,2, Graduate,0,60000.0,160000.0,2.0,669,10000.0, Rejected
3265,2, Not Graduate,1,160000.0,680000.0,11.0,654,195000.0, Rejected
3266,1, Graduate,0,100000.0,670000.0,11.0,873,120000.0, Rejected
3267,2, Graduate,0,60000.0,140000.0,5.0,868,15000.0, Rejected
3268,2, Graduate,0,10000.0,400000.0,25.0,701,10000.0, Rejected
3269,2, Graduate,0,30000.0,190000.0,1.0,689,20000.0, Rejected
3270,3, Graduate,0,90000.0,160000.0,1.0,777,120000.0, Rejected
3271,2, Graduate,0,150000.0,440000.0,2.0,346,160000.0, Rejected
3272,1, Graduate,1,1140000.0,5810000.0,14.0,618,1630000.0, Rejected
3273,4, Not Graduate,1,300000.0,810000.0,5.0,607,75000.0, Rejected
3274,3, Graduate,0,90000.0,570000.0,23.0,722,15000.0, Rejected
3275,0, Not Graduate,0,50000.0,650000.0,18.0,869,75000.0, Rejected
3276,2, Not Graduate,1,240000.0,190000.0,5.0,852,50000.0, Approved
3277,4, Not Graduate,0,80000.0,100000.0,3.0,825,50000.0, Rejected
3278,4, Graduate,0,60000.0,60000.0,3.0,468,60000.0, Rejected
3279,3, Graduate,1,930000.0,1410000.0,3.0,673,1240000.0, Rejected
3280,0, Not Graduate,1,410000.0,2130000.0,24.0,707,185000.0, Rejected
3281,5, Graduate,0,20000.0,160000.0,2.0,606,5000.0, Rejected
3282,1, Graduate,0,140000.0,720000.0,15.0,863,115000.0, Rejected
3283,5, Not Graduate,0,10000.0,340000.0,23.0,676,10000.0, Rejected
3284,4, Not Graduate,1,320000.0,1280000.0,21.0,541,170000.0, Rejected
3285,5, Graduate,0,120000.0,480000.0,11.0,722,160000.0, Rejected
3286,4, Graduate,0,150000.0,200000.0,4.0,649,170000.0, Rejected
3287,5, Graduate,0,60000.0,430000.0,10.0,742,80000.0, Rejected
3288,4, Not Graduate,0,0.0,530000.0,24.0,619,0.0, Rejected
3289,4, Not Graduate,1,500000.0,1200000.0,2.0,558,535000.0, Rejected
3290,3, Graduate,1,560000.0,1330000.0,5.0,658,820000.0, Rejected
3291,0, Graduate,1,1250000.0,3290000.0,2.0,334,1195000.0, Rejected
3292,4, Not Graduate,0,100000.0,470000.0,19.0,734,35000.0, Rejected
3293,1, Graduate,0,20000.0,160000.0,2.0,656,30000.0, Rejected
3294,1, Graduate,0,50000.0,140000.0,5.0,609,40000.0, Rejected
3295,2, Not Graduate,0,30000.0,270000.0,2.0,536,40000.0, Rejected
3296,4, Graduate,1,2270000.0,9740000.0,17.0,803,700000.0, Rejected
3297,4, Graduate,0,80000.0,420000.0,11.0,697,85000.0, Rejected
3298,4, Graduate,0,40000.0,690000.0,17.0,693,55000.0, Rejected
3299,5, Graduate,0,10000.0,690000.0,15.0,623,10000.0, Rejected
3300,4, Not Graduate,1,270000.0,1290000.0,21.0,638,135000.0, Rejected
3301,4, Graduate,0,40000.0,240000.0,4.0,782,10000.0, Rejected
3302,1, Not Graduate,0,60000.0,180000.0,4.0,818,30000.0, Rejected
3303,0, Graduate,0,70000.0,600000.0,12.0,519,40000.0, Rejected
3304,0, Graduate,1,2000000.0,5770000.0,1.0,752,2190000.0, Rejected
3305,2, Graduate,0,0.0,660000.0,25.0,834,0.0, Rejected
3306,1, Graduate,1,970000.0,3020000.0,18.0,741,240000.0, Approved
3307,4, Graduate,1,500000.0,2580000.0,24.0,608,320000.0, Rejected
3308,0, Graduate,0,100000.0,540000.0,22.0,400,75000.0, Rejected
3309,3, Graduate,1,530000.0,2740000.0,19.0,383,520000.0, Rejected
3310,3, Graduate,0,40000.0,650000.0,20.0,853,45000.0, Rejected
3311,3, Not Graduate,1,260000.0,1060000.0,20.0,702,350000.0, Rejected
3312,4, Graduate,0,30000.0,180000.0,4.0,312,15000.0, Rejected
3313,4, Not Graduate,0,50000.0,700000.0,11.0,862,40000.0, Rejected
3314,2, Graduate,0,70000.0,120000.0,3.0,652,45000.0, Rejected
3315,2, Graduate,0,10000.0,70000.0,4.0,665,0.0, Rejected
3316,2, Graduate,1,240000.0,920000.0,21.0,871,220000.0, Approved
3317,5, Graduate,0,80000.0,160000.0,2.0,811,100000.0, Rejected
3318,3, Graduate,1,710000.0,3230000.0,12.0,624,105000.0, Rejected
3319,4, Not Graduate,0,10000.0,650000.0,24.0,821,0.0, Rejected
3320,3, Not Graduate,1,480000.0,350000.0,2.0,651,535000.0, Rejected
3321,2, Graduate,0,50000.0,340000.0,11.0,759,55000.0, Rejected
3322,4, Graduate,0,20000.0,510000.0,11.0,672,15000.0, Rejected
3323,1, Not Graduate,0,60000.0,180000.0,2.0,896,60000.0, Rejected
3324,0, Graduate,1,1790000.0,12460000.0,11.0,701,2570000.0, Rejected
3325,0, Not Graduate,0,0.0,630000.0,11.0,515,0.0, Rejected
3326,2, Not Graduate,0,30000.0,60000.0,5.0,629,15000.0, Rejected
3327,3, Not Graduate,0,0.0,310000.0,11.0,757,0.0, Rejected
3328,1, Graduate,1,1070000.0,4250000.0,13.0,837,1190000.0, Rejected
3329,4, Graduate,0,60000.0,520000.0,21.0,647,35000.0, Rejected
3330,3, Graduate,0,120000.0,460000.0,23.0,844,180000.0, Rejected
3331,2, Graduate,0,0.0,270000.0,4.0,897,0.0, Rejected
3332,3, Not Graduate,1,230000.0,1580000.0,10.0,665,140000.0, Rejected
3333,2, Graduate,1,1020000.0,760000.0,3.0,831,315000.0, Approved
3334,5, Graduate,0,110000.0,200000.0,2.0,727,100000.0, Rejected
3335,0, Not Graduate,0,10000.0,100000.0,1.0,805,5000.0, Rejected
3336,0, Not Graduate,0,20000.0,430000.0,21.0,894,25000.0, Rejected
3337,3, Not Graduate,0,20000.0,90000.0,5.0,805,15000.0, Rejected
3338,1, Not Graduate,0,50000.0,620000.0,19.0,724,25000.0, Rejected
3339,4, Graduate,1,1010000.0,1420000.0,1.0,678,935000.0, Rejected
3340,2, Graduate,0,60000.0,120000.0,5.0,739,20000.0, Rejected
3341,4, Not Graduate,1,280000.0,1740000.0,21.0,814,250000.0, Rejected
3342,0, Graduate,0,30000.0,260000.0,2.0,464,5000.0, Rejected
3343,1, Graduate,1,520000.0,2580000.0,12.0,536,495000.0, Rejected
3344,1, Graduate,0,100000.0,660000.0,20.0,675,85000.0, Rejected
3345,4, Graduate,0,80000.0,70000.0,4.0,632,65000.0, Rejected
3346,0, Not Graduate,0,60000.0,100000.0,2.0,529,65000.0, Rejected
3347,4, Graduate,0,60000.0,260000.0,2.0,740,10000.0, Rejected
3348,3, Graduate,0,130000.0,300000.0,2.0,577,95000.0, Rejected
3349,1, Graduate,1,680000.0,2900000.0,10.0,470,490000.0, Rejected
3350,1, Graduate,1,580000.0,3050000.0,20.0,731,430000.0, Rejected
3351,3, Graduate,0,20000.0,260000.0,1.0,344,30000.0, Rejected
3352,0, Graduate,0,30000.0,480000.0,10.0,719,10000.0, Rejected
3353,1, Not Graduate,0,0.0,490000.0,15.0,764,0.0, Rejected
3354,5, Graduate,0,60000.0,260000.0,3.0,853,40000.0, Rejected
3355,5, Graduate,0,0.0,180000.0,5.0,739,0.0, Rejected
3356,5, Graduate,1,1010000.0,2620000.0,4.0,777,1180000.0, Rejected
3357,2, Graduate,1,1780000.0,1700000.0,3.0,858,570000.0, Approved
3358,2, Graduate,1,310000.0,680000.0,3.0,682,360000.0, Rejected
3359,0, Not Graduate,0,60000.0,440000.0,18.0,704,10000.0, Rejected
3360,3, Graduate,1,540000.0,2130000.0,20.0,634,420000.0, Rejected
3361,4, Not Graduate,1,590000.0,1610000.0,3.0,681,670000.0, Rejected
3362,0, Graduate,0,50000.0,150000.0,4.0,778,20000.0, Rejected
3363,4, Graduate,0,110000.0,700000.0,12.0,800,130000.0, Rejected
3364,0, Graduate,1,1820000.0,1250000.0,2.0,670,605000.0, Approved
3365,2, Not Graduate,0,0.0,520000.0,18.0,619,0.0, Rejected
3366,5, Graduate,0,10000.0,600000.0,22.0,625,10000.0, Rejected
3367,3, Graduate,0,90000.0,450000.0,16.0,612,95000.0, Rejected
3368,2, Graduate,0,50000.0,420000.0,14.0,688,70000.0, Rejected
3369,3, Graduate,0,0.0,210000.0,3.0,726,0.0, Rejected
3370,4, Graduate,1,1540000.0,8830000.0,19.0,637,655000.0, Rejected
3371,0, Graduate,1,580000.0,3640000.0,24.0,613,760000.0, Rejected
3372,1, Graduate,1,660000.0,680000.0,2.0,667,215000.0, Rejected
3373,1, Graduate,0,110000.0,170000.0,3.0,728,110000.0, Rejected
3374,3, Graduate,1,1330000.0,4100000.0,25.0,831,1850000.0, Approved
3375,5, Not Graduate,0,0.0,110000.0,4.0,765,0.0, Rejected
3376,5, Not Graduate,0,30000.0,650000.0,20.0,619,10000.0, Rejected
3377,3, Not Graduate,0,30000.0,220000.0,4.0,305,10000.0, Rejected
3378,2, Graduate,0,90000.0,330000.0,22.0,638,40000.0, Rejected
3379,1, Graduate,0,0.0,470000.0,15.0,733,0.0, Rejected
3380,2, Graduate,0,120000.0,830000.0,11.0,653,40000.0, Rejected
3381,4, Graduate,0,130000.0,680000.0,16.0,693,160000.0, Rejected
3382,1, Graduate,0,20000.0,690000.0,17.0,584,10000.0, Rejected
3383,4, Graduate,1,1310000.0,7840000.0,24.0,365,1850000.0, Rejected
3384,0, Graduate,0,0.0,420000.0,20.0,872,0.0, Rejected
3385,2, Graduate,1,490000.0,320000.0,2.0,665,670000.0, Approved
3386,3, Not Graduate,0,0.0,280000.0,2.0,633,0.0, Rejected
3387,1, Graduate,0,100000.0,680000.0,13.0,833,90000.0, Rejected
3388,2, Graduate,1,420000.0,840000.0,4.0,675,230000.0, Rejected
3389,3, Graduate,0,100000.0,620000.0,22.0,583,45000.0, Rejected
3390,0, Graduate,0,130000.0,80000.0,3.0,767,125000.0, Approved
3391,1, Graduate,1,340000.0,280000.0,3.0,306,425000.0, Rejected
3392,4, Not Graduate,0,0.0,260000.0,5.0,624,0.0, Rejected
3393,0, Not Graduate,1,320000.0,1950000.0,17.0,640,155000.0, Rejected
3394,5, Graduate,0,100000.0,330000.0,19.0,868,40000.0, Rejected
3395,3, Not Graduate,0,40000.0,230000.0,5.0,653,50000.0, Rejected
3396,1, Not Graduate,0,60000.0,550000.0,20.0,678,85000.0, Rejected
3397,1, Not Graduate,0,30000.0,230000.0,2.0,754,5000.0, Rejected
3398,0, Not Graduate,1,440000.0,1880000.0,14.0,896,280000.0, Rejected
3399,1, Graduate,1,900000.0,3280000.0,21.0,886,1240000.0, Approved
3400,3, Graduate,0,100000.0,130000.0,5.0,733,60000.0, Rejected
3401,0, Graduate,0,60000.0,610000.0,19.0,645,65000.0, Rejected
3402,4, Graduate,1,1120000.0,1130000.0,4.0,846,270000.0, Approved
3403,0, Not Graduate,0,140000.0,690000.0,23.0,639,100000.0, Rejected
3404,0, Graduate,0,110000.0,240000.0,5.0,750,90000.0, Rejected
3405,4, Not Graduate,0,80000.0,700000.0,19.0,767,95000.0, Rejected
3406,5, Not Graduate,0,100000.0,500000.0,12.0,664,50000.0, Rejected
3407,3, Not Graduate,1,490000.0,2400000.0,19.0,728,230000.0, Rejected
3408,5, Not Graduate,1,390000.0,1990000.0,21.0,781,205000.0, Rejected
3409,5, Graduate,0,60000.0,570000.0,22.0,899,55000.0, Rejected
3410,5, Graduate,0,40000.0,130000.0,3.0,866,55000.0, Rejected
3411,2, Graduate,0,40000.0,490000.0,23.0,677,50000.0, Rejected
3412,5, Graduate,0,30000.0,550000.0,17.0,867,5000.0, Rejected
3413,2, Graduate,0,110000.0,510000.0,12.0,780,145000.0, Rejected
3414,4, Graduate,1,1340000.0,8200000.0,23.0,470,310000.0, Rejected
3415,3, Not Graduate,0,10000.0,380000.0,21.0,615,5000.0, Rejected
3416,5, Graduate,0,130000.0,210000.0,3.0,818,150000.0, Rejected
3417,1, Graduate,0,40000.0,460000.0,24.0,640,10000.0, Rejected
3418,4, Graduate,0,70000.0,610000.0,14.0,605,10000.0, Rejected
3419,2, Graduate,0,70000.0,410000.0,16.0,716,40000.0, Rejected
3420,3, Graduate,1,550000.0,1150000.0,2.0,443,615000.0, Rejected
3421,0, Not Graduate,0,70000.0,350000.0,22.0,789,60000.0, Rejected
3422,3, Graduate,1,1080000.0,3480000.0,21.0,633,740000.0, Rejected
3423,3, Not Graduate,0,50000.0,660000.0,16.0,619,60000.0, Rejected
3424,5, Graduate,0,0.0,220000.0,2.0,878,0.0, Rejected
3425,5, Not Graduate,0,0.0,320000.0,16.0,703,0.0, Rejected
3426,2, Graduate,0,110000.0,670000.0,17.0,816,80000.0, Rejected
3427,2, Graduate,0,50000.0,600000.0,17.0,662,5000.0, Rejected
3428,5, Graduate,0,20000.0,110000.0,2.0,651,5000.0, Rejected
3429,5, Not Graduate,1,280000.0,170000.0,3.0,824,320000.0, Approved
3430,1, Graduate,1,1270000.0,1250000.0,3.0,786,1465000.0, Approved
3431,1, Graduate,0,110000.0,360000.0,15.0,655,160000.0, Rejected
3432,4, Not Graduate,0,20000.0,480000.0,20.0,841,5000.0, Rejected
3433,5, Not Graduate,0,100000.0,390000.0,18.0,697,25000.0, Rejected
3434,0, Graduate,0,40000.0,180000.0,5.0,877,10000.0, Rejected
3435,1, Not Graduate,0,80000.0,60000.0,5.0,652,30000.0, Approved
3436,2, Graduate,1,390000.0,2320000.0,21.0,647,330000.0, Rejected
3437,3, Graduate,0,60000.0,670000.0,23.0,512,90000.0, Rejected
3438,4, Graduate,0,10000.0,260000.0,2.0,652,10000.0, Rejected
3439,1, Not Graduate,0,80000.0,70000.0,1.0,334,65000.0, Rejected
3440,3, Not Graduate,0,30000.0,550000.0,13.0,689,30000.0, Rejected
3441,3, Graduate,1,510000.0,680000.0,3.0,411,105000.0, Rejected
3442,1, Graduate,0,120000.0,770000.0,18.0,690,150000.0, Rejected
3443,0, Graduate,0,0.0,120000.0,5.0,711,0.0, Rejected
3444,0, Not Graduate,1,310000.0,890000.0,5.0,781,105000.0, Rejected
3445,4, Not Graduate,0,130000.0,720000.0,23.0,386,130000.0, Rejected
3446,0, Graduate,1,630000.0,810000.0,5.0,885,590000.0, Approved
3447,4, Not Graduate,0,50000.0,360000.0,12.0,603,10000.0, Rejected
3448,2, Not Graduate,0,40000.0,110000.0,5.0,627,20000.0, Rejected
3449,1, Graduate,1,970000.0,5000000.0,18.0,671,630000.0, Rejected
3450,3, Graduate,0,150000.0,260000.0,4.0,747,65000.0, Rejected
3451,4, Graduate,0,0.0,110000.0,4.0,765,0.0, Rejected
3452,0, Graduate,0,20000.0,450000.0,15.0,702,20000.0, Rejected
3453,4, Graduate,0,40000.0,580000.0,22.0,393,30000.0, Rejected
3454,5, Graduate,1,1080000.0,6810000.0,18.0,690,1115000.0, Rejected
3455,4, Not Graduate,1,470000.0,640000.0,5.0,411,675000.0, Rejected
3456,0, Graduate,1,620000.0,3910000.0,18.0,379,635000.0, Rejected
3457,5, Graduate,1,1820000.0,6380000.0,11.0,682,1665000.0, Rejected
3458,5, Graduate,0,10000.0,320000.0,25.0,830,15000.0, Rejected
3459,0, Graduate,0,100000.0,410000.0,23.0,761,100000.0, Rejected
3460,5, Graduate,0,30000.0,450000.0,21.0,835,10000.0, Rejected
3461,1, Graduate,0,0.0,390000.0,12.0,853,0.0, Rejected
3462,3, Graduate,0,30000.0,260000.0,1.0,790,35000.0, Rejected
3463,1, Graduate,1,940000.0,4800000.0,23.0,552,1065000.0, Rejected
3464,1, Graduate,0,40000.0,300000.0,15.0,704,60000.0, Rejected
3465,0, Graduate,0,40000.0,390000.0,20.0,655,40000.0, Rejected
3466,0, Not Graduate,0,50000.0,230000.0,2.0,691,70000.0, Rejected
3467,3, Graduate,1,800000.0,530000.0,4.0,771,140000.0, Approved
3468,4, Graduate,1,840000.0,1690000.0,5.0,735,750000.0, Rejected
3469,1, Not Graduate,1,320000.0,560000.0,2.0,814,445000.0, Rejected
3470,5, Graduate,0,0.0,470000.0,18.0,872,0.0, Rejected
3471,3, Graduate,1,1950000.0,7620000.0,10.0,804,620000.0, Rejected
3472,1, Not Graduate,0,60000.0,510000.0,11.0,723,35000.0, Rejected
3473,4, Graduate,1,590000.0,2400000.0,18.0,846,715000.0, Rejected
3474,5, Graduate,0,0.0,180000.0,4.0,729,0.0, Rejected
3475,1, Not Graduate,0,0.0,110000.0,1.0,884,0.0, Rejected
3476,2, Not Graduate,0,60000.0,530000.0,24.0,782,15000.0, Rejected
3477,3, Not Graduate,1,330000.0,560000.0,4.0,795,235000.0, Rejected
3478,0, Graduate,0,110000.0,420000.0,22.0,886,160000.0, Rejected
3479,1, Graduate,1,990000.0,6070000.0,25.0,666,370000.0, Rejected
3480,5, Graduate,0,40000.0,280000.0,1.0,653,5000.0, Rejected
3481,5, Graduate,0,130000.0,190000.0,5.0,682,90000.0, Rejected
3482,3, Graduate,0,10000.0,460000.0,19.0,452,10000.0, Rejected
3483,3, Graduate,0,90000.0,150000.0,2.0,644,45000.0, Rejected
3484,5, Not Graduate,0,30000.0,570000.0,18.0,845,25000.0, Rejected
3485,5, Graduate,0,0.0,200000.0,1.0,823,0.0, Rejected
3486,5, Graduate,1,930000.0,4010000.0,20.0,889,500000.0, Rejected
3487,1, Graduate,0,0.0,130000.0,4.0,383,0.0, Rejected
3488,5, Graduate,1,840000.0,5170000.0,18.0,791,650000.0, Rejected
3489,0, Graduate,0,90000.0,620000.0,10.0,605,75000.0, Rejected
3490,5, Graduate,1,350000.0,1120000.0,20.0,386,35000.0, Rejected
3491,0, Graduate,0,160000.0,1050000.0,21.0,785,155000.0, Rejected
3492,1, Graduate,0,50000.0,160000.0,3.0,873,75000.0, Rejected
3493,3, Not Graduate,0,120000.0,260000.0,2.0,691,60000.0, Rejected
3494,0, Not Graduate,0,20000.0,410000.0,17.0,457,20000.0, Rejected
3495,1, Graduate,1,780000.0,4990000.0,12.0,886,85000.0, Rejected
3496,5, Graduate,0,80000.0,390000.0,22.0,633,75000.0, Rejected
3497,1, Not Graduate,0,110000.0,260000.0,2.0,691,80000.0, Rejected
3498,5, Not Graduate,1,410000.0,2740000.0,25.0,638,345000.0, Rejected
3499,1, Graduate,0,80000.0,120000.0,1.0,884,70000.0, Rejected
3500,3, Not Graduate,1,500000.0,600000.0,1.0,719,175000.0, Rejected
3501,0, Graduate,0,90000.0,80000.0,5.0,641,105000.0, Rejected
3502,3, Not Graduate,1,1560000.0,10870000.0,15.0,771,1370000.0, Rejected
3503,2, Not Graduate,0,70000.0,420000.0,16.0,610,35000.0, Rejected
3504,5, Graduate,0,60000.0,550000.0,16.0,642,85000.0, Rejected
3505,0, Not Graduate,0,10000.0,440000.0,20.0,574,0.0, Rejected
3506,3, Graduate,1,400000.0,860000.0,1.0,879,445000.0, Rejected
3507,0, Not Graduate,0,100000.0,630000.0,11.0,599,65000.0, Rejected
3508,2, Graduate,0,50000.0,330000.0,21.0,653,40000.0, Rejected
3509,4, Not Graduate,1,220000.0,330000.0,1.0,391,110000.0, Rejected
3510,5, Graduate,1,650000.0,1410000.0,4.0,650,355000.0, Rejected
3511,5, Graduate,1,720000.0,1420000.0,5.0,852,85000.0, Rejected
3512,1, Graduate,1,470000.0,1700000.0,25.0,625,525000.0, Rejected
3513,5, Not Graduate,0,50000.0,240000.0,5.0,871,55000.0, Rejected
3514,5, Not Graduate,0,170000.0,590000.0,12.0,605,175000.0, Rejected
3515,3, Not Graduate,1,320000.0,2010000.0,16.0,781,425000.0, Rejected
3516,5, Not Graduate,1,540000.0,1940000.0,18.0,612,735000.0, Rejected
3517,5, Graduate,0,20000.0,390000.0,12.0,663,20000.0, Rejected
3518,2, Graduate,0,30000.0,380000.0,15.0,676,30000.0, Rejected
3519,2, Graduate,1,1020000.0,4440000.0,14.0,833,120000.0, Rejected
3520,0, Graduate,0,20000.0,230000.0,3.0,793,25000.0, Rejected
3521,0, Graduate,0,0.0,540000.0,13.0,652,0.0, Rejected
3522,5, Graduate,0,0.0,300000.0,25.0,831,0.0, Rejected
3523,5, Graduate,0,90000.0,270000.0,4.0,662,75000.0, Rejected
3524,1, Graduate,1,3250000.0,2540000.0,5.0,741,4450000.0, Approved
3525,0, Graduate,0,20000.0,560000.0,23.0,844,5000.0, Rejected
3526,3, Graduate,1,1400000.0,720000.0,5.0,629,830000.0, Rejected
3527,5, Not Graduate,0,20000.0,240000.0,5.0,706,10000.0, Rejected
3528,3, Not Graduate,0,80000.0,570000.0,18.0,322,50000.0, Rejected
3529,5, Not Graduate,1,630000.0,2600000.0,19.0,847,100000.0, Rejected
3530,3, Graduate,0,60000.0,380000.0,14.0,780,30000.0, Rejected
3531,4, Graduate,0,40000.0,560000.0,19.0,814,20000.0, Rejected
3532,3, Not Graduate,0,80000.0,580000.0,16.0,884,105000.0, Rejected
3533,0, Graduate,0,0.0,580000.0,12.0,873,0.0, Rejected
3534,5, Graduate,0,100000.0,170000.0,2.0,453,75000.0, Rejected
3535,0, Graduate,1,580000.0,2360000.0,19.0,647,365000.0, Rejected
3536,3, Graduate,1,900000.0,3800000.0,12.0,791,240000.0, Rejected
3537,2, Graduate,1,1050000.0,5820000.0,12.0,750,1560000.0, Rejected
3538,2, Graduate,0,20000.0,570000.0,19.0,674,25000.0, Rejected
3539,2, Graduate,0,90000.0,150000.0,1.0,668,75000.0, Rejected
3540,5, Graduate,0,0.0,460000.0,21.0,625,0.0, Rejected
3541,1, Graduate,0,60000.0,510000.0,19.0,859,60000.0, Rejected
3542,4, Not Graduate,0,70000.0,160000.0,4.0,839,40000.0, Rejected
3543,3, Graduate,0,0.0,290000.0,4.0,802,0.0, Rejected
3544,1, Graduate,1,1050000.0,4640000.0,16.0,488,700000.0, Rejected
3545,2, Not Graduate,0,30000.0,330000.0,19.0,680,45000.0, Rejected
3546,3, Graduate,0,0.0,330000.0,22.0,759,0.0, Rejected
3547,1, Graduate,1,610000.0,1100000.0,2.0,612,510000.0, Rejected
3548,0, Graduate,0,120000.0,310000.0,2.0,875,15000.0, Rejected
3549,2, Graduate,1,990000.0,6500000.0,21.0,648,270000.0, Rejected
3550,1, Graduate,1,1300000.0,5390000.0,12.0,657,1200000.0, Rejected
3551,5, Not Graduate,1,430000.0,1500000.0,16.0,798,220000.0, Rejected
3552,0, Graduate,0,10000.0,370000.0,13.0,888,15000.0, Rejected
3553,2, Graduate,1,740000.0,3040000.0,12.0,738,495000.0, Rejected
3554,4, Graduate,0,0.0,380000.0,19.0,739,0.0, Rejected
3555,2, Graduate,1,410000.0,850000.0,2.0,602,355000.0, Rejected
3556,5, Graduate,0,90000.0,430000.0,21.0,653,110000.0, Rejected
3557,4, Graduate,0,30000.0,540000.0,22.0,629,5000.0, Rejected
3558,4, Graduate,0,0.0,550000.0,10.0,742,0.0, Rejected
3559,4, Graduate,0,0.0,390000.0,16.0,692,0.0, Rejected
3560,3, Graduate,1,490000.0,580000.0,3.0,869,120000.0, Rejected
3561,3, Graduate,1,830000.0,4310000.0,14.0,689,1130000.0, Rejected
3562,4, Not Graduate,1,620000.0,1700000.0,2.0,784,290000.0, Rejected
3563,0, Graduate,0,60000.0,610000.0,18.0,900,20000.0, Rejected
3564,4, Graduate,1,620000.0,460000.0,5.0,752,575000.0, Approved
3565,1, Graduate,0,60000.0,140000.0,5.0,636,20000.0, Rejected
3566,4, Not Graduate,1,590000.0,1580000.0,3.0,808,620000.0, Rejected
3567,3, Graduate,1,760000.0,3360000.0,19.0,710,595000.0, Rejected
3568,3, Graduate,0,70000.0,560000.0,10.0,763,20000.0, Rejected
3569,1, Not Graduate,1,180000.0,650000.0,18.0,680,250000.0, Approved
3570,1, Not Graduate,0,0.0,610000.0,20.0,689,0.0, Rejected
3571,2, Graduate,0,70000.0,160000.0,1.0,711,60000.0, Rejected
3572,0, Graduate,0,0.0,150000.0,4.0,666,0.0, Rejected
3573,0, Not Graduate,0,50000.0,410000.0,16.0,601,15000.0, Rejected
3574,0, Not Graduate,1,680000.0,4210000.0,20.0,742,740000.0, Rejected
3575,5, Not Graduate,0,0.0,570000.0,19.0,638,0.0, Rejected
3576,3, Graduate,0,50000.0,250000.0,4.0,663,15000.0, Rejected
3577,0, Graduate,0,70000.0,430000.0,16.0,743,55000.0, Rejected
3578,2, Graduate,1,650000.0,1160000.0,5.0,698,505000.0, Approved
3579,2, Not Graduate,1,320000.0,980000.0,21.0,859,190000.0, Approved
3580,0, Graduate,1,710000.0,1080000.0,1.0,754,855000.0, Rejected
3581,1, Graduate,1,460000.0,1950000.0,15.0,595,110000.0, Rejected
3582,2, Not Graduate,0,50000.0,520000.0,14.0,657,20000.0, Rejected
3583,1, Graduate,0,0.0,680000.0,20.0,361,0.0, Rejected
3584,3, Not Graduate,0,40000.0,130000.0,4.0,737,25000.0, Rejected
3585,5, Graduate,0,70000.0,490000.0,18.0,785,35000.0, Rejected
3586,2, Graduate,1,720000.0,3130000.0,12.0,420,945000.0, Rejected
3587,1, Graduate,0,30000.0,100000.0,5.0,859,35000.0, Rejected
3588,0, Not Graduate,1,260000.0,1070000.0,17.0,600,55000.0, Rejected
3589,3, Graduate,0,100000.0,430000.0,12.0,663,115000.0, Rejected
3590,4, Graduate,0,0.0,60000.0,4.0,834,0.0, Rejected
3591,4, Not Graduate,0,50000.0,250000.0,2.0,880,25000.0, Rejected
3592,0, Graduate,1,390000.0,460000.0,2.0,457,45000.0, Rejected
3593,3, Graduate,1,870000.0,1360000.0,4.0,772,225000.0, Rejected
3594,3, Graduate,1,400000.0,980000.0,1.0,745,180000.0, Rejected
3595,3, Graduate,0,110000.0,310000.0,1.0,891,135000.0, Rejected
3596,3, Graduate,1,760000.0,5130000.0,22.0,714,570000.0, Rejected
3597,4, Graduate,0,70000.0,250000.0,2.0,843,95000.0, Rejected
3598,1, Graduate,0,60000.0,350000.0,11.0,650,70000.0, Rejected
3599,3, Graduate,1,2560000.0,5560000.0,5.0,562,1285000.0, Rejected
3600,1, Graduate,0,70000.0,240000.0,4.0,777,90000.0, Rejected
3601,3, Graduate,1,580000.0,1520000.0,2.0,616,155000.0, Rejected
3602,2, Graduate,0,40000.0,280000.0,4.0,326,5000.0, Rejected
3603,5, Graduate,0,20000.0,250000.0,2.0,857,20000.0, Rejected
3604,2, Graduate,1,550000.0,3230000.0,13.0,766,320000.0, Rejected
3605,5, Graduate,0,80000.0,280000.0,4.0,610,45000.0, Rejected
3606,2, Graduate,1,380000.0,1240000.0,17.0,430,405000.0, Rejected
3607,3, Not Graduate,0,40000.0,310000.0,25.0,708,50000.0, Rejected
3608,1, Graduate,1,470000.0,1380000.0,1.0,823,260000.0, Rejected
3609,5, Not Graduate,0,0.0,210000.0,4.0,843,0.0, Rejected
3610,4, Not Graduate,0,10000.0,490000.0,12.0,745,10000.0, Rejected
3611,0, Graduate,0,0.0,440000.0,16.0,640,0.0, Rejected
3612,5, Graduate,0,80000.0,50000.0,2.0,843,30000.0, Rejected
3613,5, Graduate,1,460000.0,1030000.0,5.0,661,635000.0, Rejected
3614,4, Not Graduate,0,20000.0,90000.0,5.0,713,20000.0, Rejected
3615,3, Graduate,0,100000.0,520000.0,12.0,853,100000.0, Rejected
3616,2, Graduate,0,110000.0,170000.0,5.0,832,150000.0, Rejected
3617,2, Graduate,0,90000.0,510000.0,11.0,346,125000.0, Rejected
3618,1, Not Graduate,1,250000.0,250000.0,5.0,810,70000.0, Approved
3619,3, Not Graduate,1,340000.0,1020000.0,2.0,646,105000.0, Rejected
3620,4, Graduate,0,0.0,700000.0,20.0,612,0.0, Rejected
3621,3, Graduate,1,1120000.0,7690000.0,18.0,578,1610000.0, Rejected
3622,3, Graduate,0,0.0,700000.0,11.0,775,0.0, Rejected
3623,2, Graduate,0,30000.0,300000.0,5.0,665,20000.0, Rejected
3624,4, Not Graduate,1,150000.0,330000.0,1.0,613,160000.0, Rejected
3625,0, Graduate,0,40000.0,200000.0,4.0,648,15000.0, Rejected
3626,5, Graduate,1,930000.0,1110000.0,1.0,742,1390000.0, Rejected
3627,2, Graduate,1,1370000.0,5030000.0,13.0,812,965000.0, Rejected
3628,4, Not Graduate,0,30000.0,430000.0,17.0,848,40000.0, Rejected
3629,1, Not Graduate,1,510000.0,1450000.0,5.0,695,360000.0, Rejected
3630,5, Graduate,1,1080000.0,630000.0,1.0,783,1510000.0, Rejected
3631,5, Not Graduate,0,50000.0,180000.0,5.0,831,30000.0, Rejected
3632,2, Graduate,1,450000.0,1080000.0,5.0,808,525000.0, Rejected
3633,1, Graduate,0,100000.0,480000.0,15.0,685,145000.0, Rejected
3634,2, Graduate,1,820000.0,4000000.0,16.0,698,825000.0, Rejected
3635,3, Graduate,1,710000.0,3460000.0,19.0,319,745000.0, Rejected
3636,4, Graduate,0,10000.0,650000.0,12.0,886,0.0, Rejected
3637,1, Not Graduate,0,60000.0,520000.0,11.0,569,45000.0, Rejected
3638,5, Graduate,1,1120000.0,4290000.0,10.0,647,1500000.0, Rejected
3639,2, Graduate,0,130000.0,770000.0,21.0,335,55000.0, Rejected
3640,5, Graduate,0,120000.0,220000.0,3.0,628,145000.0, Rejected
3641,1, Graduate,0,80000.0,420000.0,18.0,612,85000.0, Rejected
3642,5, Not Graduate,0,0.0,700000.0,23.0,441,0.0, Rejected
3643,2, Graduate,0,100000.0,470000.0,20.0,640,50000.0, Rejected
3644,2, Graduate,0,0.0,340000.0,11.0,784,0.0, Rejected
3645,0, Not Graduate,0,70000.0,490000.0,15.0,304,20000.0, Rejected
3646,5, Graduate,1,1530000.0,8050000.0,12.0,664,2110000.0, Rejected
3647,0, Graduate,0,170000.0,780000.0,22.0,886,195000.0, Rejected
3648,0, Graduate,0,70000.0,470000.0,15.0,819,45000.0, Rejected
3649,5, Graduate,0,110000.0,140000.0,3.0,608,55000.0, Rejected
3650,1, Not Graduate,0,30000.0,160000.0,1.0,815,30000.0, Rejected
3651,3, Not Graduate,0,150000.0,560000.0,21.0,819,105000.0, Rejected
3652,2, Graduate,0,30000.0,540000.0,24.0,664,15000.0, Rejected
3653,4, Not Graduate,0,120000.0,90000.0,1.0,745,85000.0, Rejected
3654,0, Graduate,1,1400000.0,1560000.0,1.0,674,1850000.0, Rejected
3655,1, Graduate,1,1590000.0,9720000.0,20.0,780,310000.0, Rejected
3656,5, Graduate,1,980000.0,4680000.0,11.0,397,605000.0, Rejected
3657,1, Graduate,1,650000.0,3320000.0,12.0,852,940000.0, Rejected
3658,1, Graduate,1,1070000.0,1640000.0,1.0,621,130000.0, Rejected
3659,5, Graduate,0,40000.0,120000.0,2.0,690,55000.0, Rejected
3660,4, Not Graduate,1,280000.0,1900000.0,12.0,636,175000.0, Rejected
3661,5, Graduate,0,80000.0,360000.0,17.0,621,30000.0, Rejected
3662,4, Graduate,1,1110000.0,3690000.0,15.0,471,135000.0, Rejected
3663,5, Graduate,1,1090000.0,1230000.0,4.0,699,215000.0, Approved
3664,0, Graduate,0,140000.0,180000.0,4.0,754,50000.0, Rejected
3665,4, Graduate,0,10000.0,260000.0,2.0,616,0.0, Rejected
3666,0, Graduate,0,0.0,270000.0,5.0,890,0.0, Rejected
3667,4, Not Graduate,1,270000.0,180000.0,2.0,889,45000.0, Approved
3668,4, Graduate,1,770000.0,4350000.0,10.0,803,825000.0, Rejected
3669,5, Graduate,1,430000.0,1710000.0,13.0,631,535000.0, Rejected
3670,4, Graduate,0,0.0,240000.0,4.0,460,0.0, Rejected
3671,0, Graduate,1,1660000.0,7520000.0,11.0,839,1440000.0, Rejected
3672,5, Graduate,0,0.0,290000.0,4.0,802,0.0, Rejected
3673,2, Not Graduate,1,810000.0,1790000.0,5.0,859,85000.0, Rejected
3674,0, Graduate,0,90000.0,630000.0,10.0,667,25000.0, Rejected
3675,2, Graduate,0,50000.0,400000.0,11.0,431,25000.0, Rejected
3676,1, Graduate,0,180000.0,780000.0,21.0,663,215000.0, Rejected
3677,5, Graduate,1,1240000.0,5760000.0,17.0,869,1660000.0, Rejected
3678,1, Graduate,1,560000.0,1050000.0,5.0,610,540000.0, Rejected
3679,5, Not Graduate,0,80000.0,660000.0,21.0,887,50000.0, Rejected
3680,5, Graduate,0,40000.0,470000.0,15.0,304,40000.0, Rejected
3681,0, Not Graduate,1,170000.0,350000.0,4.0,611,60000.0, Rejected
3682,2, Graduate,0,30000.0,580000.0,16.0,605,20000.0, Rejected
3683,5, Not Graduate,1,580000.0,330000.0,1.0,711,470000.0, Rejected
3684,2, Graduate,0,70000.0,480000.0,21.0,775,15000.0, Rejected
3685,5, Graduate,0,80000.0,480000.0,12.0,607,10000.0, Rejected
3686,2, Graduate,1,490000.0,1460000.0,2.0,819,565000.0, Rejected
3687,1, Not Graduate,1,510000.0,3420000.0,12.0,644,435000.0, Rejected
3688,0, Graduate,0,20000.0,90000.0,2.0,695,10000.0, Rejected
3689,5, Graduate,0,50000.0,500000.0,20.0,664,35000.0, Rejected
3690,3, Graduate,1,1570000.0,7400000.0,14.0,847,2260000.0, Rejected
3691,2, Not Graduate,0,80000.0,590000.0,20.0,614,50000.0, Rejected
3692,2, Graduate,1,870000.0,3470000.0,17.0,887,215000.0, Rejected
3693,3, Not Graduate,0,0.0,490000.0,25.0,620,0.0, Rejected
3694,0, Graduate,0,40000.0,250000.0,3.0,622,40000.0, Rejected
3695,2, Graduate,1,930000.0,6190000.0,22.0,798,110000.0, Rejected
3696,0, Graduate,1,660000.0,2960000.0,22.0,630,375000.0, Rejected
3697,2, Not Graduate,0,20000.0,640000.0,20.0,625,15000.0, Rejected
3698,4, Graduate,1,1110000.0,1120000.0,3.0,644,830000.0, Rejected
3699,2, Not Graduate,0,50000.0,620000.0,18.0,862,25000.0, Rejected
3700,4, Graduate,0,130000.0,740000.0,23.0,781,135000.0, Rejected
3701,5, Graduate,1,760000.0,2020000.0,1.0,844,1080000.0, Rejected
3702,0, Graduate,1,510000.0,490000.0,2.0,838,705000.0, Rejected
3703,2, Graduate,1,810000.0,3400000.0,13.0,820,835000.0, Rejected
3704,1, Not Graduate,0,140000.0,520000.0,15.0,773,115000.0, Rejected
3705,1, Not Graduate,0,10000.0,490000.0,22.0,613,15000.0, Rejected
3706,3, Not Graduate,0,150000.0,790000.0,12.0,581,190000.0, Rejected
3707,1, Not Graduate,0,110000.0,730000.0,23.0,897,140000.0, Rejected
3708,4, Graduate,1,520000.0,2050000.0,11.0,352,165000.0, Rejected
3709,1, Graduate,0,80000.0,520000.0,15.0,739,10000.0, Rejected
3710,1, Not Graduate,1,700000.0,600000.0,1.0,355,1035000.0, Rejected
3711,1, Graduate,0,0.0,300000.0,24.0,704,0.0, Rejected
3712,2, Not Graduate,0,20000.0,170000.0,1.0,680,20000.0, Rejected
3713,3, Not Graduate,0,20000.0,670000.0,15.0,632,30000.0, Rejected
3714,0, Graduate,0,60000.0,610000.0,11.0,614,70000.0, Rejected
3715,3, Not Graduate,0,70000.0,570000.0,10.0,850,60000.0, Rejected
3716,4, Graduate,1,740000.0,2530000.0,10.0,810,475000.0, Rejected
3717,2, Graduate,0,120000.0,240000.0,5.0,885,110000.0, Rejected
3718,5, Graduate,1,440000.0,750000.0,3.0,611,360000.0, Rejected
3719,2, Graduate,0,0.0,220000.0,4.0,676,0.0, Rejected
3720,1, Graduate,1,530000.0,2720000.0,14.0,649,415000.0, Rejected
3721,1, Graduate,0,60000.0,390000.0,13.0,610,75000.0, Rejected
3722,4, Not Graduate,1,250000.0,880000.0,18.0,733,310000.0, Rejected
3723,5, Not Graduate,0,150000.0,470000.0,11.0,394,30000.0, Rejected
3724,2, Graduate,1,720000.0,3760000.0,14.0,607,160000.0, Rejected
3725,5, Graduate,1,540000.0,1240000.0,3.0,842,555000.0, Rejected
3726,0, Not Graduate,0,40000.0,580000.0,11.0,484,20000.0, Rejected
3727,3, Graduate,0,0.0,90000.0,5.0,618,0.0, Rejected
3728,2, Graduate,0,0.0,640000.0,22.0,745,0.0, Rejected
3729,5, Graduate,1,720000.0,1170000.0,3.0,889,470000.0, Rejected
3730,0, Graduate,0,20000.0,310000.0,25.0,604,5000.0, Rejected
3731,0, Graduate,0,20000.0,360000.0,22.0,654,10000.0, Rejected
3732,3, Not Graduate,0,60000.0,140000.0,3.0,787,15000.0, Rejected
3733,0, Graduate,0,40000.0,80000.0,1.0,691,60000.0, Rejected
3734,4, Graduate,1,2430000.0,3130000.0,5.0,621,1585000.0, Rejected
3735,0, Graduate,0,30000.0,430000.0,11.0,824,40000.0, Rejected
3736,5, Graduate,1,1160000.0,1260000.0,4.0,775,1695000.0, Approved
3737,4, Graduate,1,1130000.0,5890000.0,20.0,627,1550000.0, Rejected
3738,0, Not Graduate,0,50000.0,220000.0,5.0,866,35000.0, Rejected
3739,1, Not Graduate,1,520000.0,1490000.0,4.0,386,620000.0, Rejected
3740,0, Graduate,0,80000.0,170000.0,5.0,710,25000.0, Rejected
3741,4, Not Graduate,1,230000.0,870000.0,22.0,818,55000.0, Rejected
3742,0, Not Graduate,0,140000.0,630000.0,18.0,784,185000.0, Rejected
3743,0, Not Graduate,1,980000.0,5580000.0,13.0,592,140000.0, Rejected
3744,0, Graduate,0,50000.0,380000.0,13.0,629,75000.0, Rejected
3745,4, Graduate,0,60000.0,510000.0,16.0,615,60000.0, Rejected
3746,0, Graduate,0,40000.0,140000.0,3.0,702,25000.0, Rejected
3747,3, Graduate,0,70000.0,550000.0,18.0,658,20000.0, Rejected
3748,5, Graduate,1,830000.0,1020000.0,4.0,459,925000.0, Rejected
3749,3, Graduate,0,40000.0,540000.0,24.0,629,35000.0, Rejected
3750,4, Not Graduate,1,590000.0,320000.0,4.0,758,645000.0, Approved
3751,1, Not Graduate,0,70000.0,400000.0,21.0,820,50000.0, Rejected
3752,3, Not Graduate,1,420000.0,490000.0,2.0,617,80000.0, Rejected
3753,5, Graduate,0,10000.0,270000.0,1.0,835,5000.0, Rejected
3754,2, Graduate,0,60000.0,500000.0,20.0,613,30000.0, Rejected
3755,5, Graduate,0,20000.0,200000.0,5.0,367,0.0, Rejected
3756,3, Graduate,1,540000.0,710000.0,3.0,619,60000.0, Rejected
3757,2, Graduate,0,40000.0,110000.0,2.0,797,25000.0, Rejected
3758,4, Graduate,1,490000.0,2360000.0,21.0,704,550000.0, Rejected
3759,5, Graduate,1,710000.0,4170000.0,23.0,458,690000.0, Rejected
3760,1, Not Graduate,0,70000.0,180000.0,3.0,719,30000.0, Rejected
3761,2, Graduate,1,1020000.0,6210000.0,16.0,817,965000.0, Rejected
3762,2, Not Graduate,0,50000.0,550000.0,17.0,609,50000.0, Rejected
3763,5, Graduate,0,140000.0,570000.0,14.0,774,115000.0, Rejected
3764,3, Graduate,1,730000.0,1810000.0,3.0,852,605000.0, Rejected
3765,2, Graduate,1,1080000.0,6980000.0,20.0,756,665000.0, Rejected
3766,4, Graduate,1,800000.0,1200000.0,2.0,662,220000.0, Rejected
3767,5, Graduate,0,10000.0,620000.0,24.0,736,5000.0, Rejected
3768,4, Graduate,0,40000.0,160000.0,2.0,626,25000.0, Rejected
3769,5, Graduate,0,100000.0,140000.0,2.0,636,95000.0, Rejected
3770,4, Graduate,1,840000.0,2700000.0,11.0,524,1090000.0, Rejected
3771,3, Graduate,0,100000.0,60000.0,3.0,677,65000.0, Rejected
3772,5, Not Graduate,1,350000.0,1040000.0,2.0,818,385000.0, Rejected
3773,1, Graduate,0,10000.0,420000.0,22.0,836,10000.0, Rejected
3774,3, Not Graduate,0,50000.0,170000.0,4.0,603,20000.0, Rejected
3775,4, Graduate,0,70000.0,510000.0,25.0,737,95000.0, Rejected
3776,5, Not Graduate,0,0.0,290000.0,1.0,695,0.0, Rejected
3777,3, Not Graduate,0,60000.0,370000.0,24.0,825,80000.0, Rejected
3778,4, Graduate,1,1850000.0,12780000.0,15.0,883,610000.0, Rejected
3779,0, Graduate,1,630000.0,2570000.0,12.0,720,360000.0, Rejected
3780,0, Not Graduate,0,70000.0,220000.0,5.0,411,65000.0, Rejected
3781,2, Graduate,0,70000.0,510000.0,21.0,320,95000.0, Rejected
3782,1, Graduate,0,60000.0,670000.0,12.0,685,25000.0, Rejected
3783,0, Graduate,1,1570000.0,6850000.0,16.0,867,1835000.0, Rejected
3784,4, Not Graduate,0,70000.0,150000.0,4.0,508,75000.0, Rejected
3785,3, Not Graduate,1,730000.0,4890000.0,11.0,484,235000.0, Rejected
3786,5, Graduate,0,0.0,510000.0,16.0,639,0.0, Rejected
3787,3, Graduate,0,50000.0,570000.0,18.0,763,40000.0, Rejected
3788,2, Graduate,1,980000.0,6350000.0,10.0,663,515000.0, Rejected
3789,3, Graduate,0,70000.0,550000.0,10.0,837,85000.0, Rejected
3790,0, Not Graduate,0,100000.0,620000.0,25.0,735,140000.0, Rejected
3791,3, Graduate,0,110000.0,410000.0,13.0,625,120000.0, Rejected
3792,0, Graduate,0,0.0,650000.0,13.0,640,0.0, Rejected
3793,0, Graduate,0,140000.0,790000.0,21.0,640,25000.0, Rejected
3794,1, Not Graduate,1,850000.0,4420000.0,13.0,898,130000.0, Rejected
3795,2, Graduate,1,660000.0,4390000.0,16.0,887,890000.0, Rejected
3796,4, Graduate,0,70000.0,280000.0,2.0,651,95000.0, Rejected
3797,0, Graduate,1,430000.0,2020000.0,13.0,814,105000.0, Rejected
3798,5, Graduate,0,80000.0,400000.0,24.0,563,50000.0, Rejected
3799,2, Graduate,0,40000.0,310000.0,11.0,798,50000.0, Rejected
3800,4, Graduate,0,0.0,320000.0,12.0,629,0.0, Rejected
3801,5, Graduate,0,60000.0,400000.0,15.0,838,30000.0, Rejected
3802,3, Not Graduate,0,110000.0,730000.0,11.0,630,115000.0, Rejected
3803,2, Not Graduate,1,330000.0,1380000.0,21.0,875,485000.0, Approved
3804,5, Not Graduate,0,20000.0,290000.0,3.0,662,25000.0, Rejected
3805,2, Graduate,0,20000.0,540000.0,23.0,651,25000.0, Rejected
3806,2, Not Graduate,0,80000.0,500000.0,20.0,611,45000.0, Rejected
3807,3, Graduate,1,1740000.0,6560000.0,21.0,651,1785000.0, Rejected
3808,3, Graduate,1,1030000.0,4300000.0,19.0,782,265000.0, Rejected
3809,2, Graduate,0,50000.0,680000.0,16.0,649,75000.0, Rejected
3810,5, Graduate,0,100000.0,230000.0,4.0,869,75000.0, Rejected
3811,1, Graduate,0,20000.0,180000.0,2.0,616,20000.0, Rejected
3812,0, Graduate,0,20000.0,370000.0,25.0,642,25000.0, Rejected
3813,3, Graduate,0,0.0,580000.0,19.0,604,0.0, Rejected
3814,1, Graduate,0,30000.0,50000.0,5.0,811,45000.0, Rejected
3815,3, Graduate,0,100000.0,440000.0,20.0,614,60000.0, Rejected
3816,2, Graduate,0,10000.0,650000.0,20.0,664,5000.0, Rejected
3817,1, Graduate,0,0.0,100000.0,1.0,825,0.0, Rejected
3818,5, Not Graduate,1,310000.0,1410000.0,23.0,330,405000.0, Rejected
3819,5, Not Graduate,1,370000.0,1610000.0,20.0,710,490000.0, Rejected
3820,4, Graduate,0,0.0,60000.0,2.0,627,0.0, Rejected
3821,0, Graduate,0,80000.0,410000.0,14.0,723,15000.0, Rejected
3822,0, Graduate,0,50000.0,280000.0,4.0,650,70000.0, Rejected
3823,3, Not Graduate,0,70000.0,510000.0,19.0,606,20000.0, Rejected
3824,0, Graduate,1,650000.0,2370000.0,17.0,780,630000.0, Approved
3825,4, Graduate,0,70000.0,490000.0,12.0,880,70000.0, Rejected
3826,5, Graduate,1,1750000.0,3220000.0,2.0,682,2305000.0, Rejected
3827,1, Graduate,1,1740000.0,8040000.0,16.0,882,1570000.0, Rejected
3828,1, Graduate,0,80000.0,500000.0,22.0,664,55000.0, Rejected
3829,5, Not Graduate,0,60000.0,550000.0,11.0,692,90000.0, Rejected
3830,2, Graduate,0,140000.0,630000.0,23.0,822,60000.0, Rejected
3831,5, Graduate,0,80000.0,540000.0,18.0,876,35000.0, Rejected
3832,1, Not Graduate,0,30000.0,140000.0,1.0,317,5000.0, Rejected
3833,3, Not Graduate,0,170000.0,610000.0,21.0,780,250000.0, Rejected
3834,4, Graduate,1,560000.0,2580000.0,20.0,751,610000.0, Rejected
3835,5, Graduate,0,150000.0,510000.0,11.0,366,20000.0, Rejected
3836,2, Graduate,0,50000.0,670000.0,21.0,810,55000.0, Rejected
3837,3, Not Graduate,1,180000.0,100000.0,3.0,871,120000.0, Approved
3838,5, Graduate,1,2210000.0,7520000.0,19.0,778,3215000.0, Rejected
3839,3, Not Graduate,0,0.0,280000.0,2.0,464,0.0, Rejected
3840,5, Graduate,1,1220000.0,1790000.0,1.0,731,1335000.0, Rejected
3841,3, Graduate,0,70000.0,210000.0,2.0,753,70000.0, Rejected
3842,0, Graduate,0,50000.0,300000.0,19.0,686,5000.0, Rejected
3843,3, Graduate,0,220000.0,110000.0,2.0,640,295000.0, Rejected
3844,0, Graduate,0,90000.0,460000.0,22.0,617,25000.0, Rejected
3845,1, Graduate,1,280000.0,1890000.0,11.0,326,290000.0, Rejected
3846,0, Graduate,1,890000.0,2180000.0,4.0,720,1055000.0, Rejected
3847,3, Not Graduate,1,280000.0,450000.0,4.0,731,275000.0, Rejected
3848,4, Graduate,0,30000.0,450000.0,13.0,684,5000.0, Rejected
3849,4, Not Graduate,0,110000.0,290000.0,4.0,600,160000.0, Rejected
3850,1, Graduate,0,70000.0,170000.0,4.0,689,30000.0, Rejected
3851,3, Graduate,0,0.0,410000.0,10.0,854,0.0, Rejected
3852,0, Graduate,1,550000.0,2880000.0,18.0,731,670000.0, Rejected
3853,4, Graduate,1,470000.0,3050000.0,10.0,660,665000.0, Rejected
3854,5, Not Graduate,0,80000.0,550000.0,19.0,807,75000.0, Rejected
3855,2, Graduate,0,70000.0,420000.0,19.0,722,30000.0, Rejected
3856,3, Graduate,0,60000.0,240000.0,2.0,859,75000.0, Rejected
3857,5, Graduate,0,0.0,210000.0,2.0,747,0.0, Rejected
3858,5, Graduate,0,20000.0,380000.0,13.0,630,5000.0, Rejected
3859,3, Graduate,0,120000.0,420000.0,11.0,609,165000.0, Rejected
3860,2, Not Graduate,0,170000.0,780000.0,24.0,697,155000.0, Rejected
3861,4, Not Graduate,0,0.0,160000.0,1.0,644,0.0, Rejected
3862,2, Graduate,0,100000.0,660000.0,13.0,661,90000.0, Rejected
3863,1, Graduate,0,60000.0,360000.0,16.0,654,20000.0, Rejected
3864,0, Graduate,1,2580000.0,6550000.0,3.0,882,370000.0, Rejected
3865,0, Graduate,0,100000.0,100000.0,3.0,672,25000.0, Rejected
3866,5, Graduate,1,590000.0,1630000.0,4.0,822,700000.0, Rejected
3867,4, Graduate,0,170000.0,920000.0,18.0,614,195000.0, Rejected
3868,2, Graduate,0,60000.0,180000.0,5.0,653,55000.0, Rejected
3869,5, Graduate,0,0.0,650000.0,22.0,846,0.0, Rejected
3870,3, Graduate,0,120000.0,360000.0,20.0,726,135000.0, Rejected
3871,5, Graduate,1,1020000.0,1550000.0,4.0,651,685000.0, Rejected
3872,3, Graduate,0,70000.0,500000.0,12.0,663,55000.0, Rejected
3873,3, Graduate,1,1300000.0,8020000.0,18.0,825,1765000.0, Rejected
3874,1, Not Graduate,1,540000.0,3370000.0,15.0,728,400000.0, Rejected
3875,1, Graduate,0,60000.0,140000.0,3.0,626,60000.0, Rejected
3876,3, Graduate,0,10000.0,330000.0,24.0,862,15000.0, Rejected
3877,4, Graduate,1,880000.0,1120000.0,5.0,660,645000.0, Approved
3878,1, Not Graduate,0,110000.0,150000.0,3.0,897,95000.0, Rejected
3879,1, Graduate,1,1380000.0,1120000.0,4.0,830,1265000.0, Approved
3880,0, Graduate,0,60000.0,120000.0,5.0,612,25000.0, Rejected
3881,5, Graduate,0,70000.0,640000.0,18.0,331,80000.0, Rejected
3882,0, Not Graduate,0,80000.0,150000.0,5.0,657,90000.0, Rejected
3883,4, Not Graduate,0,140000.0,740000.0,13.0,609,55000.0, Rejected
3884,1, Graduate,1,1110000.0,4800000.0,23.0,375,130000.0, Rejected
3885,1, Not Graduate,0,0.0,290000.0,1.0,524,0.0, Rejected
3886,2, Not Graduate,1,750000.0,4770000.0,21.0,882,685000.0, Rejected
3887,4, Not Graduate,0,10000.0,300000.0,3.0,577,5000.0, Rejected
3888,5, Graduate,0,80000.0,60000.0,4.0,322,40000.0, Rejected
3889,5, Graduate,0,0.0,100000.0,4.0,793,0.0, Rejected
3890,5, Graduate,0,80000.0,600000.0,21.0,751,25000.0, Rejected
3891,4, Not Graduate,0,40000.0,490000.0,10.0,740,5000.0, Rejected
3892,2, Graduate,0,30000.0,580000.0,22.0,850,35000.0, Rejected
3893,2, Graduate,1,1100000.0,1580000.0,2.0,784,1210000.0, Rejected
3894,0, Graduate,0,0.0,630000.0,12.0,729,0.0, Rejected
3895,4, Not Graduate,0,50000.0,590000.0,18.0,704,10000.0, Rejected
3896,4, Not Graduate,1,580000.0,390000.0,4.0,656,455000.0, Approved
3897,2, Graduate,1,1640000.0,2640000.0,2.0,776,800000.0, Rejected
3898,3, Not Graduate,0,0.0,680000.0,10.0,601,0.0, Rejected
3899,3, Graduate,0,50000.0,310000.0,14.0,611,25000.0, Rejected
3900,0, Not Graduate,1,370000.0,2410000.0,13.0,677,130000.0, Rejected
3901,3, Graduate,0,0.0,210000.0,1.0,859,0.0, Rejected
3902,3, Graduate,0,150000.0,970000.0,21.0,672,220000.0, Rejected
3903,3, Not Graduate,0,50000.0,300000.0,16.0,724,25000.0, Rejected
3904,1, Graduate,1,870000.0,550000.0,1.0,856,495000.0, Rejected
3905,0, Not Graduate,0,10000.0,470000.0,17.0,692,5000.0, Rejected
3906,2, Graduate,1,420000.0,990000.0,2.0,682,325000.0, Rejected
3907,3, Graduate,0,70000.0,140000.0,1.0,675,90000.0, Rejected
3908,5, Graduate,1,1060000.0,4960000.0,13.0,734,705000.0, Rejected
3909,1, Graduate,0,100000.0,340000.0,20.0,460,125000.0, Rejected
3910,3, Graduate,0,30000.0,640000.0,24.0,830,10000.0, Rejected
3911,1, Graduate,1,310000.0,1500000.0,22.0,795,420000.0, Rejected
3912,0, Graduate,0,70000.0,210000.0,5.0,676,25000.0, Rejected
3913,5, Graduate,0,120000.0,700000.0,20.0,852,20000.0, Rejected
3914,5, Not Graduate,0,90000.0,270000.0,4.0,674,30000.0, Rejected
3915,5, Not Graduate,0,110000.0,670000.0,20.0,617,40000.0, Rejected
3916,3, Graduate,0,110000.0,350000.0,17.0,641,90000.0, Rejected
3917,1, Not Graduate,1,460000.0,720000.0,3.0,625,335000.0, Rejected
3918,5, Graduate,0,30000.0,60000.0,1.0,679,35000.0, Rejected
3919,4, Graduate,0,0.0,80000.0,3.0,846,0.0, Rejected
3920,4, Not Graduate,0,20000.0,90000.0,2.0,839,15000.0, Rejected
3921,1, Not Graduate,1,800000.0,990000.0,3.0,332,450000.0, Rejected
3922,3, Graduate,1,920000.0,4380000.0,16.0,848,905000.0, Rejected
3923,3, Not Graduate,0,170000.0,280000.0,5.0,832,25000.0, Rejected
3924,0, Graduate,0,50000.0,650000.0,20.0,810,5000.0, Rejected
3925,0, Not Graduate,1,290000.0,2000000.0,15.0,612,200000.0, Rejected
3926,5, Graduate,0,10000.0,260000.0,4.0,493,10000.0, Rejected
3927,2, Graduate,1,430000.0,260000.0,5.0,856,445000.0, Approved
3928,0, Graduate,1,1980000.0,11020000.0,20.0,587,245000.0, Rejected
3929,3, Graduate,1,570000.0,2680000.0,23.0,601,200000.0, Rejected
3930,2, Graduate,0,10000.0,330000.0,23.0,878,5000.0, Rejected
3931,0, Not Graduate,1,150000.0,140000.0,2.0,842,105000.0, Rejected
3932,1, Graduate,1,840000.0,2370000.0,2.0,810,775000.0, Rejected
3933,4, Graduate,0,20000.0,600000.0,18.0,685,10000.0, Rejected
3934,0, Graduate,0,30000.0,590000.0,22.0,644,20000.0, Rejected
3935,0, Graduate,0,70000.0,130000.0,4.0,826,65000.0, Rejected
3936,1, Graduate,0,20000.0,600000.0,12.0,669,15000.0, Rejected
3937,3, Graduate,0,70000.0,590000.0,25.0,821,20000.0, Rejected
3938,5, Graduate,0,20000.0,510000.0,20.0,793,15000.0, Rejected
3939,1, Graduate,0,0.0,490000.0,25.0,690,0.0, Rejected
3940,5, Graduate,0,110000.0,510000.0,19.0,873,145000.0, Rejected
3941,0, Not Graduate,0,90000.0,380000.0,13.0,760,105000.0, Rejected
3942,3, Not Graduate,1,180000.0,920000.0,20.0,497,65000.0, Rejected
3943,2, Graduate,1,570000.0,1960000.0,24.0,746,180000.0, Approved
3944,0, Graduate,0,40000.0,440000.0,17.0,893,25000.0, Rejected
3945,1, Graduate,0,40000.0,70000.0,5.0,763,25000.0, Rejected
3946,2, Graduate,0,60000.0,590000.0,23.0,885,85000.0, Rejected
3947,4, Graduate,1,830000.0,800000.0,5.0,645,435000.0, Rejected
3948,2, Graduate,1,900000.0,3620000.0,21.0,623,1185000.0, Rejected
3949,1, Graduate,1,880000.0,930000.0,5.0,636,710000.0, Rejected
3950,2, Graduate,0,0.0,160000.0,3.0,728,0.0, Rejected
3951,1, Graduate,1,590000.0,860000.0,2.0,429,640000.0, Rejected
3952,0, Not Graduate,0,10000.0,370000.0,16.0,604,10000.0, Rejected
3953,3, Not Graduate,1,390000.0,500000.0,5.0,655,320000.0, Approved
3954,4, Graduate,0,80000.0,250000.0,5.0,770,100000.0, Rejected
3955,3, Graduate,1,1590000.0,6850000.0,12.0,328,725000.0, Rejected
3956,3, Not Graduate,0,10000.0,50000.0,2.0,468,15000.0, Rejected
3957,3, Not Graduate,1,370000.0,1870000.0,25.0,811,365000.0, Rejected
3958,1, Graduate,1,630000.0,2140000.0,19.0,840,450000.0, Approved
3959,1, Graduate,0,40000.0,650000.0,21.0,563,60000.0, Rejected
3960,4, Graduate,0,10000.0,560000.0,19.0,663,15000.0, Rejected
3961,1, Graduate,1,420000.0,1840000.0,16.0,708,495000.0, Rejected
3962,5, Graduate,0,70000.0,640000.0,24.0,720,35000.0, Rejected
3963,1, Graduate,0,0.0,410000.0,24.0,761,0.0, Rejected
3964,1, Graduate,0,100000.0,350000.0,11.0,674,115000.0, Rejected
3965,1, Graduate,0,60000.0,90000.0,1.0,471,55000.0, Rejected
3966,0, Not Graduate,0,130000.0,210000.0,5.0,827,180000.0, Rejected
3967,4, Graduate,0,80000.0,160000.0,2.0,338,25000.0, Rejected
3968,5, Graduate,0,50000.0,230000.0,5.0,374,15000.0, Rejected
3969,1, Graduate,0,0.0,360000.0,10.0,792,0.0, Rejected
3970,4, Graduate,1,380000.0,750000.0,2.0,808,70000.0, Rejected
3971,2, Not Graduate,1,550000.0,2790000.0,13.0,607,565000.0, Rejected
3972,0, Graduate,1,1380000.0,6270000.0,15.0,658,605000.0, Rejected
3973,1, Graduate,0,0.0,360000.0,24.0,738,0.0, Rejected
3974,5, Not Graduate,1,410000.0,490000.0,2.0,801,275000.0, Rejected
3975,0, Graduate,0,40000.0,230000.0,3.0,645,30000.0, Rejected
3976,5, Not Graduate,0,70000.0,580000.0,23.0,606,25000.0, Rejected
3977,0, Graduate,1,550000.0,1850000.0,21.0,621,85000.0, Rejected
3978,2, Graduate,1,530000.0,1300000.0,4.0,602,360000.0, Rejected
3979,4, Graduate,1,410000.0,1100000.0,1.0,536,475000.0, Rejected
3980,0, Graduate,1,460000.0,2640000.0,10.0,714,610000.0, Rejected
3981,3, Not Graduate,0,20000.0,310000.0,24.0,866,5000.0, Rejected
3982,2, Not Graduate,0,30000.0,130000.0,2.0,628,25000.0, Rejected
3983,3, Graduate,1,2760000.0,8780000.0,18.0,531,1295000.0, Rejected
3984,2, Graduate,0,90000.0,220000.0,1.0,861,55000.0, Rejected
3985,3, Not Graduate,0,120000.0,260000.0,3.0,684,170000.0, Rejected
3986,3, Not Graduate,1,220000.0,690000.0,12.0,662,130000.0, Rejected
3987,5, Graduate,1,460000.0,1960000.0,23.0,741,280000.0, Rejected
3988,0, Graduate,0,40000.0,220000.0,3.0,653,15000.0, Rejected
3989,0, Graduate,1,430000.0,510000.0,1.0,731,620000.0, Rejected
3990,2, Not Graduate,1,680000.0,3300000.0,10.0,665,505000.0, Rejected
3991,4, Graduate,1,340000.0,2070000.0,23.0,638,305000.0, Rejected
3992,5, Graduate,0,30000.0,240000.0,5.0,353,20000.0, Rejected
3993,0, Not Graduate,0,10000.0,60000.0,4.0,772,5000.0, Rejected
3994,0, Graduate,0,20000.0,210000.0,2.0,879,25000.0, Rejected
3995,5, Graduate,0,30000.0,470000.0,20.0,835,5000.0, Rejected
3996,1, Graduate,0,70000.0,610000.0,12.0,654,75000.0, Rejected
3997,5, Graduate,0,10000.0,600000.0,17.0,671,10000.0, Rejected
3998,0, Graduate,0,60000.0,120000.0,4.0,864,20000.0, Rejected
3999,4, Graduate,1,1000000.0,700000.0,2.0,680,330000.0, Approved
4000,1, Graduate,0,80000.0,680000.0,16.0,868,80000.0, Rejected
