no_of_dependents,education,employment_type,income_annum,loan_amount,loan_term,cibil_score,bank_asset_value,loan_status
0,Graduate,1,440403,323619,36,730,1078469,1
3,Graduate,1,4041987,818414,240,720,9971771,1
2,Graduate,1,2764978,171149,60,709,6525759,1
1,Graduate,1,1308966,343268,36,681,3442636,1
0,Graduate,1,554343,1789112,36,798,834002,0
0,Not Graduate,1,1905974,1052663,240,815,912469,1
0,Graduate,0,177052,51398,360,764,315877,0
2,Graduate,1,1725901,142536,240,749,715922,1
1,Not Graduate,1,1532450,4680363,240,685,2402333,1
2,Not Graduate,1,646238,1757789,36,771,1743159,0
0,Not Graduate,1,1814551,301665,12,742,4135050,1
3,Graduate,1,510029,121974,12,777,571996,1
2,Not Graduate,1,265118,154893,240,725,534358,1
0,Graduate,1,1594980,899110,12,692,2966398,1
0,Graduate,1,681332,3901721,60,726,312409,0
0,Graduate,0,83097,3661038,12,832,465222,0
0,Graduate,1,3130518,111782,12,632,2969046,0
1,Graduate,0,28723,402008,36,737,76649,0
1,Graduate,1,650369,229338,360,662,1577433,1
0,Graduate,1,2560485,619674,12,705,2448766,1
1,Graduate,1,1245422,142762,240,592,1453384,0
0,Graduate,1,416721,313069,36,898,1091861,1
0,Not Graduate,1,339756,227007,12,695,258972,0
0,Graduate,1,478081,912190,60,642,178488,0
1,Graduate,1,404039,322913,36,848,392741,1
2,Graduate,1,881939,372809,360,673,1611794,1
0,Not Graduate,1,776651,900691,36,722,615226,0
1,Not Graduate,1,911995,2792703,36,662,1516856,0
1,Graduate,1,372260,4482876,12,558,650829,0
0,Graduate,1,689231,852571,360,718,1783850,1
1,Graduate,1,140848,494561,240,745,423626,1
0,Not Graduate,1,819135,2015236,120,846,392851,1
0,Not Graduate,1,1867950,1736122,360,763,3960378,1
3,Not Graduate,1,233328,1305127,120,712,172464,0
3,Graduate,1,1073830,111375,120,665,2679933,1
2,Graduate,1,447391,1808802,12,758,145069,0
0,Not Graduate,1,1386094,773129,60,844,511773,1
0,Graduate,1,828123,221083,36,617,1994127,0
1,Graduate,0,28012,275991,36,526,92936,0
1,Graduate,1,768241,967075,360,842,771616,1
0,Not Graduate,1,2110985,50000,240,620,5489484,0
1,Graduate,1,963115,476644,360,570,1970345,0
0,Graduate,1,414845,280670,36,705,293507,1
3,Graduate,1,789355,253484,240,645,1134605,0
0,Not Graduate,1,543016,342082,360,563,1337575,0
1,Graduate,0,85890,123081,12,725,495169,1
0,Graduate,1,521353,1548008,120,713,1444287,1
1,Graduate,1,424450,64350,360,756,471144,1
1,Not Graduate,1,855479,640041,240,787,237249,1
0,Not Graduate,0,142594,231524,240,726,204234,0
3,Not Graduate,1,1708565,3927755,36,779,890452,0
2,Graduate,1,523365,552764,12,592,378751,0
3,Not Graduate,1,149539,64645,120,530,133601,0
2,Graduate,1,545197,933616,12,639,732691,0
1,Graduate,1,198561,181212,120,688,337835,1
3,Graduate,0,135550,1446835,60,704,439210,0
0,Graduate,1,191162,1002214,12,737,560400,0
0,Not Graduate,1,330811,2356281,60,814,540353,0
0,Graduate,0,43463,651499,120,744,508922,0
0,Graduate,1,2508412,1225854,240,721,2074814,1
0,Graduate,1,309182,563968,60,647,751098,0
0,Graduate,1,736691,299642,120,802,1431815,1
2,Graduate,1,1160058,1568695,120,737,2984548,0
0,Graduate,1,2391062,157868,60,645,5533337,0
0,Graduate,0,177964,521097,360,601,154246,0
1,Graduate,1,1749998,306028,12,793,2934624,1
0,Graduate,1,1456352,1254307,360,752,1374805,1
2,Not Graduate,1,277257,209676,240,809,662509,1
0,Graduate,1,972624,359032,120,627,2703113,0
4,Not Graduate,1,1438237,564622,12,504,639393,0
2,Not Graduate,1,339354,2392197,120,731,650936,0
0,Not Graduate,1,458718,317262,120,572,613352,0
0,Graduate,1,383634,361894,120,768,1265863,1
2,Graduate,1,1353356,140336,12,710,1250896,1
2,Not Graduate,1,690088,202198,36,840,990315,1
2,Graduate,1,564289,816662,240,714,148410,1
2,Graduate,1,261624,557974,240,596,393293,0
0,Graduate,1,691130,566993,36,757,1470950,1
0,Graduate,1,463206,3082387,120,717,403423,0
0,Not Graduate,1,886176,101490,36,692,1796258,1
2,Graduate,1,292326,5486612,360,735,898437,0
1,Graduate,1,840981,1755518,60,730,766784,1
0,Graduate,1,513414,390118,60,654,1476144,1
0,Graduate,1,268488,799093,12,865,1065110,1
0,Graduate,1,252249,272980,12,847,220234,0
0,Graduate,1,284470,743581,60,706,487271,0
2,Graduate,1,618393,4638230,360,693,980962,1
1,Graduate,1,803551,283144,360,599,884117,0
2,Not Graduate,1,905152,428477,36,763,2031776,1
1,Graduate,1,932889,253529,360,600,819489,1
0,Graduate,1,397591,297713,12,691,488441,1
2,Graduate,1,1700992,361242,36,767,1883287,1
2,Graduate,1,512071,180794,12,900,1286209,1
1,Not Graduate,1,1045619,415146,240,711,2046617,1
2,Not Graduate,1,639649,570479,36,793,957046,1
1,Graduate,1,985098,361078,60,614,1550656,0
1,Graduate,1,614483,54225,60,659,1464460,0
1,Graduate,1,999397,463092,360,662,1560459,1
0,Graduate,0,31810,515415,12,701,430759,0
0,Graduate,1,1398726,3603952,36,586,3309622,0
0,Not Graduate,0,135890,555052,120,674,351176,0
1,Graduate,1,177032,1377231,60,576,404794,0
0,Not Graduate,1,334808,353027,60,803,574041,1
1,Graduate,1,1715362,1979142,36,675,4118518,1
3,Graduate,1,644579,210124,36,650,1693653,1
0,Graduate,1,785165,895367,12,623,345587,0
1,Graduate,0,126041,1252140,360,674,346659,0
2,Graduate,1,768689,1081225,360,739,1558848,1
0,Graduate,1,321820,4705063,120,639,1152929,0
0,Graduate,1,361991,301231,60,725,192467,1
0,Graduate,0,165123,2221700,36,755,654077,0
0,Graduate,1,1041401,1716237,60,701,1787195,1
3,Graduate,1,1134245,567767,120,609,580987,0
2,Graduate,1,1159194,3399915,360,758,2651196,1
1,Graduate,1,204747,466699,360,756,231725,1
2,Graduate,1,725537,552559,240,802,1711975,1
2,Graduate,1,623169,537409,240,736,534067,1
0,Graduate,1,214111,151268,120,635,717266,0
2,Graduate,1,738803,1157200,36,715,1287696,0
1,Not Graduate,1,596991,989938,240,718,973401,1
2,Graduate,1,1098241,486659,36,583,2056961,0
2,Graduate,0,56723,3148808,12,545,442609,0
0,Not Graduate,0,121438,348983,60,761,273091,0
0,Graduate,1,1529742,95817,12,689,1457368,1
0,Graduate,1,123378,3620801,240,659,660635,0
1,Not Graduate,1,692863,1485273,240,778,821638,1
2,Graduate,1,177975,1010586,36,807,692945,0
2,Not Graduate,1,351598,384829,240,637,538268,1
0,Graduate,1,1109978,760773,36,870,2844710,1
1,Graduate,1,263192,153218,120,598,141618,0
1,Not Graduate,1,233520,431428,240,736,831327,1
0,Graduate,1,4903971,218885,120,681,9621718,1
0,Graduate,1,245872,702135,120,817,577603,1
0,Graduate,1,2731650,1360643,360,728,6913817,1
3,Graduate,1,635545,189543,60,662,306665,1
0,Graduate,1,479326,1115610,360,853,1196709,1
1,Graduate,1,1147882,659837,36,674,2550625,1
2,Graduate,1,2124984,1070731,120,724,5369910,1
0,Graduate,1,291602,424121,60,552,818308,0
3,Graduate,1,484949,1092539,240,553,1150819,0
3,Graduate,1,1436177,269464,240,627,1094125,0
0,Graduate,1,918406,100483,120,692,1478903,1
1,Not Graduate,1,1761249,126256,360,846,765007,1
0,Graduate,1,1101396,326842,240,703,1794123,1
0,Graduate,1,3098966,107740,36,793,1852690,1
0,Not Graduate,1,841440,2546861,240,663,2299413,1
1,Not Graduate,0,169884,497409,12,846,512642,0
1,Graduate,1,943524,1354946,240,761,898410,1
0,Not Graduate,1,650833,1187152,120,706,322767,1
0,Graduate,0,66162,543843,60,791,307253,0
3,Not Graduate,1,881722,18560229,36,702,509888,0
0,Graduate,1,1370305,10095953,36,716,1711042,0
0,Graduate,1,1552845,2173593,60,758,558155,1
1,Graduate,1,1027627,218559,36,750,2232934,1
4,Not Graduate,1,1089656,2264731,360,591,1720628,0
0,Graduate,1,325050,94039,120,712,814488,1
1,Graduate,1,469637,2184169,120,789,675756,0
2,Graduate,1,1432177,50000,60,723,2924129,1
0,Not Graduate,1,2278219,392795,120,732,2572516,0
2,Not Graduate,1,154454,1810519,12,782,758089,0
0,Graduate,1,463105,794286,120,763,1255512,1
1,Graduate,0,28651,123182,36,626,268860,0
1,Graduate,1,360980,640688,60,594,498121,0
1,Graduate,1,377748,794623,360,837,708871,1
0,Not Graduate,1,1066545,663169,12,679,2299521,1
2,Graduate,1,2584650,359590,120,665,6008444,1
0,Graduate,1,143564,1270703,12,700,698690,0
0,Graduate,1,636423,1697915,240,825,1654601,1
0,Graduate,1,1056660,463151,240,705,1163798,1
1,Graduate,1,1361600,2469817,12,702,989428,0
1,Graduate,0,173823,462193,240,661,447560,0
0,Graduate,1,2985035,331103,240,621,5484924,0
1,Graduate,1,746480,2098870,240,553,808623,0
0,Graduate,1,2083571,2023669,360,712,3784587,1
1,Graduate,1,434914,290654,360,619,924467,0
0,Graduate,1,764048,251387,60,671,1486177,1
1,Not Graduate,0,89981,3154639,60,668,479289,0
0,Graduate,1,1499573,487642,240,748,1025681,1
3,Graduate,1,662413,542143,36,468,459216,0
0,Graduate,1,971170,419891,240,846,633093,1
0,Graduate,0,71526,2026074,240,731,235214,0
0,Graduate,1,1166061,4611996,240,747,2500055,1
3,Graduate,0,62995,579538,36,620,318308,0
2,Graduate,0,15528,6063041,36,693,326437,0
0,Graduate,1,344753,310361,360,743,96867,1
1,Graduate,1,713391,407256,240,767,1641341,1
2,Not Graduate,1,1236331,1059266,120,764,3444565,1
1,Not Graduate,1,3237514,238711,360,733,6119822,1
1,Graduate,1,929491,1045715,12,674,1975826,1
0,Graduate,1,1633156,321742,60,593,3928930,0
0,Graduate,1,200730,115367,12,688,371320,1
2,Graduate,1,3650463,94607,60,871,6966631,1
3,Graduate,1,1184165,390901,360,594,2859755,0
1,Not Graduate,1,701037,820452,12,574,1175608,0
0,Graduate,1,639372,138525,360,878,1222850,1
0,Not Graduate,1,300811,646023,36,714,835720,1
2,Graduate,1,378121,647854,240,576,741950,0
2,Not Graduate,1,3363015,456963,60,715,871885,1
2,Graduate,1,330643,214004,240,684,402507,1
2,Graduate,0,191462,687101,240,846,359780,0
1,Graduate,1,415909,468674,360,832,1220312,1
0,Graduate,1,279695,1442290,36,742,1001352,0
0,Graduate,1,738403,148329,60,765,1162834,1
2,Graduate,1,1743017,605593,120,694,1585134,1
1,Graduate,0,24638,151472,36,870,385090,1
0,Graduate,1,243127,426311,240,717,309242,1
0,Not Graduate,1,921252,180759,360,650,1570751,1
1,Graduate,1,697585,215932,60,821,1039123,1
0,Graduate,1,1626888,538290,36,733,4233165,1
0,Graduate,1,507064,306929,36,696,1118455,1
1,Not Graduate,1,592362,2342419,120,651,1133223,0
1,Graduate,1,647177,1757081,12,682,614119,0
1,Graduate,1,783246,1208332,60,821,923921,1
0,Graduate,1,532826,1184647,60,708,332664,0
2,Not Graduate,1,468028,615545,60,705,1031194,1
0,Not Graduate,1,165992,1992291,60,555,558137,0
0,Graduate,1,464023,402704,12,693,827463,1
2,Graduate,1,1292615,4499028,36,705,1899952,0
1,Graduate,1,1440061,210619,36,737,3661313,1
2,Graduate,0,65916,174760,360,676,338381,1
1,Graduate,1,2062828,133923,12,746,869308,1
1,Graduate,0,34262,159393,36,768,440069,1
0,Not Graduate,1,250126,105941,12,652,752315,1
0,Graduate,1,194481,669372,12,863,144238,0
0,Graduate,1,1933043,1269104,36,631,4974993,0
0,Graduate,1,541228,559130,360,562,1663735,0
3,Graduate,1,276163,135226,36,759,926283,1
0,Not Graduate,1,119680,337837,12,721,254037,0
2,Graduate,1,531483,1253544,120,759,1199935,1
1,Graduate,0,91571,383874,240,671,526976,1
2,Graduate,1,417419,243194,60,814,503162,1
1,Graduate,1,314080,118921,12,778,594574,1
1,Not Graduate,1,470005,354072,36,900,960940,1
1,Graduate,1,1971989,267650,360,675,2109810,1
0,Not Graduate,1,239333,495650,12,684,656752,1
2,Graduate,1,436541,870113,36,646,974455,0
0,Not Graduate,1,1921479,407390,12,631,4812664,0
0,Graduate,0,3238,650051,36,733,79734,0
1,Not Graduate,1,841803,866316,120,607,1781007,0
0,Graduate,1,434192,157974,360,597,587085,0
3,Graduate,1,747435,3562742,240,723,1582958,1
3,Graduate,1,474367,257447,36,824,1312050,1
3,Graduate,0,55283,905784,360,562,440469,0
0,Graduate,1,307415,173514,120,746,668169,1
0,Graduate,1,1365834,603283,240,668,1277790,1
3,Not Graduate,1,695005,625766,36,549,798072,0
1,Graduate,1,938099,2839388,60,662,1493856,0
3,Not Graduate,1,823516,428215,12,792,1957748,1
3,Not Graduate,1,1037926,1981707,12,770,1257974,0
2,Graduate,1,594945,722489,12,554,1007059,0
0,Graduate,1,496170,3443872,36,711,817403,0
0,Graduate,1,379942,91117,60,815,541247,1
2,Graduate,1,235348,875166,60,840,879421,0
0,Graduate,1,297263,50000,60,696,935709,1
0,Not Graduate,1,544523,509879,360,683,1641799,1
1,Graduate,1,202312,1500025,240,754,627699,0
3,Graduate,1,241390,2293562,360,768,365600,0
1,Graduate,0,104604,1131013,36,652,707047,0
1,Not Graduate,1,872696,404108,120,716,1030502,1
0,Graduate,1,508149,932037,240,689,1299094,1
1,Graduate,1,4489534,6691682,36,768,6122546,0
4,Graduate,0,10327,582671,60,668,74430,0
0,Graduate,1,1591979,1412732,360,617,991995,0
1,Not Graduate,0,56993,351740,36,541,425549,0
2,Not Graduate,1,1366874,1576042,60,740,3034173,1
2,Graduate,1,795847,1337156,120,624,1128057,0
1,Graduate,1,163113,293456,60,688,302938,0
2,Graduate,1,787302,1175619,240,708,526330,1
0,Graduate,1,954024,1232781,36,657,1115031,0
0,Graduate,1,126299,1132505,12,742,332682,0
2,Graduate,1,3454673,518582,60,900,1562386,1
2,Graduate,1,935621,1847035,60,855,1241357,0
2,Not Graduate,1,1248670,212155,12,624,2478072,0
3,Graduate,0,24381,545658,240,646,337099,0
1,Not Graduate,1,1267420,604044,120,635,1752505,0
1,Graduate,1,1743845,1743443,360,572,862891,0
2,Graduate,1,893457,205566,120,726,388765,1
1,Not Graduate,1,723968,687691,240,751,1510032,1
2,Graduate,1,356870,330270,36,725,825340,1
2,Graduate,1,613560,602867,120,727,1392838,1
2,Graduate,1,484259,799941,360,549,255425,0
0,Graduate,0,121588,150478,360,555,228744,0
0,Not Graduate,1,369571,1912765,360,764,839064,1
0,Not Graduate,1,1145922,828880,240,701,2399817,1
1,Graduate,1,372805,228983,360,785,1152817,1
0,Graduate,0,6912,384162,60,627,184283,0
1,Graduate,0,72576,2407733,360,683,407617,0
1,Graduate,1,415385,819009,12,666,1010713,0
0,Graduate,1,1227425,205894,36,845,640215,1
1,Graduate,1,1135286,246839,36,846,605815,1
0,Graduate,1,587269,1009324,360,621,640462,0
0,Graduate,1,1847652,1138014,60,722,975553,1
2,Graduate,1,776248,776743,120,779,1557740,1
0,Graduate,0,166996,403744,36,794,838217,0
0,Graduate,1,3062591,1214306,12,642,6490229,0
1,Not Graduate,1,601366,395580,60,742,1266881,1
2,Not Graduate,1,1221956,229879,36,721,2919835,1
0,Graduate,1,437987,2640858,360,702,1271763,1
1,Graduate,0,164832,880985,60,487,429737,0
0,Not Graduate,1,623829,246522,120,662,342189,1
0,Not Graduate,1,245222,618007,360,677,891114,1
1,Not Graduate,1,344522,555317,240,769,781985,1
1,Graduate,1,1170739,380820,60,690,3184071,1
1,Not Graduate,1,483632,682521,120,817,1630332,1
2,Graduate,1,1287755,213517,36,582,3293773,0
3,Graduate,1,926833,1294506,36,824,2303606,1
1,Not Graduate,1,3207246,537045,120,655,5143005,1
0,Graduate,1,1109555,108071,36,657,2198616,1
2,Not Graduate,1,1778666,430132,36,683,1357949,1
0,Graduate,1,1006015,291890,36,568,223059,0
1,Not Graduate,1,935760,50000,120,717,1285176,1
0,Graduate,1,1852018,462400,360,900,3183130,1
0,Not Graduate,1,1245487,1523891,120,624,3097197,0
3,Graduate,0,85024,485136,60,668,175401,1
2,Graduate,1,859859,1097059,12,760,510001,0
1,Graduate,1,1121955,544974,240,702,3127160,1
1,Graduate,1,426301,342363,360,796,395557,1
0,Graduate,1,412074,259990,360,576,1209549,1
0,Graduate,1,2281456,149822,36,608,1413894,0
0,Graduate,0,132361,1363772,12,730,705756,0
1,Graduate,1,346935,1122140,360,418,941879,0
2,Graduate,1,427113,409097,12,592,487349,0
1,Not Graduate,1,1819401,71377,120,546,1675531,0
0,Graduate,0,172913,866384,120,715,662139,0
3,Graduate,1,1253114,218648,12,666,3097424,1
2,Graduate,1,1494468,623985,120,584,730766,0
1,Graduate,1,601639,115699,60,720,701870,1
1,Graduate,1,949770,592436,60,775,865485,1
1,Graduate,1,892474,473867,240,591,1579812,0
0,Not Graduate,1,367032,50000,240,697,670917,1
0,Graduate,1,938532,2724944,360,728,2390903,1
2,Graduate,1,1963361,390157,360,758,2426729,1
0,Graduate,1,558323,416952,240,573,509683,0
0,Graduate,1,824106,922347,360,620,1087271,0
0,Graduate,1,860584,513667,36,696,1765957,1
0,Not Graduate,1,580861,777609,60,705,1323192,1
2,Graduate,1,1253588,172063,36,900,628046,1
2,Graduate,1,423347,468746,60,777,609469,1
1,Graduate,1,2118283,80072,360,673,2678600,1
0,Not Graduate,0,199283,426067,12,679,458556,0
1,Graduate,0,67008,2292303,36,683,487712,0
1,Graduate,1,2837425,119852,240,603,7352668,0
0,Graduate,1,834410,380503,60,683,1040863,1
1,Graduate,1,409070,64606,360,878,707054,1
0,Not Graduate,0,140935,544676,240,490,318715,0
1,Graduate,1,1083532,861279,120,711,2733849,1
1,Graduate,1,176739,792918,60,884,577981,0
0,Not Graduate,1,479007,296005,360,856,1293828,1
0,Graduate,0,142679,63312,360,785,536924,1
1,Graduate,1,129617,156129,60,714,508887,1
1,Graduate,1,780785,1898311,240,786,2154065,1
2,Graduate,1,827681,1301436,240,737,1830136,1
1,Graduate,1,283001,493195,240,853,1138973,1
0,Not Graduate,1,905747,635579,60,771,853670,1
0,Graduate,0,174279,193373,12,646,477942,0
1,Graduate,0,170945,1964273,120,876,608717,0
0,Not Graduate,1,1522171,263247,360,690,1580086,1
1,Graduate,1,1425856,836745,240,619,805069,1
3,Graduate,1,578509,143214,360,740,334015,1
1,Graduate,1,622273,452160,12,782,1671953,1
0,Not Graduate,0,79827,1883113,360,702,482355,0
1,Not Graduate,1,621237,209623,240,724,1839781,1
1,Not Graduate,1,155635,1143217,60,852,326606,0
1,Not Graduate,0,155276,183364,12,693,494575,1
3,Graduate,1,380557,219276,360,776,629415,1
0,Graduate,1,533986,535536,60,811,1104166,1
3,Not Graduate,0,113811,1427792,36,645,546557,0
3,Graduate,1,655279,401039,240,707,448971,1
0,Graduate,1,730429,1003069,120,835,1878355,1
0,Graduate,1,1096609,1696597,12,805,2745314,1
0,Graduate,1,1092814,249908,36,663,1021254,1
0,Not Graduate,1,349633,117575,240,687,852781,1
0,Graduate,1,695065,378694,36,403,856152,0
1,Graduate,1,750820,1930111,12,803,2280281,0
0,Not Graduate,1,906749,239747,120,756,1062654,1
0,Graduate,1,919308,1490988,12,560,2100858,0
2,Graduate,1,5000000,415608,120,770,5737656,1
0,Graduate,0,22647,3128962,360,725,138856,0
2,Not Graduate,1,1597696,5103423,60,765,3883427,0
0,Not Graduate,1,1879846,1515813,240,759,3448556,1
0,Not Graduate,1,1081897,104130,36,694,772843,1
1,Graduate,1,433543,50000,60,596,890059,0
1,Graduate,1,2762742,574455,240,661,6303026,1
2,Not Graduate,1,126299,1337951,36,664,489937,0
2,Not Graduate,1,422264,891811,60,556,831656,0
2,Graduate,1,1862342,262080,240,713,5104373,1
0,Graduate,0,21396,122273,240,769,385779,1
0,Not Graduate,1,2616038,1369273,60,634,1660449,0
2,Not Graduate,0,29068,3466300,12,735,123314,0
2,Not Graduate,1,299634,276493,120,760,656585,1
4,Not Graduate,1,476722,1233310,360,762,1429143,1
1,Graduate,1,1018579,7296709,120,641,2402986,0
0,Graduate,1,610713,446984,360,900,1554501,1
2,Graduate,0,179377,456121,360,712,286022,0
0,Graduate,1,2272331,945748,360,605,3367739,0
3,Graduate,1,2447936,406625,12,673,5343865,1
2,Graduate,1,523606,2062094,240,580,1447864,0
1,Graduate,1,185755,360768,36,673,129619,0
2,Graduate,1,129834,523844,12,815,573273,0
2,Graduate,1,883310,127714,240,754,1467102,1
0,Graduate,1,1232758,426947,60,845,1549473,1
3,Graduate,1,767119,197288,60,724,1213413,1
1,Graduate,0,139884,763802,360,815,362783,0
2,Graduate,1,383220,102310,240,598,1322367,0
0,Not Graduate,1,1231796,1439616,360,613,2700831,0
2,Graduate,1,2792780,226121,60,744,3196092,1
0,Graduate,0,61962,3217543,120,783,489375,0
0,Graduate,1,685565,2128136,12,777,1134092,0
3,Graduate,1,335615,923240,120,610,335010,0
0,Graduate,1,221378,116077,240,839,377231,1
0,Not Graduate,1,295380,288402,12,523,606079,0
3,Not Graduate,1,988296,220512,60,849,2760424,1
3,Graduate,1,1008495,249914,12,597,773580,0
1,Graduate,1,2346018,2615028,12,844,2033890,0
1,Not Graduate,1,734558,463868,60,655,1551733,1
1,Not Graduate,1,178692,279885,360,723,264430,1
0,Graduate,1,602874,255784,36,701,235445,1
0,Graduate,0,178999,317477,60,579,547982,0
1,Graduate,0,97460,920451,120,717,708762,0
2,Graduate,1,1160599,106181,360,606,2087687,0
2,Graduate,1,852002,596108,36,657,1652066,1
2,Graduate,1,1167123,825336,120,900,1230064,1
0,Graduate,1,547986,95285,240,724,1643518,1
1,Graduate,1,1372883,130937,120,675,2065630,1
0,Not Graduate,0,51484,515190,360,777,539315,0
1,Not Graduate,1,1782177,2282958,360,758,3292039,1
1,Graduate,1,960982,1798975,360,620,1525697,0
2,Not Graduate,1,618098,294057,12,615,788158,0
0,Graduate,1,864299,2211736,360,818,2011310,1
0,Not Graduate,1,719068,392531,360,732,637634,1
0,Graduate,0,77320,389178,240,892,532840,1
2,Graduate,1,887665,593632,36,545,1647273,0
1,Graduate,1,728475,1251013,120,817,1346775,1
0,Graduate,1,602719,293902,240,752,785431,1
0,Not Graduate,1,1431949,362924,120,621,1215269,0
2,Graduate,1,1285078,155101,12,749,2456076,1
0,Graduate,1,585913,767601,12,596,1658755,0
2,Graduate,1,289377,1374140,36,749,728717,0
2,Graduate,1,354486,1460989,60,801,339288,0
0,Graduate,1,629492,137780,360,694,307055,0
0,Graduate,1,2146055,368465,60,682,3347748,1
4,Not Graduate,1,597111,1877530,12,634,729033,0
0,Not Graduate,1,453477,681580,240,799,674739,1
0,Not Graduate,1,178335,559111,36,724,658087,0
2,Graduate,1,2448125,546086,120,676,4734198,1
3,Graduate,1,1149942,928623,120,831,1393973,1
4,Graduate,1,1378915,719215,240,813,2685735,1
2,Graduate,1,1574345,303948,60,709,3976823,1
0,Graduate,1,639355,1304146,12,716,716384,0
0,Not Graduate,0,174158,162285,12,799,594758,1
2,Graduate,0,117320,2027115,36,709,554354,0
1,Not Graduate,0,84325,220586,12,588,378700,0
1,Not Graduate,1,1167085,934614,60,725,846917,1
3,Not Graduate,1,1463645,458280,60,768,2651871,1
0,Not Graduate,1,1219980,335582,240,815,934299,1
1,Graduate,1,658332,2100258,36,853,2006690,0
0,Graduate,1,709909,1135866,36,879,1051592,0
1,Graduate,1,1358799,509430,12,683,1637926,1
0,Graduate,1,1357020,3094606,360,712,2529522,1
0,Graduate,1,1857210,1439417,120,565,843188,0
0,Graduate,1,1133564,241475,36,650,367280,1
1,Graduate,1,1175594,56367,12,565,1726112,0
2,Not Graduate,1,510432,601306,120,837,334555,1
1,Not Graduate,1,458208,2155424,12,709,222355,0
3,Graduate,0,75287,995151,240,724,583343,0
0,Graduate,1,460768,2607659,36,777,859976,0
0,Graduate,1,717436,297059,12,711,989981,1
2,Graduate,0,125558,480592,240,723,703702,1
0,Not Graduate,1,1936622,492405,12,679,3418661,1
3,Graduate,1,928597,687777,60,735,2092533,1
0,Graduate,1,575554,1164081,12,818,551018,0
3,Not Graduate,1,660859,2764498,60,870,607534,0
0,Not Graduate,1,1460264,3411607,36,650,2590115,0
2,Graduate,1,708425,2860682,12,798,2112561,0
1,Graduate,1,466668,1055031,240,597,1016322,0
4,Graduate,1,1929207,383761,36,597,3631464,0
0,Graduate,1,843470,677319,36,670,1117925,1
1,Graduate,1,459638,1040521,360,665,1112109,1
3,Graduate,1,1069981,618509,60,675,2195172,1
1,Graduate,1,1586395,216686,36,680,2218878,1
1,Graduate,1,325742,340315,12,756,613882,1
1,Graduate,1,621341,1287279,12,825,1525528,0
1,Not Graduate,0,6122,422311,60,865,12360,0
1,Graduate,1,1047408,553586,12,771,735586,1
1,Graduate,1,1209365,499607,360,818,2129796,1
3,Not Graduate,1,469217,221416,60,637,711289,0
0,Graduate,1,220973,455307,120,778,101628,1
0,Not Graduate,1,1665172,341868,60,660,2232417,1
3,Graduate,1,297760,270544,240,808,1005746,1
2,Graduate,1,906138,187529,240,745,945088,1
1,Graduate,0,26044,488647,360,735,111752,0
1,Graduate,1,830642,1002663,12,650,2140686,1
0,Graduate,1,2733209,1657100,120,658,6776335,1
0,Graduate,1,5000000,134034,240,582,1433218,0
1,Graduate,1,197451,2693639,240,658,645460,0
0,Graduate,0,26538,724288,240,645,54283,0
1,Graduate,1,643708,175075,12,642,606286,0
0,Graduate,1,1686698,360880,36,676,3268212,1
3,Graduate,1,1568782,82670,36,893,2161755,1
4,Graduate,1,2253050,106749,360,844,1639618,1
1,Graduate,1,916183,3021986,36,833,1774879,0
1,Graduate,1,358018,268524,360,665,466855,1
0,Graduate,1,1532053,924392,12,712,2610090,1
2,Graduate,1,801626,483501,36,675,1078060,1
1,Not Graduate,1,604964,550074,360,608,656795,0
0,Graduate,1,498331,780763,60,709,143620,1
3,Graduate,1,1631594,67237,12,732,1075639,1
2,Graduate,1,2630529,2019866,12,803,6231641,1
3,Graduate,1,280328,489573,120,720,332582,0
2,Graduate,1,1199675,326347,240,506,2626052,0
1,Graduate,1,541495,862858,120,637,1044685,0
1,Graduate,1,225524,262729,36,663,891152,1
3,Graduate,0,178171,665445,12,568,649817,0
2,Graduate,1,374553,457989,360,662,500923,1
0,Graduate,1,206446,1100208,12,787,609449,0
0,Graduate,1,390275,436286,36,663,831974,1
0,Graduate,1,320545,192910,360,773,559704,1
2,Graduate,0,109516,776336,240,716,565577,0
4,Graduate,0,91587,412250,120,786,468815,0
0,Graduate,1,531728,87465,240,587,1507972,0
1,Graduate,1,412256,658458,36,749,779403,0
0,Graduate,1,985092,315702,120,650,2306159,1
3,Not Graduate,1,1172713,763567,120,820,1310333,1
2,Graduate,1,898173,229796,240,601,364575,0
2,Graduate,1,604190,161719,240,803,532339,1
1,Not Graduate,1,591287,1758768,12,710,448672,0
1,Graduate,0,103781,1255629,12,738,550259,0
0,Graduate,0,116295,536821,240,720,451837,0
0,Not Graduate,0,6970,837157,360,559,317457,0
2,Graduate,1,178481,1215194,36,764,426269,0
2,Graduate,1,683799,534886,240,693,1448449,1
4,Not Graduate,1,563079,161376,360,822,1696389,1
4,Not Graduate,1,1177972,729029,12,758,943685,1
1,Graduate,1,233278,1472131,120,786,321342,0
2,Graduate,1,736735,977918,360,695,662506,1
3,Graduate,1,959710,573379,36,757,1200949,1
2,Graduate,1,158929,951020,12,774,310663,0
0,Graduate,1,308827,432248,36,799,479160,0
1,Graduate,1,677773,1535206,36,783,255701,0
0,Graduate,1,1100546,2078548,120,812,2057687,1
3,Graduate,1,844077,147829,360,646,436163,0
1,Graduate,1,1142081,1649420,12,703,967065,0
0,Graduate,0,121151,5062061,240,677,246232,0
1,Not Graduate,1,204638,914002,36,744,402904,0
1,Not Graduate,1,780433,1445198,36,691,1758508,0
0,Graduate,1,272806,282915,120,648,572338,0
0,Not Graduate,1,365032,326535,360,665,1175112,1
1,Not Graduate,1,1537737,438226,12,699,2070915,1
1,Graduate,0,159280,361331,360,688,191640,0
2,Graduate,0,53659,145535,36,630,581273,0
1,Graduate,1,417305,454675,36,708,281924,0
2,Graduate,1,1198686,1247164,60,720,952106,1
1,Graduate,1,864214,147484,60,654,1568778,1
1,Graduate,1,276054,646372,36,665,779719,0
2,Graduate,1,153543,626842,360,828,351002,0
1,Graduate,1,3286854,399785,360,568,2065290,0
0,Graduate,1,274310,887821,360,719,725021,1
0,Not Graduate,1,1112541,808276,120,853,1731422,1
2,Graduate,1,2442552,372341,240,685,4139395,1
1,Not Graduate,1,820835,1561083,60,782,2315543,1
2,Graduate,1,451193,946579,60,574,1045415,0
0,Not Graduate,1,233085,2606385,12,557,442541,0
0,Graduate,1,230496,505635,240,708,631123,1
0,Graduate,1,985945,391693,60,635,2092351,0
0,Graduate,1,2328607,438683,240,762,3422502,1
1,Graduate,1,531592,1755592,240,740,87227,1
0,Not Graduate,1,467625,465702,12,863,352668,0
1,Graduate,1,1274398,495021,36,769,2113988,1
3,Not Graduate,1,421359,3839962,36,696,290831,0
0,Graduate,1,908532,140859,60,754,267957,1
1,Graduate,1,754221,772061,12,700,753460,0
2,Not Graduate,1,525668,508156,60,598,498813,0
0,Graduate,1,720405,420580,60,774,1928253,1
1,Graduate,1,2989215,208279,360,756,1447979,1
2,Not Graduate,0,164533,278195,36,649,545892,0
3,Not Graduate,1,1748031,359298,12,842,3277924,1
0,Not Graduate,1,349774,887124,240,651,659090,1
3,Not Graduate,1,1752841,1267353,36,864,4079308,1
1,Graduate,1,1216169,91234,60,700,1953548,1
0,Not Graduate,1,219766,162500,60,569,249105,0
1,Graduate,1,1123357,934613,120,869,975441,1
4,Not Graduate,1,483777,1016889,12,799,1069158,0
1,Graduate,1,211791,125033,240,792,405926,1
0,Graduate,1,809215,1295346,240,486,1286754,0
1,Graduate,1,1122685,532867,60,529,1584842,0
0,Graduate,0,11771,1140607,120,797,101585,0
0,Graduate,1,668431,230559,120,801,1920358,1
0,Not Graduate,1,559910,134588,12,588,1122070,0
0,Not Graduate,0,79598,396862,60,747,530730,1
0,Graduate,1,283210,414871,60,705,1093329,1
0,Not Graduate,1,1466424,392315,60,608,516784,0
1,Graduate,0,146084,365785,12,668,553257,1
0,Graduate,1,368216,2936970,240,868,940142,0
0,Graduate,1,701713,98734,36,635,1669426,0
2,Not Graduate,1,239343,232146,120,562,718265,0
1,Graduate,1,452982,355548,240,669,1163227,1
1,Graduate,1,702536,553482,36,456,252391,0
0,Graduate,1,210893,1100212,240,687,650356,1
0,Graduate,0,60983,1283834,240,570,242486,0
0,Graduate,0,57918,1585679,240,617,562130,0
0,Graduate,0,114638,874540,240,731,226418,0
0,Graduate,1,307326,95796,60,582,322200,0
0,Graduate,0,186925,102296,240,622,470108,0
0,Not Graduate,1,149873,1701958,36,841,604165,0
0,Graduate,1,1033951,1595386,36,723,1523223,0
1,Graduate,1,399788,1020722,120,732,761986,1
0,Graduate,1,551224,237929,360,764,1144144,1
0,Not Graduate,1,1182503,391397,12,711,571214,1
1,Graduate,1,1136944,362628,36,793,674109,1
1,Not Graduate,1,423133,193933,36,760,1186186,1
0,Graduate,1,246160,700149,36,620,628854,0
2,Not Graduate,1,1199856,4664399,36,744,1247332,0
1,Graduate,0,134017,329184,12,577,480141,0
0,Graduate,1,580720,1976373,12,475,1377685,0
2,Graduate,1,1038777,222940,360,821,1014577,1
3,Graduate,1,510597,116231,240,697,562599,1
0,Not Graduate,1,376385,1450611,360,803,1213552,1
0,Not Graduate,0,82578,434167,36,707,484715,0
2,Graduate,1,1104856,1926564,36,764,2240548,0
2,Graduate,1,934157,2352274,120,814,512784,1
0,Graduate,1,1096167,409049,120,585,1383246,0
0,Graduate,0,180638,2069911,120,746,316221,0
0,Graduate,1,2585695,225020,120,768,2834575,1
1,Not Graduate,1,554651,221505,240,761,912528,1
1,Not Graduate,1,663223,1578956,60,580,1573649,0
0,Graduate,1,253996,114943,120,705,309259,1
1,Not Graduate,0,127167,539523,120,771,675512,1
2,Graduate,0,94123,1885405,12,763,598454,0
0,Graduate,0,55030,2016331,360,860,541856,0
0,Graduate,0,194076,350575,36,761,712014,1
2,Graduate,1,1105919,1482485,240,647,1386014,0
2,Graduate,1,910300,175794,36,792,2141467,1
1,Graduate,1,510407,277237,60,793,341853,1
1,Graduate,1,429599,680381,240,622,755585,0
0,Graduate,1,1585164,788392,60,900,2544853,1
1,Not Graduate,1,1561029,189524,36,900,1164376,1
1,Graduate,0,43121,3479073,12,660,438043,0
0,Not Graduate,1,1300782,82663,120,582,1780488,0
0,Not Graduate,0,149802,570463,36,612,319428,0
0,Graduate,1,299225,657307,240,601,622336,0
0,Graduate,1,1123956,94187,120,586,1906100,0
0,Not Graduate,1,315010,2031183,240,653,372724,1
0,Graduate,1,104460,257692,60,606,652507,0
0,Not Graduate,1,641726,596273,240,849,1644720,1
0,Graduate,1,896498,750157,12,563,326162,0
2,Graduate,1,665266,126214,60,737,882392,1
1,Not Graduate,1,5000000,184953,360,681,8337077,1
1,Not Graduate,1,987647,2579298,360,745,1005417,1
2,Not Graduate,1,820536,505937,36,699,2044675,1
1,Graduate,1,1028562,50000,120,722,1434774,1
0,Not Graduate,1,512443,399543,120,817,1236000,1
1,Not Graduate,1,1534297,522875,12,660,2535844,1
1,Not Graduate,1,973644,672912,240,573,1234046,0
2,Graduate,1,938593,73212,36,706,1820061,1
1,Graduate,1,442724,524757,360,639,785777,0
0,Not Graduate,1,208675,235001,240,741,518041,1
0,Graduate,1,488400,674033,360,650,968519,1
0,Graduate,1,914476,896573,240,640,2542437,0
1,Graduate,1,511059,806125,12,823,755412,0
1,Graduate,1,921153,2200011,360,893,677897,1
0,Graduate,1,605682,4831029,60,631,164164,0
4,Graduate,1,1029376,173927,360,713,2524364,1
1,Not Graduate,1,333881,368803,60,672,652868,1
0,Graduate,1,851123,1136043,12,738,903116,0
0,Graduate,0,109833,476014,12,679,92889,0
0,Graduate,1,213069,50000,12,768,538935,1
0,Graduate,0,163397,445723,240,621,565694,0
0,Graduate,1,2493141,1856394,360,815,4750252,1
0,Graduate,1,227098,133954,360,696,286525,0
0,Graduate,1,802521,673675,240,863,469993,1
0,Not Graduate,1,1380645,80228,36,863,3724221,1
2,Graduate,1,4592910,1289841,12,729,2792725,1
0,Graduate,1,491714,688013,240,675,552334,1
1,Graduate,1,439942,306176,60,656,533307,1
1,Graduate,1,286830,355773,360,746,602663,1
4,Not Graduate,1,1816483,120684,360,753,4598551,1
0,Not Graduate,1,364422,1480117,12,675,488538,0
0,Graduate,1,542271,242959,60,634,1704845,0
3,Graduate,1,166183,891177,120,617,250789,0
2,Graduate,1,1479444,206507,36,807,1242900,1
2,Graduate,1,1842449,4869017,120,608,4039054,0
0,Not Graduate,1,1434920,2570638,36,652,1996636,0
0,Graduate,1,201942,4298362,12,718,576284,0
1,Graduate,1,1185554,4830831,360,784,1008548,1
3,Graduate,1,191350,286495,36,733,617655,1
1,Graduate,1,764083,223210,240,611,1776445,0
1,Graduate,1,859462,4098511,60,667,1806419,0
0,Graduate,1,934854,469267,360,647,1857729,0
2,Not Graduate,1,1118735,1243223,240,799,1073781,1
0,Graduate,1,724743,290488,12,777,975463,1
0,Graduate,1,151760,295305,120,606,115366,0
1,Graduate,0,38520,1239177,60,689,225031,0
1,Not Graduate,1,788656,75367,12,727,877379,1
0,Graduate,0,83122,1182539,240,586,268211,0
0,Not Graduate,1,207831,912984,240,796,735193,1
1,Not Graduate,1,2500541,318012,36,730,6264762,1
0,Not Graduate,1,1953318,553592,36,770,2013350,1
1,Graduate,1,1283069,647487,120,585,2691380,0
0,Graduate,0,404,684899,36,709,410078,0
1,Graduate,1,97382,1077488,36,699,477358,0
1,Graduate,0,174453,239190,36,629,289314,0
0,Graduate,1,978082,8022219,120,688,2290173,0
0,Graduate,1,540510,439945,12,787,482962,0
0,Not Graduate,0,75869,474162,360,632,160185,0
0,Graduate,1,1437474,3777939,60,709,1680769,0
4,Graduate,0,158056,86764,12,839,381405,1
0,Graduate,1,750163,3738728,360,567,216873,1
2,Graduate,1,759772,593302,360,707,598590,1
0,Graduate,1,1256639,318005,12,654,426019,1
1,Graduate,0,156823,176371,12,754,313535,1
2,Graduate,1,1025598,151887,240,688,2220267,1
1,Graduate,1,349244,383914,60,793,388891,1
1,Not Graduate,1,2124918,713532,60,749,392024,1
1,Not Graduate,1,1116492,1007010,240,727,740590,1
0,Not Graduate,1,420591,705044,360,778,318207,1
3,Graduate,1,777995,324419,240,691,1224079,1
2,Graduate,1,368417,2062671,360,663,801692,1
3,Graduate,1,2429728,7832584,36,725,2101362,0
0,Graduate,1,2671901,2408765,240,676,6037635,1
2,Graduate,1,1273117,377267,120,613,1481888,0
3,Graduate,1,2534039,892765,240,619,6212361,0
0,Graduate,1,823597,951861,36,603,1005386,1
0,Graduate,0,18065,2686302,240,706,256003,0
2,Not Graduate,1,1943069,385316,120,711,4336126,1
1,Graduate,1,726072,205886,240,571,727954,0
2,Graduate,0,121399,1679239,360,799,608360,0
0,Graduate,1,1539433,811286,12,804,3518497,1
2,Graduate,1,1223466,178302,60,692,2479537,1
0,Graduate,0,130439,1094243,120,784,495161,0
0,Graduate,1,126821,3396498,120,672,316985,0
0,Graduate,0,20357,270017,120,577,329667,0
2,Not Graduate,1,136280,221681,360,698,158125,0
1,Not Graduate,1,330111,556856,12,677,800859,1
1,Graduate,1,362424,1066933,12,731,104278,0
0,Graduate,1,462816,501363,60,769,537539,1
2,Graduate,1,1406128,1680203,36,803,2538801,1
0,Not Graduate,1,1673024,701311,60,625,2739346,0
2,Graduate,1,1095797,1486081,120,878,1820614,1
1,Graduate,1,1209848,262807,120,629,2402089,0
0,Graduate,1,1232920,158304,120,710,1149572,1
1,Graduate,0,132521,384602,60,744,340642,0
0,Not Graduate,1,735391,140582,36,690,741508,1
2,Graduate,1,173309,813681,36,532,317073,0
1,Graduate,0,37226,71919,60,603,263775,0
0,Graduate,1,136695,343613,360,681,487802,1
2,Graduate,0,27424,405973,120,727,212884,0
0,Not Graduate,1,1130551,189731,60,626,1256968,0
1,Not Graduate,1,298281,397776,60,747,567651,1
3,Graduate,1,1574381,542678,240,743,3802465,1
1,Graduate,1,1093941,1922684,240,763,1287058,1
0,Graduate,0,130376,190854,12,704,472449,1
3,Graduate,1,1274929,772461,12,677,2221387,1
1,Graduate,1,547238,941998,60,748,1119922,0
0,Graduate,1,823678,529046,240,698,565193,1
0,Graduate,1,735305,328390,120,817,1076643,1
2,Graduate,1,722130,172993,12,616,608236,0
1,Graduate,1,426076,3607643,120,841,387979,0
1,Not Graduate,0,78252,581078,120,759,268823,0
2,Graduate,1,557107,394133,12,711,980531,1
2,Graduate,1,533087,4508838,360,725,1010834,1
0,Graduate,1,404584,674877,60,715,557440,1
0,Graduate,1,1442146,6875657,240,705,980348,1
0,Graduate,1,285567,131095,12,816,941069,1
2,Graduate,1,635897,426284,36,837,1091797,1
0,Not Graduate,1,1854400,137307,36,738,3196202,1
1,Graduate,1,1509521,478244,120,757,694504,1
2,Graduate,0,69289,475961,36,615,256258,0
2,Graduate,1,454691,341795,120,661,720054,1
0,Graduate,1,1366045,570283,360,742,1350679,1
2,Graduate,1,311646,358865,360,702,1029456,1
0,Graduate,1,584961,483896,360,741,1470402,1
2,Graduate,1,630706,253776,360,601,451009,0
0,Graduate,1,460159,2287160,360,733,751302,1
0,Graduate,1,546095,178304,240,885,1277425,1
2,Graduate,1,491540,668213,12,635,1453105,0
0,Graduate,0,171988,163956,12,735,757072,1
0,Graduate,1,1447184,234463,240,676,786012,1
2,Graduate,1,630355,260859,120,785,1310145,1
2,Not Graduate,1,856962,473647,360,724,1377015,1
1,Graduate,0,50717,643979,60,671,452945,0
1,Not Graduate,0,45489,178665,36,647,358857,0
1,Graduate,1,785631,357358,360,749,913690,1
0,Not Graduate,1,571297,200557,240,676,498386,1
0,Graduate,1,2268699,191892,36,900,3503733,1
0,Graduate,1,1340557,1678749,60,725,3301111,1
3,Graduate,1,740222,134324,120,751,1699417,1
1,Graduate,1,510097,582267,360,555,831992,0
1,Graduate,1,663273,2952235,36,724,758922,0
1,Graduate,1,1018760,1805157,120,572,437775,0
3,Graduate,0,178159,826833,360,689,471916,0
0,Not Graduate,1,243181,531652,60,785,669946,1
1,Graduate,1,1236530,1128773,120,853,2115064,1
1,Not Graduate,1,1796550,781831,60,808,4015943,1
1,Graduate,1,222042,2241432,12,723,647494,0
0,Graduate,1,631011,472730,36,819,298768,1
2,Graduate,1,311260,1470483,36,861,1100325,0
3,Graduate,0,152404,390145,60,626,162422,1
1,Graduate,1,547610,3589402,60,804,1463145,0
1,Not Graduate,1,657295,459619,240,646,1330981,0
3,Graduate,1,525000,107051,60,693,1114342,1
2,Graduate,1,1297734,584028,60,746,790558,1
0,Not Graduate,0,69198,1160778,120,811,179128,0
1,Graduate,1,877420,2754320,120,691,471647,1
1,Not Graduate,1,829432,199555,36,617,2031737,0
1,Not Graduate,1,1153132,94426,120,560,1394652,0
2,Graduate,1,591503,887987,120,683,1299305,1
3,Graduate,0,153102,860931,36,830,294374,0
3,Graduate,1,271621,131785,360,666,744777,1
1,Not Graduate,1,183370,388637,12,805,762372,1
0,Graduate,1,171623,406462,240,643,392041,0
4,Graduate,1,138182,1230732,120,717,456125,0
2,Not Graduate,1,1249852,357286,12,734,2179133,1
0,Graduate,1,1133809,349580,240,776,1277821,1
3,Not Graduate,1,1916902,605994,36,619,4850889,0
2,Graduate,1,313228,136201,120,683,288655,1
1,Graduate,1,1324266,3615649,360,804,2458514,1
1,Not Graduate,1,763340,1375142,120,592,1778281,0
0,Graduate,1,833400,267855,60,767,486209,1
0,Graduate,1,1203203,176726,120,604,1619263,0
0,Graduate,1,398305,190964,120,695,918272,1
2,Graduate,0,196035,971640,12,714,429589,0
0,Graduate,1,2116986,196736,12,652,996405,1
0,Not Graduate,0,137147,421119,120,776,293813,0
0,Graduate,1,304799,99625,360,723,521311,1
1,Graduate,1,679883,928444,240,762,1638334,1
3,Graduate,1,843914,963906,36,653,1977887,1
0,Graduate,0,7721,449293,360,820,348674,0
0,Not Graduate,1,286365,655765,12,776,587387,0
2,Not Graduate,1,916566,1197493,360,694,1885774,1
1,Graduate,0,91485,638372,360,608,122759,0
0,Graduate,0,92164,1179797,240,826,321400,0
1,Graduate,1,669305,168051,360,626,1342678,0
0,Graduate,0,100458,789136,120,746,362855,0
0,Graduate,1,211757,655695,60,717,657276,0
1,Graduate,1,2183602,1797639,12,702,1664003,0
1,Not Graduate,1,186639,557029,360,613,180723,0
3,Graduate,1,252264,490234,12,626,641818,0
0,Not Graduate,1,190674,309547,60,832,511400,1
1,Graduate,1,891162,2400598,120,733,1148028,0
1,Graduate,1,285227,51216,12,791,848730,1
0,Not Graduate,1,248037,900918,120,519,616133,0
1,Graduate,0,3074,529462,240,669,357608,0
0,Not Graduate,1,1046979,449723,12,778,1714800,1
3,Graduate,0,67067,388744,120,656,167431,0
0,Graduate,0,110883,511010,240,557,658966,0
1,Not Graduate,0,25896,872001,360,768,178981,0
0,Graduate,1,819679,244009,12,543,1808980,0
4,Not Graduate,1,1389637,618484,36,747,3762931,1
1,Not Graduate,1,817771,767398,120,729,517690,1
1,Graduate,1,303063,208198,240,683,114745,1
0,Graduate,1,1132468,894367,360,713,2919430,1
2,Graduate,1,431646,773687,36,708,1024032,1
0,Graduate,1,678209,243053,120,779,1047064,1
2,Not Graduate,0,125695,164706,12,752,193879,0
0,Graduate,0,95256,239878,360,797,151217,0
0,Graduate,1,201269,618700,120,882,492301,1
0,Graduate,1,1509920,500853,240,641,2881629,0
1,Graduate,1,428910,2178012,12,698,521065,0
1,Not Graduate,0,95970,374321,12,639,539176,0
0,Graduate,1,833301,222104,360,815,386610,1
2,Not Graduate,1,535770,1042383,12,691,1270181,0
1,Graduate,1,1018733,202799,60,695,2954212,1
1,Graduate,1,700186,245037,240,705,797877,1
1,Graduate,0,46222,248265,36,640,78388,0
1,Graduate,1,416030,50000,12,509,580535,0
1,Not Graduate,1,851603,952520,240,734,1278625,1
0,Graduate,0,67068,1383297,60,651,151569,0
0,Not Graduate,0,141289,1351447,60,715,437416,0
2,Graduate,0,191803,3560559,360,900,578165,0
3,Graduate,1,699941,2438833,12,851,1950304,0
0,Graduate,1,1312685,386943,240,686,2694715,1
0,Graduate,1,808565,1638415,60,738,1095203,0
1,Graduate,1,710178,490097,12,759,339018,0
1,Graduate,1,964903,352931,360,771,1136704,1
0,Not Graduate,1,1925850,253830,120,651,2364203,1
0,Graduate,1,881057,413484,120,669,804926,1
2,Graduate,0,33238,750858,120,775,186167,0
1,Graduate,1,543188,2626435,36,667,953394,0
0,Graduate,0,117762,1119782,240,790,444700,0
0,Not Graduate,1,1217450,249868,360,662,984494,1
0,Graduate,1,776200,190207,120,812,2298421,1
1,Graduate,1,661243,954119,60,666,299550,1
0,Graduate,1,1594908,1332242,36,748,2785878,1
0,Graduate,1,449116,1844052,120,785,1225825,0
2,Graduate,0,111885,413018,12,655,516668,1
0,Graduate,1,772911,864151,60,865,817125,1
1,Graduate,0,44381,1271651,36,844,442270,0
0,Graduate,1,2605270,139936,36,705,4703705,1
0,Not Graduate,0,10499,713381,60,765,144876,0
0,Graduate,1,755299,1334873,120,750,572698,1
2,Not Graduate,1,1105296,900217,360,698,2938458,1
2,Graduate,1,590379,498497,360,564,889165,0
2,Not Graduate,1,1102537,7348047,12,682,1137881,0
0,Graduate,0,196501,3724781,12,589,805913,0
1,Graduate,1,1638177,545465,360,699,2754454,1
0,Graduate,1,1300662,446981,360,896,1057699,1
0,Graduate,1,1394689,1088464,12,656,3576733,1
2,Graduate,1,618929,510155,36,590,1619739,0
0,Graduate,1,3404953,1927130,120,784,5444047,1
0,Graduate,1,1074245,152168,360,727,1654430,1
0,Graduate,1,888984,424768,360,857,1840272,1
0,Graduate,1,396822,1072224,60,559,470402,0
0,Not Graduate,1,674915,1474380,240,668,1445100,1
1,Graduate,1,799309,122894,12,614,321282,0
1,Graduate,0,95611,208133,60,768,143401,0
2,Graduate,0,14921,101087,360,782,123855,0
2,Graduate,1,638808,225668,360,659,1267320,1
0,Graduate,1,762788,150660,60,749,660770,1
0,Not Graduate,1,178052,926464,360,869,755645,1
0,Graduate,1,654602,679426,12,677,657453,0
1,Graduate,1,539351,463318,240,826,1135133,1
0,Graduate,0,21917,554651,36,539,463565,0
1,Graduate,1,1669811,1783769,36,711,4247392,1
1,Not Graduate,1,3767478,190561,120,847,6315006,1
1,Not Graduate,1,1255069,78417,360,573,2406685,0
1,Graduate,1,271702,1099660,36,805,345523,0
0,Graduate,1,553310,365505,60,613,557265,0
3,Graduate,1,1174990,195158,36,668,613187,1
2,Graduate,1,1073712,940353,120,670,2470536,1
0,Graduate,1,1606969,75535,60,674,2976274,1
2,Graduate,0,16065,229214,60,774,83539,0
1,Graduate,1,545359,50000,240,630,1018871,0
2,Graduate,1,2963670,700181,360,900,5525347,1
2,Graduate,1,764468,2606946,12,700,1371955,0
1,Not Graduate,0,65389,304620,12,801,309918,0
0,Graduate,0,59865,244863,12,788,125186,0
0,Not Graduate,1,220383,3218911,120,686,149018,0
1,Graduate,1,44532,1011996,36,723,366096,0
1,Graduate,1,1349857,5841155,12,678,1677199,0
0,Not Graduate,1,1511420,634633,36,742,1915901,1
0,Not Graduate,1,1015823,677820,12,603,2443365,0
2,Graduate,1,257309,2291757,240,762,818082,0
4,Graduate,1,695860,465734,36,754,413579,1
1,Not Graduate,1,583888,691899,120,764,517766,1
0,Graduate,1,474572,50000,360,726,635345,0
0,Graduate,1,2257244,3071583,360,601,5454727,0
0,Not Graduate,1,315737,798806,120,642,1073349,0
3,Graduate,1,939293,485349,36,755,1545173,1
0,Graduate,1,1895963,1338881,360,679,4927869,1
1,Graduate,1,989696,165800,120,623,825128,0
0,Graduate,1,1968721,311333,60,806,2532527,1
1,Graduate,1,1145064,939718,120,665,151457,1
1,Graduate,1,1028363,564686,240,671,2277921,1
2,Graduate,1,978198,844611,240,696,903148,1
0,Graduate,1,1191536,693359,36,745,3111390,1
0,Graduate,1,535828,1015146,120,720,760298,1
0,Graduate,0,47438,144234,36,818,155357,0
3,Not Graduate,1,1564747,1939895,12,737,2649086,1
2,Graduate,1,1847592,333071,60,749,2289586,1
1,Not Graduate,1,892322,572479,36,640,1316192,0
1,Graduate,0,26432,296328,36,587,446990,0
1,Not Graduate,0,31189,405385,36,740,463835,0
0,Graduate,1,781246,679487,360,858,2110267,1
3,Graduate,1,247914,1127111,36,781,993874,0
1,Not Graduate,1,221640,1330720,360,810,250975,1
0,Not Graduate,0,39651,832768,240,721,306307,0
1,Graduate,1,395926,297808,60,791,550741,1
0,Graduate,0,89281,781872,12,786,636646,0
0,Graduate,1,642141,687137,60,681,538408,1
2,Not Graduate,1,448961,573243,36,679,1128833,1
0,Graduate,0,100465,921928,240,666,725199,0
1,Graduate,1,368681,150880,12,661,586321,1
0,Graduate,0,137770,71188,360,562,411950,0
0,Graduate,1,273690,1776222,36,644,510853,0
0,Not Graduate,0,128636,473840,360,647,410280,0
0,Graduate,1,291326,819073,36,695,607099,0
2,Graduate,1,639860,226938,120,842,1173639,1
0,Graduate,1,884103,1909256,60,740,1886803,0
1,Graduate,1,376647,766875,60,804,860613,0
1,Graduate,1,1025126,451568,60,547,1333094,0
1,Graduate,0,65168,719125,120,804,353913,0
3,Not Graduate,1,299616,94683,240,763,521563,1
2,Graduate,1,666253,784756,240,770,1250452,1
0,Graduate,0,163704,2390055,240,695,423246,0
0,Graduate,1,1459960,740646,360,890,2332394,1
0,Graduate,1,2649582,650920,12,759,3857675,1
1,Not Graduate,1,539678,393552,120,614,678248,0
0,Graduate,0,70660,1595601,120,679,334159,0
1,Graduate,1,319291,1850579,240,795,462016,1
1,Graduate,1,267529,350829,240,734,354710,1
0,Graduate,0,29249,773473,240,728,288543,0
2,Graduate,1,392112,681611,120,796,245054,1
0,Not Graduate,1,1955005,807558,240,725,3244943,1
0,Graduate,1,226407,249515,60,840,650019,1
2,Graduate,0,72363,1694293,240,862,429570,0
1,Graduate,1,326246,950951,60,670,741569,0
1,Graduate,1,378375,1798395,36,829,836244,0
1,Graduate,1,1122747,177132,36,603,1890103,0
0,Not Graduate,1,424766,187852,120,707,297707,1
2,Graduate,1,482807,4237122,12,707,325237,0
2,Graduate,1,380892,1701684,360,769,612854,1
1,Graduate,1,3041994,239165,36,680,1485527,1
0,Not Graduate,1,445080,1287422,120,707,882193,1
1,Graduate,1,760127,339145,120,811,1907749,1
0,Not Graduate,1,620616,98843,60,863,508166,1
0,Graduate,1,870770,66154,60,812,1254013,1
3,Not Graduate,1,446060,528612,240,833,428865,1
0,Graduate,1,621161,2573561,360,631,1575810,0
3,Graduate,1,999651,2474102,36,572,288230,0
1,Graduate,1,365709,1905290,60,812,847575,0
0,Graduate,1,1743590,1239242,12,639,860539,0
1,Graduate,1,1883014,742193,360,663,3680438,1
2,Graduate,1,1184929,1709931,120,744,1135732,1
2,Graduate,1,771352,72338,360,747,831177,1
2,Graduate,1,66670,1453940,240,760,37303,0
1,Not Graduate,1,1024210,176133,60,672,2575680,1
1,Graduate,0,109172,216918,60,687,550383,1
2,Not Graduate,1,598978,1083657,60,763,638465,0
0,Graduate,1,159867,1367822,360,640,226860,0
1,Graduate,1,1082594,293693,36,677,1626982,1
0,Graduate,1,228921,1031157,360,842,265875,1
4,Graduate,1,801900,948779,60,785,443211,1
3,Not Graduate,1,1504131,396072,360,676,2325786,1
0,Graduate,1,501088,630236,120,566,1262407,0
2,Not Graduate,1,1929634,4329159,60,665,3162239,0
3,Not Graduate,1,401277,407759,360,762,724523,0
0,Graduate,1,1179199,422062,12,721,1898969,1
1,Not Graduate,1,256830,627818,60,718,485662,0
3,Graduate,1,1664281,450019,240,900,1244693,1
0,Not Graduate,0,92416,1191236,240,787,372239,0
1,Graduate,1,1060961,2348398,12,814,1398415,0
0,Graduate,1,532518,422240,240,750,857237,1
3,Not Graduate,1,237613,229398,36,818,600620,1
3,Graduate,1,533645,3893846,120,780,730302,0
3,Graduate,1,1773110,609143,120,884,3016295,1
1,Graduate,1,809336,98269,36,592,1997732,0
2,Graduate,1,210569,3479064,240,649,324411,0
2,Graduate,1,296623,1666419,12,598,638671,0
0,Not Graduate,1,1987764,2680040,12,674,1410971,0
2,Graduate,1,1077689,2267633,120,720,2815856,1
0,Graduate,1,271794,7610109,360,829,586416,0
1,Graduate,1,177608,191580,12,894,570282,1
0,Graduate,1,442398,243860,36,720,1008642,1
0,Graduate,1,165862,330293,120,720,517844,1
0,Not Graduate,1,643921,320986,60,737,1726111,1
1,Not Graduate,1,5000000,611060,36,704,4716389,1
0,Graduate,1,203299,331075,36,653,650332,1
2,Graduate,1,628555,164464,12,707,1101850,1
0,Not Graduate,1,2083461,225384,360,658,4289654,1
0,Not Graduate,1,1328113,402820,12,692,1887410,1
1,Graduate,1,647586,1696877,12,720,1987830,1
2,Graduate,1,648826,303971,60,719,1119389,1
0,Not Graduate,0,92620,1214651,36,715,185637,0
1,Graduate,0,23230,144166,240,669,184883,1
2,Graduate,0,78619,50000,120,771,211420,1
1,Graduate,1,1765758,472987,12,798,3666974,1
0,Graduate,1,444124,293605,12,620,931513,0
0,Graduate,1,626642,223745,36,710,640489,1
2,Graduate,0,38557,199017,60,740,160337,0
0,Graduate,1,873497,266328,12,731,1930513,1
2,Graduate,1,1365489,201319,60,734,2831397,1
1,Graduate,1,1207084,220414,60,564,1425627,0
3,Graduate,1,286029,138850,240,858,716167,1
2,Not Graduate,1,820353,64254,60,703,1737745,1
4,Not Graduate,1,424280,59313,240,702,1008358,1
0,Graduate,1,1637760,6331762,120,776,352301,0
2,Graduate,0,198562,507246,60,580,366813,0
1,Not Graduate,1,216293,2481918,120,692,506903,0
1,Graduate,1,611798,452439,60,678,1474722,1
1,Graduate,1,1052604,467765,240,813,2180578,1
2,Not Graduate,1,886649,734298,240,717,1850011,1
4,Graduate,1,484350,1024864,120,644,1058375,0
2,Not Graduate,1,456699,155333,36,715,367548,1
1,Not Graduate,1,331040,369617,36,708,1127785,1
1,Graduate,1,531894,732912,36,630,767668,0
2,Graduate,1,367859,78156,60,699,1003527,1
0,Graduate,1,1584958,1977488,36,811,3195834,1
0,Graduate,1,354722,1564000,120,757,427602,0
0,Graduate,1,804380,66053,36,831,1556239,1
0,Graduate,1,761802,224358,120,745,1140679,1
0,Graduate,1,1554297,600098,120,734,3091099,1
0,Not Graduate,1,1743656,1253991,360,550,1147799,0
0,Graduate,1,1272858,2485854,60,771,731193,0
0,Graduate,1,967376,285688,360,592,1635911,0
4,Graduate,1,315237,5599403,240,843,611615,0
1,Graduate,1,310178,514649,60,712,1034855,1
0,Graduate,1,370810,431866,60,739,199934,1
1,Graduate,1,1331127,947635,12,683,2352398,1
0,Graduate,1,773486,737329,36,604,1782806,0
3,Not Graduate,1,1461429,697239,36,752,625481,1
2,Not Graduate,0,108713,3977488,120,568,389109,0
0,Graduate,1,408088,692020,240,675,898419,1
1,Graduate,1,748374,201939,360,662,1729786,1
2,Graduate,0,139503,233338,36,650,41098,0
3,Graduate,1,561164,2356350,36,810,677849,0
1,Graduate,1,475501,1070706,240,707,1163764,1
1,Not Graduate,0,58348,113965,36,663,469473,1
0,Graduate,0,7627,108496,12,606,212410,0
4,Graduate,1,737127,554074,36,761,1254138,1
0,Graduate,1,383762,1000978,12,802,917660,0
3,Not Graduate,1,1251896,274293,60,722,2776967,1
1,Not Graduate,1,326411,100692,60,755,487845,1
1,Graduate,1,1049604,175400,12,805,1110705,1
1,Graduate,1,1072800,2801739,360,721,1572604,1
0,Graduate,0,63359,888215,360,841,385917,0
0,Graduate,1,940457,1468984,120,864,1486608,1
0,Graduate,1,846220,1732356,12,752,511437,0
0,Not Graduate,1,706805,288945,120,605,309412,0
2,Graduate,1,737008,372117,240,776,1155652,1
0,Not Graduate,1,766373,456797,240,739,1349255,1
0,Graduate,1,809303,819692,12,594,1987628,0
3,Not Graduate,1,765430,1606397,120,680,1080110,1
2,Not Graduate,1,301615,3505632,60,746,1090463,0
3,Graduate,1,645791,1219927,12,715,1907924,1
4,Graduate,1,901629,1228845,12,652,512618,0
0,Graduate,1,788455,3710328,120,651,130300,0
0,Not Graduate,1,1564380,440180,240,642,978137,0
2,Graduate,1,1197886,1774453,360,703,1792251,1
1,Graduate,1,363550,963456,60,705,753109,0
0,Graduate,1,638385,999441,120,894,1047618,1
2,Graduate,0,133551,436032,120,682,480826,0
0,Graduate,1,726883,134023,60,482,1040507,0
0,Graduate,1,727678,762863,360,635,868280,0
1,Graduate,1,1189706,766111,360,650,2123255,1
1,Graduate,1,840592,303931,12,725,894473,1
1,Not Graduate,1,1952138,490541,12,656,1850663,1
0,Not Graduate,1,884521,223710,36,867,1008116,1
2,Graduate,1,375317,225615,60,705,646658,1
0,Not Graduate,1,501909,334046,120,658,1237642,1
0,Graduate,1,1182369,143137,36,667,823010,1
2,Graduate,1,200519,301498,36,693,757434,1
3,Graduate,1,248524,1103209,36,777,787269,0
2,Graduate,1,735685,2317774,12,680,1012760,0
2,Graduate,1,1560844,4305646,240,734,2951763,1
1,Graduate,1,2075325,362169,36,728,3517103,1
1,Graduate,1,613119,1794266,120,603,553125,0
0,Not Graduate,1,1704296,756285,360,742,1387307,1
1,Graduate,1,772829,426192,12,748,2017199,1
0,Graduate,1,214243,807907,360,754,508374,1
0,Not Graduate,1,724718,1626800,240,681,1352321,1
2,Not Graduate,0,144652,328305,240,692,519795,1
1,Graduate,1,1520553,320834,36,665,1683650,1
0,Graduate,1,714586,358692,36,780,885464,1
0,Graduate,1,262411,288723,12,603,477497,0
1,Graduate,1,219746,1792071,36,721,215863,0
0,Graduate,1,717276,251739,12,900,1698604,1
2,Graduate,0,90594,300254,240,718,335365,0
1,Not Graduate,1,481888,737634,120,841,826473,1
1,Graduate,1,877493,680324,120,676,2204235,1
1,Not Graduate,1,313134,358667,60,729,916470,1
2,Not Graduate,1,1615555,2909876,360,645,1325504,0
0,Not Graduate,1,1891357,287611,60,579,1081670,0
1,Graduate,1,323398,455392,60,655,478505,1
1,Not Graduate,1,574677,78688,120,650,1523087,1
0,Graduate,1,1616468,398316,36,654,1355613,1
2,Graduate,1,728653,143924,12,754,1339208,1
2,Graduate,1,239047,216151,120,681,561609,1
1,Graduate,1,650400,76430,60,659,1152927,1
2,Not Graduate,0,195522,221348,60,674,407140,1
2,Not Graduate,1,1770120,501289,360,669,2678771,1
2,Graduate,1,1184398,423292,36,684,944520,1
2,Graduate,0,76535,356906,60,833,380811,0
1,Graduate,1,817264,390466,60,793,2267714,1
1,Graduate,1,256145,326116,12,487,385570,0
1,Not Graduate,1,399104,521986,36,669,820090,1
2,Graduate,1,2527202,483967,240,777,4825381,1
0,Not Graduate,1,761322,711393,240,722,395237,1
2,Graduate,1,1535042,441987,60,661,2532433,1
2,Graduate,0,144047,350228,60,567,451734,0
0,Graduate,1,2087390,1176697,12,778,3273128,1
2,Graduate,1,147403,987442,240,738,659896,0
0,Graduate,1,627454,523124,36,531,804968,0
0,Not Graduate,1,2719137,1785311,36,468,4534634,0
2,Not Graduate,1,1567415,586923,120,747,3696758,1
0,Graduate,1,2105993,459928,360,784,1898061,1
2,Graduate,1,725479,504543,120,703,1488715,1
2,Graduate,1,474641,637377,36,868,1054790,1
1,Graduate,1,320702,215949,120,746,301433,1
0,Graduate,0,138700,82981,360,688,350174,1
0,Graduate,1,1391159,716025,360,755,1511287,1
1,Not Graduate,0,66611,1244240,12,604,191310,0
4,Graduate,1,691584,198598,60,655,520750,1
1,Not Graduate,1,1095314,1580217,36,602,687663,0
0,Graduate,1,817463,104145,240,776,1203970,1
1,Not Graduate,0,91697,309035,240,788,452325,1
1,Graduate,1,1563049,2975777,36,759,2714686,0
2,Graduate,1,310923,771380,120,729,998173,1
0,Not Graduate,1,907924,399321,120,533,1546062,0
2,Graduate,1,191933,695430,36,838,747057,0
1,Graduate,1,811318,1787526,36,466,1499329,0
3,Graduate,1,1182857,127368,36,716,1987457,1
0,Not Graduate,1,255001,2018488,12,658,817387,0
1,Not Graduate,1,522734,331029,240,679,1099157,1
3,Graduate,1,734996,1097323,12,660,823140,0
0,Graduate,1,879520,292370,360,711,2578002,1
3,Not Graduate,1,583685,2910173,12,829,944095,0
1,Graduate,1,285549,523785,60,712,708546,1
0,Graduate,1,698572,143083,12,711,1643806,1
0,Graduate,1,194503,864646,360,664,260895,1
2,Graduate,0,63625,1985199,240,647,420501,0
0,Graduate,1,512420,1773141,120,759,1365294,1
1,Graduate,1,655129,593326,240,719,526425,1
0,Graduate,1,466280,1217214,36,762,1304954,0
1,Graduate,1,218350,354488,360,814,207313,1
0,Graduate,1,544120,975824,36,651,1251839,1
2,Graduate,1,1535944,776702,36,865,1118188,1
3,Not Graduate,0,58190,50000,12,724,162958,1
3,Graduate,1,5000000,198668,360,707,9610387,1
2,Graduate,1,2823027,665201,60,745,6543374,1
0,Not Graduate,1,279973,637299,120,758,728889,1
2,Graduate,1,526101,524878,12,753,1054320,1
0,Graduate,1,716240,590883,36,853,599335,1
0,Graduate,0,79920,1807883,240,647,244735,0
0,Not Graduate,1,771141,769981,36,551,1129066,0
1,Not Graduate,1,5000000,52437,240,633,10515056,0
2,Not Graduate,1,306925,3789367,120,687,842592,0
1,Not Graduate,1,412163,80294,36,597,1199710,0
1,Graduate,1,2717059,1408650,360,669,778997,1
0,Graduate,1,445616,113060,360,605,854601,0
4,Graduate,1,999354,2243258,120,580,2929459,0
1,Graduate,1,1668984,409217,36,764,3486972,1
1,Graduate,1,1076471,793554,36,796,2621553,1
0,Graduate,1,850357,74149,240,668,1405691,1
2,Graduate,1,1545547,1120811,60,806,3325405,1
1,Not Graduate,1,357019,819379,360,791,797632,1
0,Graduate,1,490367,1001814,240,626,985086,0
0,Graduate,1,1119631,1396691,12,712,2096303,1
1,Graduate,0,72875,645970,120,650,498217,0
1,Graduate,0,17285,437701,120,734,534827,0
0,Graduate,0,62256,240167,60,684,448234,1
3,Graduate,1,824411,346932,36,860,859524,1
0,Graduate,1,197914,1805764,120,586,680180,0
1,Not Graduate,0,167455,233797,60,633,442242,0
3,Not Graduate,1,530265,85554,12,725,965152,1
1,Graduate,1,1391570,201282,120,723,1024930,1
1,Graduate,0,52223,990576,12,633,126754,0
0,Graduate,1,1370507,399172,360,650,2646646,1
0,Not Graduate,1,546874,989043,240,681,1076006,1
4,Graduate,1,610028,73096,120,628,1305404,0
1,Graduate,1,893475,50000,120,659,1264229,1
2,Not Graduate,1,904786,703700,36,700,2352891,1
0,Graduate,1,412527,1475773,12,673,1172848,0
0,Graduate,1,1202517,97636,240,648,758087,0
0,Graduate,1,114060,914418,60,738,426028,0
1,Graduate,1,508726,1776691,240,614,1186437,0
0,Graduate,1,824840,538001,120,733,485937,1
2,Graduate,1,553513,1330533,360,695,390744,1
1,Not Graduate,1,169138,653702,12,586,461177,0
3,Graduate,1,1337645,415428,120,613,2667001,0
0,Graduate,1,268683,1228145,60,482,655827,0
2,Graduate,1,691064,3659355,60,786,1911036,0
2,Not Graduate,1,824413,309328,120,685,2184864,1
2,Graduate,1,741078,494977,360,737,520498,1
2,Graduate,1,1858367,200649,120,777,2069218,1
2,Graduate,1,698988,631096,120,625,198454,0
1,Not Graduate,0,8198,462129,12,662,142642,0
0,Graduate,0,130896,1721061,36,664,609675,0
0,Graduate,1,1191072,2234991,60,794,744752,1
3,Graduate,1,2223951,1188241,12,752,2356728,1
1,Not Graduate,1,814258,1539186,60,668,813996,0
2,Graduate,1,1363383,267042,120,839,3253724,1
1,Graduate,1,2336730,207953,60,560,4959604,0
0,Not Graduate,1,2160277,836362,360,763,4572013,1
0,Not Graduate,1,535935,551292,360,649,1544618,0
1,Graduate,1,1671356,3989549,360,628,583567,0
1,Not Graduate,1,890035,79091,240,859,1394327,1
0,Graduate,1,1782957,1004078,60,900,2798575,1
1,Graduate,1,1149580,987617,360,881,2977235,1
0,Not Graduate,1,909394,252216,240,671,1682873,1
1,Graduate,0,165953,205340,12,681,386183,1
0,Graduate,1,894652,384899,12,760,937430,1
2,Graduate,1,923075,104661,360,791,1330002,1
0,Graduate,0,147674,2320591,240,586,330346,0
1,Graduate,0,5233,8046348,60,777,153775,0
0,Graduate,1,2989270,384122,360,618,1768225,0
0,Not Graduate,1,1068773,285131,12,684,956466,1
0,Graduate,1,461093,145676,60,710,1420012,1
1,Graduate,1,584239,180568,36,698,1787877,1
1,Not Graduate,0,129149,299705,360,631,204449,0
0,Graduate,1,404760,1809874,36,675,1189720,0
1,Graduate,1,222877,13164143,360,735,433876,0
2,Graduate,1,236390,262281,240,723,948101,1
2,Graduate,1,182922,219245,240,771,279711,1
0,Graduate,1,258060,168048,60,578,859342,0
1,Graduate,1,283596,848130,36,766,389875,0
0,Graduate,1,2209308,762395,36,830,4252911,1
0,Graduate,1,702960,597748,240,794,960774,1
4,Graduate,1,545462,346520,120,531,1478562,0
0,Not Graduate,1,229870,2103692,60,722,214435,0
1,Not Graduate,1,650501,1160383,60,716,1799640,1
1,Graduate,1,181704,1111103,12,648,429725,0
2,Graduate,1,542783,782491,240,800,785686,1
1,Not Graduate,1,3804121,447132,12,760,6257191,1
0,Graduate,1,1240522,264297,120,730,1972983,0
0,Not Graduate,1,616714,908822,12,631,1642506,0
1,Graduate,0,183743,825019,120,713,345749,0
0,Not Graduate,1,480587,952829,12,813,705403,0
0,Graduate,1,384407,113047,240,849,851607,1
0,Graduate,1,2851351,758636,120,677,5631803,1
0,Graduate,1,292488,396857,60,664,654779,1
0,Graduate,0,160491,224448,240,744,238360,0
0,Graduate,1,931756,1119538,240,612,1167440,0
1,Graduate,1,344900,645170,360,532,747987,0
1,Graduate,1,1227492,5689445,36,680,651529,0
2,Graduate,1,570760,877192,60,753,1566545,1
0,Graduate,1,1240628,401426,12,639,2826628,0
0,Graduate,1,1165647,484908,240,760,920376,1
0,Graduate,1,600543,167392,12,674,908788,1
1,Graduate,1,2866283,1850281,240,750,2928039,1
2,Graduate,1,428365,740429,60,755,868578,0
0,Graduate,1,2145957,753232,240,795,2740671,1
3,Graduate,1,1867192,186424,12,642,4544112,0
0,Graduate,1,3007758,1177614,12,635,3885847,0
1,Graduate,1,838395,212055,60,616,613752,0
2,Graduate,1,388143,310546,12,738,930563,1
2,Graduate,1,3841745,612581,120,816,8555188,1
2,Not Graduate,1,558069,302263,240,801,1344540,1
2,Graduate,1,380471,244670,120,619,1152328,0
0,Graduate,0,162417,513941,36,725,368945,0
2,Graduate,1,332583,1483636,36,805,1219041,0
0,Graduate,1,1111164,1322555,360,743,389869,1
2,Graduate,0,167191,1096260,360,590,425714,0
1,Graduate,0,125834,878736,240,863,314835,0
2,Not Graduate,1,1582035,335855,12,810,994957,1
1,Not Graduate,1,1201347,1657585,60,702,1094980,1
1,Not Graduate,1,738567,95234,36,700,1938093,1
1,Graduate,1,836263,833833,12,720,1297008,1
2,Graduate,1,736602,1253305,360,824,1757710,1
0,Graduate,1,516626,493712,60,665,797906,1
0,Not Graduate,1,727943,262421,240,840,1489022,1
0,Graduate,1,1080217,520706,12,686,2186632,1
0,Graduate,1,659389,253319,120,809,1020099,1
2,Graduate,1,1020511,903707,240,698,2614445,1
0,Graduate,0,59020,1391278,36,757,458716,0
3,Not Graduate,1,449947,844660,240,663,1021967,1
0,Graduate,1,405365,795825,240,684,511084,1
0,Graduate,0,20181,1155816,60,732,150991,0
2,Graduate,0,11007,1297421,36,743,68491,0
1,Not Graduate,1,1303848,248134,360,558,2266172,0
1,Graduate,0,51751,116076,60,656,74942,0
1,Not Graduate,1,1035089,713463,240,792,1686630,1
2,Graduate,1,533670,1361892,12,641,1219778,0
0,Not Graduate,1,422562,111201,120,808,912710,1
4,Graduate,1,222216,578869,120,656,378057,0
3,Graduate,1,1587284,1670002,60,723,4028494,1
1,Graduate,1,244974,480961,12,678,826212,1
0,Graduate,1,699715,2473474,120,828,943860,1
1,Graduate,1,342131,2051001,12,880,965171,0
0,Not Graduate,1,1356848,450128,360,649,3103222,0
0,Graduate,1,558225,374093,360,721,328147,1
0,Graduate,1,655025,381041,60,623,1534921,0
1,Graduate,1,672940,618377,36,632,527614,0
2,Graduate,1,929178,167124,12,799,2700335,1
2,Not Graduate,1,737044,138916,12,705,503737,1
2,Graduate,1,704597,55742,36,716,1201442,1
1,Not Graduate,1,481797,529054,240,738,1198066,1
0,Not Graduate,1,206946,4151104,240,654,258440,0
0,Graduate,0,80473,73827,240,592,211898,0
4,Graduate,1,1295987,449475,60,620,2662227,0
0,Not Graduate,1,571114,436172,240,657,577413,1
2,Graduate,1,428819,464136,60,826,1111962,1
1,Graduate,1,236905,1898930,36,735,669375,0
1,Graduate,0,164765,222258,12,708,828750,1
2,Graduate,1,415581,77168,120,591,395703,0
1,Not Graduate,1,1484282,316702,120,591,3429188,0
2,Graduate,1,467121,277108,60,655,1194558,1
3,Graduate,1,1004889,58051,60,688,1870182,0
1,Not Graduate,1,450247,690717,360,646,1285777,0
0,Not Graduate,1,1216019,165047,12,640,2652158,0
1,Graduate,0,95830,497276,36,664,322348,0
3,Not Graduate,1,272254,375930,12,651,310829,0
0,Graduate,1,588208,184606,360,691,884522,1
1,Not Graduate,1,3163534,1316684,60,725,7453660,1
1,Graduate,1,3053831,407803,12,774,4015064,1
2,Graduate,1,1076501,570501,60,617,1234338,0
0,Graduate,1,653666,971315,120,704,1148156,1
2,Graduate,1,930168,721077,12,882,1041926,1
3,Not Graduate,1,939855,624683,36,680,1489646,1
0,Graduate,1,706508,236998,120,707,1724172,1
0,Not Graduate,1,1037946,177682,36,634,1456600,0
3,Not Graduate,1,861630,632760,36,767,600888,1
0,Graduate,1,566494,206505,60,651,579698,1
2,Not Graduate,1,280350,1195937,36,881,534955,0
1,Graduate,1,504817,474710,360,666,178287,1
0,Not Graduate,1,1382791,1033655,240,682,734970,1
2,Graduate,1,711286,201637,36,734,2208428,1
1,Graduate,1,927482,172612,12,900,1759349,1
1,Graduate,1,581628,2896092,360,603,630173,0
0,Graduate,1,312488,465343,60,800,815159,1
1,Graduate,0,144790,1346765,60,739,303425,0
0,Graduate,1,321912,131673,360,541,1104403,0
0,Not Graduate,1,305886,407164,240,688,605495,1
3,Graduate,1,1913623,1987445,60,716,464039,1
0,Graduate,1,521221,113026,60,714,670112,1
1,Graduate,1,403048,5258284,120,824,990132,0
0,Graduate,1,2661413,661680,120,638,6832028,0
2,Graduate,1,1400007,238247,120,599,3218078,0
0,Not Graduate,1,541876,768310,240,562,146041,0
3,Not Graduate,1,1026955,1638244,360,798,844431,1
1,Graduate,1,604024,236674,60,793,1351335,1
0,Graduate,1,419096,273203,60,711,298235,1
0,Graduate,1,1066350,693238,60,642,2123404,0
0,Graduate,1,562731,858567,36,704,908656,0
1,Graduate,1,774829,443105,60,900,1675963,1
0,Not Graduate,1,1651328,808018,60,707,1149371,1
2,Graduate,1,1512040,1268758,360,743,1324046,1
1,Not Graduate,1,469735,642619,12,549,1083073,0
0,Graduate,1,1076069,270634,12,748,1423183,1
1,Graduate,1,295881,529168,60,772,1063425,1
2,Graduate,1,1045840,3129048,36,661,834986,0
0,Graduate,1,821425,753941,36,692,1724940,1
0,Graduate,1,987748,1867732,240,753,669709,1
0,Not Graduate,1,574953,323081,240,688,1357146,1
2,Graduate,1,3864168,702668,360,806,3276670,1
1,Not Graduate,1,354676,1195786,60,597,443062,0
1,Graduate,0,97703,2416323,120,718,563311,0
2,Graduate,0,164029,1844260,36,757,73858,0
2,Graduate,1,1091949,176439,120,718,876851,1
1,Graduate,0,60149,1709740,240,617,157378,0
2,Graduate,1,762212,2916807,36,787,837034,0
0,Graduate,0,110614,304098,120,589,612939,0
0,Graduate,1,816602,220914,60,634,610252,0
0,Graduate,1,903117,527321,120,708,1923049,1
0,Graduate,1,3053958,646609,240,753,1788889,1
1,Graduate,1,362988,380762,36,637,813343,0
3,Graduate,1,467553,164928,36,571,452731,0
0,Not Graduate,1,916015,2355835,36,746,2223057,0
0,Graduate,0,160893,228670,60,558,543993,0
1,Not Graduate,1,673314,325485,36,735,1914695,1
3,Graduate,1,1717330,602670,120,743,2991179,1
0,Graduate,1,76403,123935,12,848,540016,1
1,Graduate,1,452091,114818,360,758,1047959,1
0,Not Graduate,1,180973,350920,360,666,286650,1
0,Graduate,1,280224,1233825,12,726,625020,0
4,Not Graduate,1,4993759,652132,360,787,977121,1
3,Graduate,1,1177064,68913,60,737,1833043,1
0,Graduate,1,1561647,2168363,120,700,1062304,1
3,Graduate,1,683906,1199492,360,818,327007,1
1,Graduate,1,1338380,654098,60,619,3657557,0
2,Graduate,1,177503,636789,12,581,941162,0
1,Graduate,0,76270,1059615,360,541,542629,0
1,Graduate,0,31758,5533432,36,832,532594,0
1,Not Graduate,1,476845,1303448,12,639,1105310,0
1,Graduate,1,1092654,726626,12,682,3052018,1
0,Not Graduate,1,939551,158403,12,720,1170683,1
0,Graduate,1,780504,636996,60,646,2235003,0
0,Graduate,1,245124,1170933,240,811,508657,1
2,Not Graduate,1,790049,481574,60,807,1890966,1
0,Not Graduate,1,1572927,320364,240,762,1402710,1
1,Not Graduate,1,476398,940009,60,705,648495,0
3,Graduate,1,2088485,201177,360,659,4638006,1
0,Graduate,1,362886,1287179,360,616,1210005,0
1,Graduate,1,733247,349562,360,729,766006,1
1,Graduate,1,2491167,64701,12,662,2294580,1
2,Graduate,1,422895,342917,36,756,462115,1
0,Not Graduate,1,1694991,510361,120,626,798580,0
1,Not Graduate,0,172052,938927,240,588,441238,0
2,Graduate,1,836377,836558,60,789,2386636,1
3,Graduate,0,3271,148679,360,696,112488,0
1,Not Graduate,1,393095,610536,36,762,712533,0
1,Graduate,0,135352,316790,120,792,448258,1
1,Graduate,1,2025557,376916,36,671,3896079,1
2,Graduate,1,2325503,199140,360,554,2003156,0
1,Graduate,1,710503,513545,240,875,1742636,1
0,Not Graduate,1,1673195,12390426,240,860,1350386,1
3,Graduate,1,701466,3458834,120,740,745364,0
1,Graduate,1,359890,199046,120,689,715305,1
1,Graduate,1,1792893,577200,360,657,3151883,1
0,Not Graduate,1,2695505,394752,360,746,1706368,1
1,Not Graduate,1,322390,622828,240,765,473936,1
0,Graduate,1,317570,1350937,240,703,158535,1
1,Graduate,1,753124,474813,12,643,741525,0
0,Graduate,1,1567359,265075,120,794,1503451,1
1,Graduate,1,294473,1717678,120,654,915328,0
4,Graduate,1,874679,157309,240,795,2289256,1
0,Graduate,0,112335,652981,60,684,414907,0
3,Graduate,1,1277816,122258,12,851,2439037,1
1,Graduate,1,385266,193673,60,618,560657,0
2,Graduate,1,1352469,1138006,240,853,2413316,1
2,Not Graduate,1,642696,273924,12,702,845847,1
1,Graduate,1,344650,82738,12,716,425947,1
2,Graduate,1,767544,262317,240,652,1952253,1
2,Not Graduate,1,154758,235679,360,646,542798,0
1,Graduate,0,1488,152914,36,621,163146,0
0,Graduate,1,955433,936670,36,638,607707,0
1,Graduate,1,176768,115057,120,748,726832,1
2,Graduate,1,93254,300157,240,851,233424,0
2,Graduate,1,112252,617483,360,791,333011,0
2,Graduate,1,2108954,383544,240,705,3439183,1
1,Not Graduate,1,685972,360702,360,690,1504118,1
2,Graduate,1,476406,262313,60,870,519092,1
0,Graduate,1,1553659,159725,240,735,1179753,1
1,Graduate,1,527782,285854,36,668,1007580,1
0,Graduate,1,904167,1042945,360,776,2120187,1
0,Graduate,0,63767,350093,240,733,207936,0
0,Graduate,0,17943,638528,60,765,84052,0
0,Graduate,1,922937,1651373,120,851,1259052,1
1,Graduate,1,1354047,984416,360,621,3720553,0
0,Not Graduate,1,629118,150801,12,613,837923,0
1,Graduate,1,504617,845733,360,764,533402,1
0,Not Graduate,1,554593,1540579,120,751,693733,0
0,Graduate,1,116037,301884,60,624,445029,0
0,Graduate,1,914788,110677,240,852,2020115,1
0,Not Graduate,0,172394,347772,36,751,233763,0
1,Graduate,1,1207152,652166,360,651,1664266,1
1,Graduate,1,678514,977162,240,695,1868283,1
1,Graduate,1,793411,321018,360,542,767651,0
1,Graduate,0,77958,70580,12,736,246662,1
0,Graduate,1,347590,150782,36,608,743806,0
2,Not Graduate,0,25271,774459,120,680,128971,0
1,Graduate,1,903559,3955725,360,703,1180340,1
1,Not Graduate,1,629181,528635,60,872,1083776,0
0,Graduate,1,347128,2008456,120,826,762178,0
0,Graduate,1,1174309,187783,12,525,818112,0
0,Graduate,1,1280503,282762,360,636,3535988,0
0,Not Graduate,1,798812,52037,12,739,2124334,1
1,Not Graduate,0,144078,782029,240,710,120912,0
1,Graduate,1,478322,221101,240,813,501554,1
1,Graduate,1,695046,983724,360,624,650968,0
2,Graduate,1,1265269,326989,240,695,302830,1
2,Graduate,1,205501,4080838,12,640,711634,0
2,Graduate,1,464611,3246868,36,724,693818,0
3,Not Graduate,1,528533,53994,360,675,434762,1
0,Graduate,1,682435,975993,120,774,513675,1
0,Graduate,1,257542,256966,120,664,632097,1
0,Graduate,1,612910,1031873,60,650,263039,1
1,Graduate,1,568987,140963,60,900,1022659,1
2,Graduate,1,318038,2283531,36,825,261510,0
0,Graduate,1,663726,1514645,240,805,656218,1
3,Not Graduate,0,12040,131432,240,656,341282,1
0,Graduate,1,1084325,450759,36,621,2131153,0
3,Graduate,0,56022,635645,120,537,74152,0
0,Graduate,1,783767,1109387,240,735,1261023,1
0,Graduate,1,382043,533947,120,764,610306,1
1,Graduate,1,451439,1186326,12,635,653435,0
0,Not Graduate,1,925263,503447,360,746,2616684,1
0,Graduate,1,880085,996268,60,559,2110789,0
0,Not Graduate,0,129873,137603,240,900,491930,1
2,Graduate,1,587993,526500,60,624,1246398,0
1,Graduate,1,228003,1706786,36,631,253355,0
0,Not Graduate,1,2240504,2215718,360,643,712714,0
1,Graduate,1,1264219,642447,12,796,2086973,1
2,Not Graduate,1,1228320,489365,240,774,1721312,1
0,Graduate,0,54721,2122349,240,724,323984,0
1,Graduate,1,452982,488488,120,900,1063255,1
0,Not Graduate,0,35601,1697262,60,738,369084,0
0,Not Graduate,1,155616,485704,12,742,507780,0
1,Graduate,1,1486537,562416,360,764,446930,1
0,Graduate,1,2334031,179025,120,668,2356829,1
1,Graduate,1,3796339,154928,360,571,2760873,0
2,Not Graduate,1,315935,1437088,12,684,303753,0
0,Graduate,1,801194,3026202,12,561,1240221,0
1,Not Graduate,0,90414,600616,36,789,383896,0
0,Graduate,1,595469,457626,36,737,157585,1
3,Graduate,0,172773,1502500,120,634,629159,0
1,Graduate,1,163928,757186,120,677,331823,0
2,Graduate,1,1805048,50000,360,751,3496524,1
1,Not Graduate,1,718263,1459599,120,761,776819,1
0,Graduate,1,406982,141930,12,729,566087,1
1,Not Graduate,1,915372,534068,240,576,1457481,0
3,Graduate,1,824394,347497,36,560,810271,0
1,Graduate,1,834516,284742,360,676,1466996,1
2,Not Graduate,1,613123,566333,360,767,536896,1
2,Graduate,1,2670794,1320640,360,678,4303332,1
0,Graduate,1,655446,557557,240,793,1204857,1
0,Graduate,1,2664315,2213077,60,851,6999185,1
1,Not Graduate,1,1145433,2505505,36,657,1989610,0
1,Not Graduate,1,966016,2482734,360,578,2159954,0
2,Graduate,0,133781,511014,60,794,278284,0
3,Not Graduate,1,1589874,334965,60,900,4122211,1
0,Graduate,1,798422,522459,120,708,2001067,1
0,Graduate,1,346034,1664977,360,653,805504,1
2,Not Graduate,1,336921,1568081,12,820,474925,0
0,Graduate,1,1022731,50000,240,752,977303,1
2,Not Graduate,1,352955,733695,360,723,725855,1
1,Graduate,1,693991,50614,60,695,1993877,1
1,Graduate,1,1699335,530158,360,709,4219731,1
0,Graduate,1,930219,318378,120,632,969999,0
1,Graduate,1,409336,234000,12,900,636928,1
1,Not Graduate,0,29163,1263322,36,652,282497,0
1,Graduate,1,1130646,282861,60,438,1303042,0
0,Graduate,1,1646618,535253,360,702,921639,1
2,Graduate,1,118889,212698,120,751,216022,0
2,Graduate,1,950441,581706,360,850,1446113,0
0,Not Graduate,0,132854,1410888,360,672,430056,0
0,Graduate,1,2842603,224610,360,598,2721300,0
0,Graduate,1,226148,1024726,360,813,524112,1
1,Not Graduate,1,1914355,571766,120,646,2167969,0
1,Graduate,1,2718264,566549,120,758,5198045,1
1,Not Graduate,1,145243,380633,36,620,570776,0
0,Graduate,0,191155,1171045,12,630,557500,0
0,Graduate,1,1195525,1056970,240,673,941864,1
1,Not Graduate,1,561515,472864,240,603,1041982,0
1,Graduate,1,492832,661773,60,571,1118433,0
4,Graduate,1,1244548,1135945,12,658,1623937,0
0,Graduate,1,445973,928679,60,714,598488,0
1,Graduate,1,613049,397664,240,900,1615923,1
1,Graduate,1,1397154,1733594,36,731,3159638,1
1,Not Graduate,1,2967511,1282263,360,717,6754562,1
2,Graduate,1,1121735,4462586,12,723,1383939,0
1,Graduate,1,811620,112468,12,747,741661,1
4,Not Graduate,1,482570,1090324,60,708,1284260,0
0,Graduate,1,324980,1710146,60,803,1052904,0
0,Graduate,1,1772076,1476473,36,737,1429998,1
2,Not Graduate,1,645151,419696,12,697,1145576,1
1,Not Graduate,0,24312,138253,240,631,281048,0
0,Graduate,0,188227,2519710,240,749,643995,0
0,Graduate,0,166087,333786,120,810,578750,1
0,Graduate,0,152974,402139,240,775,491337,0
2,Graduate,1,686094,4267542,360,668,1747639,1
0,Graduate,0,161505,151279,360,711,779438,1
0,Not Graduate,0,121804,1225534,120,857,68865,0
0,Not Graduate,1,441711,254285,120,797,992797,1
0,Not Graduate,1,1531982,248765,60,757,2429345,1
0,Graduate,1,1430429,638995,240,655,1824667,1
1,Not Graduate,1,266313,1062754,120,749,618786,0
0,Graduate,1,327122,1397507,240,860,947844,1
2,Graduate,1,573086,1593547,240,720,1150874,1
0,Graduate,1,364938,266575,240,486,969366,0
1,Graduate,1,2902738,172210,36,875,2718371,1
2,Not Graduate,1,621480,383600,120,790,960985,1
1,Graduate,0,57000,764883,360,644,428378,0
1,Graduate,1,1100098,439926,240,697,1848203,1
0,Not Graduate,0,67978,50000,60,690,148328,1
0,Graduate,1,753328,86926,36,675,1552348,1
1,Not Graduate,1,1962450,424865,120,703,4858646,1
4,Graduate,1,376971,1270855,12,776,901239,0
1,Graduate,1,2902457,218677,120,849,3417174,1
1,Not Graduate,1,260464,1124749,36,654,416093,0
2,Graduate,1,1363014,121042,60,785,2493269,1
1,Graduate,1,237012,697716,36,639,711443,0
0,Graduate,1,566615,702817,240,810,248770,1
1,Graduate,1,785949,863491,360,740,1694271,1
3,Graduate,1,494174,197149,360,706,250884,1
0,Graduate,1,630749,114963,36,687,1506899,1
1,Graduate,1,240487,1116882,12,806,456280,0
0,Not Graduate,1,331054,117458,12,594,511609,0
1,Graduate,0,38983,249968,240,806,189920,0
0,Graduate,1,746937,2173137,240,662,2065164,1
1,Graduate,0,99337,640426,12,777,554637,0
2,Not Graduate,1,2104150,781330,360,723,1684802,1
0,Not Graduate,1,274870,1009267,60,614,860029,0
1,Graduate,1,546192,973954,360,680,991324,1
2,Not Graduate,1,486734,528985,360,634,463017,0
3,Graduate,1,1193057,219383,36,593,1201870,0
0,Graduate,1,758069,7913318,12,741,562869,0
0,Graduate,1,668952,403271,240,565,1059837,0
0,Graduate,1,166812,752417,240,645,684402,0
4,Graduate,0,162761,839145,60,743,585053,0
3,Graduate,1,612766,317124,120,623,1370528,0
1,Not Graduate,0,118117,353030,240,814,561451,1
2,Not Graduate,1,400772,2393417,60,886,350681,0
1,Graduate,1,353393,258079,12,845,921891,1
1,Graduate,1,2420368,816212,120,751,4711824,1
0,Graduate,1,176558,1323584,12,696,749924,0
2,Graduate,0,52486,436200,60,720,356754,0
0,Graduate,1,2384246,491941,12,851,3604473,1
2,Graduate,1,1217849,1406908,36,600,2843804,0
2,Graduate,0,41898,471017,60,557,144002,0
2,Not Graduate,1,1977367,67696,120,691,1676438,1
0,Graduate,1,1042871,2431170,240,730,2722441,1
0,Graduate,1,878637,203724,12,797,1061805,1
0,Graduate,1,873662,670297,60,790,1484727,1
0,Graduate,1,1058317,144671,12,840,2268514,1
0,Not Graduate,1,1093128,324201,360,712,1041116,1
3,Graduate,1,4226050,349239,60,704,4632727,1
1,Not Graduate,1,624112,643174,360,722,1702542,1
0,Not Graduate,1,639704,224777,60,614,576603,0
0,Graduate,0,123656,3924834,360,828,276464,0
1,Graduate,1,699752,553785,120,682,2169003,1
1,Not Graduate,1,3237492,1304123,12,683,7400541,1
1,Not Graduate,1,1603321,535601,12,730,3403945,1
3,Graduate,1,472156,1464856,60,642,896948,0
1,Not Graduate,1,747158,66128,36,690,799073,1
4,Not Graduate,1,258551,267066,240,753,1019311,1
2,Graduate,1,335945,320681,240,831,880808,1
0,Graduate,0,8109,318097,36,732,323154,0
3,Not Graduate,1,491116,907707,120,863,1045317,1
0,Graduate,1,316260,972052,360,689,388834,1
2,Graduate,1,1079353,501795,36,562,2516801,0
0,Graduate,1,682965,514372,360,585,1118006,0
2,Graduate,1,208138,6202801,36,750,305305,0
2,Graduate,1,138674,747577,120,686,240969,0
2,Not Graduate,1,462309,58383,60,802,584858,1
2,Graduate,1,204717,1167193,360,727,634872,0
0,Graduate,0,15431,945496,12,718,119803,0
0,Graduate,1,1799780,1722599,360,618,3756017,0
1,Graduate,1,674570,983033,360,509,1623625,0
0,Graduate,1,589861,218653,240,671,661304,1
1,Graduate,1,627359,1315864,360,611,1360793,0
0,Graduate,1,293529,596781,240,578,411956,0
3,Graduate,1,1013358,1538262,240,724,701873,1
1,Graduate,1,657000,2540570,36,780,997241,0
2,Graduate,1,397946,478367,60,746,778444,1
0,Not Graduate,1,448604,1297301,60,742,455518,0
2,Graduate,1,273220,1519137,360,640,792302,0
3,Graduate,1,527026,633331,36,601,1230966,0
1,Graduate,0,189656,3828908,120,622,303886,0
1,Graduate,1,516160,1537307,120,798,424242,1
2,Graduate,1,762321,300923,60,693,1423691,1
0,Graduate,0,50761,700871,36,866,328335,0
1,Graduate,1,877309,1277184,360,799,1034869,1
0,Not Graduate,1,1551104,3686136,240,864,1252114,1
0,Not Graduate,1,1172230,1005360,12,711,2988358,1
0,Graduate,1,1565431,721768,60,728,3666564,1
0,Graduate,0,148998,1912294,240,593,570922,0
0,Graduate,1,485584,433889,60,712,1324497,1
0,Not Graduate,0,3403,200790,12,782,115294,0
3,Not Graduate,1,1248161,1092256,360,900,2798279,1
1,Graduate,0,113423,370212,120,660,245822,0
3,Graduate,1,1189765,8168280,60,616,603309,1
1,Graduate,0,131654,695906,360,801,755392,0
0,Graduate,0,134339,1098953,36,630,563759,0
1,Graduate,1,714231,288276,120,671,1215619,1
1,Graduate,1,240975,1913798,120,874,574904,0
0,Graduate,1,515421,525997,240,674,1183164,1
1,Not Graduate,0,95595,477091,36,783,302784,0
0,Not Graduate,1,857884,488687,360,832,486048,1
1,Graduate,1,4594451,148537,60,659,11133713,1
1,Graduate,0,81325,420615,60,690,518615,0
0,Not Graduate,1,1329872,933004,36,698,359925,1
0,Graduate,1,96041,115221,120,727,582754,1
2,Graduate,1,729278,1501040,60,625,779799,0
1,Graduate,1,1208600,413189,60,675,2838511,1
0,Graduate,1,1425897,690193,60,468,1665158,0
4,Graduate,1,384840,57871,12,618,1223169,0
0,Graduate,1,1674913,676702,36,752,2099599,1
1,Graduate,1,475931,190394,12,783,537329,1
4,Graduate,1,639679,380233,12,774,545378,1
0,Graduate,1,515731,112705,240,850,1118882,1
0,Graduate,1,293868,223712,60,798,211173,1
0,Not Graduate,1,2560660,458833,12,672,4234352,1
0,Graduate,1,757981,411781,36,776,1639969,1
0,Graduate,1,1740798,1308681,240,610,1527824,0
1,Graduate,1,1682462,83443,240,633,3633240,0
0,Graduate,1,336262,513307,360,730,741467,1
1,Graduate,1,1929751,489391,120,627,1750126,0
4,Graduate,0,120573,341872,120,563,187777,0
2,Graduate,1,317197,216813,240,740,571505,1
1,Graduate,1,1044533,1626883,36,794,1695501,0
0,Graduate,1,321780,4187915,12,802,663770,0
1,Graduate,0,25410,97337,120,830,502372,1
1,Graduate,1,1398665,214446,12,790,993947,1
1,Graduate,0,107970,197924,36,666,60191,0
0,Graduate,1,2006380,407778,12,701,2996440,1
2,Graduate,1,205748,1897116,240,681,681582,0
1,Graduate,1,400523,915907,120,699,1381272,1
0,Graduate,1,596040,463308,36,750,1176766,1
0,Graduate,1,4362464,549279,240,673,10350233,1
1,Graduate,1,309778,392773,36,644,884322,0
2,Graduate,1,186121,1131038,360,714,514869,0
2,Graduate,1,229691,1277397,120,871,493142,0
2,Graduate,1,1506007,976078,12,796,3853472,1
0,Not Graduate,1,453452,60081,36,617,618436,0
1,Not Graduate,1,642248,547512,120,648,1065008,0
1,Graduate,0,126692,448410,360,789,336216,0
0,Graduate,1,642763,1456145,360,722,649082,1
0,Graduate,1,858822,686324,240,640,2097617,0
2,Graduate,1,1119253,942921,120,791,413099,1
0,Graduate,1,516824,329292,12,687,1406545,1
1,Graduate,1,638544,1382492,120,721,466701,1
0,Not Graduate,1,885195,1855778,240,673,1560964,1
0,Graduate,1,1460871,106192,240,601,1976715,0
0,Graduate,1,386970,147828,36,657,775337,1
3,Graduate,1,65090,1158288,240,747,287185,0
2,Graduate,1,1256281,454797,60,667,2458810,1
3,Not Graduate,1,1532134,1511652,240,655,1218210,1
1,Not Graduate,1,856001,688190,12,601,1844468,0
0,Not Graduate,1,904045,1080427,240,716,1729454,1
1,Graduate,1,464423,255956,36,719,1109894,1
1,Graduate,0,85522,759027,240,632,395678,0
2,Graduate,1,1443430,761185,120,714,2681028,1
0,Graduate,1,763140,271334,360,719,558277,1
1,Graduate,1,5000000,1471353,360,729,8849525,1
0,Graduate,1,208773,81200,120,724,684021,1
0,Graduate,0,177593,665109,120,651,251907,0
2,Graduate,0,31574,148141,60,730,262569,1
1,Graduate,1,1474569,194404,36,705,2827224,1
0,Graduate,1,205832,1448424,120,724,549861,0
0,Graduate,1,250913,179885,120,772,505656,1
1,Graduate,1,439525,172449,360,785,1137440,1
2,Graduate,0,58486,965423,120,757,154559,0
2,Graduate,1,452988,177942,360,741,1287683,1
3,Graduate,1,456638,1495856,360,812,872708,1
2,Not Graduate,1,631142,1029522,36,639,1131052,0
0,Graduate,1,600914,248290,360,616,270673,0
1,Graduate,0,85658,1440319,120,816,564644,0
1,Graduate,1,1262657,77763,60,803,1113029,1
0,Not Graduate,1,562608,866737,120,782,628347,1
2,Graduate,1,3904379,155401,12,685,8932911,1
0,Graduate,1,1080926,320199,60,846,2599317,1
3,Graduate,0,35687,341563,12,641,571577,0
1,Graduate,0,144299,1946215,120,659,391981,0
1,Graduate,0,118171,327328,120,610,328181,0
1,Graduate,1,420794,499508,36,664,1071599,1
2,Not Graduate,1,314265,348650,360,714,1003361,1
1,Not Graduate,1,781653,202270,12,667,557231,0
1,Graduate,1,546791,192855,12,758,1297190,1
0,Graduate,1,2381645,735810,240,739,1785945,1
1,Graduate,1,1319712,526291,240,761,2827493,1
0,Not Graduate,1,436865,1158360,240,804,943283,1
2,Graduate,1,1025561,424189,240,812,1873242,1
1,Not Graduate,1,2010115,438160,12,714,2381366,1
1,Graduate,1,239176,1162115,36,726,176257,0
0,Graduate,0,132838,372462,240,655,576615,1
0,Not Graduate,1,722928,128079,12,884,1284220,1
2,Graduate,1,750489,1261165,36,600,696739,0
0,Graduate,0,40766,274541,36,629,357804,0
0,Graduate,1,568853,577744,240,668,185870,1
0,Graduate,1,561940,288799,12,500,359365,0
3,Graduate,1,991928,204331,60,690,1702080,1
2,Graduate,1,1806955,80925,12,714,1688250,1
0,Graduate,1,496449,758551,36,647,939419,0
0,Not Graduate,0,138313,50000,120,718,240108,1
0,Not Graduate,1,3500978,1979480,240,591,3289369,0
2,Graduate,1,2112546,1516652,36,625,4701874,0
1,Graduate,1,1200185,217618,60,757,2007981,1
0,Graduate,1,3635984,2645188,60,751,7966051,1
0,Graduate,1,578334,4243076,60,726,1308890,0
0,Graduate,1,374713,411137,60,770,944128,1
1,Not Graduate,1,478888,815022,360,705,408068,1
2,Not Graduate,1,326977,619253,12,757,90413,0
0,Graduate,1,804069,2454947,36,668,1677756,0
0,Graduate,1,927144,134237,60,610,1454595,0
0,Graduate,1,856553,430468,36,716,1756676,1
3,Graduate,1,722198,1355116,36,793,2185402,1
0,Graduate,1,811405,1218990,120,696,563911,1
2,Graduate,1,2925743,517721,12,651,4950745,1
1,Not Graduate,0,47912,2174503,120,747,303969,0
0,Graduate,0,153598,682473,240,581,493071,0
0,Not Graduate,1,849694,605433,240,757,1017620,1
0,Graduate,1,200291,1084948,360,606,568751,0
1,Graduate,1,170910,508441,240,738,488033,1
2,Not Graduate,1,3860271,568218,120,809,9851568,1
1,Not Graduate,1,476652,245906,36,623,752063,0
1,Graduate,1,445342,10154250,360,858,653255,0
0,Graduate,1,887825,336578,240,790,2177083,1
3,Not Graduate,1,1132935,1120453,360,764,1561044,1
2,Graduate,1,1253549,3644478,240,675,2892779,1
0,Graduate,1,3016279,141093,120,797,6393402,1
3,Graduate,1,2423174,995673,36,717,6145477,1
1,Not Graduate,1,381266,553027,240,733,402369,1
1,Not Graduate,1,1583245,3251840,12,851,2133131,0
2,Not Graduate,0,62901,217681,240,736,46841,0
2,Graduate,1,653431,254675,120,724,1872977,1
1,Graduate,0,142950,514058,120,712,386660,0
0,Graduate,1,188252,329880,12,652,69034,0
0,Not Graduate,1,711229,341370,36,749,798181,1
3,Graduate,1,339494,4107927,12,693,818197,0
0,Graduate,1,1532254,613565,360,825,2956456,1
0,Graduate,1,582530,246548,240,816,539160,1
1,Graduate,1,933664,365851,120,680,1152717,1
1,Not Graduate,1,2178224,810082,36,699,4830433,1
1,Graduate,1,222295,757188,240,612,337331,0
3,Not Graduate,1,408524,303378,12,518,665197,0
0,Graduate,0,113338,106082,360,748,524848,1
0,Not Graduate,1,936607,513733,240,666,1819273,1
0,Not Graduate,1,1763477,500020,12,766,507945,1
2,Graduate,1,1459672,283188,60,635,3776265,0
1,Not Graduate,1,788231,1943070,60,687,1323309,0
0,Graduate,1,929799,959893,120,701,2186947,1
2,Not Graduate,1,950611,618355,36,698,1262555,1
2,Not Graduate,1,225084,376731,120,552,500907,0
2,Not Graduate,1,643643,3057256,240,778,691481,1
3,Graduate,1,889823,170335,360,699,1813686,1
0,Graduate,0,61149,328865,60,603,227116,0
2,Graduate,1,348191,343736,120,812,531881,1
1,Graduate,1,264332,728658,12,815,148492,0
2,Not Graduate,1,604631,1046419,36,724,1094095,0
2,Not Graduate,1,3519723,141977,60,701,6407218,1
2,Not Graduate,1,378738,272498,36,685,815055,1
1,Graduate,1,1865692,845466,36,622,3368762,0
0,Not Graduate,1,2591614,277854,60,702,1849242,1
1,Not Graduate,0,179418,361574,12,542,215265,0
4,Not Graduate,1,423420,642193,360,800,1356878,1
3,Graduate,0,62618,202820,12,647,489673,0
0,Graduate,1,852554,713267,12,578,1873114,0
0,Graduate,1,366853,997053,36,606,629474,0
0,Graduate,1,430609,561511,12,703,460354,0
2,Graduate,1,1048492,2247623,240,742,1271427,1
2,Not Graduate,1,1539167,1116179,360,676,573831,1
0,Graduate,1,563412,518698,240,657,1230876,1
1,Graduate,1,690169,391826,12,629,1424768,0
2,Graduate,1,1245329,3124295,12,785,1595168,0
2,Not Graduate,1,635400,278881,60,759,776414,1
1,Not Graduate,1,574088,411608,60,731,195989,1
1,Not Graduate,1,398605,358679,120,609,1138531,0
1,Graduate,1,393112,804360,36,668,442774,0
0,Graduate,0,169268,5153343,36,668,514171,0
1,Not Graduate,1,623459,691537,60,855,1451128,1
1,Graduate,1,2173928,391572,240,718,3460776,1
2,Graduate,1,2805787,652568,120,661,3533947,1
1,Graduate,0,149456,145385,60,859,290824,1
2,Graduate,1,979447,447850,360,776,2667724,1
0,Graduate,1,791735,2970034,360,778,1797981,1
1,Graduate,1,200838,1047576,120,821,485169,0
0,Graduate,1,210748,1850501,36,793,942856,1
0,Graduate,1,758485,1488599,360,669,1735411,1
2,Graduate,0,43201,265986,36,695,297197,0
4,Graduate,1,3312667,3656394,360,742,2089635,1
0,Graduate,0,89442,91486,36,719,442156,1
1,Graduate,1,3473742,753509,240,555,4752113,0
2,Graduate,0,159957,68895,60,590,653665,0
0,Graduate,0,71278,97410,360,708,491073,1
1,Graduate,1,1093768,1377202,360,560,1544884,0
2,Graduate,1,1144677,270673,360,598,519212,0
1,Graduate,1,484362,1876437,120,668,1181303,1
0,Not Graduate,1,1157223,61428,60,716,920015,1
0,Graduate,1,2825428,494593,36,762,6749744,1
2,Graduate,1,649616,160180,36,786,522680,1
1,Graduate,1,555977,389056,60,735,1435131,1
0,Not Graduate,1,598744,2541712,12,793,1133820,0
2,Graduate,0,161946,3242328,12,645,807149,0
0,Graduate,1,1445955,902504,60,625,2251474,0
2,Graduate,1,2322475,109686,36,694,2759374,1
0,Not Graduate,1,937430,161670,360,766,592742,1
3,Not Graduate,1,752725,634158,120,779,1603285,1
0,Graduate,1,1023926,241371,12,815,1602034,1
0,Graduate,1,1717064,1043376,360,756,4629902,1
0,Graduate,1,598573,2887567,360,875,847085,1
0,Not Graduate,1,2180231,202264,360,775,2860827,1
2,Graduate,1,977412,220783,60,704,1346494,1
4,Graduate,1,106401,165970,240,794,443964,1
0,Not Graduate,1,1478878,419048,60,842,1400194,1
1,Not Graduate,1,263591,569336,36,588,379802,0
2,Not Graduate,1,1450382,552153,60,673,2046898,1
2,Not Graduate,1,1500358,1326010,12,624,3121481,0
1,Not Graduate,0,156575,800483,12,697,354805,0
0,Graduate,1,1126859,509551,360,664,683897,1
1,Not Graduate,1,1756961,562932,60,753,2448960,0
1,Not Graduate,1,490655,588605,360,818,859091,1
0,Graduate,1,1376072,510015,120,817,2197337,1
1,Graduate,1,1849486,274549,60,784,1643441,1
0,Not Graduate,1,2981884,162255,120,737,5662439,1
2,Graduate,1,301153,622984,12,632,339286,0
0,Not Graduate,1,1011366,327977,240,811,950036,1
1,Graduate,1,338002,913559,120,822,350266,1
1,Graduate,0,164652,580696,60,432,417040,0
1,Graduate,1,972108,548484,36,891,2171920,1
0,Graduate,1,776044,1446234,36,582,1154454,0
1,Graduate,1,1823012,132639,60,639,3559174,0
1,Graduate,0,16012,3170022,12,763,485078,0
1,Graduate,1,655241,60780,12,617,1011985,0
1,Graduate,1,863892,2305471,12,708,1894456,0
1,Graduate,1,366054,660555,60,615,151173,0
2,Graduate,1,409030,319961,36,768,531430,1
0,Not Graduate,1,1781344,124040,240,690,4234773,1
2,Graduate,1,470163,296709,36,673,1368861,1
1,Graduate,1,1878494,458778,12,771,2863654,1
0,Graduate,1,1185707,656657,60,675,2535147,1
0,Graduate,1,211498,2293517,60,796,405722,0
0,Graduate,1,1114930,581527,240,650,2063350,1
2,Graduate,1,1107907,743894,36,636,1913961,0
2,Not Graduate,1,1023094,766901,12,723,665823,0
2,Not Graduate,1,651152,389438,240,743,1707110,1
1,Not Graduate,1,343844,445874,12,702,157278,0
1,Graduate,0,165227,485554,36,666,904875,1
0,Graduate,1,672485,1011004,240,621,1690001,0
0,Graduate,1,359789,216873,12,724,735015,1
1,Graduate,1,1051759,325599,120,722,1677318,1
0,Not Graduate,1,402631,771690,60,689,510849,1
0,Graduate,0,186059,184151,36,855,505226,1
1,Graduate,1,540160,605403,60,651,278214,1
2,Graduate,0,45626,313113,12,883,177365,0
4,Not Graduate,1,351584,895633,240,685,1097096,0
3,Not Graduate,1,1390438,2134670,12,804,1408711,0
1,Graduate,0,183921,313443,360,738,637692,1
1,Not Graduate,1,1986379,1152795,120,816,2394641,1
1,Graduate,1,368204,660401,120,890,529285,1
2,Not Graduate,0,82291,368125,36,734,621832,1
0,Not Graduate,1,821606,543960,60,641,1900546,0
1,Not Graduate,1,3219649,1978712,360,578,3160541,0
2,Graduate,1,1115473,455058,12,670,3175936,1
0,Graduate,1,5000000,2000899,360,813,7310305,1
1,Graduate,1,951359,479276,120,820,503060,1
1,Graduate,0,10634,131606,240,814,74099,0
0,Not Graduate,1,130054,466614,12,696,542734,0
0,Graduate,1,1027211,121746,36,800,1022822,1
0,Graduate,0,149536,393284,240,755,425465,0
0,Not Graduate,1,526529,378466,60,640,886422,0
0,Graduate,1,653813,3324585,36,675,870092,0
2,Graduate,1,690740,2701634,60,867,1488680,0
0,Graduate,0,125845,588538,60,589,298684,0
1,Graduate,0,18516,1814565,120,799,413172,0
0,Graduate,1,542156,363036,360,622,958916,0
3,Not Graduate,0,108148,129671,60,722,433023,1
0,Graduate,1,528014,916050,240,848,898838,1
1,Not Graduate,1,1365109,775592,240,752,936406,1
2,Graduate,0,30338,211603,240,708,205285,0
2,Graduate,1,583075,221172,360,693,1346003,1
0,Graduate,1,156252,1382725,12,826,373272,0
2,Graduate,1,886154,100355,360,774,1700219,1
1,Graduate,1,569400,944282,120,809,865088,1
1,Graduate,1,694819,394559,360,798,299678,1
0,Graduate,1,283235,945589,120,787,206011,1
0,Graduate,0,188119,1451786,240,736,713098,0
2,Graduate,0,190566,225409,12,652,584294,1
1,Graduate,1,2291150,172789,360,752,3349896,1
1,Not Graduate,1,1825899,2341462,60,689,2994633,1
2,Not Graduate,1,1171568,510330,60,570,2918435,0
2,Graduate,1,292486,749939,60,848,1034500,1
0,Graduate,1,3187379,1343475,120,620,2074968,0
1,Not Graduate,1,347281,206635,60,678,174450,1
0,Graduate,1,588465,1331693,12,632,1466299,0
2,Not Graduate,1,1284039,1024948,12,641,2139758,0
1,Graduate,1,1336056,2350227,360,624,1318969,0
3,Not Graduate,1,1152898,2309595,360,671,3007939,1
0,Graduate,1,529542,575754,60,729,882783,1
0,Not Graduate,1,448854,1147454,120,735,350728,1
0,Graduate,1,5000000,564983,36,780,5568981,1
0,Graduate,1,706832,624835,240,674,1587720,1
0,Graduate,1,640870,174755,60,489,130818,0
3,Graduate,1,412155,431708,60,800,1276574,1
0,Not Graduate,1,887120,89790,360,788,2324284,1
0,Graduate,1,854625,470955,240,656,1260089,1
2,Not Graduate,1,720009,2022900,36,778,958792,0
1,Graduate,1,989921,1176352,360,728,771629,1
2,Not Graduate,0,153759,604555,60,730,404915,0
0,Graduate,1,453140,441509,60,739,852641,1
1,Not Graduate,1,754995,314795,36,624,480462,0
0,Not Graduate,0,157431,215666,240,657,775159,1
0,Graduate,1,923345,1225266,12,744,1272933,0
3,Not Graduate,1,462880,116420,60,704,1129585,1
0,Not Graduate,1,479090,113776,60,707,1651210,1
1,Graduate,1,226926,1334887,360,798,814594,1
1,Graduate,1,788774,665206,120,486,1334047,0
0,Graduate,1,1028709,565138,36,810,1700782,1
2,Not Graduate,1,3231254,664679,60,717,8010465,1
0,Graduate,0,123213,4033260,120,705,479049,0
1,Graduate,1,509025,571510,360,738,615783,1
3,Graduate,1,245795,724538,360,676,627637,1
1,Graduate,1,274572,4231461,12,617,431887,0
3,Not Graduate,1,258718,507072,36,765,640916,1
0,Not Graduate,1,3276982,3036809,12,850,2628176,0
1,Graduate,1,918271,65708,120,803,1986514,1
0,Graduate,1,457543,169078,360,801,1219595,1
2,Graduate,1,338443,277070,240,578,822406,0
4,Graduate,1,367733,968972,360,779,936011,1
0,Graduate,1,448005,3185087,36,669,783655,0
1,Graduate,0,198032,299293,240,659,523877,1
0,Graduate,1,712150,1437264,120,705,1365433,1
1,Graduate,1,229125,5061761,36,828,322659,0
1,Not Graduate,1,4631389,2583771,60,632,3880906,0
3,Graduate,0,9636,360817,120,678,282738,0
1,Not Graduate,0,183244,1287950,360,591,312930,0
0,Graduate,1,2080493,758734,120,555,5304767,0
0,Graduate,1,1016747,279441,12,679,2575202,1
0,Not Graduate,1,500849,828434,240,803,715138,1
0,Graduate,1,272367,336445,360,811,530880,1
0,Graduate,1,336599,611918,360,727,784625,1
2,Graduate,1,353204,136162,36,713,363158,1
1,Graduate,1,733531,92694,360,655,1612448,1
1,Not Graduate,1,849879,405738,36,570,2320524,0
0,Graduate,1,647630,742769,60,591,529301,0
2,Graduate,1,706889,174929,36,819,1276941,1
2,Graduate,1,314714,914648,60,593,1180045,0
0,Graduate,1,922192,563966,36,560,2625975,0
2,Not Graduate,1,2031763,1035351,360,640,2953481,0
1,Not Graduate,0,127955,1391146,12,541,523685,0
0,Graduate,1,630438,2071071,360,798,839506,1
1,Graduate,1,779494,987836,120,702,1628139,1
1,Graduate,1,1784348,402212,36,670,805146,0
0,Graduate,1,356547,652693,120,742,996692,1
3,Not Graduate,0,50540,5549292,240,773,144422,0
2,Graduate,1,1021699,1447668,120,714,719043,1
1,Graduate,1,746345,580436,240,708,555387,1
1,Not Graduate,1,1925297,464848,36,597,3538383,0
1,Graduate,0,106785,297081,12,651,82852,0
1,Graduate,1,1107522,164851,12,767,1970338,1
1,Graduate,1,1029153,2982025,120,706,1590597,1
0,Not Graduate,1,345116,871960,12,814,909823,0
1,Not Graduate,1,1054429,151925,240,784,1556668,1
2,Graduate,1,914967,476708,12,539,2119839,0
1,Graduate,1,632230,1925099,12,747,1447564,0
0,Not Graduate,1,1454618,345607,360,707,3451187,1
2,Graduate,1,461665,239309,360,547,747014,0
0,Graduate,1,905513,772022,12,533,2264110,0
0,Not Graduate,0,123429,1043561,60,647,561456,0
0,Not Graduate,0,87256,346042,60,674,663132,1
0,Graduate,1,1090675,296695,120,773,2393930,1
2,Graduate,1,617732,856480,360,615,1375390,0
1,Graduate,0,181162,175457,36,851,756503,1
0,Graduate,1,172671,315463,360,765,389695,1
2,Not Graduate,1,1371267,479088,36,695,3785012,1
2,Graduate,0,119417,1131474,240,740,479273,0
2,Not Graduate,1,912102,352331,240,869,2412297,1
0,Graduate,1,762197,949116,120,689,1804472,1
1,Graduate,1,543168,1734162,60,691,1476298,1
4,Graduate,1,3489729,325644,12,751,455503,1
2,Not Graduate,1,842171,13563981,60,609,1457528,0
0,Graduate,0,98154,2234613,360,705,240626,0
0,Graduate,1,916074,709597,60,652,2328984,1
1,Graduate,1,606080,450545,360,780,1192021,1
3,Graduate,1,718362,310109,120,703,1271705,1
1,Graduate,1,2342745,2845558,60,778,5394752,1
1,Graduate,1,1741895,666969,36,687,1565531,1
0,Graduate,1,3476682,128178,60,584,1679465,0
1,Graduate,0,73596,97526,36,841,259908,1
2,Graduate,1,361656,604672,240,632,641080,0
0,Graduate,1,512771,618124,240,715,735880,1
2,Graduate,1,282032,215999,360,734,769207,1
3,Graduate,1,1347329,118843,120,781,1991182,1
0,Graduate,1,456464,75880,12,834,1372232,1
1,Not Graduate,1,63306,252879,60,680,204444,0
0,Graduate,0,149791,375965,12,629,158872,0
2,Graduate,1,462091,1079243,36,512,1264924,0
1,Graduate,1,459882,474333,12,693,538795,0
1,Not Graduate,1,2778132,1565924,60,508,1325839,0
2,Graduate,1,277450,989615,360,618,641005,0
0,Graduate,1,1810809,902776,12,699,1323725,1
3,Graduate,1,455907,1438697,12,831,252696,0
1,Graduate,1,252954,135037,12,690,870415,1
0,Not Graduate,1,2854976,316081,120,772,1134724,1
1,Not Graduate,1,1526483,5964969,12,710,353903,0
2,Graduate,1,1522707,80319,60,704,2750733,1
0,Not Graduate,1,978840,401196,360,790,1445570,1
2,Not Graduate,1,1177944,869913,60,730,2859606,1
3,Graduate,1,272194,82707,12,668,424632,1
0,Graduate,1,797541,254567,120,811,1501987,1
4,Graduate,1,346968,3976832,36,658,484140,0
0,Graduate,1,240108,640779,12,617,320206,0
0,Graduate,0,190905,304232,120,605,533824,0
0,Graduate,1,1842289,666949,240,673,3309147,1
2,Not Graduate,1,536759,303653,60,713,1037025,1
1,Not Graduate,0,140613,2995200,240,733,577974,0
0,Graduate,0,107455,200580,60,687,188693,0
1,Graduate,0,114517,320362,36,677,82355,0
1,Not Graduate,1,1339840,121513,360,732,3193431,1
0,Not Graduate,0,30502,402139,120,795,274408,0
2,Not Graduate,1,1128207,453810,36,435,3109507,0
2,Graduate,1,444744,1786270,240,541,718183,0
1,Graduate,1,433608,195490,120,787,1357094,1
3,Graduate,0,138708,876444,240,672,409513,0
1,Not Graduate,1,1396666,589321,12,777,1261309,1
4,Graduate,1,635650,81429,240,591,1396653,0
1,Not Graduate,1,518690,261633,36,704,942373,1
1,Graduate,1,1855746,251434,36,596,1195580,0
0,Not Graduate,0,65114,2908184,12,737,208456,0
2,Graduate,1,1324765,932595,120,678,1494881,1
1,Graduate,1,653779,624477,240,578,1064897,0
0,Graduate,1,315518,50000,360,756,524188,1
0,Graduate,1,2649415,80156,240,752,3455247,1
1,Graduate,1,802952,1118823,240,681,1297194,1
1,Graduate,1,413083,1181201,120,661,174163,1
2,Graduate,1,239750,257236,36,786,423062,1
2,Graduate,1,259886,555530,12,736,687637,0
0,Not Graduate,1,541268,517499,360,704,804117,1
2,Graduate,1,3402779,640142,120,603,6345275,0
0,Graduate,1,456923,372501,12,875,908392,1
2,Not Graduate,0,372,1221229,60,702,37298,0
2,Graduate,1,656966,1633294,12,850,902646,0
1,Not Graduate,1,283531,206981,60,659,205390,1
2,Graduate,1,499534,163673,12,674,802991,1
0,Graduate,1,261766,243746,60,663,565246,1
1,Graduate,0,56778,567342,240,722,280712,0
2,Graduate,1,359116,771144,360,706,782321,1
1,Graduate,1,159047,1188794,120,765,772942,0
0,Graduate,1,2446666,1427480,240,689,3154172,1
1,Graduate,1,863555,776419,36,739,1907848,1
2,Graduate,1,421248,679825,120,753,1216856,1
0,Graduate,1,871007,2810563,240,585,1621441,0
0,Graduate,1,373852,543073,12,614,508746,0
2,Graduate,0,111964,974857,120,602,198479,0
2,Graduate,1,5000000,744341,12,765,2203881,1
0,Graduate,0,162935,454436,240,804,778521,1
0,Graduate,1,455335,457445,120,668,214079,1
0,Graduate,1,155261,2026775,240,756,417389,0
0,Graduate,1,220726,493742,36,668,141072,0
1,Graduate,1,2740342,379773,240,765,5896258,1
2,Graduate,1,2425506,258575,360,900,3854982,1
1,Graduate,1,1332506,824502,36,842,860540,1
1,Graduate,1,298922,323793,240,824,882417,1
0,Graduate,1,2441148,752980,120,862,5514060,1
2,Graduate,1,1045312,645463,12,754,921690,1
1,Graduate,1,1231741,352431,120,805,3017632,1
3,Graduate,0,26296,133842,240,666,213757,1
1,Not Graduate,1,218471,193063,360,771,841317,1
0,Not Graduate,1,279699,225963,240,630,421428,0
1,Graduate,1,484961,197989,240,840,602788,0
0,Graduate,1,1220671,851936,60,633,1675733,0
1,Graduate,1,241748,4543350,36,702,769540,0
0,Not Graduate,1,633948,324165,12,676,1318798,1
0,Graduate,1,633308,367958,36,716,1131329,1
2,Not Graduate,1,1375312,301166,240,752,1112110,1
0,Graduate,1,1251354,1274005,240,569,1870350,0
2,Graduate,1,325077,827659,36,709,671502,0
0,Graduate,1,2320629,531454,36,822,5475102,1
1,Graduate,1,287623,160634,360,707,724908,0
1,Graduate,0,181746,205302,36,775,458928,1
1,Graduate,1,469716,643896,60,547,754343,0
0,Graduate,0,63890,675553,36,629,147206,0
0,Not Graduate,1,873960,531729,240,851,811481,1
0,Graduate,1,854409,1050657,12,644,2526437,0
0,Graduate,1,1251182,159121,120,668,2763454,1
1,Graduate,0,65986,732039,360,689,221808,0
3,Graduate,1,1365347,692446,36,678,2995392,1
2,Graduate,1,1057793,207328,36,453,1782029,0
2,Graduate,1,265252,295109,36,773,398253,1
2,Graduate,0,69228,1080710,360,745,646989,0
1,Graduate,1,464586,173062,12,783,1123671,1
0,Graduate,1,300315,6348766,36,733,314429,0
3,Graduate,1,578461,942000,36,656,1536376,1
1,Not Graduate,1,844574,510253,360,743,737170,1
1,Graduate,1,890679,419931,36,656,2134073,1
0,Graduate,1,1697759,1188498,12,746,1700862,1
1,Graduate,1,2075779,358129,120,806,2701220,1
1,Not Graduate,1,954578,373130,360,794,2243579,1
2,Graduate,1,1103155,2309607,360,688,3135375,1
1,Graduate,1,787207,337203,240,598,523103,0
0,Graduate,1,1347525,619136,12,736,447038,0
3,Graduate,1,1076892,252656,36,716,2582360,1
0,Not Graduate,1,698303,700143,60,654,1776720,1
1,Graduate,1,4079912,965705,12,803,6650816,1
0,Not Graduate,1,471207,2907765,36,727,295660,0
2,Graduate,1,2335100,211641,360,772,1462487,1
3,Graduate,1,246857,127023,36,502,584608,0
0,Not Graduate,1,1398475,413829,240,515,954540,0
2,Graduate,1,2301921,291526,12,765,2570970,1
0,Graduate,1,158613,532082,12,766,548512,0
3,Graduate,1,815176,910717,360,632,492811,0
2,Graduate,1,1292813,5204442,240,807,1163241,1
2,Graduate,1,892311,344040,360,811,1065914,1
0,Not Graduate,1,987098,59254,60,702,774204,0
3,Not Graduate,1,813400,425927,60,785,1667162,1
2,Graduate,0,179754,767219,120,774,470640,0
0,Graduate,0,189916,204918,120,808,945607,1
2,Graduate,1,487560,682612,240,725,718940,1
0,Graduate,1,1032330,620004,360,750,2629875,1
2,Graduate,1,434750,700711,12,758,956270,1
0,Graduate,0,120071,1192213,36,647,545040,0
2,Graduate,1,348150,497479,60,599,720745,0
1,Graduate,1,229100,934285,360,645,1043080,0
0,Graduate,1,1746726,89414,12,778,1939613,1
0,Graduate,1,448877,206410,360,663,655037,1
0,Not Graduate,1,483461,384026,120,572,1159336,0
1,Graduate,1,311307,197772,60,499,828233,0
0,Graduate,0,53970,543940,36,709,479328,0
1,Graduate,1,411199,383178,360,797,1216369,1
0,Graduate,1,1613447,342787,120,647,3112210,0
0,Graduate,1,928783,1307731,36,697,263670,0
2,Graduate,1,461639,587611,120,649,1077953,0
0,Not Graduate,1,1440047,182825,36,675,2053276,1
3,Graduate,1,734064,295574,360,670,1690913,1
2,Graduate,0,199271,1147642,60,626,609928,0
1,Graduate,1,226362,659811,360,813,589347,1
1,Not Graduate,1,689092,1786805,240,752,1148124,1
2,Not Graduate,0,42580,1259929,36,609,429213,0
0,Not Graduate,0,90665,366199,60,654,488206,1
0,Graduate,1,399706,2270495,12,682,948148,0
0,Not Graduate,1,4513064,2465278,12,715,5646854,1
2,Graduate,1,1138810,90633,120,728,907111,1
0,Graduate,1,216310,557813,360,677,113827,1
1,Not Graduate,0,26921,311813,360,693,250752,0
4,Not Graduate,1,2273427,416451,240,732,1993168,1
2,Graduate,1,1972048,238911,120,666,1623897,1
1,Graduate,1,740051,210781,360,817,540895,1
0,Graduate,1,822360,1330643,360,791,1091129,1
2,Graduate,1,287308,168036,36,692,902746,1
1,Graduate,0,179254,593240,240,810,695988,0
0,Not Graduate,1,330971,140205,36,748,447645,1
0,Graduate,0,168184,1923016,360,743,710633,0
3,Not Graduate,1,2151409,556840,60,832,3684121,1
1,Not Graduate,1,758065,1138579,240,782,1010312,1
2,Graduate,1,1581823,656780,12,795,4004263,1
2,Not Graduate,1,3198241,419473,60,608,6641449,0
1,Graduate,1,903810,578602,60,704,1709788,1
1,Graduate,1,633971,2439572,36,646,496531,0
1,Graduate,1,691430,220262,120,590,1144236,0
0,Graduate,1,402564,50000,360,568,1163010,0
1,Not Graduate,1,395352,246011,36,770,525785,1
2,Not Graduate,1,1039162,161282,60,726,483988,1
1,Graduate,1,639754,1422625,240,585,1387427,0
2,Not Graduate,1,947948,453282,12,707,2220805,1
1,Graduate,1,221471,1236074,60,664,906454,0
1,Not Graduate,1,677323,557875,120,620,566481,0
1,Graduate,1,1662934,545073,360,770,4118002,1
1,Graduate,1,298003,636630,120,687,526946,1
2,Graduate,1,739124,2373851,360,789,1787582,1
0,Graduate,1,165431,651171,360,662,155426,1
1,Graduate,1,256691,1638300,240,512,752070,0
0,Not Graduate,0,31363,1536724,120,716,264126,0
0,Graduate,1,569533,458955,240,735,567987,1
1,Not Graduate,1,3133491,501854,120,695,4109554,1
1,Graduate,0,178167,370347,36,730,433873,0
3,Graduate,0,68219,1949682,360,667,607991,0
1,Graduate,1,308295,210857,12,691,1071402,1
2,Graduate,1,536014,262238,360,714,952299,1
1,Graduate,0,186017,409935,12,782,411313,1
1,Graduate,1,311030,171415,60,693,630300,1
0,Graduate,1,1240610,299151,60,642,2316428,0
0,Graduate,1,1456595,1682962,36,665,3392183,1
0,Not Graduate,1,1003645,1036547,360,698,621084,1
1,Graduate,0,177905,354782,36,598,128599,0
0,Graduate,1,950348,1206011,12,627,1794160,0
0,Graduate,1,157922,4333595,60,704,331191,0
0,Not Graduate,1,2102015,739043,60,854,2369240,1
3,Not Graduate,1,258197,2236358,360,774,792498,0
0,Graduate,1,297637,1266273,12,699,849600,0
1,Graduate,0,85542,402545,240,627,504602,0
0,Graduate,1,858831,658222,36,586,1103740,0
1,Graduate,1,688176,914636,60,800,458430,1
0,Graduate,1,300107,256537,12,776,626259,1
0,Not Graduate,1,1806096,50000,36,757,2734826,1
1,Graduate,1,189328,234667,360,690,414852,1
0,Graduate,1,222656,62433,12,642,702755,0
0,Not Graduate,1,669585,254879,360,602,641656,0
0,Graduate,1,265299,97983,240,724,602039,1
0,Graduate,1,1939809,1302907,360,591,931041,0
0,Graduate,1,284198,165611,120,740,657484,1
0,Graduate,1,2534790,931087,60,708,1004353,1
2,Not Graduate,1,1669605,1163103,360,706,3666958,1
1,Graduate,1,1959195,1089804,360,703,4173774,1
1,Graduate,1,3300830,83421,36,717,6162690,1
0,Graduate,1,778389,1660525,12,815,2086754,1
3,Not Graduate,1,324363,822692,12,708,813400,0
0,Graduate,1,671717,1207745,36,697,292133,0
0,Graduate,1,463549,3368157,60,714,1387614,1
1,Not Graduate,1,413596,1195807,360,679,816118,1
0,Graduate,0,139219,165602,60,608,270349,0
0,Graduate,1,568431,1038495,360,755,747907,1
1,Graduate,1,399605,120136,12,547,482100,0
2,Graduate,1,599396,507389,60,679,1569113,1
1,Graduate,1,1131644,326691,360,654,1180864,1
2,Graduate,1,1567721,545877,120,584,2297408,0
4,Graduate,0,87106,119426,240,805,461702,1
0,Graduate,1,572311,134003,240,690,1447321,1
0,Graduate,1,651430,344775,120,745,1102172,1
0,Graduate,1,283221,432560,60,754,541319,1
1,Graduate,1,662804,352993,360,707,459752,1
1,Not Graduate,1,821096,2304680,12,844,1749316,0
3,Graduate,1,1104681,825415,60,747,2644307,1
2,Not Graduate,0,65893,803065,36,740,493066,0
1,Graduate,1,360497,368681,36,790,687590,1
0,Graduate,1,3647760,134345,60,709,2610939,1
2,Graduate,1,1415936,538142,120,703,2010237,1
3,Not Graduate,1,1135036,3292869,36,781,417204,0
2,Not Graduate,1,1629632,676291,360,674,4086960,1
0,Graduate,1,887077,1644903,240,664,1933719,1
1,Not Graduate,1,2041184,1866155,12,619,1156576,0
0,Graduate,0,37943,945568,120,639,158099,0
0,Graduate,1,730436,673520,36,720,1788846,1
0,Not Graduate,1,1212485,201243,12,878,3113130,1
1,Not Graduate,1,2574294,438692,360,646,1861913,0
1,Not Graduate,1,2445203,376662,240,722,5408001,1
0,Graduate,0,83063,751627,36,745,237690,0
0,Graduate,0,83407,131391,36,653,366569,1
1,Graduate,0,182095,315751,12,759,135382,0
0,Graduate,1,1604779,809373,12,612,3219456,0
0,Not Graduate,0,70745,267770,60,627,456092,0
1,Graduate,0,143787,216293,36,695,612261,1
2,Graduate,1,2093711,244895,240,610,2818507,0
0,Graduate,1,959719,411510,12,587,580162,0
0,Graduate,1,1227813,50000,120,556,2228508,0
0,Graduate,1,2203504,256232,36,675,353825,1
3,Graduate,1,1325963,1401078,120,892,1301352,1
1,Not Graduate,1,1517836,747043,36,800,1230232,1
1,Graduate,1,534167,822446,12,557,1648290,0
0,Not Graduate,1,2418478,86882,60,605,4956343,0
1,Graduate,1,1272570,357110,36,671,1327090,1
0,Graduate,1,806817,481239,360,723,989491,1
1,Graduate,1,1760061,859719,12,719,2506386,1
3,Not Graduate,0,75015,1641064,12,689,311088,0
1,Graduate,0,174665,1403845,12,672,635135,0
2,Graduate,0,108799,300927,120,576,410866,0
2,Graduate,1,5000000,307896,12,636,6053757,0
0,Graduate,1,1026182,2217777,120,650,1054408,1
3,Not Graduate,1,849748,376973,240,536,1079723,0
0,Not Graduate,1,665099,183029,360,630,1672185,0
1,Graduate,0,107765,439269,360,821,419765,0
0,Graduate,1,5000000,2083083,360,683,7171942,1
0,Not Graduate,1,428415,218628,60,737,768125,1
1,Graduate,1,675020,351906,360,849,1092125,1
0,Graduate,0,137575,227860,12,836,473793,1
1,Graduate,1,1310988,1406189,240,610,3460255,0
1,Graduate,1,1939449,720610,12,736,2958047,1
0,Graduate,1,2667750,1363929,240,782,1424556,1
0,Not Graduate,1,1346978,2584438,360,643,3102375,0
1,Graduate,1,5000000,119121,12,748,10066315,1
0,Graduate,0,156299,252925,60,701,333973,1
2,Not Graduate,1,374133,350276,12,752,793259,1
1,Graduate,1,2363077,578872,120,729,2456649,1
2,Graduate,0,155059,896180,12,791,368789,0
1,Graduate,1,242619,330560,36,637,717468,0
1,Graduate,0,164592,270508,120,730,478455,1
1,Not Graduate,0,125035,1406562,240,851,122312,0
0,Not Graduate,1,434956,932941,360,756,446610,1
0,Graduate,1,323926,741093,360,774,489695,1
2,Graduate,1,617785,63211,12,616,1400616,0
1,Graduate,0,160990,1806092,360,541,391260,0
2,Not Graduate,0,96588,649507,360,701,451438,0
2,Graduate,1,154038,459558,360,804,759841,1
2,Graduate,1,784137,238152,12,678,347531,1
3,Graduate,1,1105278,286956,12,681,2603878,1
1,Graduate,0,127890,221701,36,638,425813,0
0,Graduate,1,1749041,73308,60,661,3610167,1
1,Graduate,1,243665,238584,60,686,674853,1
0,Not Graduate,1,416286,109202,120,799,893127,1
1,Graduate,1,560156,508658,120,827,393406,1
2,Not Graduate,0,154484,170969,36,649,467508,0
1,Graduate,1,868745,1121226,360,599,621526,1
0,Graduate,1,4051885,102301,36,657,5087346,1
0,Not Graduate,1,382839,1784671,36,708,408292,0
1,Graduate,1,238949,1247453,240,745,220352,1
0,Not Graduate,1,3051888,186048,360,626,4889656,0
2,Not Graduate,1,232190,491753,360,900,671018,1
0,Graduate,1,1259783,229951,36,679,2519260,1
0,Graduate,0,101348,963761,36,717,201844,0
0,Graduate,1,139322,3268549,36,746,614903,0
1,Graduate,0,66158,1760421,36,618,211333,0
1,Graduate,1,1497937,271650,360,802,390901,1
0,Graduate,1,274466,605999,60,857,623638,0
0,Graduate,1,1156461,2476265,12,637,522536,0
1,Graduate,1,1342831,912798,12,779,350663,0
0,Graduate,1,263721,1483793,60,678,994554,0
1,Not Graduate,1,607915,1036363,36,668,1297910,1
1,Graduate,1,2575772,583184,360,699,4350502,1
0,Graduate,1,1227480,504102,240,709,2612287,1
0,Graduate,1,591730,160989,240,740,1697820,1
4,Not Graduate,1,1016866,251245,120,773,1142668,1
1,Not Graduate,1,421590,219299,12,686,573340,1
1,Graduate,1,1777923,380276,120,706,2218984,1
0,Not Graduate,1,1777303,596925,36,828,972635,1
1,Graduate,0,148096,485078,120,635,222362,0
0,Not Graduate,1,877265,670556,36,746,1220038,1
1,Graduate,0,166498,1049931,120,612,532101,0
3,Graduate,1,247303,356615,60,770,711444,1
0,Graduate,0,77178,1130303,360,696,345749,0
0,Graduate,1,680156,1686501,36,675,1642851,0
0,Not Graduate,1,1706750,818434,240,586,580282,0
0,Graduate,1,1525666,313474,36,720,2765550,1
0,Not Graduate,1,845654,1392592,240,706,1845519,1
0,Graduate,0,94415,875585,360,756,490430,0
2,Graduate,1,342905,1003319,240,623,978085,0
1,Graduate,1,1726953,2508439,120,828,782999,1
0,Graduate,1,387572,1098485,12,658,962827,0
3,Not Graduate,1,1966479,2608461,12,629,1916761,0
0,Graduate,1,721669,465795,12,773,2212347,1
3,Graduate,1,147468,351010,240,669,834224,1
0,Graduate,1,1308151,1704750,12,844,453247,0
2,Graduate,1,1393928,201642,36,586,1880899,0
1,Not Graduate,1,506224,3571189,36,695,519953,0
2,Graduate,1,541984,1986544,360,827,1631352,1
4,Not Graduate,1,642012,589844,36,717,1640528,1
0,Graduate,1,156354,1796361,360,634,764495,0
3,Graduate,1,109997,1047936,240,715,215401,0
0,Not Graduate,0,175586,148741,240,703,610004,1
0,Graduate,1,377281,238878,12,802,1021416,1
0,Graduate,0,25093,719093,360,858,200495,0
1,Graduate,1,2183241,633834,120,691,885467,1
0,Graduate,0,116320,1998941,240,688,245370,0
1,Not Graduate,1,433549,730918,60,674,892978,0
1,Graduate,1,201446,151946,36,731,225436,1
2,Not Graduate,1,305741,313223,36,755,653893,1
2,Graduate,1,510341,1136045,12,737,1003212,0
1,Graduate,0,105169,87324,120,596,326108,0
0,Graduate,1,498649,131747,36,619,1223150,1
0,Graduate,1,620733,372259,240,820,1321413,1
0,Not Graduate,1,258968,1365068,120,600,701194,0
0,Graduate,0,181482,435065,36,669,620938,1
0,Graduate,1,611408,856776,12,870,280464,0
0,Not Graduate,1,969978,542973,12,719,2505828,1
3,Not Graduate,1,357661,469370,12,719,1064372,1
1,Graduate,1,921540,281029,240,673,1672148,1
0,Not Graduate,0,141229,1251465,12,745,57278,0
1,Graduate,1,757295,154157,60,792,456300,1
0,Graduate,1,432954,427770,240,744,1111412,1
1,Graduate,1,251022,1699983,60,691,588476,0
1,Graduate,0,26381,251639,12,680,377858,1
1,Graduate,1,1207719,113966,120,707,935621,1
1,Graduate,0,186220,65066,240,744,257535,1
4,Graduate,1,682212,1052074,60,528,875304,0
2,Not Graduate,1,639716,1125362,240,746,1384488,1
1,Not Graduate,1,1080060,382992,60,783,2867314,1
1,Not Graduate,1,168089,151595,360,689,493175,1
1,Graduate,0,153957,466915,240,652,259300,0
0,Graduate,1,385300,1755201,36,634,574058,0
0,Graduate,1,507040,151858,60,542,1132679,0
0,Graduate,0,185337,1556848,60,710,241162,0
1,Graduate,1,951928,99187,240,733,2093707,1
1,Graduate,1,778526,173341,120,779,2012718,1
0,Graduate,1,2222830,602761,36,900,960673,1
3,Graduate,1,5000000,1393950,60,717,9630346,1
3,Graduate,0,62486,2354037,12,800,494300,0
2,Graduate,1,820643,1456805,12,572,484415,0
1,Graduate,1,819476,2551686,360,670,1013608,1
2,Graduate,1,721178,648268,240,795,1061584,1
0,Graduate,1,306244,290225,120,722,885976,1
2,Graduate,1,350193,1765750,36,805,436340,0
0,Graduate,1,884099,2112756,60,803,1871748,0
2,Graduate,1,342394,1370687,12,854,630294,0
0,Not Graduate,1,828537,997054,60,773,1631567,1
2,Not Graduate,1,599133,2173765,12,697,1307429,0
3,Graduate,1,816944,760682,240,785,1623575,1
0,Graduate,1,340224,529383,240,626,1111253,0
1,Graduate,1,827343,1116290,60,890,1990861,1
4,Graduate,1,360496,871158,240,668,1072983,1
1,Graduate,0,146202,1309677,36,708,485265,0
2,Graduate,1,2129753,473574,360,735,2458535,1
1,Graduate,1,898774,1341434,240,767,2101481,1
0,Not Graduate,0,71612,1273929,36,815,158516,0
0,Not Graduate,1,1402497,668872,240,643,680786,0
0,Graduate,1,237317,255173,60,609,106758,0
2,Graduate,0,109341,1868458,36,637,265087,0
0,Graduate,1,313491,161190,360,726,271830,0
1,Graduate,1,1474351,207377,360,767,2992933,1
1,Not Graduate,1,1325801,639232,360,762,3147201,1
1,Graduate,0,17659,50000,120,739,137002,1
2,Graduate,0,117923,2528051,360,736,670876,0
4,Not Graduate,0,191242,548362,60,803,139501,0
1,Not Graduate,1,3308425,2519278,36,782,8339659,1
2,Not Graduate,1,851455,3282229,12,589,1609431,0
2,Graduate,1,668749,462854,360,749,1476847,1
1,Graduate,1,483201,2081815,12,761,390479,0
3,Graduate,0,150567,187191,120,648,219481,0
0,Graduate,1,565473,833423,12,778,528328,0
0,Not Graduate,1,584949,336586,60,705,1338445,1
2,Graduate,1,899546,1084344,360,772,333281,1
1,Not Graduate,1,233635,1306122,36,600,317535,0
2,Graduate,1,602468,460511,360,618,537774,0
2,Not Graduate,1,1156606,931751,60,795,2262603,1
0,Graduate,1,1252193,1389849,240,778,2225055,1
2,Not Graduate,1,164743,652013,240,532,346955,0
1,Graduate,0,93092,6845077,12,695,297212,0
1,Graduate,1,598834,471116,120,505,1634724,0
1,Not Graduate,1,629065,2830195,120,879,1993451,0
3,Graduate,0,142402,1698729,360,664,514803,0
0,Graduate,1,2409324,84128,240,684,3714624,1
1,Not Graduate,1,840236,2404790,120,648,1677447,0
1,Graduate,1,214235,1581595,120,681,445489,0
2,Graduate,1,984767,605703,12,660,2272753,1
1,Graduate,1,960858,781424,360,811,1962370,1
0,Not Graduate,1,1939683,884511,60,695,2755285,1
0,Graduate,1,569349,2137844,60,661,799078,0
0,Graduate,1,736450,357511,36,746,1480325,1
2,Graduate,1,436155,2639242,60,544,206765,0
0,Graduate,1,1176858,182762,60,657,2712268,1
0,Graduate,1,389729,92954,12,690,1263789,1
3,Graduate,1,357041,978216,360,613,857341,0
0,Graduate,1,690908,1903159,12,755,300278,0
4,Graduate,1,273568,451538,360,704,320171,0
1,Graduate,1,2627924,56149,60,758,3276143,1
2,Graduate,1,3408604,121669,36,756,7583055,1
0,Graduate,0,52798,835916,60,832,387446,0
0,Graduate,1,240559,534958,360,627,479558,0
2,Graduate,1,954815,1951834,60,791,1618377,0
2,Graduate,1,495993,581243,240,665,564374,1
2,Graduate,1,1866816,257664,360,719,1716463,1
0,Graduate,1,388591,736070,36,748,845531,0
2,Graduate,0,198796,1491976,360,801,488100,0
2,Graduate,1,799062,2086992,60,717,1650308,0
1,Graduate,0,4715,483588,12,790,58752,0
2,Graduate,1,883847,578054,360,833,1664983,1
2,Not Graduate,1,1473021,1177933,60,678,2607176,1
1,Graduate,0,34790,255605,120,686,324906,1
0,Graduate,1,788452,1128921,240,640,1144282,0
1,Graduate,0,81734,428462,240,664,326708,0
0,Graduate,0,122106,501031,240,729,137695,0
1,Graduate,1,1682240,541813,36,697,3539537,1
1,Graduate,1,525209,615130,360,694,1296852,1
0,Not Graduate,1,660379,3662966,240,736,1397978,1
0,Graduate,1,2261132,338073,60,691,733479,1
0,Graduate,1,294532,355935,36,590,907956,0
2,Graduate,1,1182842,2296134,120,635,2786847,0
3,Graduate,1,466544,842973,12,743,1491439,1
0,Graduate,1,3025122,1164212,240,735,6957539,1
3,Graduate,1,767395,192865,60,638,1588205,0
1,Graduate,1,1999290,691372,36,656,4925505,1
0,Graduate,1,396700,1215147,360,651,633024,1
0,Not Graduate,1,268653,275303,360,682,460106,1
1,Graduate,1,604763,1013066,60,785,889587,1
2,Not Graduate,1,899997,440472,360,845,378193,1
2,Graduate,1,484762,283389,240,730,591030,1
0,Graduate,0,133341,1488368,12,838,309233,0
0,Not Graduate,1,616637,1686073,36,679,1367390,0
1,Graduate,1,137978,614601,60,740,221192,0
0,Not Graduate,1,1135120,848058,36,690,1425219,1
0,Graduate,1,360039,2032117,240,768,962136,1
0,Graduate,1,546189,363855,360,782,489408,1
2,Graduate,1,2526902,765727,240,662,5950212,1
3,Graduate,1,3012405,367198,120,803,4414313,1
1,Not Graduate,1,460286,195153,120,665,981459,1
3,Not Graduate,0,28651,364161,240,615,404927,0
0,Graduate,1,468916,175440,36,801,597758,1
1,Graduate,1,579836,826996,60,738,985370,1
0,Graduate,1,449270,249651,60,723,455328,1
1,Graduate,1,183601,133645,36,736,332642,1
3,Graduate,1,787047,1135639,12,682,2035453,1
1,Graduate,1,918532,1064135,36,761,480705,0
0,Graduate,1,426427,388378,240,603,801588,0
1,Graduate,1,1741458,1091650,240,874,3398925,1
0,Not Graduate,1,514595,241326,120,635,764615,0
2,Not Graduate,1,438112,372385,60,614,689753,0
1,Not Graduate,1,1111479,812060,120,764,1129204,1
1,Not Graduate,1,212320,1519363,60,629,433732,0
1,Graduate,1,1506565,368634,36,786,2515391,1
1,Graduate,1,528746,297774,12,771,605031,1
0,Graduate,1,1609491,1443392,360,614,2887096,0
1,Not Graduate,1,2044174,997179,60,701,448578,1
0,Not Graduate,1,1217271,627013,12,840,2457039,1
2,Graduate,0,164545,1760518,12,668,334743,0
2,Not Graduate,1,268158,3786700,12,647,76702,0
2,Graduate,0,13423,779117,36,700,146599,0
1,Graduate,1,1762649,299577,12,754,2521407,1
1,Graduate,1,654848,888517,12,669,592037,0
0,Graduate,1,451631,238009,240,645,623408,0
2,Graduate,1,656274,1871335,240,769,1972803,1
0,Graduate,0,183209,267895,60,874,526370,1
1,Graduate,1,1359995,445458,240,709,1916212,1
0,Graduate,1,1035924,233823,60,659,2521879,1
0,Graduate,1,1215065,648341,12,688,1638169,0
1,Graduate,1,842507,671624,240,581,2134790,0
0,Graduate,0,112013,1135570,120,706,333281,0
2,Graduate,1,870497,609041,360,755,735628,1
0,Graduate,1,729380,565953,360,656,1091292,1
0,Not Graduate,1,1332675,304406,36,573,312199,0
1,Graduate,0,194318,405815,240,787,695949,1
0,Graduate,1,360565,134200,36,581,1265704,0
0,Not Graduate,0,35766,2177528,360,691,278259,0
2,Not Graduate,1,888951,491736,240,841,1578732,1
0,Not Graduate,1,1189603,2787613,360,741,2820612,1
2,Graduate,1,671073,478767,240,545,378442,0
0,Graduate,1,1396377,80650,120,608,2928647,0
0,Graduate,1,694448,344416,12,640,1383454,0
2,Graduate,1,1301598,538958,60,612,1988257,0
0,Not Graduate,1,506268,576857,240,591,965475,0
0,Graduate,1,535093,1063246,240,621,278328,0
0,Graduate,0,87744,642987,36,762,420165,0
0,Graduate,1,559378,385772,12,784,864485,1
2,Graduate,1,4259345,216427,240,568,3528679,0
0,Graduate,1,1147568,359918,240,890,1084790,1
2,Graduate,1,744106,989075,60,786,964481,1
2,Not Graduate,0,175775,1274943,360,860,431327,0
1,Not Graduate,1,496558,275444,12,615,1259709,0
3,Graduate,1,1526383,1479177,12,604,2454453,0
0,Graduate,1,1492835,954615,360,783,1003520,1
3,Graduate,1,1988372,222551,240,750,4646399,1
0,Graduate,1,512651,691559,12,741,1027257,1
1,Not Graduate,1,274254,782122,12,682,960250,0
1,Graduate,1,447698,186382,60,690,1048663,1
0,Graduate,1,582273,138879,120,783,1247030,1
1,Graduate,0,20655,867888,360,655,74074,0
2,Graduate,1,4222802,343081,360,581,10446544,0
0,Graduate,0,131483,2451232,60,737,407534,0
0,Graduate,0,4428,3020902,120,826,390561,1
2,Graduate,1,551321,866302,60,582,1383187,0
1,Graduate,1,1410919,1399660,360,707,1549904,1
3,Graduate,1,4201134,194103,360,526,6948174,0
2,Not Graduate,1,3043993,142643,240,807,5243698,1
3,Graduate,1,1812796,469106,60,633,4608206,0
2,Graduate,1,1791640,149259,12,711,1881232,1
0,Graduate,1,1419546,735008,12,714,3037691,1
0,Graduate,1,702336,246797,36,717,595719,1
2,Not Graduate,1,404643,653733,240,754,322560,1
1,Not Graduate,1,717371,454474,12,842,747456,1
0,Graduate,1,1022613,1022082,240,682,2137169,1
0,Graduate,1,227998,748883,60,691,719537,0
3,Graduate,0,16209,360799,12,614,216736,0
1,Graduate,1,376718,137532,240,557,472395,0
1,Graduate,1,1641421,635718,60,660,1872331,1
1,Not Graduate,1,469880,94610,360,746,972312,1
0,Graduate,1,948442,1878730,120,689,2678676,1
0,Graduate,1,416642,917065,36,821,253841,0
0,Graduate,1,2618623,1255161,60,707,5848147,1
0,Graduate,0,127831,204948,360,831,534239,1
2,Graduate,1,1067331,771491,120,721,1069931,1
1,Graduate,1,262549,277450,240,663,260090,1
2,Graduate,1,485305,627230,120,598,435739,0
2,Graduate,1,860225,199100,12,511,1003801,0
0,Graduate,1,894737,497105,360,652,2552343,1
1,Not Graduate,1,876255,136144,360,768,2114714,1
1,Graduate,0,109346,460454,240,673,735587,1
2,Graduate,1,436491,104361,36,628,579090,0
0,Graduate,1,639701,3100623,36,700,1151654,0
1,Graduate,1,748111,634380,240,703,2183076,1
1,Graduate,1,852806,543443,12,668,1654914,1
0,Graduate,1,692079,1062416,240,756,501006,1
0,Not Graduate,1,1307558,147368,240,692,661773,1
1,Not Graduate,0,157841,247520,360,840,478380,1
2,Graduate,1,856886,919016,240,666,1245471,1
0,Graduate,1,537066,635047,60,650,1550208,1
1,Graduate,0,105584,263115,36,684,475149,1
0,Graduate,1,825069,1033070,36,778,786920,0
2,Graduate,1,1916395,731411,12,754,964130,1
0,Graduate,1,1040372,895875,36,664,2558960,1
2,Graduate,1,379270,797899,12,623,799260,0
0,Not Graduate,1,1399732,273374,360,596,880647,0
0,Graduate,1,557884,500895,12,610,1758681,0
0,Not Graduate,1,1292027,84368,36,842,2597624,1
0,Graduate,1,543053,324216,240,643,505422,0
1,Graduate,1,967668,422800,240,641,1700217,0
0,Graduate,0,138485,1011306,60,770,330574,0
2,Graduate,1,491667,901802,12,710,833218,0
0,Graduate,1,208352,254719,120,797,801312,1
0,Graduate,1,1098723,249145,120,819,1744627,1
0,Graduate,1,980811,1996635,360,805,1581567,1
0,Not Graduate,0,114090,402758,36,667,401234,0
0,Graduate,1,909149,605766,36,491,1765525,0
1,Graduate,1,396408,1184994,120,573,806314,0
1,Graduate,1,1579658,499068,60,716,3376835,1
1,Graduate,1,1613995,464325,360,803,2859995,1
1,Graduate,1,388252,394221,12,630,623954,0
1,Graduate,0,46753,324787,12,745,541230,1
0,Graduate,1,1468853,623374,360,674,1550345,1
1,Not Graduate,0,128789,87337,36,848,412633,1
3,Graduate,1,575601,376579,360,662,539791,1
1,Graduate,0,116466,927502,36,778,172806,0
1,Graduate,1,217887,825445,360,698,520036,1
0,Not Graduate,0,42288,2215668,240,735,131095,0
2,Not Graduate,1,330439,1248455,60,667,392151,0
2,Graduate,0,127391,812814,12,738,421151,0
1,Graduate,1,1737489,556077,240,537,3884931,0
3,Graduate,1,148671,342308,120,599,533110,0
0,Not Graduate,1,959807,893827,240,627,746838,0
0,Graduate,0,135388,746752,360,762,706727,0
2,Graduate,1,576726,371653,120,680,1380428,1
2,Not Graduate,1,427327,227046,120,519,1039915,0
0,Graduate,1,878766,512421,12,711,2511402,1
0,Not Graduate,1,730486,1716858,240,581,1841541,0
0,Graduate,1,1627904,603322,12,783,3864663,0
0,Graduate,1,89070,555929,60,753,239535,0
2,Graduate,1,349771,825023,60,585,687859,1
1,Graduate,1,1143108,874423,60,744,2073115,1
0,Graduate,0,77764,693084,60,847,409872,0
0,Graduate,0,22341,518097,120,595,257208,0
0,Graduate,1,899519,325077,360,717,114284,1
0,Graduate,1,654882,1476015,60,730,190220,0
1,Graduate,1,572729,352581,12,657,1439023,1
3,Graduate,1,4685784,2603399,360,736,5482992,1
2,Graduate,1,2490407,630556,240,662,2685738,1
0,Graduate,1,1084255,569600,240,593,2046749,0
2,Graduate,1,776670,1155424,12,758,566082,0
2,Graduate,1,1121868,281197,36,663,1766482,1
2,Not Graduate,1,1413342,959211,36,603,3430320,0
1,Not Graduate,1,1019743,606377,36,747,1557832,1
0,Graduate,1,399870,814949,36,729,636774,0
0,Not Graduate,1,3040731,272775,120,840,1911574,1
0,Not Graduate,1,888212,270230,120,751,1785666,1
0,Not Graduate,1,3653309,86463,240,674,5311925,1
0,Graduate,1,847221,342061,240,766,1600566,1
1,Graduate,1,599275,324582,120,624,461234,0
2,Graduate,1,2207369,277237,120,834,5221673,1
1,Graduate,1,928150,481440,240,660,1243336,1
0,Graduate,1,811579,576231,12,567,2195914,0
3,Graduate,1,279206,890680,120,658,603034,0
3,Graduate,1,1236968,951494,12,665,2811145,1
2,Graduate,1,491566,1035586,60,788,875934,0
4,Graduate,1,509796,1079814,12,621,306866,0
1,Graduate,1,492653,711629,12,669,1299969,1
3,Not Graduate,1,1036362,571047,120,713,1118483,1
0,Graduate,0,195000,1368332,60,709,582887,0
0,Graduate,1,616198,1080879,36,844,1370272,1
0,Graduate,1,1597935,122765,12,763,1521068,1
0,Graduate,1,269268,454617,60,640,528202,0
0,Graduate,1,837606,89018,60,765,556739,1
1,Not Graduate,1,440154,87294,120,679,802467,1
2,Graduate,1,528102,324851,60,859,774827,1
1,Graduate,0,103300,475445,360,688,230368,0
0,Not Graduate,1,194776,353564,36,774,177268,0
2,Graduate,1,1345806,91483,120,802,1303816,1
1,Graduate,1,497652,1173024,360,683,516252,1
0,Graduate,1,478240,266480,12,698,1008695,1
1,Graduate,0,12432,881496,120,673,260251,0
0,Graduate,1,1333236,273912,12,763,1712957,1
0,Graduate,1,625856,328524,120,900,505517,1
3,Graduate,0,187864,833746,60,759,491192,0
0,Not Graduate,1,796410,381113,36,739,1519579,1
1,Graduate,1,636519,640822,120,642,1627485,0
2,Not Graduate,0,196510,713061,360,801,483594,0
2,Graduate,1,492544,129685,240,725,1490667,1
0,Graduate,1,1493081,871341,60,900,874879,1
0,Graduate,1,218536,211585,120,857,385664,1
0,Graduate,0,25323,177892,60,720,95695,0
1,Graduate,0,116954,261293,240,737,461734,1
1,Graduate,1,408195,1220154,360,709,1156083,1
0,Not Graduate,0,87165,109057,60,626,414238,0
3,Graduate,1,304229,1036124,60,777,496304,0
1,Graduate,1,534836,758845,120,692,695208,1
0,Not Graduate,1,701940,582062,60,890,1205452,1
1,Graduate,1,1225858,691540,360,715,1757844,1
1,Graduate,1,1974511,404293,120,604,1281356,0
0,Graduate,1,591704,1069056,36,748,1753228,1
0,Graduate,1,3303351,352723,240,782,5644832,1
2,Graduate,0,175567,106419,360,756,421067,1
1,Graduate,1,1415651,500207,360,736,2204346,1
1,Graduate,0,148710,1204236,12,699,682197,0
1,Graduate,0,139973,883846,240,733,349170,0
0,Graduate,1,243087,3316438,60,724,506712,0
0,Not Graduate,1,784438,419497,360,613,908466,0
1,Not Graduate,1,447166,460122,120,879,289874,1
0,Graduate,1,585636,427919,12,736,1510974,1
0,Graduate,1,3569662,248622,12,712,7267319,1
2,Not Graduate,1,274248,336668,360,853,925272,1
4,Graduate,1,927616,191207,60,592,1292385,0
2,Graduate,1,361429,54509,360,900,288661,1
2,Graduate,1,570274,302482,12,643,1627352,1
0,Not Graduate,1,1323610,553207,120,833,3067122,1
3,Graduate,1,940842,1015326,60,627,2213998,0
0,Not Graduate,0,52793,303866,360,633,464448,0
3,Graduate,1,433722,307411,240,761,540592,1
4,Graduate,0,12283,1514535,60,728,231641,0
2,Graduate,1,2859477,142746,60,630,1475837,0
4,Graduate,1,354661,458963,12,638,608073,0
1,Not Graduate,1,3366321,1407400,360,676,1811568,1
0,Not Graduate,1,1904248,266089,36,803,2249207,1
1,Graduate,1,2181411,116595,12,734,4645754,1
1,Not Graduate,0,132040,2978259,360,757,604724,1
0,Not Graduate,1,1861519,1201757,360,664,1870335,1
1,Graduate,1,325440,1239686,36,750,914197,0
4,Graduate,1,427438,494197,60,592,808347,0
0,Graduate,1,1346004,1025434,60,637,1955151,0
2,Graduate,1,924192,50000,360,791,679282,1
3,Graduate,1,647773,348957,240,736,553737,1
3,Graduate,1,98509,1393835,12,864,549214,0
3,Graduate,1,514844,133799,240,765,1307335,1
1,Not Graduate,0,38491,387141,120,602,57331,0
3,Not Graduate,1,1082547,743900,60,778,2690362,1
2,Graduate,1,625974,246649,360,597,327164,0
0,Graduate,1,441246,544364,360,768,1383173,1
1,Graduate,1,5000000,794672,240,689,3213162,1
2,Graduate,1,1673687,730856,120,650,1329781,1
0,Graduate,1,1697551,361948,36,711,3625219,1
1,Graduate,1,4247206,235849,12,609,4163058,0
1,Graduate,1,1385751,803032,120,683,2571616,1
0,Graduate,1,393657,758541,12,533,990387,0
1,Graduate,1,358499,722178,60,802,1056501,1
2,Graduate,1,1578399,605915,360,735,3308328,1
1,Not Graduate,1,140437,759294,36,697,369178,0
0,Not Graduate,1,685412,1298819,60,752,1940792,1
0,Graduate,1,128425,736712,120,613,348937,0
0,Graduate,0,33190,595840,36,688,69871,0
3,Graduate,1,1444474,319061,120,761,2130490,1
0,Graduate,1,912125,2160560,12,638,2709786,0
1,Graduate,1,1544927,175775,60,810,693863,1
0,Graduate,1,3512580,441180,12,691,3623733,1
0,Not Graduate,1,650287,324787,36,557,931445,0
2,Graduate,0,120015,86933,240,730,512707,1
2,Not Graduate,1,864698,769743,12,684,2089871,1
0,Graduate,1,1558652,440972,36,879,1490570,1
1,Graduate,1,447373,557867,36,686,564682,0
0,Graduate,1,2664298,451880,120,781,2745196,1
1,Graduate,1,1678427,1147707,12,676,2011660,1
1,Graduate,1,2367064,1304676,60,573,1334236,0
0,Graduate,1,761925,179644,12,735,1155712,1
0,Graduate,1,267176,3157648,120,737,563930,0
0,Graduate,1,1054226,424991,36,789,1115665,1
3,Graduate,1,187659,972456,60,564,523839,0
4,Not Graduate,1,557407,647137,240,751,943846,1
0,Graduate,1,849891,600617,360,746,1516727,1
2,Graduate,1,4885486,943013,60,739,3359753,1
0,Graduate,1,941132,2019412,360,495,1659766,0
0,Not Graduate,0,149876,1175326,12,796,72714,0
2,Graduate,0,139062,423646,60,618,157945,0
3,Graduate,1,249278,496704,12,786,546364,0
3,Graduate,1,781257,307584,60,856,1544764,1
1,Graduate,0,37976,1104818,12,778,541706,0
0,Graduate,1,336082,974716,360,731,763371,1
2,Not Graduate,1,282265,383802,36,694,819171,1
0,Not Graduate,1,496204,2036023,36,722,1099060,0
1,Graduate,1,768308,1581367,12,623,290987,0
0,Graduate,1,505830,3346769,12,746,1278509,0
1,Graduate,1,314676,245284,240,695,593988,1
0,Graduate,1,919345,488849,12,611,2257466,0
0,Not Graduate,1,1122527,443960,120,628,1828132,0
3,Graduate,1,803745,7302388,360,707,680532,0
0,Graduate,1,464916,545709,12,597,991790,0
1,Graduate,1,1173936,1914892,36,714,2431810,1
0,Not Graduate,1,626290,1520831,60,815,701915,0
0,Graduate,1,281738,496856,36,726,310557,0
0,Graduate,1,1671104,571209,120,693,609879,1
0,Graduate,1,967824,911441,60,643,2013252,0
2,Graduate,1,663024,1900909,36,745,677576,0
0,Not Graduate,1,207556,454973,12,584,425545,0
3,Graduate,1,401961,324947,360,701,982030,1
1,Graduate,1,3666883,1372692,12,721,2017163,1
1,Graduate,1,218234,171636,60,655,846836,1
1,Not Graduate,1,596551,695746,360,733,1367347,1
1,Graduate,1,719945,1559963,240,875,632526,1
2,Graduate,1,942585,830885,120,753,2403019,1
0,Graduate,1,220193,306515,36,810,595911,1
0,Graduate,1,838475,198544,36,782,753948,1
2,Graduate,1,189305,1771032,120,836,364537,0
3,Not Graduate,1,788543,453311,36,669,878910,1
2,Graduate,1,432821,219387,60,539,1019480,0
1,Graduate,1,364872,1687666,240,683,714499,1
2,Not Graduate,1,1422396,1203810,60,628,609117,0
1,Graduate,1,604112,188765,240,665,1170928,1
1,Graduate,1,1065514,6677839,360,645,1087869,0
0,Graduate,1,1094120,314729,12,751,2995620,1
1,Graduate,1,2014663,1183574,240,830,4455950,1
0,Graduate,0,61474,3939578,240,809,258109,0
0,Not Graduate,1,1521508,1313518,240,701,679837,1
2,Not Graduate,1,739085,700240,36,553,1028456,0
0,Graduate,1,539015,129021,240,644,1048705,0
0,Graduate,0,187139,4160013,120,587,662291,0
0,Graduate,0,41793,1283545,12,704,91483,0
3,Graduate,1,348788,131287,12,774,443133,1
1,Graduate,1,1103773,2532270,36,889,1816883,0
1,Graduate,1,3410142,574440,60,717,4665131,1
2,Not Graduate,1,1597549,409356,120,525,4236711,0
2,Not Graduate,1,2220287,304947,60,577,3381568,0
0,Graduate,1,410362,641241,240,694,286319,1
1,Graduate,1,1342691,1212219,60,870,1452449,1
2,Graduate,1,292034,329491,120,798,872875,1
1,Not Graduate,1,605139,613897,36,562,1382033,0
0,Graduate,1,2937347,15880690,36,581,3914863,0
2,Graduate,1,448527,869522,240,502,1381570,0
1,Graduate,1,1774598,1419631,120,767,941699,1
0,Not Graduate,1,1643793,207260,36,655,1793719,1
1,Not Graduate,1,1723371,139051,240,653,2558443,1
0,Graduate,1,264712,2337360,60,792,94015,0
0,Not Graduate,1,1110322,1756912,120,623,2174348,0
2,Graduate,1,643528,2999206,36,627,1500979,0
0,Graduate,0,139766,499021,120,725,194177,0
1,Not Graduate,0,68489,1894212,36,695,377666,0
1,Not Graduate,1,978944,50000,360,786,1868803,1
0,Graduate,1,874231,928402,36,619,2121554,0
3,Graduate,1,148435,1518185,120,733,494442,0
0,Not Graduate,0,79301,271497,36,670,460121,1
0,Not Graduate,1,168700,1553209,60,693,865311,0
0,Not Graduate,1,407956,451445,240,693,1045179,1
0,Graduate,1,1131860,498969,360,665,1534049,1
0,Not Graduate,1,852810,417233,12,780,1674575,1
2,Not Graduate,1,835278,2626907,120,722,1369089,1
3,Graduate,1,317489,343051,120,600,452405,0
0,Not Graduate,1,1787556,303560,240,727,3510696,1
1,Graduate,1,718516,229296,60,675,861499,1
2,Graduate,0,37400,373780,12,669,150255,0
2,Graduate,0,6616,656713,60,765,366230,0
1,Graduate,1,330024,1023346,120,685,179648,1
0,Graduate,1,875751,254411,12,720,682220,1
0,Not Graduate,1,1023532,784580,36,763,910332,1
2,Graduate,0,64668,996466,360,707,229340,0
2,Graduate,1,1229230,212612,120,509,2197188,0
0,Not Graduate,1,1068427,575581,60,795,2180328,1
0,Graduate,1,672702,496407,240,545,789945,0
3,Graduate,1,656238,581781,36,613,1711505,0
2,Graduate,1,1108854,318064,12,676,2159145,1
4,Graduate,1,1370624,471889,120,705,669319,1
2,Graduate,1,767059,557418,240,569,946218,0
0,Not Graduate,1,1787183,3485241,240,727,3166008,1
1,Graduate,1,1235295,565089,60,788,3231016,1
1,Not Graduate,1,174421,2060407,360,689,344484,0
0,Graduate,0,147950,2222428,240,679,239682,0
1,Graduate,0,141062,144499,60,809,567927,1
2,Graduate,1,598739,403854,12,667,1286240,1
0,Graduate,0,17590,2227016,120,500,460727,0
2,Graduate,1,1814703,647651,12,731,1236138,1
1,Graduate,1,725684,480996,360,663,1507744,1
3,Graduate,1,751490,1143986,60,650,1782072,1
0,Graduate,1,364039,1571474,12,847,1186981,0
0,Graduate,1,980674,524724,120,625,1500108,0
1,Graduate,1,1166140,409112,120,654,2058786,1
0,Graduate,1,459408,50839,240,627,1236078,0
2,Not Graduate,1,348844,566398,360,765,987218,1
2,Graduate,1,5000000,369107,60,790,4774057,1
0,Graduate,0,167502,197495,12,765,210077,0
1,Graduate,1,422120,440059,240,724,1161611,0
1,Graduate,1,1283715,355965,240,739,593966,1
0,Not Graduate,1,700370,639962,12,753,1337028,1
3,Graduate,1,306014,408806,60,803,700190,1
2,Graduate,1,1073508,844920,60,894,1163015,1
1,Not Graduate,1,368613,643003,360,747,506819,1
2,Graduate,1,2574501,1931001,120,655,5553916,1
1,Graduate,1,1083387,316697,60,529,1604586,0
3,Graduate,1,584490,3203802,240,792,605865,0
1,Graduate,1,796098,1571028,120,814,293017,1
2,Not Graduate,1,1502484,2389857,36,662,2326518,0
2,Not Graduate,1,846418,695765,120,719,569167,1
0,Graduate,1,3983564,407861,240,774,3847112,1
2,Not Graduate,1,1809740,315543,360,577,2958172,0
0,Graduate,1,1077426,3117025,12,535,573411,0
0,Graduate,0,109782,1617935,12,670,531731,0
0,Not Graduate,1,648546,197182,360,643,1762545,0
3,Graduate,1,1069925,1436349,360,837,1630678,1
2,Graduate,1,377645,236721,12,715,423735,1
2,Graduate,1,2052853,747351,240,785,1919509,1
2,Graduate,1,334594,1234198,360,531,729684,0
1,Graduate,1,438107,2322085,120,691,368607,0
3,Graduate,1,465171,685253,12,670,1234908,1
1,Graduate,1,1322533,472599,60,726,2881607,1
0,Graduate,1,383099,564746,36,776,467027,0
0,Not Graduate,1,172822,1570408,12,678,483841,0
2,Not Graduate,1,1741802,1188712,360,797,1374784,1
2,Graduate,1,511187,531610,12,705,1614917,1
0,Not Graduate,1,310268,83838,36,651,709188,1
0,Graduate,0,170022,50000,60,686,627415,1
2,Graduate,1,2880314,676938,36,518,3965748,0
0,Graduate,1,431216,165835,12,805,1082185,1
2,Graduate,1,660865,318429,12,701,1470661,1
3,Graduate,1,510152,430652,120,754,1307708,1
1,Graduate,1,272085,4310159,360,812,981791,0
0,Graduate,1,402650,610706,240,557,565362,0
2,Graduate,0,162523,1110117,120,491,655994,1
2,Not Graduate,1,1567049,894971,120,836,2613135,1
1,Graduate,1,790723,50000,120,630,1467091,0
3,Not Graduate,1,5000000,362401,120,710,5299270,1
0,Not Graduate,1,413689,159527,120,668,933101,1
1,Graduate,1,366924,3039498,60,716,738105,0
2,Graduate,1,2488044,87613,360,798,4699419,1
2,Graduate,1,1700412,354752,240,614,520211,0
0,Not Graduate,1,992331,416346,240,855,2157056,1
2,Graduate,1,299253,201624,360,683,684744,1
1,Graduate,1,2946112,598046,240,850,701913,1
0,Graduate,1,688532,517995,60,513,976239,0
0,Graduate,1,516825,636058,60,640,453444,0
2,Not Graduate,1,1820037,893133,360,605,2349316,0
0,Graduate,1,716521,684756,60,600,1652451,0
0,Not Graduate,0,182270,790543,12,817,693429,0
0,Graduate,1,753317,1643291,240,626,856801,0
2,Graduate,1,390397,103811,36,795,347109,1
1,Not Graduate,1,65678,1088124,120,772,169558,0
2,Graduate,1,360278,189908,12,805,745534,1
0,Not Graduate,1,478213,284247,12,564,598369,0
1,Graduate,1,289376,609921,120,765,529978,1
1,Graduate,1,1155677,815307,12,819,1940617,1
2,Graduate,1,391617,917175,60,795,1055404,0
3,Not Graduate,1,1069541,210003,12,704,1053013,1
0,Not Graduate,0,25537,2761249,240,563,304258,0
1,Graduate,1,1509629,355808,240,714,3281160,1
0,Graduate,0,112642,263179,360,758,336436,1
1,Graduate,0,65485,151458,360,667,435940,1
0,Graduate,1,1962657,137240,36,702,4952499,1
0,Graduate,1,367796,133279,240,792,158797,1
0,Graduate,1,2974371,739965,120,728,1744483,1
1,Not Graduate,1,1145868,988732,120,836,1611031,0
0,Graduate,1,1372590,227702,240,729,1478423,1
2,Not Graduate,1,1683487,172494,60,690,4404317,1
1,Graduate,1,798223,437291,240,789,2038033,1
0,Graduate,1,805520,595577,60,774,1394150,1
2,Not Graduate,1,2033099,702905,360,696,463100,1
0,Graduate,1,797380,206016,120,817,656551,1
1,Not Graduate,1,407362,457166,240,603,403945,0
1,Not Graduate,1,1165437,2590023,360,685,1164499,1
0,Graduate,1,134468,163609,36,900,576813,1
0,Graduate,1,2096221,524852,120,826,2488944,1
0,Graduate,1,2131531,890894,36,791,4966092,1
3,Graduate,1,1902222,205278,120,631,2550275,0
1,Graduate,1,1844682,995812,12,545,3604992,0
1,Graduate,1,681914,141600,360,687,1615607,1
1,Graduate,1,669746,1019188,12,750,1157144,0
0,Graduate,1,272743,564308,12,811,753512,1
1,Graduate,1,2953297,130689,36,615,4108253,0
2,Graduate,1,494837,1074822,60,728,1022800,0
0,Graduate,1,957334,220607,120,685,2011383,1
0,Graduate,1,893799,463559,12,722,1212945,1
0,Graduate,1,249612,1014764,36,749,96803,0
1,Graduate,1,180639,205984,120,685,348894,1
4,Graduate,1,732683,318606,12,657,1617371,1
0,Graduate,1,507369,1666371,12,695,952350,0
1,Not Graduate,0,161981,68199,12,755,415573,1
0,Graduate,0,16211,2232590,36,755,135291,0
3,Graduate,1,873230,124959,60,621,2283438,0
0,Not Graduate,1,1338175,268533,360,605,597879,0
1,Not Graduate,1,1041593,716699,360,793,1848087,1
2,Graduate,1,566330,987705,12,597,678152,0
2,Graduate,1,327275,727951,12,656,590483,0
1,Graduate,1,901463,566518,60,693,526662,1
0,Graduate,1,780050,349393,360,713,668511,1
0,Not Graduate,1,1516817,2574821,60,705,3070214,1
0,Graduate,0,178083,1170517,240,766,400008,0
0,Not Graduate,1,575000,1750837,12,842,629005,0
1,Graduate,1,607070,354563,360,704,1166916,1
0,Not Graduate,1,349765,52669,120,631,803347,0
0,Graduate,1,2321044,1498582,240,733,1452399,1
1,Graduate,1,1815194,771763,120,686,4066504,1
3,Graduate,1,276392,648788,60,671,871488,1
1,Graduate,0,89722,306393,360,771,379503,0
0,Graduate,1,166707,381505,240,609,469027,0
0,Not Graduate,1,1604353,296840,36,664,3190881,1
3,Graduate,1,417867,565331,240,693,550357,1
0,Not Graduate,1,972787,173567,240,779,1771540,1
0,Graduate,1,155809,1158470,60,762,211602,0
1,Graduate,1,279578,4141750,12,793,900419,0
1,Not Graduate,1,1061254,297255,60,651,1623939,1
1,Graduate,1,416346,109887,60,855,618975,1
0,Graduate,1,372513,487958,60,682,771952,1
0,Graduate,1,2228165,740605,120,760,347970,1
3,Graduate,1,4277021,850222,360,726,7967598,1
0,Not Graduate,0,5483,2683172,36,647,495911,0
1,Graduate,1,304521,1221759,120,682,1111342,0
2,Graduate,1,2990094,88293,240,760,7579410,1
1,Not Graduate,1,209159,157004,60,756,491447,1
0,Graduate,1,571721,810700,360,739,1642783,1
0,Graduate,1,762091,343123,12,808,541199,1
1,Not Graduate,1,3399810,2458660,60,818,772364,1
2,Graduate,1,1513790,211687,120,694,934922,1
3,Not Graduate,1,503326,1412271,360,642,625293,0
0,Graduate,1,342502,282281,36,612,611066,0
0,Not Graduate,1,1626196,702354,120,749,2296343,1
3,Not Graduate,1,476066,236114,60,829,549094,1
2,Graduate,1,867518,944923,360,729,617990,1
2,Graduate,1,243818,1579645,36,695,650923,0
0,Graduate,0,180712,695923,12,797,575706,0
1,Graduate,1,1078364,3645968,120,638,2322266,0
2,Graduate,1,270142,262909,360,701,499810,1
1,Graduate,1,1664938,595983,120,620,1048645,0
1,Graduate,1,1136878,1259026,360,766,2405262,1
0,Not Graduate,1,1318518,209027,240,614,1962986,0
1,Graduate,1,538777,575093,360,794,1543747,1
0,Graduate,1,841688,1049726,36,675,606529,0
1,Graduate,1,767353,1368464,120,876,912673,1
3,Graduate,1,647881,1692713,240,520,401335,0
0,Graduate,1,836015,226598,12,732,1479883,1
2,Graduate,0,179679,720901,360,743,648237,0
0,Not Graduate,1,1723660,145087,120,671,2111195,1
1,Not Graduate,1,283370,261875,120,886,365482,1
3,Graduate,1,1604497,454015,60,843,3459170,1
0,Graduate,1,1891564,1696414,120,764,2822507,1
0,Graduate,1,646325,916131,12,669,1331263,1
1,Graduate,1,1095539,562468,360,672,2487070,1
0,Graduate,1,1082952,846323,240,631,2431675,0
2,Graduate,1,369544,910003,360,752,1128265,1
3,Graduate,1,537366,781541,36,563,1054254,0
1,Not Graduate,1,1329945,304042,12,718,2291926,1
0,Graduate,1,490579,207587,36,721,1145774,1
1,Graduate,1,1591837,432228,12,617,531234,0
2,Graduate,1,2071902,244296,360,751,969570,1
0,Not Graduate,1,1821074,1005784,360,676,1513206,1
1,Not Graduate,1,3554922,2492897,240,712,1974425,1
1,Graduate,1,678346,949452,60,702,790367,1
1,Graduate,1,840507,88420,240,665,1680129,1
0,Graduate,1,942725,286859,360,685,985366,1
2,Graduate,0,155716,550261,36,756,806359,1
0,Graduate,0,80682,128695,36,804,432383,1
0,Graduate,0,105001,557488,360,778,115542,0
2,Graduate,1,859343,863992,120,796,1431433,1
2,Graduate,1,242328,2210785,360,583,506678,0
0,Graduate,1,337696,3330746,60,639,1006074,0
0,Not Graduate,1,1311014,164140,240,623,2945837,0
0,Graduate,1,622007,480898,360,613,1023184,0
0,Graduate,1,1274534,487006,240,674,1227185,0
0,Graduate,1,611321,264869,36,606,1500821,0
0,Graduate,1,1767585,596389,60,681,3768262,1
1,Graduate,1,602435,498784,240,655,596427,1
2,Graduate,1,152674,998293,60,820,731434,0
1,Graduate,1,873544,2098249,60,696,1780041,0
1,Graduate,1,128657,616839,240,855,392314,0
0,Graduate,1,228164,331025,360,840,321403,1
3,Graduate,1,359922,193780,60,692,348889,1
2,Graduate,0,76112,4165974,360,701,485699,0
2,Graduate,1,471634,1338253,12,775,1240515,0
2,Graduate,1,316901,805896,36,585,968826,0
3,Graduate,1,236863,457722,60,779,525764,0
1,Graduate,1,2504171,2708427,60,839,971576,1
0,Graduate,0,166484,460641,12,640,494606,0
1,Not Graduate,1,122441,97526,120,719,328058,1
2,Not Graduate,1,546486,704347,60,661,1410927,1
2,Graduate,1,296622,158291,240,795,750530,1
1,Not Graduate,1,359340,706982,360,853,952868,1
0,Graduate,0,26679,2072226,360,597,287397,0
0,Not Graduate,1,509647,101467,120,717,744151,1
3,Graduate,1,290083,219776,360,740,643627,1
1,Graduate,1,1042365,1283020,360,769,549557,1
1,Graduate,0,76954,327921,360,654,545335,1
0,Graduate,0,152737,818447,120,665,305333,0
0,Graduate,1,102452,820208,12,839,583914,0
2,Not Graduate,1,298943,1315292,240,577,497034,0
1,Graduate,1,757636,283058,360,720,1850218,1
2,Graduate,0,110580,50000,120,665,101403,1
1,Not Graduate,1,561394,803606,60,680,1721164,1
1,Graduate,1,332300,112532,12,857,806351,1
0,Graduate,1,236933,1376667,12,712,144616,0
2,Graduate,1,3635384,518002,12,835,6675344,1
1,Graduate,1,745409,401904,360,829,1592152,1
1,Graduate,1,1219190,1077932,36,804,2334125,1
1,Graduate,0,144769,94670,120,587,284087,0
3,Graduate,1,756970,442321,360,709,1760254,1
0,Graduate,1,694062,845661,240,809,1443259,1
2,Not Graduate,1,297640,695818,240,814,658896,1
0,Graduate,1,217164,331429,36,722,597921,1
1,Graduate,0,68760,334792,360,731,443457,1
0,Graduate,1,847693,2528766,60,628,1740356,0
0,Graduate,1,1545139,1346032,120,494,3882097,0
1,Graduate,1,1313608,278125,12,643,2396961,0
0,Graduate,1,382005,2081211,36,858,823946,0
1,Graduate,0,32977,1149779,36,606,332218,0
3,Graduate,1,1345157,880627,120,734,2282067,1
0,Graduate,0,127728,914918,240,774,550973,0
2,Graduate,1,4410335,171764,360,655,6899530,1
1,Graduate,1,3742135,2434529,120,674,7132807,1
1,Graduate,1,1266706,1399335,240,679,2180234,1
0,Graduate,1,1146423,690466,120,707,2573111,1
0,Graduate,1,1732929,689420,240,756,3812822,1
0,Not Graduate,1,457182,493128,360,758,536352,1
0,Graduate,1,462377,305984,36,623,579596,0
0,Graduate,1,1250103,922228,240,826,924390,1
1,Not Graduate,1,367625,243919,120,703,448016,1
2,Graduate,1,1171992,628253,60,510,1939854,0
2,Graduate,1,826922,595624,120,610,1926951,0
1,Graduate,1,367709,794272,36,680,343394,0
0,Graduate,1,744667,1385054,240,649,1300984,0
0,Graduate,1,2072083,808824,240,613,4592683,0
0,Graduate,1,779101,1081183,240,699,1033156,1
0,Graduate,1,781709,77657,36,822,1633894,1
1,Graduate,1,949022,856331,360,759,2292091,1
1,Not Graduate,1,1053207,582483,120,630,2055562,0
0,Graduate,1,559795,783655,240,860,269732,1
0,Not Graduate,1,965314,318354,60,781,793900,1
2,Not Graduate,1,315131,1708156,360,621,119961,0
2,Not Graduate,1,384901,694141,60,628,408849,0
0,Not Graduate,1,426377,256577,12,700,194567,0
3,Graduate,1,1062154,306105,60,750,1750993,1
3,Graduate,1,829174,1332774,12,802,422758,0
0,Graduate,1,655079,496188,240,583,1129630,0
0,Graduate,1,1267574,537822,36,707,1832286,0
1,Not Graduate,1,987655,443426,36,729,1712056,1
3,Not Graduate,1,578398,1485304,36,733,590794,0
2,Graduate,1,318639,875307,240,666,928431,1
0,Graduate,1,378599,164862,240,735,935897,1
0,Graduate,1,225607,203664,120,767,662033,1
1,Graduate,1,816233,542838,360,569,788276,0
1,Graduate,1,365963,284064,60,708,760188,1
0,Graduate,0,193557,62284,240,529,385029,0
2,Not Graduate,1,658636,256523,60,584,1745185,0
1,Graduate,1,1681498,409002,36,589,3233363,0
2,Not Graduate,1,1533452,362216,60,623,3074225,0
2,Graduate,1,698180,1110990,120,746,992840,1
2,Not Graduate,0,28374,57841,36,666,259530,1
1,Graduate,1,145818,249604,60,784,579186,1
1,Not Graduate,1,3274829,1197399,120,721,2548222,0
0,Graduate,1,1269330,277156,360,727,1862212,1
1,Graduate,1,791941,160911,60,796,508757,1
0,Graduate,1,357507,273566,120,610,1081264,0
1,Not Graduate,1,513777,844252,60,725,324423,1
0,Graduate,1,1187642,419406,36,716,2083381,1
0,Graduate,1,1209434,261722,36,698,462070,1
0,Graduate,1,1245085,874825,12,817,3053033,1
0,Graduate,1,407258,786122,120,750,316147,1
2,Not Graduate,1,346667,152741,60,658,1222295,1
2,Graduate,1,852700,594089,360,643,1036943,0
1,Graduate,1,1350361,147342,60,698,2263918,1
0,Not Graduate,1,731277,1741210,60,800,1447514,0
0,Not Graduate,1,2386139,1850927,240,762,5152794,1
0,Not Graduate,1,749011,405277,120,735,817225,1
0,Graduate,1,729002,1567451,60,648,1104398,0
2,Graduate,0,4986,253669,12,674,487905,1
0,Graduate,1,1934547,469825,36,518,3702123,0
0,Graduate,1,247854,301103,240,779,566209,1
0,Graduate,1,298221,527188,240,754,642354,1
0,Graduate,1,567724,577373,36,900,1188885,1
1,Graduate,1,5000000,538927,360,731,2144886,1
1,Graduate,1,591741,493765,360,805,609144,1
0,Not Graduate,1,661704,613715,240,747,341982,1
0,Graduate,1,1196225,1896253,12,710,683808,0
0,Graduate,1,1593658,72339,12,748,639529,1
0,Not Graduate,1,835535,3689204,36,751,1849003,0
0,Graduate,1,1851446,380492,120,710,4794536,1
3,Graduate,1,280638,499865,360,757,706811,1
1,Not Graduate,1,395192,2041716,240,835,841116,1
1,Not Graduate,1,1848693,991217,60,722,3893990,1
1,Graduate,1,735830,922662,360,806,1407795,0
1,Graduate,1,265677,1877836,60,813,177141,0
1,Graduate,1,253208,458283,12,743,983136,1
1,Graduate,0,81826,1354598,120,789,377161,0
2,Graduate,1,730657,153202,120,548,1788379,0
0,Graduate,0,120166,820381,360,674,221657,1
1,Graduate,1,560593,947722,240,705,1141822,1
1,Graduate,1,992516,1699848,360,722,2583153,1
2,Graduate,0,40884,1096717,240,777,258128,0
1,Graduate,1,1941819,662969,36,653,4916497,1
1,Graduate,0,51973,393324,12,595,244830,1
0,Graduate,1,532804,388970,36,709,539732,1
1,Graduate,0,122775,392275,36,610,227452,0
0,Graduate,1,1003223,147579,120,662,775120,1
0,Graduate,1,815010,3089222,240,600,1529470,0
0,Graduate,0,26124,1466919,60,833,134596,0
1,Graduate,1,1069879,696971,36,724,2410269,1
0,Graduate,1,500397,1220702,12,667,1052140,0
0,Graduate,1,2091174,1147449,36,638,3032666,0
2,Graduate,1,857119,200190,60,667,707614,1
0,Graduate,0,93987,1021467,60,838,533243,0
1,Graduate,1,5000000,1923671,12,583,9915871,0
1,Graduate,1,664658,274335,360,686,1180162,1
0,Graduate,1,894441,116576,60,726,1693670,1
2,Graduate,1,839324,169051,60,623,688023,0
0,Not Graduate,1,657423,490733,360,630,1034897,0
1,Graduate,1,1044377,159571,60,621,1793941,0
1,Graduate,1,371015,454973,36,717,1121309,1
1,Not Graduate,1,1175535,280768,12,757,313927,1
1,Not Graduate,0,9805,539933,36,792,427119,0
0,Graduate,1,258214,324596,360,678,217173,1
0,Graduate,1,3142658,521268,12,751,7495457,1
2,Graduate,1,267013,987089,60,797,521491,0
1,Graduate,1,152060,207303,60,740,214782,0
2,Graduate,1,272356,715930,240,716,379630,0
2,Graduate,1,2934494,230440,60,656,4235333,1
2,Graduate,1,173947,537265,12,642,703434,0
1,Graduate,1,339540,497894,120,829,833455,1
0,Graduate,1,227168,771104,12,687,383895,0
2,Not Graduate,1,585778,649934,60,702,1714208,1
1,Not Graduate,1,514619,1865204,60,900,446555,0
0,Graduate,1,496527,526463,120,686,1335426,1
2,Graduate,0,144732,288513,60,679,448442,1
2,Graduate,1,279495,1369184,240,727,449305,0
1,Graduate,0,87394,752370,120,578,304471,0
0,Not Graduate,1,956351,1308180,36,664,960843,0
0,Not Graduate,1,332978,479275,360,653,607370,1
2,Graduate,1,1076549,145991,240,645,2014203,0
3,Graduate,0,13574,5095721,12,824,231041,0
0,Graduate,1,984065,295775,360,641,742416,0
0,Graduate,0,64270,169240,360,650,413797,1
2,Graduate,1,141432,1106805,240,701,687412,0
0,Graduate,1,2073770,209997,240,643,5478699,0
1,Graduate,1,3822314,364979,60,683,8260090,1
3,Graduate,0,19176,612052,36,676,13982,0
0,Graduate,1,355627,468213,120,683,322768,1
1,Not Graduate,1,2433424,375715,360,593,374407,0
0,Graduate,1,3309495,2648991,240,768,7100335,1
0,Graduate,1,637279,483369,360,739,563715,1
2,Graduate,1,612347,219822,60,681,1651726,1
1,Graduate,1,684244,1435398,240,727,1184987,1
4,Graduate,1,191063,262357,36,670,78350,0
1,Graduate,1,577867,484529,120,701,1301783,1
0,Not Graduate,0,56985,218681,60,549,282004,0
0,Graduate,1,637333,667592,240,750,1279897,1
0,Graduate,1,317417,562294,36,619,881437,0
0,Graduate,0,184805,524914,12,694,51146,0
0,Not Graduate,1,427727,627825,12,736,995249,1
0,Not Graduate,1,691652,1224204,36,862,909819,0
1,Graduate,1,264321,1091533,360,784,277344,1
2,Graduate,1,318284,191107,120,533,774418,0
1,Graduate,1,1316026,275225,240,653,3384802,1
2,Graduate,1,800261,1361874,240,687,2265962,1
0,Graduate,1,392053,247006,36,679,940094,1
0,Graduate,1,802613,883721,240,564,1944175,0
1,Graduate,0,127858,1251036,120,779,225504,0
1,Graduate,1,389645,104654,36,740,1007849,1
0,Graduate,1,1850983,359928,360,654,2965970,1
2,Not Graduate,1,1364504,1220820,12,660,3573392,1
2,Graduate,1,717107,466505,12,713,148981,0
1,Graduate,1,818697,360708,60,782,1249903,1
0,Graduate,1,724532,1240611,360,744,903165,1
2,Graduate,1,1076911,1629698,360,654,1783391,1
1,Graduate,1,384769,274193,12,688,1030896,1
2,Graduate,1,1454254,3163314,240,755,3662120,1
2,Graduate,1,967869,90742,120,734,958132,1
2,Graduate,1,590990,119717,120,612,1547775,0
1,Graduate,1,493746,343046,60,634,1126963,0
0,Graduate,1,1429599,386725,360,794,1890742,1
1,Not Graduate,1,646682,404835,240,789,1189133,1
1,Graduate,1,417018,316631,360,754,918441,1
2,Graduate,1,536243,261552,36,770,1462195,1
0,Graduate,1,1349660,433517,60,587,874328,0
0,Not Graduate,1,201099,299585,240,552,386117,0
2,Graduate,0,108563,1068672,36,656,134793,0
2,Graduate,0,176921,557163,12,779,81664,0
3,Not Graduate,1,637574,433149,12,691,458314,0
2,Graduate,1,907322,502766,36,683,1689949,1
1,Graduate,1,1740033,1646498,60,900,3494884,1
1,Graduate,1,1489369,333231,36,727,2370049,1
2,Not Graduate,1,512959,151237,360,693,677956,1
1,Graduate,1,657161,203340,240,673,1417761,1
1,Graduate,0,28207,428042,360,760,199961,0
0,Graduate,1,1546609,874583,360,744,1055014,1
1,Graduate,1,679804,1302514,36,714,1700517,1
2,Graduate,1,698830,2809840,240,617,2067445,0
0,Graduate,1,903604,1131613,240,749,2208357,1
0,Graduate,1,2177135,223474,12,647,4365860,0
0,Graduate,1,1713507,440988,240,634,723408,0
0,Graduate,1,1270231,62089,120,699,1464993,1
0,Not Graduate,1,307756,395718,360,747,794444,1
1,Graduate,1,585448,295047,12,746,657482,1
3,Not Graduate,1,610583,53475,360,900,371074,1
1,Graduate,1,2268859,4446089,12,747,1522620,0
0,Graduate,1,602539,370280,36,675,1734966,1
0,Graduate,0,99180,65695,240,653,450942,1
1,Graduate,1,462055,410799,360,686,756183,1
0,Not Graduate,1,492521,2815837,36,678,1294213,0
2,Not Graduate,1,1072135,3638561,240,846,1380832,1
1,Graduate,0,197863,572845,12,630,661906,0
2,Graduate,1,615738,595036,120,675,636210,1
0,Graduate,1,93881,1840583,360,853,145178,0
1,Graduate,1,208700,464858,12,786,569736,0
0,Graduate,0,199785,856221,60,658,384237,0
3,Graduate,1,224170,1251170,36,866,447270,0
1,Graduate,1,364962,184252,120,548,1200129,0
0,Graduate,1,736653,2512445,36,691,1369378,0
0,Not Graduate,1,102796,224203,240,699,483620,1
0,Not Graduate,1,538325,286704,36,753,1429352,1
1,Graduate,1,287262,597089,12,641,559587,0
0,Not Graduate,1,219840,1382772,12,655,301432,1
1,Graduate,0,113165,1063849,36,677,102228,0
0,Graduate,1,310094,514319,240,680,683832,1
1,Graduate,1,1061914,717960,240,897,2658994,1
2,Graduate,1,1899728,1580559,120,841,3007929,1
2,Graduate,1,544955,544919,12,610,1119784,0
2,Not Graduate,1,452751,239892,36,699,1318207,1
0,Not Graduate,1,523679,295691,120,542,1288620,0
0,Graduate,1,300574,1341475,60,662,473903,0
1,Not Graduate,1,260148,240088,120,688,123527,1
0,Graduate,1,195547,112662,360,641,382407,0
1,Graduate,1,251798,398638,60,613,970656,0
0,Graduate,0,145305,501145,60,680,700684,1
0,Graduate,0,164786,1277605,120,608,372752,0
0,Graduate,0,72334,125771,12,734,449896,1
2,Graduate,1,456048,764113,120,721,656775,1
0,Graduate,1,204366,1708726,120,551,320936,0
1,Graduate,0,187714,238626,360,740,665387,0
0,Graduate,1,701739,586333,12,617,736037,0
1,Graduate,1,762767,62906,12,712,1446708,1
0,Graduate,1,706034,1293889,360,610,1349598,0
2,Graduate,1,541355,1197320,12,812,1482204,0
2,Graduate,1,227585,529676,12,723,300437,0
0,Not Graduate,1,687128,143303,360,748,1347987,1
3,Graduate,1,1648109,1052715,12,577,3977743,0
4,Graduate,1,3112505,422946,360,698,5765487,1
2,Graduate,1,602960,50000,12,773,703293,1
2,Graduate,1,657573,1176685,120,900,1181214,1
0,Graduate,1,1088533,1729972,360,788,1868204,1
1,Graduate,1,2408689,2062245,36,824,3698765,1
0,Not Graduate,1,494332,150692,36,764,732666,1
0,Graduate,1,1269483,79475,36,614,2605486,0
4,Graduate,1,377658,358475,120,696,1226361,0
0,Graduate,1,949678,906969,12,846,1491603,1
2,Graduate,1,1585615,210493,60,706,3973871,1
2,Graduate,1,259707,110080,12,806,723218,1
2,Graduate,1,479205,1115228,240,666,1261858,1
4,Not Graduate,1,1565673,382618,12,675,1312954,1
0,Graduate,1,1194130,1007103,360,580,2605581,0
0,Not Graduate,1,1670706,548968,360,854,2070842,1
1,Graduate,1,1437982,457665,36,617,1936248,0
0,Graduate,1,555218,506796,12,697,439798,0
0,Graduate,0,73690,377586,12,674,66037,0
0,Graduate,0,69150,341621,360,688,344634,0
2,Not Graduate,1,63286,179641,240,603,226022,0
1,Graduate,1,581940,876199,60,618,240245,0
0,Graduate,0,176027,1881419,60,653,559707,0
1,Not Graduate,0,114382,327590,36,785,440271,1
0,Not Graduate,1,508414,3492399,360,741,614515,1
0,Not Graduate,1,1757101,787467,60,628,1086255,0
2,Not Graduate,1,1139932,699537,36,900,648479,1
1,Graduate,1,327724,1040298,120,657,1062181,0
2,Not Graduate,1,651935,1432752,240,588,1534388,0
0,Graduate,1,392218,342979,12,628,1057451,0
2,Not Graduate,1,845604,941117,240,739,2184081,1
1,Not Graduate,0,56709,1538986,60,638,460296,0
1,Graduate,1,774171,369764,360,788,1044224,1
1,Not Graduate,1,586633,542931,12,544,1240118,0
2,Graduate,1,645784,250883,240,767,1743099,1
1,Graduate,1,3763094,330034,240,635,7259734,0
1,Graduate,0,60973,380906,360,804,166741,0
4,Not Graduate,1,155197,218775,360,614,496418,0
2,Graduate,1,1644029,507398,36,738,2046673,1
1,Graduate,1,1633711,752253,360,794,2134098,1
2,Graduate,1,149768,828979,360,635,360224,0
0,Not Graduate,1,416349,240753,360,667,548463,1
0,Graduate,1,1033693,294689,120,642,701950,0
1,Not Graduate,1,1109436,1265423,240,765,1482079,1
3,Not Graduate,1,726665,293981,360,778,726796,0
3,Graduate,1,739892,1232051,12,500,855729,0
0,Graduate,0,22603,259765,120,720,317657,0
1,Graduate,1,106950,787797,120,694,650758,0
0,Not Graduate,0,78909,1146645,360,706,455752,0
4,Not Graduate,1,336067,50000,12,804,1086085,1
4,Graduate,0,111408,1287827,120,735,271297,0
1,Not Graduate,1,642371,1990847,60,624,1617092,0
2,Graduate,1,1495181,396759,120,705,3071554,1
2,Graduate,1,799640,763553,36,864,1338687,1
1,Not Graduate,1,824681,233486,120,743,1729350,1
0,Graduate,1,88658,777221,240,605,436706,0
1,Not Graduate,1,374493,6331512,360,635,555465,0
1,Graduate,0,121511,60069,120,731,156231,1
1,Not Graduate,1,1231489,327514,36,638,1990636,0
0,Graduate,0,67415,1198707,36,618,131177,0
3,Graduate,1,206401,1908032,360,731,683117,0
0,Not Graduate,1,807148,135615,120,801,963775,1
1,Graduate,1,71294,285446,60,642,463077,0
1,Graduate,1,290994,302453,120,618,784717,0
1,Not Graduate,1,2982071,281251,12,666,4036471,1
1,Graduate,1,2317625,481097,36,710,5365207,1
0,Not Graduate,1,1077117,129483,120,771,1787598,1
0,Graduate,1,932728,418936,60,776,2651719,1
1,Graduate,1,153255,211896,60,659,543106,1
1,Not Graduate,1,403312,504410,60,726,975882,1
0,Graduate,1,576001,266964,240,561,786100,0
2,Graduate,1,410228,456326,240,680,953021,1
1,Graduate,1,551173,191676,240,631,1167789,0
1,Not Graduate,1,2062397,1401005,360,587,3115587,0
2,Graduate,0,94605,390195,12,807,470233,0
0,Graduate,1,555291,547888,12,602,679636,0
0,Graduate,1,1317998,467044,360,796,697066,1
2,Graduate,1,234314,544287,120,883,645539,0
1,Graduate,0,81839,541551,240,620,447101,0
1,Graduate,1,404263,1208799,240,707,766048,1
2,Graduate,1,762588,405928,12,730,1068062,1
2,Graduate,0,43313,263078,60,812,54339,0
3,Graduate,1,567688,563383,60,764,1247538,1
1,Graduate,1,428530,292756,360,714,424293,1
1,Graduate,1,309692,501363,360,708,790448,1
1,Not Graduate,1,1187444,188711,360,637,2202588,0
0,Graduate,1,556686,1543838,36,789,1062720,0
1,Graduate,1,1196863,247574,360,765,2327370,1
0,Graduate,1,299748,1793005,120,795,780911,0
3,Graduate,0,53952,508323,120,691,188743,0
1,Not Graduate,1,611123,1272066,240,740,561734,1
1,Not Graduate,1,658491,250869,12,772,1031004,1
0,Graduate,1,1333736,75595,120,606,3366452,0
0,Graduate,1,516893,103900,60,820,1213099,1
0,Graduate,1,1325623,6602126,12,766,562623,0
1,Graduate,1,984565,297170,240,597,1105181,0
0,Not Graduate,1,669654,1617121,360,603,1582931,0
1,Graduate,1,340769,147597,240,734,232327,1
2,Graduate,0,7798,646193,120,900,197014,0
2,Graduate,1,347642,765593,120,702,1091084,1
1,Graduate,0,191084,9215634,360,783,394359,0
0,Graduate,1,698609,393226,36,689,1719013,1
2,Not Graduate,1,618049,265330,360,716,353411,1
2,Graduate,1,534209,767530,360,793,578318,1
0,Graduate,1,377882,214322,120,810,453094,1
2,Graduate,1,200075,813887,120,647,496781,0
0,Graduate,1,2242369,512221,60,695,5061380,1
2,Graduate,0,39706,254277,60,637,508220,0
4,Graduate,1,658362,885921,12,739,833934,0
0,Graduate,1,655149,602185,120,726,1090245,1
2,Graduate,1,1752376,1155819,120,628,1861651,0
1,Not Graduate,1,3424805,2820580,240,710,700404,1
3,Graduate,0,33493,327209,60,798,373132,0
1,Not Graduate,1,643320,358072,240,730,963391,1
2,Graduate,1,296924,140695,120,628,564305,0
0,Graduate,1,229837,909845,60,737,193214,0
0,Graduate,1,176454,283579,120,667,520358,1
0,Not Graduate,1,385896,763392,36,725,434045,0
3,Graduate,1,136942,1733188,360,570,112321,0
2,Graduate,1,1729017,272556,240,765,1920500,1
2,Graduate,1,1023232,336285,60,788,1260910,1
3,Graduate,1,596412,1490336,60,596,1570885,0
0,Graduate,1,1771801,1096268,120,734,3339179,1
0,Not Graduate,1,309611,986070,120,639,255458,0
0,Graduate,1,378516,365350,12,776,937674,1
0,Graduate,0,86378,128531,12,747,452590,1
0,Graduate,1,1355231,265180,240,809,1610054,1
1,Graduate,0,176536,196913,60,821,396809,1
0,Graduate,0,33209,966606,120,681,151118,0
0,Not Graduate,1,1626695,718213,240,719,2251372,1
0,Graduate,1,2184026,296969,60,863,3337981,1
0,Not Graduate,1,712605,352259,120,535,1664082,0
3,Not Graduate,1,991912,869479,12,604,2618780,0
2,Graduate,1,353953,392648,60,793,1249726,1
3,Graduate,1,2804395,302202,120,629,3708621,0
1,Graduate,1,638629,3908214,240,848,1625307,1
0,Not Graduate,1,777802,311880,240,637,1026582,0
2,Graduate,0,142116,1054565,36,759,821456,0
0,Graduate,1,1903869,800166,60,731,583975,1
0,Graduate,0,152701,117800,240,700,509743,1
0,Graduate,1,1340760,274033,60,742,1232937,1
0,Graduate,1,968173,1225821,240,731,849001,1
0,Graduate,1,611501,473788,60,757,679841,1
0,Not Graduate,0,191281,124873,60,838,448446,1
1,Not Graduate,1,961502,801698,60,769,2277743,1
0,Graduate,1,338140,301852,36,806,399223,1
0,Graduate,0,28596,835589,12,684,397665,0
2,Not Graduate,1,821643,7942786,360,587,727351,0
0,Graduate,1,1507504,792096,60,631,2645516,0
0,Not Graduate,0,187013,996668,12,851,555874,0
2,Graduate,0,122423,419158,360,873,442381,0
0,Graduate,1,744544,176382,12,615,614831,0
0,Graduate,1,1079186,1504430,12,643,1577195,0
1,Graduate,0,188650,294831,240,683,344070,0
0,Not Graduate,0,125625,429689,120,710,269859,0
1,Graduate,1,1232342,3247758,360,821,779178,1
2,Graduate,1,331571,385498,12,792,483716,1
0,Graduate,1,323892,1821786,60,612,984121,0
1,Not Graduate,1,936555,796098,120,609,972475,0
1,Graduate,1,1611062,310801,240,590,2070039,0
0,Not Graduate,1,818095,760253,36,637,1721296,0
1,Graduate,1,206416,263966,12,594,447641,0
0,Graduate,1,315610,1335378,12,776,296840,0
1,Not Graduate,1,1268331,1880585,240,600,1893435,0
0,Graduate,1,551878,567506,60,731,550647,1
1,Graduate,1,801600,2068794,360,595,1028478,0
0,Graduate,0,194160,634170,360,900,366922,0
2,Graduate,0,89747,1348513,360,751,224149,0
0,Graduate,1,523664,10336548,60,785,478898,0
1,Graduate,0,62164,6421201,120,680,458774,0
1,Graduate,1,969292,450200,120,771,2105686,1
2,Graduate,1,1353643,724694,60,676,762967,1
1,Graduate,0,28997,188347,36,856,250332,1
1,Graduate,1,726192,1200976,60,619,822511,0
2,Not Graduate,1,1462215,797483,36,707,640960,1
2,Not Graduate,1,165408,249192,240,690,566500,1
0,Graduate,1,692792,1770634,360,596,833728,0
1,Graduate,1,275783,414318,36,793,880687,1
2,Not Graduate,0,173924,320966,360,630,430869,1
4,Graduate,1,98318,805723,240,571,546867,0
2,Graduate,0,58974,339397,360,767,552615,1
0,Not Graduate,0,157088,523514,360,581,559143,0
0,Graduate,1,382409,3097948,12,764,647645,0
1,Graduate,1,948477,292235,60,799,553046,1
2,Not Graduate,1,316839,1061729,120,617,507660,0
1,Graduate,1,293667,301492,12,770,1077433,1
1,Graduate,1,2441842,204190,120,619,766860,0
2,Graduate,0,151163,498047,36,677,698147,1
0,Graduate,1,454225,7916239,60,708,1268782,0
2,Not Graduate,1,1713217,1180709,60,603,510102,0
1,Graduate,1,969787,857736,60,607,1421187,0
0,Graduate,1,235374,319799,12,808,589789,1
1,Not Graduate,1,347143,367845,240,527,356494,0
2,Graduate,0,92553,122580,36,680,295709,1
0,Graduate,0,24148,3252830,12,731,353121,0
0,Graduate,1,4523513,707088,12,752,2133812,1
3,Graduate,1,461810,648196,240,830,582134,1
0,Graduate,1,2583490,662547,120,775,4019317,1
1,Not Graduate,1,571231,4369457,120,732,518047,0
1,Not Graduate,1,1383217,729052,60,697,529513,1
1,Graduate,1,2226689,445729,12,677,5341407,1
1,Graduate,1,2217659,3266114,240,683,2711227,1
0,Graduate,1,457031,474655,240,689,970397,1
1,Graduate,1,367357,99550,120,745,167381,1
0,Graduate,1,683533,117359,240,670,1490265,1
1,Not Graduate,1,257716,446096,120,778,868928,1
0,Graduate,1,883292,723342,120,728,1981953,1
1,Graduate,1,378269,1229287,360,618,1132369,0
0,Graduate,1,1734392,215711,12,711,944434,1
0,Graduate,0,192403,431378,360,705,456396,0
0,Graduate,1,180989,240469,36,685,537828,1
0,Graduate,1,2237191,1645762,360,743,3991395,1
2,Graduate,0,101488,1948206,60,571,306661,0
0,Graduate,1,746617,3829566,36,677,1216401,0
3,Graduate,1,1750681,767992,240,698,4505080,1
3,Graduate,1,1464846,3489594,360,667,3285398,1
1,Graduate,1,396534,270248,36,732,1058236,1
0,Not Graduate,1,508985,670609,36,677,655159,0
0,Graduate,1,299429,187059,120,677,736185,1
2,Graduate,1,226033,958700,12,702,532237,0
0,Graduate,1,1158775,718372,240,634,1762936,0
0,Graduate,0,1288,50000,60,606,256017,0
1,Graduate,1,1340647,1639016,120,873,1698627,1
2,Graduate,1,2033531,1271045,60,667,694512,1
2,Graduate,1,1355362,310009,12,698,3208494,1
0,Graduate,1,1455365,715844,36,808,967786,1
1,Graduate,1,138362,121328,360,735,82933,1
0,Graduate,1,570581,250140,36,647,775229,0
0,Not Graduate,1,1577988,2867867,12,554,1174661,0
2,Graduate,1,286482,170357,240,581,1007177,0
0,Graduate,1,784920,545548,120,625,2191603,0
0,Graduate,1,1105238,133738,36,668,899034,1
0,Graduate,1,1039533,757626,360,759,1129078,1
2,Graduate,0,8729,948602,12,632,391395,0
2,Not Graduate,1,1177766,1114738,120,630,1895101,0
1,Not Graduate,1,842892,862839,120,803,1108523,1
2,Graduate,1,226309,2250888,12,859,414692,0
0,Graduate,1,1094233,310510,36,749,1948845,1
1,Graduate,1,916023,187535,240,696,1636492,1
0,Graduate,1,228707,300387,36,694,878719,1
0,Graduate,0,56425,140613,36,626,435965,0
1,Not Graduate,1,1118020,584656,36,792,2685139,1
3,Not Graduate,0,102007,469948,360,714,415368,0
0,Graduate,1,379352,871122,36,626,438887,0
0,Graduate,1,464519,107340,360,658,692377,1
0,Graduate,1,464254,533379,360,791,1505068,1
0,Graduate,1,922128,1820243,60,640,1702721,0
3,Graduate,1,334007,957642,12,652,383484,0
1,Graduate,1,1798582,81183,240,900,1776981,1
1,Graduate,1,1683933,534074,360,638,253668,0
2,Graduate,0,153353,259685,240,735,288807,0
0,Graduate,1,755695,547359,60,679,1686000,1
1,Graduate,1,1544109,369293,240,900,1502368,1
1,Graduate,1,584926,3076479,60,813,689360,0
1,Graduate,1,408566,588724,60,734,218284,1
4,Graduate,1,1890000,741743,360,634,4374334,0
2,Graduate,0,151930,517071,240,633,575588,0
0,Graduate,1,421997,868437,240,852,1270993,1
2,Graduate,1,522200,435005,36,590,267713,0
0,Graduate,1,404682,1171174,360,754,1414053,1
0,Graduate,1,3677485,365154,60,753,5308954,1
0,Not Graduate,1,731811,2140293,120,894,357195,1
0,Graduate,1,827543,887751,12,580,951316,0
1,Graduate,1,1298831,463908,36,753,741557,1
1,Graduate,1,275877,1254304,360,757,342539,1
3,Graduate,1,1753698,884723,60,751,1393861,1
1,Not Graduate,1,448526,1235906,360,734,996625,1
1,Graduate,1,3153466,588742,36,836,2771233,1
0,Graduate,1,567997,424561,36,713,1136036,1
0,Graduate,0,112519,618638,360,652,646694,0
1,Graduate,1,98968,327624,360,580,660179,0
1,Not Graduate,0,71913,1438812,12,695,160351,0
2,Graduate,1,576721,2348263,240,667,589744,1
0,Graduate,1,143684,964184,240,788,701557,1
0,Not Graduate,1,1179625,2231439,360,594,713689,0
1,Not Graduate,1,936932,1667547,12,896,961389,0
0,Graduate,1,330161,413225,360,710,703073,1
0,Graduate,1,720163,1246428,36,799,2135299,1
2,Graduate,1,1390510,149796,60,791,2251948,1
0,Graduate,0,45214,650872,240,628,145627,0
1,Not Graduate,1,263341,165652,120,704,637221,1
0,Graduate,1,557896,484243,360,819,1098503,1
0,Graduate,1,743392,128066,360,776,540267,1
0,Not Graduate,1,696004,1614125,60,735,960485,0
2,Graduate,0,66100,364075,36,754,136696,0
0,Graduate,1,1068502,1337513,120,657,2207739,1
2,Not Graduate,0,144648,501059,60,567,471521,0
0,Not Graduate,0,142538,85459,12,831,262845,1
2,Not Graduate,1,819016,332980,120,656,575990,1
0,Graduate,1,570510,317835,360,613,1502287,0
1,Not Graduate,1,2349369,532438,36,855,5872937,1
1,Graduate,1,838622,2441285,360,731,1900886,1
3,Graduate,1,427092,2880909,120,538,442519,0
0,Not Graduate,1,1442662,428809,12,607,1026341,0
0,Graduate,1,1144682,153233,240,722,2975638,1
0,Not Graduate,1,378026,256758,240,660,525501,1
2,Graduate,1,551947,872928,360,744,1377017,1
1,Graduate,1,559524,484928,240,685,1493541,1
2,Not Graduate,1,1947328,111823,12,674,4552778,1
0,Graduate,0,15722,326572,360,744,332623,0
0,Graduate,1,1304624,2005840,60,596,2235635,0
0,Graduate,1,491581,723789,12,590,1653431,0
3,Not Graduate,1,953448,566533,120,773,953908,1
1,Graduate,1,2069233,366299,60,720,3569298,1
3,Graduate,0,90463,341137,240,819,209504,0
0,Graduate,1,799805,930949,360,611,792619,0
1,Not Graduate,0,164041,622849,12,717,497464,0
1,Graduate,1,395360,1168248,36,625,475005,0
0,Graduate,0,154854,933454,240,708,511177,0
2,Graduate,1,312177,551126,36,825,257203,0
3,Graduate,0,149595,793500,360,770,368977,0
2,Graduate,0,107430,298781,60,658,709873,1
2,Graduate,1,1368791,514953,240,716,1027040,1
0,Graduate,0,187145,2065639,360,691,835426,0
0,Not Graduate,1,747643,546183,12,638,1257371,0
3,Not Graduate,1,2395088,434873,36,655,4794903,1
0,Graduate,1,119553,666959,12,642,402492,0
2,Graduate,0,173014,168455,240,793,813972,1
2,Not Graduate,1,307335,673907,12,689,371144,0
1,Graduate,1,151882,2946250,240,688,537342,0
4,Graduate,1,280467,240719,120,670,1005098,1
0,Graduate,0,10695,705777,12,876,152525,0
0,Graduate,1,408285,527817,120,588,1041367,0
0,Not Graduate,1,1494482,514480,36,658,3162674,1
1,Graduate,1,614720,505282,360,704,1259257,1
0,Graduate,1,562535,1103843,12,698,313698,0
0,Graduate,1,564544,180210,12,773,921145,1
2,Graduate,1,674147,1075906,36,900,1365455,1
3,Graduate,1,521892,579044,12,559,986889,0
0,Graduate,0,65455,92714,240,612,548912,0
0,Not Graduate,1,1609361,790039,120,710,1300765,1
3,Not Graduate,1,442733,605566,60,745,487166,0
0,Not Graduate,1,536691,225990,240,612,538603,0
0,Not Graduate,1,1028409,634486,60,733,2455764,1
0,Graduate,1,941277,144890,36,648,1483461,0
1,Graduate,1,356913,272473,36,749,281957,1
0,Graduate,0,125718,560719,12,710,57037,0
3,Graduate,1,1121453,100145,240,739,736282,1
1,Not Graduate,1,841027,170862,360,755,567698,1
1,Not Graduate,1,516559,198415,60,765,337946,1
0,Graduate,1,526820,584886,120,583,1511120,0
1,Graduate,1,620674,840152,360,727,610851,1
1,Not Graduate,0,3921,221282,240,794,140855,0
2,Not Graduate,1,706858,209204,360,744,1343309,1
2,Graduate,1,1489098,620395,36,645,1503498,1
1,Not Graduate,1,1470476,603891,240,708,3076546,1
3,Graduate,1,537841,268273,120,700,863557,1
2,Graduate,1,1708739,3364265,240,702,3072404,1
2,Graduate,1,3350846,649781,12,687,3702027,1
0,Graduate,1,566387,455811,360,693,615158,1
0,Graduate,1,1268330,367290,120,758,2659019,1
0,Graduate,1,119342,1481894,60,573,380911,0
1,Not Graduate,1,266594,931959,36,668,546025,0
1,Graduate,0,21976,95068,240,642,241420,0
1,Graduate,0,182859,269463,120,776,524235,1
2,Graduate,1,3727922,345660,12,683,6411138,1
2,Graduate,1,1176793,533945,12,671,837805,1
3,Graduate,1,1579573,1011692,60,681,3139106,1
0,Graduate,0,4127,185321,36,664,350467,1
1,Graduate,1,326907,499115,12,818,1164995,1
0,Graduate,1,481639,2955760,36,699,958306,0
0,Graduate,1,894038,556298,120,781,2513391,0
0,Graduate,1,437865,269872,240,683,916536,1
0,Not Graduate,1,1247876,142313,60,829,3060525,1
1,Graduate,1,1288683,332068,12,807,814371,1
2,Graduate,1,732328,183735,240,705,1112903,1
0,Graduate,1,169310,364178,12,764,566903,1
2,Graduate,1,2875761,929296,60,728,1187193,1
1,Graduate,0,39826,560709,12,708,457098,0
0,Not Graduate,1,5000000,334363,60,684,3839565,1
1,Not Graduate,1,1229389,90157,240,714,966385,1
0,Graduate,1,616637,1241703,120,710,321827,1
1,Graduate,0,187024,379844,60,648,522229,0
1,Graduate,1,145011,601984,120,742,552528,0
0,Not Graduate,0,77807,217132,36,609,136907,0
0,Graduate,1,5000000,358987,240,726,5887304,1
1,Graduate,1,137120,302575,60,639,684198,0
3,Not Graduate,1,579588,142355,240,826,382131,1
0,Not Graduate,1,670466,217953,360,772,1501719,0
2,Not Graduate,1,1469132,532475,120,735,2723755,1
1,Not Graduate,1,3932478,728375,120,761,6781515,1
3,Not Graduate,1,990837,272683,240,761,2681006,1
2,Graduate,1,4046785,162316,240,766,1150160,1
1,Graduate,1,835968,378345,360,574,1206727,0
1,Not Graduate,1,1046685,1178354,120,662,1982510,1
2,Graduate,1,948453,211260,360,656,1711079,1
0,Not Graduate,1,1936203,547371,360,648,1793638,0
0,Graduate,1,520290,279165,240,847,407444,1
0,Graduate,1,1403710,1670294,360,707,2519639,1
2,Graduate,1,272491,325590,120,795,910296,1
2,Graduate,1,580936,1047593,36,698,1444339,1
0,Graduate,0,44075,1491165,120,650,106800,0
1,Graduate,1,782593,2524315,360,714,1401761,1
1,Graduate,1,566445,139621,12,676,1198825,1
0,Graduate,1,1804342,133504,120,818,3533564,1
4,Graduate,1,361156,1732748,36,572,638180,0
0,Graduate,1,182580,1471045,120,780,562289,1
0,Graduate,1,246267,291580,240,716,551851,1
1,Graduate,1,1615789,50000,360,697,2174272,1
2,Not Graduate,1,335827,585889,36,699,831353,1
0,Not Graduate,1,1002768,118480,60,743,634565,1
1,Not Graduate,1,576176,236168,120,699,1174419,1
1,Not Graduate,1,1410415,647706,240,791,2692343,1
0,Graduate,1,606455,740916,60,557,958851,0
0,Not Graduate,1,5000000,2626899,60,664,7457352,1
1,Not Graduate,1,3330035,372228,60,637,6441125,0
0,Not Graduate,1,566839,203556,12,585,725893,0
3,Graduate,1,508028,1352265,360,730,1082311,1
2,Not Graduate,1,5000000,787855,240,830,5069028,1
4,Graduate,1,307711,375820,12,744,929603,1
0,Not Graduate,1,698004,557802,240,680,861850,1
3,Graduate,1,742634,370262,240,778,1810600,1
1,Graduate,1,728053,1079529,360,754,1770407,1
0,Graduate,1,181503,2922469,36,631,402290,0
0,Graduate,1,1085207,261583,60,658,2627106,1
0,Graduate,1,335614,823148,120,865,616962,1
1,Not Graduate,1,2300854,117036,36,821,4997527,1
1,Graduate,1,227573,184875,120,744,142193,1
0,Graduate,1,764955,948424,360,784,1936344,1
1,Graduate,1,123884,503631,60,810,396634,0
0,Graduate,1,130156,178230,240,816,503313,1
1,Graduate,0,2134,545120,360,786,323385,0
0,Graduate,1,417246,1301350,36,645,1118011,0
2,Graduate,1,2356248,127143,12,726,3320120,1
2,Graduate,1,706110,3098834,240,789,741595,1
1,Graduate,1,2051179,958407,360,726,2015239,1
0,Graduate,1,538299,977705,12,701,1360703,1
0,Graduate,1,1184543,539638,240,671,1344666,1
2,Not Graduate,0,163477,3100668,240,587,382402,0
0,Graduate,1,386629,1414551,60,656,1105020,0
0,Graduate,1,169960,374154,36,606,519566,0
0,Graduate,1,954175,1152437,360,733,1226641,1
1,Graduate,1,899565,259590,360,663,1381703,1
1,Graduate,1,1358443,408297,360,708,1936634,1
2,Graduate,1,866255,2342276,120,730,556910,1
0,Graduate,0,9669,796182,60,736,168085,0
0,Graduate,1,839718,1047088,120,668,1126368,1
2,Graduate,1,1612766,1740399,240,678,3787628,1
2,Graduate,1,562818,934926,12,715,1266221,1
0,Not Graduate,1,352647,240102,120,715,400682,1
1,Graduate,1,1295174,2845590,12,779,436104,0
0,Graduate,1,679207,905413,120,718,1250004,1
3,Not Graduate,1,1419243,971694,12,619,1211602,0
0,Not Graduate,1,967382,571417,60,667,1255232,1
3,Graduate,1,386771,1640908,120,648,1353420,0
1,Graduate,1,1722815,3667263,60,678,3082541,0
1,Graduate,0,150202,371259,60,756,179704,0
0,Graduate,1,1202918,1568162,12,767,2229011,1
1,Graduate,1,2033540,559261,120,726,982745,1
1,Graduate,1,536233,73268,120,595,1033432,0
0,Graduate,1,1839115,132713,36,652,2898200,1
1,Graduate,1,1002586,825951,12,676,2821180,1
3,Graduate,1,1442019,1484153,120,758,1880180,1
1,Graduate,1,373470,993585,240,587,668652,0
2,Graduate,1,865826,1166010,36,617,770154,0
0,Graduate,1,236460,7200101,120,754,623332,0
1,Graduate,1,2867756,916560,12,743,3821322,1
0,Graduate,1,145626,414603,360,833,607159,1
1,Not Graduate,1,549189,476086,240,872,1536881,1
3,Graduate,0,188908,2771784,120,631,354157,0
1,Graduate,1,1251383,151874,60,607,3074927,0
0,Not Graduate,0,29493,1863486,60,637,168271,0
0,Graduate,1,1231732,549172,240,900,659031,1
1,Not Graduate,0,46251,235253,240,661,219584,0
1,Graduate,1,242231,126734,240,818,573100,1
2,Graduate,1,257571,2375203,240,819,991823,0
2,Graduate,1,357006,229265,12,544,996456,0
1,Graduate,1,803711,575136,60,734,510508,1
0,Graduate,1,320764,203872,120,722,347153,1
0,Not Graduate,1,399780,3858773,120,791,590283,0
0,Graduate,1,1198266,596105,60,822,2357272,1
0,Graduate,1,270671,140592,120,790,559481,1
1,Not Graduate,1,294620,351928,360,729,88923,1
1,Graduate,1,530284,2176296,60,772,430881,0
1,Graduate,1,571743,203448,360,497,489882,0
0,Graduate,1,1636405,376460,360,593,2203591,0
0,Not Graduate,1,354863,1771172,36,653,1027262,0
0,Graduate,0,139631,760925,60,733,466991,0
0,Graduate,1,1161631,159618,120,601,2380921,0
2,Not Graduate,1,1384868,675597,36,740,826553,1
0,Graduate,1,2287521,463819,120,802,3076964,1
1,Graduate,1,1061609,569443,12,532,1325696,0
0,Graduate,1,809596,1392425,360,882,1814728,1
2,Graduate,1,1155484,687340,120,623,2346812,0
1,Graduate,1,588934,492484,36,764,820586,1
0,Not Graduate,1,585479,468874,60,629,970952,0
1,Graduate,1,176435,1586124,120,724,697235,0
2,Graduate,1,1490664,262932,60,543,3315497,0
3,Graduate,1,863861,61826,120,805,1491486,1
0,Graduate,0,47932,431362,240,593,435080,0
2,Graduate,1,76676,788796,360,743,90573,0
3,Not Graduate,0,44039,356339,120,793,512560,1
3,Graduate,1,367800,319544,360,662,1055213,1
1,Graduate,1,2424388,375401,240,649,4248793,0
1,Graduate,1,1192274,527257,120,560,639673,0
1,Graduate,1,879745,147518,120,724,1783809,1
2,Not Graduate,1,516305,1046940,240,722,698711,1
1,Not Graduate,1,1002258,50000,360,631,2011126,0
1,Graduate,1,347128,927276,360,709,1086117,1
1,Not Graduate,1,673484,739182,12,590,804782,0
2,Graduate,1,459231,888265,60,599,1165696,0
2,Graduate,1,4471308,78556,36,772,2882448,1
0,Graduate,1,2364218,724204,360,696,2036916,1
2,Graduate,1,1707324,314110,360,605,2965893,0
1,Not Graduate,1,221405,2682313,120,804,889981,0
2,Graduate,0,25695,775854,36,694,177855,0
1,Graduate,1,847573,166586,12,738,546190,1
0,Not Graduate,0,198718,99657,120,751,781996,1
3,Graduate,1,944032,292210,240,710,1219755,1
0,Not Graduate,1,725506,1216588,240,696,2168043,1
2,Graduate,1,879428,1710772,120,806,2071218,1
1,Graduate,1,172041,647839,240,592,492970,0
1,Not Graduate,1,394777,585388,12,535,1055778,0
0,Graduate,1,983298,387687,60,649,1235934,0
1,Not Graduate,1,1814845,528947,60,661,661129,1
0,Graduate,1,469585,1822507,12,566,815651,0
0,Not Graduate,0,105803,382077,240,746,192988,0
0,Graduate,0,158342,1044241,60,692,360846,0
0,Graduate,1,2344185,318564,240,765,3187436,1
3,Not Graduate,1,1777988,1488492,240,702,1244198,1
3,Graduate,1,1228963,963880,36,593,620797,0
0,Graduate,1,1009983,1428477,360,647,1612437,0
2,Not Graduate,1,2525726,3548795,60,717,2428657,1
0,Graduate,1,383076,50000,240,827,545346,1
1,Not Graduate,1,351326,1148273,36,712,1065554,0
2,Graduate,1,1705238,863826,12,717,1635127,1
3,Graduate,1,1615977,845343,360,805,2540037,1
1,Graduate,1,280745,687344,60,746,706228,0
2,Graduate,1,476828,686857,12,701,926860,1
0,Graduate,0,104735,756430,12,647,258959,0
4,Graduate,1,1013919,1337074,360,876,1406362,0
0,Graduate,1,1369189,1234647,360,614,1607874,0
1,Graduate,1,288590,527045,120,657,422461,1
1,Graduate,1,1233437,447988,60,536,2935534,0
1,Not Graduate,1,234302,551365,12,869,167577,0
0,Graduate,1,149663,357583,360,697,518445,1
3,Graduate,1,1304668,3205038,12,802,2925939,0
0,Not Graduate,1,2298014,151635,12,721,1647502,1
1,Graduate,1,595389,1143712,240,763,905530,1
0,Not Graduate,1,471068,1136927,60,675,804795,0
0,Graduate,1,2866719,317936,60,462,2100090,0
1,Graduate,1,624167,726541,60,795,1793200,1
1,Graduate,1,692030,1910660,60,701,1447591,0
0,Not Graduate,1,2828241,388471,60,729,6294982,1
0,Graduate,1,549702,2006564,12,730,1193349,0
1,Not Graduate,1,432258,1653219,36,659,1321772,0
2,Graduate,1,1400593,265704,120,777,3391881,1
2,Graduate,0,153955,178427,60,597,437072,0
0,Graduate,1,649734,637578,240,717,1459868,1
0,Graduate,1,253894,156326,36,654,147051,1
0,Graduate,1,846036,50000,240,705,1227288,1
0,Not Graduate,1,770255,331236,12,707,1436253,1
1,Graduate,1,1582341,4752837,360,756,756325,1
1,Graduate,1,1448161,345533,120,575,1163674,0
0,Graduate,1,1133946,789774,12,518,1861604,0
0,Not Graduate,0,20646,1088150,12,688,271119,0
0,Not Graduate,0,167525,518566,360,900,589795,0
2,Not Graduate,1,1187837,387076,60,846,327017,1
3,Not Graduate,1,299579,1846341,360,678,640053,0
0,Not Graduate,1,111393,562370,360,803,254492,1
0,Not Graduate,1,1847851,493172,240,825,3350520,1
2,Graduate,1,1250843,1199592,60,615,471447,0
3,Graduate,1,658955,192998,12,726,707257,1
1,Graduate,1,1723119,152800,120,512,1933757,0
0,Graduate,1,406281,106414,36,663,861594,1
0,Graduate,1,414822,953612,12,640,301198,0
1,Graduate,1,371271,458785,12,750,553821,0
0,Graduate,1,1148649,1234723,12,674,2579432,1
0,Not Graduate,1,205588,568587,240,670,165952,1
1,Graduate,1,394916,137179,36,817,771705,1
0,Not Graduate,0,94556,378657,120,534,600133,0
2,Graduate,1,278362,1324831,12,592,582858,0
0,Not Graduate,1,430090,415746,36,758,1322617,1
0,Not Graduate,1,124336,1770574,12,657,495069,0
1,Not Graduate,1,1184279,343324,360,742,1821889,1
0,Graduate,1,420723,1109430,36,807,515096,0
3,Graduate,0,168941,90890,36,777,346976,1
1,Graduate,1,258844,430866,240,817,769966,1
0,Not Graduate,1,522003,366931,240,720,166425,1
2,Not Graduate,1,206050,133536,36,630,247475,0
0,Not Graduate,1,3450065,1642813,60,609,2658206,0
3,Graduate,1,108250,284911,12,655,325988,0
0,Graduate,1,508644,256971,240,774,1184476,1
1,Graduate,0,134420,1985337,360,737,528236,0
0,Graduate,1,392266,635044,36,809,699528,0
1,Graduate,1,864326,1178557,360,822,2200033,1
2,Graduate,1,384738,98449,60,619,529283,0
2,Not Graduate,1,2480760,243155,36,779,6208623,1
0,Graduate,1,298014,4353057,120,683,639300,0
0,Graduate,1,111192,1269390,36,613,621126,0
2,Not Graduate,1,258125,184732,120,844,393632,1
3,Graduate,1,993705,676731,240,692,777459,1
0,Graduate,1,663749,199655,240,786,1470821,1
1,Graduate,1,1331353,2177821,36,889,2051518,0
0,Graduate,1,1089681,55840,240,579,2591987,0
2,Graduate,1,438438,711618,36,709,568912,0
0,Graduate,1,493231,701012,360,638,213046,0
0,Graduate,1,535918,177614,36,686,722054,1
2,Graduate,1,3293550,411205,120,725,7585677,1
0,Graduate,0,40724,786653,12,642,364607,0
1,Not Graduate,1,3312949,91297,36,765,3791453,1
1,Graduate,0,3829,150308,12,805,103381,0
0,Not Graduate,1,693241,462727,60,754,530753,1
0,Graduate,1,322710,234905,240,757,368217,1
1,Graduate,1,857019,340057,60,689,1763717,1
0,Not Graduate,1,694748,529624,60,651,1586803,1
1,Graduate,1,676766,217410,36,696,1222170,1
2,Graduate,1,617059,526193,60,713,538448,1
2,Graduate,1,141213,727957,36,688,752753,0
0,Graduate,0,130354,1177457,240,708,436508,0
0,Not Graduate,0,191587,155464,240,635,516858,0
0,Not Graduate,1,235295,288253,60,786,704336,1
0,Graduate,1,1072400,973391,36,699,2264931,1
1,Graduate,1,367813,122750,120,848,700009,1
1,Graduate,1,1143623,600903,120,801,2853026,1
0,Not Graduate,1,1476707,555763,12,790,813728,1
0,Not Graduate,1,1649048,50000,12,670,4048655,1
0,Not Graduate,1,641308,329606,360,681,619726,1
1,Graduate,1,523858,752218,12,698,529583,0
0,Not Graduate,1,442222,437201,60,742,1195607,1
1,Graduate,0,16613,336285,36,748,448189,1
0,Graduate,1,719431,631701,12,682,1821229,1
2,Not Graduate,1,616939,1452643,36,887,362420,0
2,Graduate,1,376908,925037,60,667,1249222,1
0,Not Graduate,1,292135,253760,36,492,912357,0
0,Graduate,1,668636,125619,360,635,1418043,0
1,Not Graduate,1,515370,908424,36,723,537716,0
0,Graduate,1,292700,166418,60,681,271751,1
1,Graduate,0,73242,318687,360,753,189806,1
2,Graduate,1,3010673,660627,120,713,1136014,1
1,Graduate,1,1575480,1700658,36,685,2863006,1
2,Graduate,1,409974,1954829,36,627,612948,0
0,Graduate,0,108157,574172,240,778,447740,0
0,Graduate,1,2501355,324651,240,608,3910390,0
2,Graduate,1,285226,162650,360,640,491678,0
0,Graduate,0,136061,3830975,12,835,594029,0
1,Graduate,0,124941,404381,12,681,565189,1
0,Not Graduate,1,2805886,1064300,60,516,5637756,0
0,Not Graduate,1,516974,657881,60,775,1274551,1
4,Graduate,1,4339349,329192,240,850,9464038,1
0,Graduate,1,2906473,315541,240,590,729715,1
4,Not Graduate,1,669881,135520,12,703,1502732,1
3,Graduate,1,410231,1660161,240,893,545224,1
2,Graduate,1,852407,479006,36,828,1690287,1
1,Graduate,1,631512,2257059,36,857,771209,0
1,Graduate,0,15897,344976,240,662,179500,0
2,Graduate,1,193592,401105,60,677,246795,0
0,Graduate,1,483282,173987,12,821,1124243,1
1,Graduate,0,144850,395758,36,730,712586,1
1,Graduate,1,1134063,156354,360,818,1298592,1
1,Graduate,1,1611791,808278,60,686,4184565,1
1,Graduate,1,1319214,601877,360,787,3297960,1
0,Graduate,1,959243,2361661,240,665,826083,1
1,Graduate,1,368676,125774,360,623,898547,0
2,Not Graduate,1,859684,1823014,12,725,1280173,0
0,Graduate,1,1375340,203120,12,647,1053018,0
3,Graduate,1,456348,762403,60,582,1357232,0
1,Graduate,1,802260,171881,60,571,858343,0
2,Graduate,1,649287,661836,60,760,1597909,1
1,Graduate,1,2757660,50000,360,704,5427417,1
2,Graduate,1,1441563,276348,240,633,2016815,0
0,Not Graduate,0,43357,600849,240,723,356482,0
2,Graduate,1,184728,3126568,60,763,375599,0
0,Not Graduate,1,837578,64343,240,746,1827092,1
2,Graduate,1,644344,539135,12,752,1134891,1
4,Not Graduate,1,639904,321661,120,751,811571,1
0,Not Graduate,1,208828,79534,240,661,793102,1
0,Not Graduate,1,305524,175460,12,764,500567,1
2,Graduate,1,690786,337354,120,612,1697481,0
0,Graduate,1,1778862,862057,120,737,4104300,1
2,Not Graduate,1,454785,590012,60,637,539335,0
0,Not Graduate,1,529690,145439,360,559,932510,0
0,Not Graduate,1,3032426,86332,60,560,2724289,0
3,Graduate,1,575239,820483,12,546,1159621,0
1,Not Graduate,0,133084,444512,60,756,402255,0
2,Graduate,1,665174,2707197,120,818,1706302,0
0,Graduate,0,170651,379816,12,816,518622,1
1,Graduate,1,1152493,1695063,12,766,2032834,0
1,Graduate,1,432656,930835,360,695,241716,1
1,Not Graduate,1,712078,1228871,360,587,637943,0
1,Graduate,1,1040798,832686,12,747,798613,0
1,Graduate,1,3450556,851140,360,775,4137512,1
1,Graduate,1,254176,54619,360,699,390692,1
0,Graduate,1,1457139,426380,60,797,2470685,1
2,Graduate,1,1461506,278279,360,644,1847778,0
0,Graduate,1,437760,1925418,60,784,949508,0
1,Graduate,1,1178323,198456,60,675,2861045,1
0,Not Graduate,1,2716212,408284,240,772,7239461,1
1,Not Graduate,1,395546,1203645,360,817,649580,1
2,Graduate,1,884852,730120,360,631,1363143,0
0,Graduate,0,42104,638774,240,671,415518,0
0,Graduate,1,1118325,1638344,240,656,2526124,1
0,Graduate,1,1349754,700873,12,806,1975714,1
1,Graduate,1,833212,313346,60,803,575114,1
2,Graduate,1,1099921,147817,240,684,569517,1
0,Graduate,1,351801,879142,12,762,745516,0
2,Not Graduate,1,831679,250169,120,668,999140,1
0,Graduate,1,498284,424582,240,643,1167573,0
1,Graduate,1,272702,1588589,12,754,349798,0
3,Not Graduate,1,485378,433101,36,761,610839,1
0,Graduate,1,904886,346544,240,628,2574836,0
1,Graduate,1,1033682,408556,120,704,1160761,1
0,Graduate,1,264403,419733,12,690,525406,1
0,Not Graduate,0,98017,200546,360,549,628649,0
0,Graduate,1,1302407,2891708,360,665,2833345,1
0,Not Graduate,1,1095277,311975,240,722,1711405,1
1,Graduate,1,1483154,1183974,240,648,2425030,0
1,Graduate,1,2178755,195153,36,638,2172887,0
1,Graduate,1,1121648,936145,12,709,549721,0
0,Graduate,1,523427,640084,12,710,816120,1
0,Not Graduate,1,799610,554062,12,725,919545,1
1,Graduate,1,2752217,643666,60,710,4001023,1
3,Graduate,1,5000000,819098,360,772,4381294,1
0,Graduate,1,1056505,430670,36,772,1387697,1
2,Not Graduate,1,1119556,452695,360,781,1963062,1
1,Graduate,1,1303504,962641,12,805,1047734,0
1,Not Graduate,1,743433,172481,36,793,2169969,1
1,Graduate,1,1850715,147812,60,650,2498031,1
0,Graduate,1,1633827,646252,12,605,3454718,0
0,Graduate,0,55795,72419,36,766,326096,1
1,Graduate,1,565567,100424,36,824,722403,1
0,Graduate,1,216088,3286213,60,652,435908,1
3,Graduate,1,1310515,2544375,36,778,1145442,0
1,Graduate,1,864828,305357,60,857,2227941,1
0,Not Graduate,0,159559,1467658,240,698,726499,0
2,Graduate,1,295393,1519360,36,597,890596,0
0,Graduate,1,1238171,865524,60,829,1082883,1
1,Graduate,1,202604,499356,360,763,400002,1
1,Graduate,1,927003,1010997,120,727,1782494,1
3,Graduate,1,1432369,1200187,12,774,1858202,1
2,Graduate,1,1132473,1026955,12,688,1689867,1
1,Graduate,1,533603,114767,12,842,894171,0
1,Graduate,1,268471,4127026,60,704,289766,0
3,Graduate,1,1166613,5976392,60,550,2315668,0
0,Graduate,1,1905811,80081,12,676,1702403,1
0,Graduate,0,99814,900735,60,547,153596,0
0,Graduate,1,1094191,4179583,360,715,2659293,1
0,Graduate,0,59535,1472219,36,894,255315,0
1,Graduate,1,956539,1487984,36,610,2534001,0
1,Graduate,1,530988,128217,36,666,1278485,1
1,Graduate,1,1677278,1191942,240,585,3965832,0
0,Graduate,1,404315,686386,12,700,605045,0
2,Graduate,1,258188,1178616,120,728,433236,0
0,Graduate,1,1397026,191850,12,543,601918,0
1,Graduate,1,527060,185073,36,769,380387,1
1,Graduate,1,566245,468570,12,690,1469241,1
0,Graduate,1,441727,369835,240,693,584855,1
0,Graduate,0,93850,461650,36,619,603813,0
0,Graduate,1,2240986,334525,240,717,2163739,1
2,Graduate,1,2757952,441963,240,847,5987827,1
3,Graduate,1,3066302,277590,240,778,4950256,1
1,Graduate,1,1744705,514898,36,782,4093427,1
0,Graduate,1,1059192,130149,240,599,982380,0
1,Graduate,1,231925,903566,240,900,916324,1
2,Graduate,1,627802,701196,120,668,208866,1
2,Graduate,1,4095517,152996,12,762,6318027,1
0,Graduate,1,514784,2035717,120,722,551149,0
0,Not Graduate,1,2449306,236369,12,723,1461223,1
2,Graduate,1,762249,1774361,36,785,1263632,0
0,Graduate,1,85603,751197,120,801,33349,0
0,Not Graduate,1,1217595,1469691,60,575,654171,0
0,Not Graduate,1,2008710,644473,36,589,2391409,0
1,Not Graduate,1,701378,952492,36,699,1057960,0
2,Graduate,1,1956056,1453672,12,752,4628695,1
3,Not Graduate,0,4825,3638891,12,714,333151,0
1,Graduate,1,240758,1582672,240,630,101823,0
1,Graduate,0,95606,845961,60,779,578640,0
0,Graduate,0,128934,140292,360,841,421937,1
1,Graduate,1,2159231,50000,36,698,1822893,1
0,Graduate,1,1216075,474297,36,753,1988032,1
1,Graduate,1,280715,264479,120,576,571553,0
0,Graduate,1,864958,274381,12,679,2162723,1
0,Graduate,0,63393,497608,120,766,159064,0
0,Not Graduate,1,162854,1048419,12,719,556342,0
0,Graduate,0,176515,290426,12,641,829340,0
0,Graduate,1,557676,1322708,120,682,630842,1
0,Not Graduate,1,432027,558770,120,783,787571,1
4,Graduate,1,1087097,561076,120,684,2025787,1
1,Graduate,1,290760,3523609,360,663,546852,0
1,Not Graduate,1,1018155,645712,12,744,799668,0
2,Not Graduate,1,1141202,511886,60,704,902513,1
4,Not Graduate,0,64257,912462,120,796,524768,0
1,Graduate,1,296933,3259696,12,664,650407,0
2,Graduate,0,19547,515687,120,744,318037,0
0,Graduate,0,182806,838825,360,603,900414,0
0,Graduate,1,580115,484907,60,721,982695,1
1,Graduate,1,5000000,487458,60,830,6495281,1
1,Graduate,1,1052626,331011,240,524,1175494,0
1,Not Graduate,1,764157,308635,240,747,951171,1
0,Graduate,1,635226,2946291,60,679,1075033,0
0,Graduate,1,275281,310570,120,706,318296,1
1,Graduate,0,62510,115769,240,680,509295,1
0,Graduate,1,684664,612562,360,712,1012133,1
1,Not Graduate,1,685119,1495269,12,752,1180346,0
1,Graduate,1,786662,1871996,60,594,1397408,0
2,Graduate,1,870627,163658,120,757,1543468,1
2,Graduate,1,181424,1644186,360,846,427461,0
2,Graduate,1,1424908,4235190,12,689,1429187,0
1,Graduate,1,370587,272623,60,660,796042,1
2,Not Graduate,1,653157,454037,60,693,979950,1
1,Graduate,0,65889,157699,120,731,217687,1
0,Graduate,1,3028442,3449360,120,645,6373528,0
0,Graduate,1,187138,121493,36,759,545129,1
0,Not Graduate,1,747280,362294,120,876,1115339,0
1,Graduate,1,907392,1184330,12,852,1488805,1
1,Graduate,0,185604,272661,240,791,593374,1
2,Graduate,1,1386194,200964,120,790,2817851,1
0,Not Graduate,1,800514,512860,120,809,825724,1
0,Not Graduate,0,25100,5898190,240,711,428966,0
3,Not Graduate,1,350094,418318,240,589,1037527,0
0,Not Graduate,1,1014908,439295,360,794,466793,1
1,Graduate,1,1426278,177094,60,583,897271,0
1,Graduate,1,807613,794203,60,662,2150864,1
1,Not Graduate,1,483521,1307625,240,755,1264304,1
0,Not Graduate,1,514599,294694,240,637,753361,0
0,Graduate,1,870059,923320,240,874,694888,1
0,Graduate,1,758454,296995,12,674,1498934,0
1,Not Graduate,0,149155,81330,360,603,489989,0
1,Graduate,1,496725,853725,36,735,945802,0
0,Not Graduate,1,275211,4301107,12,646,212693,0
1,Graduate,0,29870,163424,36,674,270417,1
2,Graduate,1,497811,646533,60,755,419738,1
0,Graduate,1,1365383,2002196,240,776,1877288,1
1,Graduate,1,733828,487972,12,757,949849,1
1,Graduate,0,97882,129724,360,701,424791,1
0,Graduate,0,92321,565213,240,593,412823,0
0,Graduate,1,818074,2398514,360,754,1434337,1
1,Not Graduate,0,124395,325613,360,718,491124,1
2,Graduate,1,274773,681630,240,720,385900,1
2,Graduate,0,73216,188428,240,655,488636,1
1,Graduate,1,471850,489200,12,729,1214454,1
2,Graduate,1,1974361,795472,240,660,1568081,1
0,Graduate,1,461966,612836,60,731,968164,1
1,Graduate,1,263752,350986,36,558,536134,0
1,Graduate,1,810317,841543,360,843,797429,1
0,Graduate,1,746644,1055470,120,727,1137453,1
2,Graduate,1,492060,1127596,60,676,1298969,0
1,Graduate,1,641151,403152,36,680,1017124,1
0,Graduate,1,1592764,290393,120,819,1958404,1
3,Not Graduate,1,1247390,3848211,240,624,1784987,0
0,Not Graduate,1,1164013,620092,60,661,2382515,1
0,Not Graduate,0,143942,417697,360,610,581940,0
0,Not Graduate,1,5000000,123366,360,721,11845787,1
2,Graduate,1,1691289,212674,120,758,3974245,1
2,Graduate,0,28576,284270,120,729,528366,1
0,Graduate,1,287377,838536,120,750,941726,1
1,Not Graduate,1,1556863,378424,240,800,877509,1
0,Not Graduate,1,488501,548639,36,698,893137,1
2,Not Graduate,1,624423,128894,36,635,1089013,0
1,Graduate,1,190113,2201014,60,631,512237,0
1,Not Graduate,1,270171,258463,240,642,562078,0
3,Graduate,1,1035958,683596,36,808,2073592,1
0,Graduate,1,1631463,317883,60,773,1310487,1
0,Not Graduate,1,1261640,393119,36,498,1996195,0
1,Graduate,1,1227702,244251,12,731,2414724,1
3,Not Graduate,1,692585,726724,240,752,702384,1
0,Graduate,1,526830,202735,12,649,760874,0
0,Not Graduate,0,107072,739888,36,675,525860,0
0,Graduate,1,1407219,479823,36,626,1173733,1
1,Not Graduate,0,84616,1014615,12,604,460980,0
0,Not Graduate,1,1920702,1119823,240,665,4099094,1
1,Not Graduate,1,614119,393336,60,846,1123089,1
4,Graduate,1,332959,779206,120,652,237513,0
1,Not Graduate,1,723394,345144,360,689,587214,1
0,Graduate,0,108438,2014895,12,633,657081,0
1,Graduate,1,683085,377384,360,544,793773,0
0,Graduate,1,2031986,441627,240,694,775087,1
2,Not Graduate,1,1389204,338131,240,789,3450816,1
1,Graduate,1,232175,259606,360,744,172124,1
0,Not Graduate,1,2489253,4129628,120,665,3982236,1
1,Graduate,0,162759,878886,60,754,432059,0
1,Graduate,1,4076786,578438,60,675,8283177,1
1,Not Graduate,0,80508,335634,36,596,237507,0
0,Graduate,1,626776,1644771,36,526,1474836,0
2,Not Graduate,1,695222,313125,360,690,1221255,1
3,Graduate,1,992680,609734,12,900,829090,1
1,Graduate,1,729262,4891216,360,609,1389515,0
3,Graduate,1,655585,207471,60,645,287860,0
0,Graduate,1,2078453,926875,12,787,3474787,1
1,Graduate,1,1146789,721108,36,621,2187147,0
1,Graduate,1,338729,916355,12,722,729908,0
1,Graduate,1,1319204,406401,120,628,749907,0
1,Graduate,1,1109350,298864,360,580,882626,0
0,Graduate,1,471550,677722,12,603,627310,0
0,Not Graduate,1,1374651,342480,36,712,1867035,1
0,Graduate,1,643026,52489,36,865,483653,1
0,Not Graduate,1,610883,236933,120,695,525591,1
2,Graduate,1,597715,393695,120,786,445436,1
0,Graduate,1,104558,183900,60,638,113628,0
0,Graduate,1,478609,628434,120,708,1337299,1
1,Graduate,1,1290497,253318,120,596,587382,0
1,Graduate,1,716455,517394,60,689,1132952,1
2,Graduate,1,260889,4722612,120,666,702182,0
1,Not Graduate,1,1578057,1843179,240,810,1707254,1
0,Not Graduate,1,574422,976267,240,687,1496571,1
2,Graduate,1,274509,3299326,240,704,596733,0
1,Not Graduate,1,4260128,502531,120,811,9966078,1
0,Graduate,1,314098,507672,36,766,555922,0
1,Graduate,1,1474151,188038,36,770,2827417,1
3,Graduate,1,394174,1939915,60,588,1335541,0
0,Not Graduate,1,813142,3824707,36,818,1992476,0
0,Not Graduate,1,354426,1338967,36,833,872972,0
0,Not Graduate,1,270643,2243137,60,794,733985,0
0,Graduate,1,1107661,50000,240,768,2515677,1
1,Graduate,1,1008760,5607953,60,746,802282,0
1,Graduate,1,1822499,486823,36,838,3448552,1
0,Graduate,0,58606,5699951,36,711,233654,0
3,Graduate,1,4309280,3053046,60,794,1224645,1
2,Graduate,0,140451,1169895,120,774,502304,0
1,Graduate,1,1147871,383450,36,745,2251364,1
2,Graduate,1,246041,633008,36,800,817126,1
0,Graduate,1,446293,80015,60,719,559415,1
1,Graduate,1,1105428,1370655,360,789,963450,1
1,Graduate,1,681886,50000,36,780,1772607,1
2,Graduate,1,847585,400837,360,691,1526124,1
2,Graduate,1,379574,2528754,120,755,462119,0
0,Graduate,1,804163,1110948,120,577,745918,0
3,Graduate,1,801978,117018,60,764,1808930,1
0,Graduate,1,283694,141448,12,493,184649,0
2,Graduate,1,1219607,297320,240,822,808458,1
3,Not Graduate,1,187202,584420,120,587,415933,0
0,Graduate,1,845252,1298279,120,692,2049764,1
2,Graduate,1,2995058,988691,240,814,4918442,1
0,Graduate,1,1257253,187445,60,754,1703205,1
1,Not Graduate,1,1250981,1003227,36,658,756856,1
1,Graduate,1,355776,1116084,60,678,1001566,0
1,Graduate,1,3003382,880742,12,782,5272039,1
3,Graduate,1,2194301,6440937,360,640,1930360,0
1,Graduate,1,371434,1117180,12,724,466337,0
1,Graduate,1,498914,1422352,240,657,475138,1
2,Not Graduate,1,1990158,3526647,360,751,1975494,1
3,Not Graduate,0,143465,1264411,12,754,438454,0
0,Graduate,1,265203,311434,12,678,826839,1
4,Graduate,1,326776,1872346,240,634,1013291,0
0,Graduate,1,650157,361712,240,662,553178,1
2,Graduate,1,128428,202276,240,601,147113,0
0,Graduate,1,740614,220361,240,591,1090190,0
0,Graduate,1,1883410,1851207,240,787,1174245,1
1,Graduate,1,230750,1004746,120,743,1029229,0
1,Graduate,1,807489,1560998,360,652,1452498,1
0,Graduate,1,457981,1009626,360,824,801102,1
0,Not Graduate,1,2708638,652683,36,761,1898875,1
1,Graduate,1,462391,742673,240,750,1052420,1
3,Not Graduate,1,2458825,975863,36,801,5884142,1
0,Graduate,1,452270,295821,12,792,741629,1
0,Graduate,1,1351790,148702,120,767,1229698,1
1,Graduate,1,892298,332662,240,703,923606,1
0,Graduate,1,653032,931101,360,709,502443,1
2,Graduate,1,387541,282705,120,561,743566,0
2,Not Graduate,1,944561,4545356,60,737,1554097,0
1,Not Graduate,1,512764,840089,36,759,815189,0
0,Graduate,1,420074,608947,360,705,1065609,1
2,Graduate,0,47574,294685,360,534,306178,0
1,Graduate,1,1130334,1350164,360,529,897074,0
2,Graduate,1,1220670,160822,240,521,2048817,0
1,Graduate,1,533236,741011,36,583,344040,0
2,Graduate,1,628579,349573,36,724,1085154,1
1,Graduate,1,597876,609826,60,711,381109,1
1,Graduate,1,955309,878765,36,710,597245,1
3,Graduate,1,1218879,171843,12,680,645643,1
1,Graduate,1,711975,101627,36,640,1147776,0
1,Graduate,0,79641,212850,60,664,455243,1
0,Not Graduate,1,1340370,1301778,60,694,288351,1
1,Graduate,1,749171,784760,360,768,1990907,1
1,Not Graduate,1,230344,361168,240,774,619888,1
0,Not Graduate,1,132159,3867609,12,716,354589,0
0,Not Graduate,1,925711,1953431,36,553,401826,0
1,Not Graduate,1,375652,1534111,360,694,655028,1
2,Graduate,1,1029773,261920,60,727,2722631,1
1,Not Graduate,1,392191,1517155,60,638,708316,0
0,Graduate,1,811426,759722,36,876,2435600,1
1,Graduate,1,538896,262428,36,655,1414164,1
0,Not Graduate,1,2962478,486941,240,678,775408,1
1,Not Graduate,1,1560087,191293,240,684,2722196,1
0,Not Graduate,1,2143257,264743,12,600,2394527,0
0,Not Graduate,1,743584,172098,240,560,740365,0
0,Not Graduate,1,1408292,1406414,240,661,2751184,1
0,Graduate,1,784906,503366,120,454,1610389,0
0,Not Graduate,1,2363544,210744,36,724,828432,1
0,Graduate,1,688279,906525,240,670,754140,1
1,Not Graduate,0,70436,541177,120,655,33660,0
1,Not Graduate,1,147429,1544955,120,745,504037,0
0,Not Graduate,1,2770806,617439,360,646,2250193,0
2,Graduate,1,1069608,128388,240,630,1761547,0
0,Graduate,1,1127378,328816,60,559,2233001,0
1,Graduate,1,2401774,169872,240,581,2648362,0
0,Not Graduate,1,194582,948851,240,791,681266,1
0,Graduate,0,8115,1598315,36,648,295344,0
1,Graduate,1,603888,115383,60,696,788146,1
1,Graduate,1,1320895,477110,360,663,1495536,1
2,Not Graduate,1,419109,1711277,12,762,948451,0
1,Not Graduate,1,278981,113652,240,634,116980,0
3,Not Graduate,1,276985,349753,240,624,290948,0
0,Graduate,0,182310,540240,36,570,247515,0
0,Graduate,0,11221,1571346,12,726,54464,0
0,Graduate,0,73202,931628,120,772,312926,0
0,Graduate,1,1211777,1142848,60,755,1610775,1
1,Not Graduate,1,417000,987034,12,789,155247,0
1,Graduate,1,186472,372081,360,716,265636,1
0,Graduate,1,205795,2795180,240,754,550447,0
3,Graduate,1,697009,276258,120,780,309868,1
2,Graduate,1,1085838,50000,36,619,1381850,0
0,Not Graduate,1,620452,89273,240,808,956356,1
0,Graduate,1,1029263,480753,36,745,2577765,1
0,Not Graduate,1,200732,387881,60,791,419340,0
0,Graduate,0,136902,316043,36,772,365989,0
0,Graduate,1,4426628,627942,12,574,2964487,0
1,Graduate,1,1955638,1794842,12,773,4992752,1
0,Graduate,1,1349409,850881,60,730,1072999,1
0,Not Graduate,1,430292,1033591,60,671,516237,0
4,Graduate,1,602953,183544,60,752,831108,1
1,Graduate,0,155210,321435,12,762,745636,1
3,Graduate,0,95694,1088548,240,829,35037,0
0,Graduate,0,85517,601999,12,857,135991,0
0,Not Graduate,1,1110955,870708,360,754,2099873,1
1,Graduate,1,637861,998214,36,749,587213,0
0,Graduate,1,1375230,638061,60,770,2392566,1
0,Not Graduate,1,928994,2628453,120,664,590080,1
1,Graduate,1,755562,317573,12,792,867602,1
1,Graduate,1,402533,238210,120,660,541831,1
1,Graduate,1,666065,92506,240,693,1247147,1
1,Graduate,1,307544,1142355,12,662,359396,0
1,Graduate,1,706365,305573,240,645,492686,0
0,Graduate,1,783188,1916489,240,792,814621,1
0,Not Graduate,0,155201,692423,12,718,641468,0
0,Graduate,1,606662,385064,12,749,1161835,1
0,Not Graduate,0,172822,188219,240,751,775388,1
3,Graduate,1,1086977,1259860,360,619,1655251,0
1,Graduate,1,1214360,512016,360,599,2441672,0
2,Graduate,1,518620,706304,60,857,676467,1
0,Graduate,1,1131684,988991,12,645,2966159,0
0,Not Graduate,1,1170396,704858,360,737,631582,1
0,Graduate,1,606965,231001,240,695,1026202,0
0,Graduate,0,106372,910062,36,704,390589,0
0,Graduate,1,408374,1227144,120,765,633869,1
2,Graduate,1,2366902,774698,36,630,5398777,0
1,Not Graduate,1,609162,1016980,12,678,1168980,0
1,Not Graduate,1,371512,1116315,12,816,876892,0
1,Graduate,1,550598,363646,12,707,1447107,1
3,Not Graduate,1,302697,350264,12,824,858058,1
0,Not Graduate,1,1366340,5009200,360,764,971429,1
0,Graduate,1,202356,2034498,36,773,597918,0
0,Graduate,1,2217047,514934,60,738,1043966,1
2,Graduate,1,345002,1069635,360,900,874872,1
4,Graduate,1,1424487,211570,360,650,1889006,1
0,Graduate,1,743690,296890,240,570,970177,0
2,Graduate,1,905871,155296,240,637,886094,0
2,Graduate,1,454960,719032,240,690,1223953,1
0,Graduate,1,967283,727497,120,900,1506164,1
0,Not Graduate,1,812587,1597301,12,775,634498,0
1,Graduate,1,227219,437121,360,805,387211,1
3,Graduate,1,337729,1570002,36,525,285949,0
0,Not Graduate,1,473198,1038111,36,672,1132528,0
2,Graduate,1,398715,6320009,36,765,595653,0
0,Graduate,1,1987223,2862242,60,726,1594318,1
2,Not Graduate,1,733520,2402827,12,576,2009037,1
1,Not Graduate,1,391234,1246291,240,743,1245890,1
1,Graduate,1,492566,220968,240,647,1010549,0
2,Graduate,1,487199,724179,12,739,1197926,1
2,Not Graduate,1,579291,5114321,360,598,1343776,0
2,Graduate,1,308580,897128,240,706,742642,1
0,Graduate,1,380353,237570,360,820,632355,1
1,Graduate,1,1346858,756130,240,677,3523395,1
0,Graduate,1,845999,200866,12,829,816402,1
1,Graduate,1,645725,229533,36,609,1305767,0
1,Not Graduate,1,730948,816595,360,674,481804,1
1,Not Graduate,1,703308,1132055,120,749,1652592,1
1,Not Graduate,1,617043,243306,360,654,1413849,1
4,Graduate,1,1103153,308798,360,681,2391799,1
0,Graduate,1,1039788,129783,360,609,2230547,0
1,Not Graduate,1,207438,474827,12,566,670717,0
0,Graduate,1,656547,77185,240,737,1677799,1
0,Graduate,1,218675,400654,240,681,510299,1
0,Not Graduate,1,1212823,585122,120,809,2940932,1
3,Graduate,1,1348000,93359,120,613,371694,0
2,Graduate,1,447475,197351,360,672,1182381,1
3,Not Graduate,1,664368,508849,120,649,1510837,0
4,Not Graduate,0,38373,443930,12,628,260156,0
0,Graduate,1,1588390,464927,36,822,3338013,1
0,Not Graduate,1,1286889,720724,120,625,1206587,0
1,Graduate,0,67851,101551,360,710,245389,1
1,Graduate,1,2395818,1097625,60,724,5830847,1
1,Not Graduate,1,273953,392885,360,623,484756,0
0,Not Graduate,1,1484272,297688,36,778,3528467,1
1,Graduate,1,2381982,83712,120,613,1046711,0
1,Graduate,1,220651,413504,240,806,348961,0
0,Graduate,0,178028,901693,12,652,472009,0
1,Graduate,1,545401,622545,240,745,711161,1
1,Graduate,1,1446083,641018,240,892,3673143,1
1,Graduate,1,107457,384983,12,795,415612,0
0,Graduate,0,185830,508617,36,600,559756,0
2,Graduate,0,87134,178534,240,491,55622,0
0,Graduate,1,1517956,537795,36,828,2410490,1
0,Not Graduate,0,198491,330677,12,728,431743,1
2,Graduate,1,1081327,175466,120,840,2378310,1
1,Graduate,0,22609,1149363,240,781,313472,0
0,Not Graduate,1,536109,111859,240,707,567148,1
1,Graduate,1,1437202,912812,12,815,1568956,1
1,Graduate,1,918948,972036,12,679,2049075,1
2,Graduate,1,196914,318940,120,857,684722,1
2,Graduate,1,766155,1514216,12,670,1842239,0
1,Graduate,1,378891,312281,60,675,434956,1
1,Not Graduate,1,353509,293268,60,759,808595,1
0,Graduate,0,5206,162696,360,683,190521,0
0,Graduate,1,1196560,535821,360,775,995836,1
1,Graduate,1,1776954,207179,12,690,1588614,1
1,Graduate,1,3977302,244838,120,748,1286704,1
1,Not Graduate,0,191469,506168,60,818,463183,0
0,Graduate,1,1347683,527810,240,720,1637634,1
0,Graduate,0,138975,1897283,120,691,451214,0
1,Graduate,0,79312,1370975,12,690,140789,0
0,Graduate,1,350087,937518,60,777,1062000,0
2,Not Graduate,1,306020,466703,120,807,924048,1
0,Graduate,1,478359,360765,360,556,398607,0
1,Not Graduate,0,171382,526184,240,765,301895,0
3,Graduate,1,2165343,309810,12,621,5344201,0
0,Not Graduate,1,1766075,268087,36,670,2945217,1
1,Not Graduate,1,200319,499422,60,712,536612,0
0,Graduate,1,388063,224496,240,708,600915,1
1,Graduate,1,2063083,238726,120,698,4393202,1
1,Graduate,1,406413,1404053,60,736,349980,0
1,Graduate,1,696949,135987,360,662,1842402,1
1,Graduate,1,186422,191036,60,756,788449,1
2,Graduate,0,145140,1930469,12,694,606875,0
0,Not Graduate,1,157913,365075,240,739,434591,1
0,Graduate,0,24731,2139378,60,671,157209,0
2,Not Graduate,1,1690700,168153,60,636,2486058,0
1,Not Graduate,1,3389013,581741,240,622,6435627,0
2,Not Graduate,1,578105,1169196,120,678,103510,1
1,Graduate,0,3661,218387,12,623,463952,0
2,Graduate,0,163207,2882973,60,790,403736,0
1,Graduate,1,919475,365729,360,749,1660469,1
2,Graduate,1,541135,899046,240,611,1460669,0
3,Graduate,1,494665,274291,36,562,525243,0
1,Not Graduate,1,208263,2401523,360,780,312206,0
0,Graduate,0,137255,731871,360,761,286025,0
0,Graduate,1,677704,4400725,120,598,284343,0
0,Not Graduate,0,25538,1756918,12,660,371188,0
0,Graduate,1,327272,1247975,36,766,877167,0
0,Graduate,1,354894,207914,120,500,1154508,0
1,Not Graduate,1,1196249,587630,60,622,1246783,0
1,Graduate,1,1476715,393691,12,658,3383747,1
1,Graduate,1,561466,554724,120,776,323142,1
1,Graduate,1,516079,626385,120,684,537454,1
0,Not Graduate,1,368457,219542,360,776,706405,1
0,Graduate,1,1543334,462054,120,647,3258680,0
0,Graduate,1,747729,490711,120,744,1558010,1
1,Graduate,1,979033,196766,36,724,1098379,1
0,Graduate,1,971674,1203106,12,639,1682144,0
0,Graduate,1,570254,675011,60,670,1393797,1
1,Graduate,1,287136,1218648,12,739,540274,0
2,Graduate,1,328763,879596,360,709,1014276,1
0,Graduate,1,1798221,97379,36,746,1674764,1
1,Graduate,1,408175,234848,12,780,899540,1
1,Graduate,0,146257,2822719,36,690,563312,0
2,Graduate,1,294339,1184805,36,476,449796,0
3,Graduate,1,275721,106762,36,610,335405,0
0,Graduate,1,394221,864590,36,579,1107031,0
0,Not Graduate,1,2815712,235174,120,584,7214453,0
2,Not Graduate,1,1234812,66403,12,696,662730,1
1,Graduate,1,478575,2834026,240,745,758810,1
1,Graduate,1,1734624,582640,36,602,1080045,0
1,Graduate,1,645745,671304,36,772,792632,1
1,Graduate,1,2155368,153772,12,777,3999149,1
3,Graduate,1,4279660,170563,120,876,10612756,1
4,Graduate,1,1660334,110013,60,788,3606849,1
2,Graduate,1,786730,2228804,36,797,651439,0
0,Graduate,0,20016,104471,120,724,359688,1
2,Graduate,1,738264,2721748,360,630,1507295,0
0,Not Graduate,1,167913,201437,120,686,270496,1
0,Graduate,0,152005,158279,240,799,472307,1
2,Graduate,1,340689,511256,36,694,832834,1
0,Not Graduate,1,424457,272608,120,726,740753,1
0,Not Graduate,0,47870,595582,240,783,403140,0
0,Not Graduate,0,162462,224772,120,720,288962,1
2,Graduate,1,1037897,394951,360,689,1077283,1
1,Graduate,1,1397051,253116,360,655,633799,1
1,Not Graduate,1,160541,1278535,240,882,506554,0
0,Graduate,1,1306088,902228,360,740,2928319,1
2,Not Graduate,1,1546800,692261,240,614,726276,0
2,Graduate,1,121564,1549662,360,649,120952,0
0,Graduate,0,58395,703047,240,707,471969,0
1,Not Graduate,1,233454,646158,120,763,649895,1
0,Graduate,1,150843,479282,60,697,297181,0
3,Graduate,1,2107587,264012,12,580,4484202,0
1,Graduate,1,325904,264595,240,548,298770,0
3,Graduate,1,411367,626009,360,558,788062,0
0,Graduate,1,1609901,1495403,36,753,3053951,1
2,Graduate,1,571379,955857,12,724,973572,0
2,Graduate,0,186683,950380,60,649,661953,0
1,Not Graduate,1,620530,178767,12,880,515563,1
3,Graduate,1,963260,911486,12,705,1294430,1
0,Not Graduate,1,608609,362504,60,570,1087178,0
0,Graduate,1,799147,644182,36,696,1865308,1
1,Graduate,1,487552,938478,240,745,619025,1
2,Graduate,1,966518,170040,120,666,1517883,1
1,Graduate,1,937595,632479,36,693,1472210,1
0,Not Graduate,1,3329419,684375,360,761,3759147,1
1,Not Graduate,0,186845,1466860,36,726,328511,0
0,Graduate,1,629491,322263,240,763,1572342,1
1,Graduate,1,882981,508278,36,770,558833,1
1,Not Graduate,1,1577810,640474,360,577,3390047,0
2,Not Graduate,1,304593,322292,36,758,348421,0
0,Not Graduate,1,792431,316460,360,761,1352682,1
1,Graduate,1,98099,304479,12,730,562164,1
0,Not Graduate,1,586996,475573,12,737,981882,1
0,Graduate,1,1720596,3100541,60,632,3963846,0
2,Graduate,1,408025,492832,360,839,310655,1
3,Graduate,1,840262,879879,60,758,1483493,1
0,Graduate,0,132897,557709,60,767,605576,0
2,Not Graduate,0,78889,397310,120,827,575038,1
2,Not Graduate,1,1586734,527446,240,782,599845,1
2,Not Graduate,1,316093,1166298,120,784,611013,0
0,Graduate,1,922066,512231,120,502,1210942,0
3,Graduate,1,933486,460038,60,467,2249502,0
0,Graduate,0,149439,427293,240,697,387252,0
0,Graduate,1,826163,200089,120,731,1183367,1
0,Not Graduate,1,345256,1528947,12,738,559438,0
1,Graduate,1,1107298,345609,120,733,1585038,1
0,Graduate,1,254751,2348786,12,734,638438,0
0,Graduate,1,555884,690178,120,721,213262,1
0,Not Graduate,1,595872,2204222,360,645,1663692,0
2,Graduate,1,1776870,442438,360,590,3624379,0
2,Graduate,1,815889,259580,240,698,2153000,1
0,Not Graduate,1,1565961,1533752,360,655,3078660,1
2,Graduate,1,1136828,308348,12,673,2863136,1
2,Not Graduate,1,1131033,1954288,360,567,1823023,0
2,Graduate,1,559306,963871,12,694,934079,0
0,Graduate,1,1650724,2337196,60,730,4543670,1
1,Not Graduate,0,191714,203521,12,586,117632,0
3,Graduate,1,182798,1406353,360,746,122301,0
1,Graduate,1,614257,257108,120,594,1377267,0
0,Graduate,1,1048405,50000,120,750,1052813,1
1,Graduate,1,201732,1323667,60,641,241119,0
1,Graduate,0,133913,536916,36,798,348438,0
1,Graduate,1,272536,1414680,12,644,439546,0
0,Not Graduate,1,1368702,592444,12,620,2214366,0
0,Not Graduate,0,188932,552094,12,705,714245,1
2,Graduate,1,616763,2416192,120,738,430246,0
2,Graduate,1,1115958,608220,240,789,528163,1
0,Graduate,1,1092976,335876,240,758,2458724,1
3,Graduate,1,2528249,494659,240,625,5991510,0
0,Graduate,1,432768,632628,60,730,1024019,1
1,Graduate,1,611760,50000,60,606,575194,0
2,Graduate,1,555367,883021,120,792,755276,1
2,Graduate,0,179130,2103061,240,822,533845,0
3,Graduate,1,5000000,514531,36,719,8285092,1
0,Not Graduate,1,747619,354776,360,683,647606,1
2,Not Graduate,1,368144,796328,12,842,114402,0
0,Graduate,1,289642,3089585,240,823,1006041,0
2,Not Graduate,1,1986959,863884,36,539,1588507,0
2,Graduate,1,366808,669558,12,748,1346582,0
1,Not Graduate,1,1240307,365645,12,688,498797,1
0,Graduate,1,423473,185443,60,578,423759,0
2,Not Graduate,1,264777,553162,36,841,551052,0
0,Graduate,1,1183704,563305,240,629,1225309,0
0,Graduate,1,440384,78268,240,782,1465646,1
2,Graduate,1,1025140,261245,120,652,924551,1
1,Graduate,1,1087537,1721766,36,600,1838549,0
2,Graduate,1,1129191,417454,12,714,1519631,1
0,Graduate,1,588587,50000,360,566,256633,0
0,Not Graduate,1,1262932,2679592,60,880,2459393,0
2,Graduate,0,79038,221569,120,761,465621,1
1,Graduate,1,102408,337639,60,655,685226,1
0,Graduate,1,1284029,1563213,12,694,1970411,1
2,Not Graduate,1,832736,257281,12,626,2350776,0
1,Not Graduate,1,447726,75360,360,731,1266424,1
1,Not Graduate,0,16548,671698,60,587,104036,0
1,Graduate,1,143019,1198812,120,573,416200,0
2,Graduate,0,18967,338029,12,726,134905,0
2,Graduate,1,2727862,477899,240,840,5699374,1
2,Graduate,1,652883,166076,240,629,1889894,0
0,Graduate,1,546304,199692,240,643,1180303,0
2,Graduate,1,715334,391727,360,669,742683,1
1,Graduate,1,4169739,1033655,120,656,4279316,1
1,Graduate,0,40480,595868,120,678,211245,0
0,Graduate,1,345635,1498611,36,740,717459,0
2,Not Graduate,1,746001,2823847,36,681,1583065,0
2,Graduate,1,951647,1311355,360,560,798591,0
0,Not Graduate,1,313303,110198,360,673,204843,1
1,Graduate,1,1338833,406858,240,736,568020,1
2,Graduate,1,379174,1298857,360,636,662832,0
0,Graduate,1,217780,479478,60,747,536245,0
3,Not Graduate,1,775223,107008,60,787,1024813,1
1,Graduate,1,683017,311147,240,730,622945,1
1,Not Graduate,1,728820,55689,36,634,114695,0
0,Graduate,1,395649,409423,120,828,412984,1
0,Graduate,0,164572,272414,60,797,537863,1
3,Graduate,1,1799028,376756,120,726,567242,1
0,Graduate,1,1038064,1761145,240,674,2294010,1
2,Not Graduate,1,339287,142714,120,794,987335,1
0,Graduate,1,153191,263493,60,734,416079,1
0,Graduate,1,350973,172514,360,791,1005776,1
0,Not Graduate,0,124130,1577475,36,683,158610,0
1,Not Graduate,1,439966,1674855,60,671,983152,0
3,Graduate,0,34936,774579,12,564,276575,0
0,Not Graduate,1,455281,735488,120,842,502811,1
0,Graduate,1,688199,162699,120,819,1046574,1
0,Not Graduate,1,1366416,659468,120,655,2609228,1
1,Graduate,1,729171,175973,240,721,830790,1
1,Graduate,1,766469,563089,240,766,770727,1
2,Graduate,1,609327,383329,60,763,837570,1
1,Graduate,1,489194,298293,36,734,1361378,1
1,Graduate,1,1491648,555877,12,669,3507646,1
0,Graduate,1,1321029,1063697,36,682,2285450,1
4,Graduate,1,3746092,3189762,360,710,7960299,1
0,Not Graduate,1,1188795,937512,36,677,2231291,1
0,Graduate,0,87353,5272366,12,870,610351,0
1,Graduate,0,48144,660614,240,698,591852,0
1,Graduate,1,1563372,3216766,120,696,4026144,1
1,Not Graduate,1,380031,835331,240,681,869975,1
1,Graduate,1,1394141,686793,120,612,3766622,1
2,Graduate,1,397149,456695,120,780,505388,1
0,Graduate,1,964462,728760,240,563,732872,0
2,Graduate,1,312449,831992,36,739,311285,0
1,Graduate,1,1361242,130946,120,598,1866135,0
1,Graduate,1,271865,1088220,240,748,280172,1
1,Graduate,1,907424,122517,36,799,775698,1
0,Graduate,1,622642,1089436,12,762,1055483,0
2,Graduate,1,791310,983579,120,645,1367019,0
1,Graduate,1,531446,2238345,36,625,1649327,0
0,Graduate,1,521566,228181,120,701,1041607,1
1,Not Graduate,1,825566,201369,360,612,1758382,0
4,Not Graduate,1,327187,1635171,36,644,706171,0
1,Graduate,1,325651,184454,12,671,578343,1
3,Graduate,1,547523,167170,120,758,309349,1
0,Graduate,1,530738,665715,240,894,768001,1
0,Graduate,1,326336,515714,360,724,913873,1
0,Graduate,1,1527849,631185,360,657,793539,1
1,Graduate,1,558171,925164,360,807,503912,1
0,Not Graduate,0,145197,930344,36,796,688828,0
0,Not Graduate,1,252199,499881,12,777,415702,0
3,Graduate,1,3825916,567021,120,799,6701041,1
2,Graduate,0,31921,505354,12,865,260583,0
2,Not Graduate,0,42918,559766,12,499,363888,0
0,Not Graduate,1,1945187,134935,120,700,3986830,1
0,Not Graduate,1,677760,1151285,120,613,1581641,0
0,Graduate,1,2631371,1542682,36,754,639211,1
2,Graduate,1,954541,1022160,360,741,1920325,1
3,Graduate,1,790016,946478,240,742,1111649,0
1,Graduate,1,98773,200666,360,669,537366,1
0,Graduate,1,361174,131234,360,736,1315458,1
1,Graduate,1,741489,1240335,12,751,1649616,1
0,Not Graduate,1,855065,556024,360,674,451540,1
0,Not Graduate,0,53451,640197,120,617,174291,0
1,Graduate,1,407168,669637,12,836,1228877,1
2,Not Graduate,1,1135697,698753,360,779,1259970,1
0,Graduate,1,241211,1031516,36,392,324371,0
0,Not Graduate,1,811779,491182,36,612,974280,0
4,Graduate,1,1963742,80411,36,673,2522677,1
0,Graduate,1,992890,1075617,240,769,1261452,1
0,Graduate,1,953971,962747,60,541,1702076,0
0,Graduate,1,144911,148057,60,601,483202,0
0,Graduate,1,377932,168375,360,689,94926,1
0,Graduate,1,3772926,1306668,60,723,9664328,1
2,Not Graduate,0,179593,1654606,240,651,774517,0
0,Graduate,1,2005855,50000,240,735,4072549,1
1,Graduate,1,447453,839736,12,663,619680,0
1,Graduate,1,584051,433372,12,580,243650,0
1,Graduate,1,1101815,581964,36,735,1977302,1
2,Graduate,1,790605,616169,240,765,1900555,1
2,Not Graduate,1,989752,252169,360,792,1482354,1
0,Graduate,1,378998,1037858,60,603,409785,0
2,Graduate,1,293896,271536,60,757,372128,1
1,Graduate,1,359080,1140540,12,740,327867,0
4,Graduate,0,9434,1424069,36,865,264175,0
1,Graduate,1,607176,225898,36,622,1844157,0
4,Not Graduate,1,1672483,231487,360,717,3289315,1
2,Graduate,1,782205,605406,120,706,410978,1
0,Graduate,1,1074834,2430619,240,570,2513966,0
1,Not Graduate,1,816907,298728,60,826,1861779,1
4,Graduate,0,30498,361061,360,633,275815,0
2,Graduate,1,739563,744949,60,639,1169652,0
0,Not Graduate,1,809867,1042133,12,693,1309000,1
2,Graduate,1,1339676,915263,12,640,3266976,0
0,Graduate,0,45930,558100,240,759,322895,0
0,Not Graduate,1,142581,398108,360,710,353990,1
1,Not Graduate,1,839877,753001,360,540,549561,0
0,Graduate,1,968089,50000,12,557,690100,0
2,Graduate,1,631903,3503432,360,750,997897,1
0,Not Graduate,1,745952,448737,12,646,1921758,0
2,Graduate,1,1473303,648422,60,704,3792171,1
0,Graduate,1,505324,4409976,240,737,774686,0
0,Graduate,1,583667,257477,60,614,1103159,0
0,Graduate,1,777026,5565613,60,599,686727,0
0,Not Graduate,1,274896,1132186,12,763,313942,0
0,Not Graduate,1,645953,844533,60,675,895260,1
0,Not Graduate,1,693152,1028794,240,811,795759,1
1,Not Graduate,1,2702353,232935,12,762,442624,1
0,Graduate,1,574644,103885,240,739,1384983,1
1,Graduate,1,855985,165965,36,873,752424,1
0,Not Graduate,1,1521023,1603046,240,661,2832080,1
2,Graduate,1,373253,212018,240,669,940671,1
3,Graduate,1,2192586,103352,120,764,1350367,1
1,Graduate,1,2990933,499160,360,706,2493467,1
0,Not Graduate,1,712747,960013,360,649,712927,0
0,Graduate,1,473761,561659,240,654,465440,1
3,Graduate,1,2680986,990917,60,597,6330495,0
0,Graduate,1,1378497,1715153,60,718,3410468,1
0,Graduate,1,778851,956731,360,768,1207273,1
0,Graduate,1,2284082,463215,12,704,4703400,1
0,Not Graduate,1,2098626,313540,360,776,2998701,1
0,Graduate,0,190024,1168001,36,705,672194,0
2,Graduate,0,832,711630,12,685,333765,0
0,Graduate,1,1157107,228486,240,736,2309490,1
1,Graduate,0,9109,1987090,360,689,160037,0
0,Not Graduate,1,239738,702333,240,704,697273,1
0,Not Graduate,0,177303,1038111,60,702,598784,0
3,Not Graduate,1,246074,365120,240,598,487686,0
0,Graduate,0,167935,1673980,360,733,261026,0
2,Graduate,1,282806,110706,360,613,472592,0
1,Graduate,1,850801,2886333,360,677,689397,1
0,Graduate,1,3158232,77742,240,887,2463756,1
3,Not Graduate,1,2285776,136404,60,802,3359841,1
0,Graduate,1,167722,695113,36,648,827111,1
2,Not Graduate,0,112412,317821,240,628,161301,0
0,Graduate,1,391909,389129,120,678,757815,1
2,Graduate,1,286295,317714,36,728,751367,1
0,Graduate,1,194259,246945,36,557,842925,0
1,Graduate,1,723118,741905,360,675,747253,1
2,Graduate,0,198868,514750,60,809,548799,0
3,Graduate,0,177843,1309078,12,683,608636,0
3,Graduate,1,499028,585470,360,627,1425649,0
2,Graduate,1,586822,356177,360,606,1399925,0
2,Graduate,1,969505,1172288,240,605,1297579,0
0,Graduate,1,668780,86488,240,818,1517141,1
0,Graduate,1,1395112,50000,12,729,1208405,1
0,Graduate,1,1029199,110434,240,704,1587415,1
0,Graduate,1,539801,383263,120,781,969415,1
0,Graduate,1,165163,799281,12,778,317432,0
1,Graduate,1,2419872,50000,60,703,2847943,1
0,Graduate,1,421314,534127,12,754,107004,0
1,Graduate,1,970966,379049,36,603,2558334,0
0,Graduate,1,157428,619682,60,701,796668,1
0,Graduate,0,21079,80211,36,699,114689,1
1,Not Graduate,1,790332,7387254,60,591,882411,0
2,Graduate,1,821495,558219,12,676,1284190,1
2,Graduate,1,5000000,159982,36,879,3948828,1
1,Not Graduate,0,126700,615039,60,747,288098,0
0,Graduate,1,1406382,2409283,240,701,1369141,1
1,Graduate,1,1108574,149245,36,617,2016721,0
0,Graduate,1,423830,121200,120,857,307314,1
0,Graduate,1,1389612,480201,60,795,3537003,1
1,Not Graduate,1,639564,522979,360,765,1397949,1
0,Graduate,1,1469150,1098443,360,674,3912125,1
0,Graduate,0,150857,2362646,360,518,535426,0
3,Graduate,1,822940,1178792,360,824,1606704,1
3,Graduate,1,582508,134903,240,827,1509137,1
0,Graduate,0,69837,185156,240,708,460819,1
0,Graduate,1,2229577,243214,360,598,5493652,0
0,Not Graduate,1,359832,1176054,360,740,938588,1
0,Not Graduate,1,507694,991234,12,692,270961,0
3,Graduate,0,195204,1907944,360,844,925048,0
0,Not Graduate,1,656300,944219,360,708,1301722,1
2,Graduate,1,339943,288522,12,699,404327,1
0,Graduate,1,1124170,443831,360,669,2649659,1
4,Not Graduate,0,105,125314,360,680,7345,0
0,Graduate,0,11631,1012713,36,616,334054,0
2,Graduate,1,766108,288930,36,797,602450,1
0,Graduate,1,459889,1838201,120,601,476576,0
1,Graduate,1,303704,984901,240,699,1055498,1
0,Not Graduate,1,490091,3752750,60,738,1263850,0
0,Graduate,1,773859,822246,120,573,2016001,0
3,Graduate,1,224118,806995,360,661,533433,0
3,Graduate,1,519587,450215,120,724,1510688,1
2,Not Graduate,1,782511,367847,120,704,633954,1
1,Graduate,1,1896893,417211,360,708,3892426,1
2,Graduate,1,568028,1467613,60,591,533416,0
0,Graduate,1,269218,140279,360,604,406680,0
0,Graduate,1,616782,575691,120,762,798752,1
0,Graduate,1,463584,102095,12,792,1497523,1
1,Graduate,1,1134545,784635,12,808,2156958,1
0,Graduate,1,556640,341625,12,705,713373,1
0,Graduate,0,99857,894143,120,761,132731,0
1,Graduate,1,5000000,257172,120,577,4968330,0
2,Graduate,0,134408,417910,240,600,345035,0
0,Graduate,1,783364,1016988,36,678,760588,0
0,Graduate,1,212537,612853,240,700,784992,1
0,Graduate,1,226012,2527631,360,671,830856,1
0,Graduate,1,677687,333852,12,682,560101,1
0,Not Graduate,1,954494,306205,36,604,1093832,0
1,Graduate,1,1279130,1861311,240,659,2492090,1
1,Graduate,0,46442,374300,60,594,247276,0
1,Not Graduate,1,282447,357461,60,807,433704,1
0,Graduate,1,98363,792621,60,619,411720,0
2,Graduate,1,673216,458697,12,767,1347603,1
0,Not Graduate,1,475832,395717,36,704,377630,1
1,Graduate,1,265652,270223,12,754,375488,1
2,Graduate,1,1414726,2110266,60,714,3544098,1
0,Graduate,1,206806,464797,120,668,953509,1
0,Graduate,1,1194902,307998,12,673,2319862,1
2,Not Graduate,1,236071,401561,36,791,630848,1
0,Graduate,1,812012,770597,12,645,2200721,0
1,Graduate,1,1539825,2329779,36,685,1747844,0
0,Not Graduate,0,194065,456288,360,852,191110,1
1,Not Graduate,1,2819121,228023,120,684,6318701,1
0,Graduate,1,3383120,3681641,240,711,3245971,1
0,Graduate,1,881817,618808,36,563,1897476,0
1,Graduate,1,1124791,486052,36,688,1434249,1
0,Not Graduate,1,1704133,580610,60,700,1145129,1
0,Graduate,1,1127531,155521,60,685,1644582,1
0,Graduate,1,1034878,516377,120,748,843015,1
0,Graduate,1,479617,1154996,360,698,482968,1
0,Graduate,1,189115,1830537,360,647,612808,0
0,Graduate,1,239887,377675,12,669,658534,1
3,Graduate,1,4905629,652100,240,747,4477151,1
0,Graduate,1,944080,1863512,240,598,887514,0
1,Graduate,1,599261,561029,120,687,779902,1
0,Graduate,1,2004012,1109560,240,718,3205904,1
0,Graduate,1,400485,825967,12,823,1187218,1
3,Graduate,0,147946,278096,60,841,437611,1
0,Not Graduate,1,775880,216179,360,751,1867809,1
3,Graduate,0,185444,1558635,120,702,651904,0
0,Graduate,1,557307,50000,240,812,999819,1
2,Graduate,1,337136,276890,360,792,929668,1
1,Graduate,1,377642,133880,120,742,378647,1
2,Graduate,1,389606,1560932,120,779,335003,0
1,Graduate,1,727685,2115457,36,677,2058578,0
1,Graduate,1,210048,261886,36,590,417809,0
0,Graduate,1,268889,8579645,120,780,682463,0
0,Graduate,1,812945,2141927,360,688,1637638,1
3,Graduate,1,658592,658128,36,714,1404934,1
0,Not Graduate,1,849314,2421722,240,721,1580622,1
0,Graduate,0,2354,284438,120,790,459998,1
2,Graduate,1,5000000,409793,36,653,10387367,1
0,Graduate,1,807251,858730,240,586,1119772,0
3,Graduate,0,175623,270478,60,731,400134,1
2,Not Graduate,1,790883,149595,60,811,784005,1
1,Not Graduate,1,1649469,211505,360,591,2836703,0
2,Graduate,0,165730,443883,120,724,666467,1
0,Graduate,1,1261462,863989,12,734,2362039,1
0,Graduate,1,1001327,385427,240,863,1703188,1
1,Not Graduate,1,578195,104836,360,755,801925,1
0,Graduate,1,797072,864857,360,616,1143346,0
2,Graduate,1,2621186,1930663,360,745,2006839,1
3,Graduate,1,885991,279303,120,721,1072423,1
1,Graduate,1,331433,2849888,36,739,948232,0
0,Graduate,1,564893,1288350,60,567,329180,0
3,Graduate,1,134403,188309,36,610,339149,0
1,Graduate,1,814165,282685,240,621,1904004,0
1,Graduate,1,2083687,395149,120,866,4546274,1
0,Not Graduate,1,249415,448975,360,714,573654,1
3,Not Graduate,1,822238,50000,60,631,541521,0
1,Not Graduate,0,104105,254445,240,731,709201,1
2,Graduate,1,1746127,310632,60,728,3668283,1
2,Not Graduate,1,2030598,3578878,360,747,3103651,1
0,Graduate,1,163635,678015,60,616,460928,0
1,Graduate,1,1092462,243283,120,730,2867862,1
2,Graduate,1,218720,348526,120,674,446956,1
0,Graduate,0,24291,826609,12,647,431453,0
2,Graduate,1,1406897,370291,12,817,3514062,1
3,Not Graduate,0,115382,300936,12,824,294361,0
1,Graduate,1,1304158,310764,12,732,920870,1
2,Graduate,0,86480,873034,360,664,275965,0
2,Graduate,1,2371142,135711,36,719,1785246,1
2,Graduate,0,118428,182243,12,413,657651,0
0,Graduate,1,1485762,213705,36,837,1747872,1
0,Graduate,0,78870,179137,60,844,538792,1
1,Not Graduate,1,1861924,237130,36,841,2684042,1
1,Graduate,1,566408,1324919,60,637,874871,0
1,Graduate,1,447315,1523248,12,708,1173568,0
2,Graduate,1,1203050,709068,36,818,761841,1
0,Not Graduate,1,1163065,669852,60,588,2379155,0
1,Not Graduate,0,118981,276514,12,728,595871,1
0,Graduate,1,3779267,67434,360,670,6849626,1
2,Graduate,1,3114192,623966,60,527,5206943,0
1,Graduate,1,1183549,727767,120,755,2719600,1
0,Not Graduate,1,1029231,275495,60,726,1494747,1
0,Not Graduate,1,949631,184227,12,717,1887528,1
2,Graduate,0,168490,151234,360,614,383551,0
1,Graduate,1,798304,638984,240,808,619314,1
0,Not Graduate,1,789877,586486,120,743,2066915,1
3,Graduate,1,460096,1784334,36,747,1201139,0
2,Graduate,1,569503,241483,120,790,524185,1
3,Graduate,1,108549,405171,12,759,729587,1
1,Graduate,1,303210,549739,60,655,282187,0
1,Not Graduate,1,1524933,311807,240,753,2375956,1
2,Graduate,1,2913767,1250452,12,717,2844871,1
1,Graduate,1,342934,1863833,360,715,859622,1
2,Graduate,1,844313,178873,60,761,1951719,1
0,Graduate,0,101968,341778,360,623,637045,0
1,Graduate,1,481098,2032048,360,494,1127212,0
0,Graduate,1,1252933,746509,12,681,2810755,1
0,Graduate,1,709963,607563,360,570,1279515,0
0,Graduate,1,1890442,760126,240,677,4432609,1
0,Graduate,1,261460,1041205,60,566,652990,0
3,Graduate,1,301443,797441,240,716,238206,1
0,Graduate,1,912215,669037,60,700,2201146,1
1,Not Graduate,1,787772,545563,120,703,1353770,1
2,Graduate,1,697278,2080719,12,758,1540185,0
1,Not Graduate,1,1156220,414039,36,805,2060885,1
0,Graduate,1,346445,541033,36,659,584152,0
2,Not Graduate,1,243884,2550993,12,728,697317,0
1,Not Graduate,1,488900,748425,360,729,895347,1
2,Graduate,1,534655,505556,360,585,1348378,0
2,Not Graduate,0,30676,1015352,36,786,318316,0
3,Not Graduate,1,2013201,678262,240,632,5085862,0
1,Graduate,1,1350970,258043,36,645,2632567,0
0,Graduate,0,28824,690451,12,682,98885,0
1,Graduate,1,871176,240682,360,620,1234180,0
0,Not Graduate,1,515374,3357718,120,637,261363,0
2,Graduate,1,368370,686098,360,750,932358,1
0,Graduate,1,279924,211460,12,608,898960,0
0,Graduate,0,199213,364896,12,788,949656,1
2,Graduate,1,704795,1154962,60,629,1335443,0
1,Graduate,0,26319,181474,36,776,124900,0
0,Graduate,1,835358,8206723,36,745,1918948,0
1,Graduate,1,624339,126089,60,620,613093,0
2,Graduate,1,530810,1363621,240,627,955773,0
0,Graduate,0,186893,332166,240,758,94022,0
2,Graduate,1,101875,240658,360,798,225739,0
0,Graduate,1,536604,925169,60,712,685997,1
2,Graduate,1,111084,343191,36,806,242015,0
2,Graduate,1,882796,2653931,240,811,2365572,1
0,Graduate,1,1342098,133080,240,635,732499,0
1,Graduate,1,247487,948159,120,821,308877,0
0,Graduate,0,136829,410354,240,766,470929,0
2,Graduate,1,187467,726707,36,638,753642,0
1,Not Graduate,1,767515,903557,120,659,799939,1
1,Graduate,1,555358,95643,120,806,940113,1
0,Not Graduate,1,583661,682834,360,837,660102,1
0,Not Graduate,1,543411,1605672,36,694,920315,0
0,Graduate,0,7690,861462,60,900,62649,0
0,Graduate,1,1803967,373707,12,841,1378597,1
1,Graduate,0,183476,131425,240,769,460767,1
2,Graduate,1,282736,898022,360,760,1080166,1
1,Graduate,1,416467,3527525,60,761,939397,0
1,Not Graduate,1,363067,1047449,12,579,681902,0
3,Graduate,1,2246181,1719800,36,660,4127343,1
2,Not Graduate,1,1288482,1373697,240,707,1120174,1
3,Graduate,1,659217,364733,60,680,1249864,1
1,Not Graduate,1,2858412,591542,12,766,6763119,1
0,Graduate,1,2330596,1287899,360,726,5609998,1
0,Graduate,0,124708,111332,36,761,425969,1
2,Graduate,1,525206,1036896,360,694,1621300,1
0,Graduate,1,545855,1902953,120,824,570819,1
0,Graduate,1,340374,513312,120,730,1137795,1
1,Not Graduate,1,2920249,1219583,120,693,2810296,1
1,Graduate,1,326070,310403,36,769,987915,1
1,Not Graduate,0,145697,561425,12,776,552817,0
0,Graduate,1,1267344,411221,36,719,2206324,1
0,Not Graduate,1,571549,855817,120,584,852740,0
1,Graduate,1,3103484,486734,36,794,5743973,1
3,Graduate,1,209551,101095,240,576,443771,0
2,Not Graduate,1,684365,263516,12,598,670521,0
3,Graduate,1,493248,3769709,360,721,1258818,0
2,Graduate,0,81413,953157,240,675,313329,0
1,Graduate,1,967869,66308,360,719,461509,1
0,Graduate,1,183168,1808157,120,837,593980,0
1,Graduate,1,1966141,170617,12,748,1602927,1
1,Graduate,1,1075578,1320306,240,649,564055,0
1,Graduate,1,318572,1967421,36,786,365365,0
1,Graduate,1,551422,598205,60,595,1146873,0
1,Graduate,1,257839,199407,360,660,460194,1
0,Graduate,1,636239,264298,36,709,590811,1
1,Graduate,1,822492,1013842,120,663,2350842,1
0,Not Graduate,1,558093,173601,60,771,1113743,1
2,Not Graduate,1,508707,301977,360,716,690276,1
0,Graduate,1,200748,902472,12,738,510859,0
0,Not Graduate,1,955311,281764,360,723,403317,1
1,Graduate,0,19462,2237302,60,792,202766,0
1,Graduate,1,747779,191361,360,628,1692187,0
1,Graduate,0,157856,50000,360,573,681436,0
0,Graduate,1,759491,248147,12,776,2189875,1
1,Graduate,1,725854,736838,240,652,593544,1
0,Graduate,1,1007191,1281228,360,629,1936065,0
3,Graduate,1,1453999,359191,240,725,3660848,1
3,Graduate,1,1686339,409531,360,732,4182008,1
1,Graduate,1,201182,523930,360,806,255308,1
0,Graduate,1,696229,3084537,240,721,1199839,1
2,Graduate,1,3644583,789187,240,715,1369008,1
0,Graduate,1,802334,330125,360,655,662741,1
1,Graduate,1,375090,4204916,240,840,1175783,0
0,Graduate,0,163420,546455,60,808,456363,0
3,Graduate,0,115132,67824,12,563,322078,0
0,Not Graduate,1,284598,135019,240,831,516959,1
1,Not Graduate,1,1461952,944335,240,662,4032599,1
2,Graduate,1,1164127,91379,12,803,1384593,1
1,Graduate,0,138281,889176,60,745,513538,0
0,Graduate,1,676968,247714,360,794,342324,1
3,Not Graduate,1,463623,1754537,240,788,824787,1
1,Graduate,1,202546,638906,360,749,725095,1
1,Graduate,0,159397,105132,360,771,246206,1
0,Graduate,1,264932,1348121,60,640,719181,0
1,Graduate,1,696105,2112954,240,900,1228821,1
1,Graduate,1,505669,150718,60,650,730326,1
0,Graduate,0,132562,242125,360,745,368443,1
0,Graduate,0,186731,893037,120,718,626066,0
2,Graduate,1,1326464,1068445,240,744,580725,1
0,Graduate,1,970296,5684454,240,621,557846,0
0,Graduate,1,1625774,1317054,360,712,3004191,1
1,Graduate,1,607647,5961210,360,641,902583,0
2,Not Graduate,0,77655,550956,360,568,477851,0
0,Graduate,1,963631,793038,36,673,1762355,1
1,Graduate,1,493296,306162,36,862,1078194,1
0,Graduate,1,785724,320422,360,664,2218321,1
0,Graduate,1,268750,625996,360,747,463786,1
0,Graduate,0,122457,301792,360,754,144145,0
2,Graduate,1,1028877,50000,60,785,1006806,1
0,Graduate,1,1189847,277395,36,726,1720972,0
0,Graduate,1,525376,1585949,60,783,470340,0
1,Graduate,1,5000000,581176,240,752,6748509,1
2,Graduate,1,635542,584440,240,845,980947,1
0,Graduate,0,16189,251841,360,640,199062,0
1,Graduate,1,1925341,753851,120,793,3491554,1
0,Graduate,0,10985,2838136,120,740,456578,0
1,Graduate,1,877955,2192836,36,667,1375814,0
1,Graduate,0,191848,779079,360,708,743741,0
1,Graduate,1,999167,230101,360,861,610832,1
0,Graduate,1,2663663,3163526,240,704,6692906,1
0,Not Graduate,1,857096,1558512,60,790,333485,1
0,Not Graduate,0,46556,122903,36,734,160627,1
0,Graduate,1,46042,93265,120,826,233551,1
0,Graduate,1,992167,129906,12,698,1547957,1
2,Graduate,0,19469,329829,60,799,479190,1
3,Graduate,1,673490,1331454,360,684,1655848,1
3,Not Graduate,1,381832,1300099,12,731,1008511,0
2,Graduate,1,360509,759731,36,610,1186791,0
1,Not Graduate,1,395450,469557,36,628,658199,0
2,Graduate,1,425108,5788061,12,714,526920,0
0,Graduate,1,1357273,559046,36,701,1416045,1
1,Not Graduate,1,1154196,495347,36,573,1880359,0
1,Graduate,1,277509,325273,240,732,412146,1
1,Not Graduate,1,309468,4935641,360,725,571883,0
2,Graduate,1,987861,1111143,60,633,968346,0
0,Graduate,1,1692981,192050,120,797,1205451,1
0,Graduate,1,1672304,170593,360,715,2722542,1
3,Graduate,1,326986,100706,240,628,904246,0
0,Graduate,0,72636,490524,36,776,552744,0
1,Graduate,0,43719,120755,120,545,445074,0
3,Graduate,1,620134,168113,36,570,280445,0
1,Graduate,0,7364,1572758,360,592,58540,0
1,Graduate,0,120056,1317170,60,731,252863,0
0,Graduate,1,3891423,2401014,36,763,4679583,1
0,Not Graduate,1,2108223,124203,12,638,799033,0
2,Graduate,1,1223961,198328,12,743,1823554,1
1,Graduate,1,337046,288207,12,827,611993,1
1,Not Graduate,0,45980,2785909,12,660,16453,0
0,Not Graduate,1,1372763,575435,120,591,718170,0
0,Graduate,1,297113,3341817,360,900,644815,1
3,Not Graduate,1,631353,1012005,12,728,1319204,1
0,Graduate,1,1511037,482906,36,608,1308902,0
1,Graduate,1,220648,959183,240,666,342260,1
0,Graduate,0,122149,95857,36,496,510310,0
1,Graduate,1,179186,69269,36,619,245138,0
3,Not Graduate,0,151384,700295,36,721,231996,0
1,Graduate,1,487149,548203,36,733,557005,0
0,Not Graduate,1,1100026,3736341,240,563,1916439,0
1,Graduate,1,416386,136087,12,747,1041460,1
2,Graduate,0,122717,784225,60,676,639627,0
1,Graduate,1,420928,1083035,120,739,865749,1
2,Not Graduate,1,477112,761322,240,831,1417426,1
1,Graduate,1,1983808,1621635,240,776,4010564,1
2,Not Graduate,0,173137,287112,240,709,448760,1
1,Not Graduate,1,1338852,1241997,120,679,2837687,1
0,Graduate,1,728795,947445,36,631,1127392,0
0,Graduate,1,460264,1733848,360,596,595883,0
0,Not Graduate,1,275400,324109,120,637,949553,0
3,Not Graduate,1,291562,165015,240,775,750915,1
2,Graduate,0,14581,288209,36,687,394981,1
1,Graduate,1,646906,186640,240,565,1036304,0
0,Graduate,0,37679,307128,60,658,212955,0
0,Graduate,1,573669,386820,12,812,1531778,1
2,Graduate,1,605222,217207,12,680,1767069,1
1,Graduate,0,191829,544581,240,587,911141,0
0,Graduate,1,1068132,166205,36,736,628128,1
1,Graduate,1,1221807,502223,60,724,589443,1
0,Graduate,1,240488,329317,60,652,579059,1
0,Graduate,1,582066,478671,360,737,1308428,1
1,Graduate,1,1947239,800793,36,734,4242023,1
0,Graduate,1,254512,355673,36,714,212062,0
4,Graduate,1,774095,248211,60,822,1703153,1
0,Graduate,1,636235,280820,12,732,1224855,1
0,Graduate,1,463545,1503224,12,704,604326,0
0,Graduate,0,68224,1936349,60,721,212010,0
2,Not Graduate,1,751231,322900,120,728,379667,1
1,Graduate,1,2443436,462992,60,745,1198133,1
1,Graduate,1,732707,98282,240,704,1715644,1
0,Graduate,1,1054107,450475,360,835,2196310,1
0,Graduate,1,459651,126556,120,623,638728,0
1,Not Graduate,1,463761,331592,36,780,1217989,1
2,Graduate,0,134356,1587026,60,666,540746,0
2,Graduate,0,35067,120342,60,712,209655,1
0,Graduate,1,1176894,219254,120,807,2810446,1
1,Graduate,1,985931,220334,60,762,1784691,1
3,Graduate,1,250412,101838,240,717,668883,1
0,Graduate,1,382661,1280428,12,702,1013245,0
2,Graduate,1,1439712,713000,60,612,3132365,0
0,Not Graduate,1,152242,3298090,12,824,393499,0
3,Graduate,1,921802,199721,36,720,1615503,1
2,Graduate,1,666967,91844,36,752,499653,1
3,Graduate,1,1439297,1385149,60,825,1469441,1
1,Graduate,1,1017945,376684,36,684,515416,1
0,Graduate,1,428829,338871,60,614,235920,0
3,Graduate,1,413544,2369113,12,651,1487022,0
0,Graduate,1,480111,640344,120,613,543371,0
0,Not Graduate,0,59879,1334671,60,855,235181,0
2,Graduate,0,128058,289917,360,670,738693,1
2,Graduate,1,827284,261674,120,549,1262564,0
3,Graduate,1,359896,374979,12,590,96054,0
0,Graduate,1,849725,1056388,12,886,1824545,1
2,Graduate,1,960873,568581,120,733,2509160,1
2,Not Graduate,1,192940,862819,360,786,684527,0
0,Not Graduate,1,608350,50000,60,600,1182129,0
0,Graduate,1,826087,82292,120,801,1420450,1
0,Graduate,1,782586,62712,60,601,461416,0
0,Graduate,1,661482,369795,360,689,1675506,1
4,Graduate,1,274660,133564,60,735,673450,1
1,Graduate,1,310238,2927486,120,711,448959,0
2,Graduate,1,242210,528931,12,726,99530,0
3,Graduate,1,1136241,671110,240,643,1240645,0
0,Graduate,1,665000,181717,36,691,1460904,1
2,Not Graduate,1,699833,176136,240,617,1820798,0
1,Not Graduate,1,186391,2549068,12,828,229769,0
2,Graduate,1,710069,3212025,36,699,890217,0
0,Graduate,1,1210942,818985,360,620,2756590,0
3,Not Graduate,1,167130,70845,360,860,524394,1
0,Graduate,1,475287,353105,120,669,524783,1
0,Not Graduate,1,207673,739158,240,774,493675,1
2,Graduate,1,521140,430212,60,666,746080,1
0,Graduate,1,354763,64850,12,716,817495,1
1,Graduate,1,989274,3434959,12,767,1879265,0
1,Not Graduate,1,835170,234334,360,691,1394516,1
2,Graduate,1,2049699,141329,12,754,721985,1
0,Graduate,1,698533,523935,360,807,2017617,1
0,Graduate,1,956264,1766045,240,630,1380713,0
0,Not Graduate,0,44505,902583,60,564,422938,0
1,Not Graduate,0,145935,144981,240,673,380943,1
0,Not Graduate,1,1422334,122934,60,786,578678,1
0,Not Graduate,1,1972089,60380,36,666,2400568,1
0,Graduate,1,1282759,403687,120,809,858611,1
0,Graduate,0,28251,336687,360,759,135409,0
1,Graduate,1,334611,903354,12,765,1017663,0
2,Graduate,1,1818099,272253,60,698,1274736,1
0,Not Graduate,1,1159625,1430747,240,655,2379262,1
1,Not Graduate,1,3685448,1039951,360,692,2680124,1
1,Graduate,1,289659,260698,360,711,532513,1
1,Graduate,1,1454326,799046,360,709,2776006,1
2,Not Graduate,1,1131760,2041044,240,718,708369,1
1,Graduate,1,554808,206755,12,683,1506626,1
1,Graduate,0,152975,436556,12,677,840203,1
0,Graduate,1,1006385,428142,12,804,1248375,1
1,Graduate,1,344719,377862,36,631,930064,1
1,Graduate,1,663529,1204886,120,693,606299,1
0,Graduate,1,341435,1304176,360,839,783910,1
0,Graduate,1,501414,811527,60,698,587265,1
3,Not Graduate,1,1280883,773696,12,784,3454731,0
1,Graduate,0,139309,307980,60,664,618964,1
1,Graduate,1,870627,752027,240,623,1469452,0
3,Not Graduate,1,400288,149466,120,862,513690,1
2,Graduate,1,989828,6443239,120,624,805668,0
1,Graduate,1,1301098,2084972,60,711,1420452,1
2,Not Graduate,1,150589,1406390,240,841,428926,0
2,Graduate,1,800653,812878,240,612,1101260,0
1,Not Graduate,1,626464,813565,36,765,1949796,1
1,Graduate,1,1564331,99695,360,754,3332967,1
0,Graduate,1,993064,153489,12,710,325156,1
3,Graduate,0,131725,173864,240,862,142533,0
1,Graduate,1,496069,572833,12,732,407639,0
0,Not Graduate,1,730380,407778,12,720,1592508,1
2,Graduate,1,1551833,1216305,60,638,2315350,0
1,Not Graduate,0,6732,205757,360,705,154730,0
0,Not Graduate,1,838806,1508480,12,761,2013359,1
1,Graduate,1,213466,237903,60,782,274717,1
1,Not Graduate,1,690497,355768,120,771,1611286,1
2,Graduate,1,145859,1323042,240,569,675116,0
0,Graduate,1,482667,895067,60,706,1334022,1
2,Not Graduate,1,767437,154591,36,642,1603429,0
1,Graduate,1,1347315,1566039,60,585,1109295,0
0,Graduate,1,327968,590654,12,659,940541,1
3,Graduate,1,983573,63436,36,673,2207203,1
1,Graduate,1,2361469,232656,360,628,5315981,0
0,Graduate,1,436876,358747,12,711,1339852,0
1,Graduate,1,211579,167822,36,772,129355,1
2,Graduate,1,919763,2069282,60,751,950332,0
0,Graduate,1,281082,371476,12,673,213569,0
0,Graduate,1,378814,856134,60,780,1143133,1
0,Graduate,1,1526777,664365,240,656,2835309,1
0,Graduate,1,3273988,1094431,360,844,2986610,1
2,Not Graduate,1,327567,2879279,36,727,670890,0
1,Graduate,1,404361,1062038,120,783,598655,1
0,Graduate,0,189672,3086703,360,670,257649,0
0,Graduate,1,470595,1090614,120,689,327554,1
0,Graduate,1,3425075,616326,60,718,7516647,1
3,Graduate,1,477130,745235,36,700,1053832,1
0,Not Graduate,1,534880,50000,36,677,1483026,1
4,Not Graduate,1,2657621,342780,60,597,4066720,0
1,Not Graduate,1,1157000,468090,120,659,2159917,1
0,Not Graduate,1,1605136,837397,360,616,3107278,0
2,Graduate,1,353313,526754,240,564,949251,0
1,Graduate,1,477278,754549,360,726,862377,1
2,Graduate,1,317497,143890,120,644,696452,0
4,Graduate,1,1384721,111152,12,814,1870479,1
0,Not Graduate,1,1943876,165523,120,649,5063067,0
0,Graduate,1,451432,2600448,12,635,1027607,0
2,Not Graduate,1,545035,152070,12,797,1165550,1
0,Graduate,1,564450,245584,240,759,1337490,1
0,Not Graduate,1,211550,600281,240,793,534291,1
0,Graduate,1,425466,110015,360,688,321610,1
0,Graduate,1,1354053,225856,120,571,3422900,1
2,Graduate,1,362096,1063187,360,762,610317,1
0,Not Graduate,1,785743,348696,60,786,1090747,1
1,Not Graduate,1,256166,2909483,120,685,691406,0
1,Graduate,1,650046,98858,240,846,1122548,1
1,Graduate,1,464790,382466,360,755,817819,1
0,Graduate,1,274487,348788,12,711,321057,0
2,Not Graduate,1,1372725,535558,12,761,1447509,1
0,Graduate,1,1435899,158456,60,635,2161761,0
2,Graduate,0,149076,302404,120,720,696648,1
2,Graduate,1,613572,1189594,60,596,1169034,0
1,Graduate,1,755741,412750,60,724,664345,1
1,Graduate,1,170790,185400,120,725,482142,1
1,Graduate,1,238547,4325551,36,727,285019,0
0,Not Graduate,0,11936,567558,120,696,174468,0
2,Not Graduate,1,311108,997835,60,628,751718,0
2,Graduate,1,1995781,1160247,360,883,3402021,1
0,Not Graduate,1,248617,503451,36,628,799616,0
1,Graduate,1,1235593,245304,360,613,635835,0
3,Graduate,1,568614,659473,60,701,487450,1
3,Graduate,0,2150,268307,60,699,157949,0
1,Graduate,1,3219538,783533,60,726,1523960,1
1,Not Graduate,1,267440,458520,360,772,923655,1
0,Graduate,1,1173895,1512712,12,627,2318892,0
3,Graduate,1,1135736,172559,120,821,1335807,1
0,Not Graduate,1,5000000,1108498,240,682,3297369,1
1,Graduate,1,308135,998271,12,577,534837,0
0,Not Graduate,1,442064,425481,120,748,504884,1
0,Graduate,1,1401057,1121520,12,696,1765604,1
1,Graduate,1,621436,821504,120,722,1730961,0
4,Not Graduate,1,503610,1052997,36,783,394027,0
0,Graduate,1,1569094,988077,360,817,1596358,1
1,Graduate,1,589332,568138,240,633,1722558,0
0,Graduate,1,357364,297686,36,513,976377,0
0,Graduate,1,1304027,294267,36,679,3070803,1
1,Not Graduate,1,984835,435980,120,659,175551,1
1,Graduate,1,567912,1255624,60,689,790883,0
0,Graduate,1,546756,1016879,360,577,1080565,0
0,Not Graduate,1,350836,1477676,60,675,194655,0
0,Graduate,1,1302866,1633569,60,644,845238,0
0,Graduate,0,150977,434958,60,622,254710,0
3,Graduate,1,394006,3845528,360,564,1390442,0
3,Not Graduate,1,260812,487000,240,672,505110,1
0,Graduate,1,998214,329754,36,808,1982008,1
1,Graduate,1,485596,754139,12,678,801612,0
3,Graduate,1,145780,876517,240,549,656162,0
0,Graduate,0,65368,257413,360,847,464276,1
2,Graduate,1,605083,461089,120,558,282490,0
3,Graduate,1,618820,345596,240,700,723005,1
0,Graduate,1,600288,622527,240,656,350469,1
0,Graduate,1,537022,1197634,360,655,1368532,1
3,Graduate,1,223981,414194,120,661,587267,1
1,Not Graduate,1,362348,958107,12,756,913524,0
0,Graduate,1,1880449,134746,36,700,1034142,1
0,Graduate,1,1671083,1315576,240,783,1048123,1
1,Graduate,1,1158181,343371,120,900,976572,1
1,Graduate,1,1079061,337303,120,769,2532840,1
2,Graduate,1,1504249,806403,12,764,2722913,1
4,Graduate,0,24109,849923,240,683,364532,0
0,Graduate,1,748886,482961,120,781,341805,1
1,Not Graduate,1,297683,222170,360,729,242164,1
1,Graduate,1,301844,334513,360,661,702821,1
1,Not Graduate,1,979161,594361,12,710,2463430,1
0,Graduate,1,1555644,881906,12,669,3307890,1
3,Not Graduate,1,624633,237292,120,769,1509829,1
2,Graduate,1,2728330,284889,120,588,702493,0
1,Graduate,1,864085,702881,240,703,2172999,1
1,Not Graduate,1,391825,497212,240,777,385889,1
0,Graduate,1,305778,625619,36,809,594462,0
1,Graduate,1,1647064,50000,120,687,2953382,1
1,Graduate,1,808363,402354,60,773,721991,1
1,Not Graduate,1,1252732,1268403,360,804,2545785,1
4,Graduate,1,86997,291887,60,696,553377,1
1,Not Graduate,0,179691,878987,360,828,414240,0
0,Graduate,1,484358,161337,36,678,969059,1
2,Graduate,1,239184,113234,120,598,788713,0
0,Graduate,0,21902,820621,12,646,73121,0
0,Graduate,1,1747070,511721,360,698,3431039,1
0,Graduate,1,4470373,386200,60,776,7078354,1
1,Graduate,1,885335,1259803,240,592,481460,0
2,Graduate,1,413611,395600,60,711,578920,1
1,Graduate,1,394114,287041,120,838,811407,1
2,Graduate,0,113330,257604,360,680,385070,1
1,Not Graduate,1,328568,208491,60,749,452099,1
0,Graduate,0,58861,861687,36,711,230716,0
2,Not Graduate,1,922594,395498,240,711,2158915,1
0,Graduate,1,844484,1693860,36,623,1718226,0
0,Not Graduate,1,208044,50000,12,609,804491,0
1,Graduate,0,106747,1359789,12,719,115247,0
0,Graduate,1,227174,774234,12,756,877255,0
0,Not Graduate,1,455614,493449,12,753,565311,0
1,Not Graduate,1,1519225,148536,120,766,1551484,1
1,Graduate,1,1952939,102757,120,751,4537469,1
1,Graduate,1,865583,1145200,120,694,2283344,1
3,Graduate,1,462188,688414,36,652,382634,0
1,Graduate,1,2598589,675506,36,787,1526548,1
2,Not Graduate,0,95869,487735,60,653,400336,0
0,Graduate,1,294034,1264019,240,710,781517,1
1,Not Graduate,1,1273381,300778,36,543,860987,0
2,Graduate,1,1051982,386000,60,838,826799,1
1,Not Graduate,0,72653,452889,12,672,238220,0
2,Not Graduate,1,790309,436411,12,550,1555994,1
0,Graduate,1,1038957,2056616,36,826,808346,0
0,Graduate,1,858500,154131,120,706,1018514,1
1,Not Graduate,1,1052997,76529,60,706,2415026,1
0,Graduate,0,144433,126244,360,851,344777,1
2,Graduate,0,58734,1070515,240,672,497890,0
0,Graduate,1,739734,488563,60,830,486651,1
3,Graduate,1,500094,109237,120,602,964853,0
3,Not Graduate,1,599164,596995,360,747,1690647,1
0,Graduate,1,674467,390824,120,736,1436347,1
0,Not Graduate,1,229508,945524,36,772,410335,0
2,Graduate,1,438306,1195728,120,626,795169,0
3,Graduate,1,768291,6703624,120,574,1587145,0
1,Graduate,0,58802,165685,240,900,577691,1
0,Graduate,1,444213,83888,120,796,571176,1
1,Graduate,1,4914575,973952,360,691,1674512,1
1,Graduate,1,295550,1449475,12,755,655211,0
0,Graduate,1,536568,150889,120,658,1033057,1
2,Not Graduate,1,374379,151035,12,717,352835,1
0,Graduate,1,664309,762506,240,642,1584028,0
0,Graduate,1,380052,3001080,360,697,355798,1
0,Not Graduate,1,600432,224895,36,606,776587,0
0,Graduate,1,410512,589521,12,858,910691,1
0,Graduate,0,190509,80890,36,698,322694,1
1,Graduate,1,778644,443039,360,652,723083,1
0,Graduate,0,170008,482314,360,628,627474,0
0,Graduate,0,105989,2344400,360,848,247831,0
0,Graduate,0,45642,266551,360,710,454628,1
3,Graduate,0,38685,1073473,36,831,67422,0
1,Graduate,1,727643,249755,12,728,1381800,1
1,Not Graduate,0,192973,591449,60,763,448254,0
1,Graduate,1,169036,4313763,120,729,262165,0
4,Graduate,1,251502,3246543,240,608,377426,0
0,Graduate,1,1331771,3838406,360,821,2657068,1
1,Not Graduate,1,436325,804175,36,735,1314926,1
2,Graduate,1,1190113,437896,60,660,2215549,1
1,Graduate,1,373251,718503,36,709,1071483,1
0,Not Graduate,1,817143,861170,60,741,508920,1
1,Graduate,1,2944881,797561,240,675,2370907,1
0,Graduate,1,280499,265299,60,640,1000245,0
1,Graduate,1,1654498,254852,240,620,4101378,0
2,Graduate,1,1256405,297670,120,687,3178212,1
0,Not Graduate,1,221594,1575865,360,801,548327,1
2,Graduate,1,1140663,1756857,360,658,2652236,1
0,Graduate,1,773162,13038719,360,662,738536,0
2,Graduate,1,784557,827070,60,685,1151856,1
1,Not Graduate,1,954758,245627,360,680,2434851,1
0,Graduate,1,551119,334740,36,732,620520,1
0,Graduate,1,771490,461620,120,699,583764,1
3,Graduate,1,884839,2436927,36,664,1720582,0
0,Graduate,0,111,1124600,36,723,337215,0
0,Graduate,1,214973,140532,120,785,701426,1
0,Graduate,1,2048685,510505,120,766,5119365,1
1,Graduate,1,289458,124060,240,679,498810,1
1,Graduate,1,1341505,977230,60,760,2340786,1
0,Graduate,0,132060,266516,240,710,124033,0
0,Graduate,1,261731,293245,12,669,601058,1
0,Graduate,1,1112940,82559,12,556,1170966,0
0,Not Graduate,1,342379,1151779,240,735,1034620,1
1,Graduate,1,1715193,1809691,240,698,4328868,1
2,Graduate,1,413053,270237,60,778,702802,1
0,Graduate,1,220578,459541,120,864,631895,1
0,Not Graduate,1,2488214,334600,12,641,1792141,0
0,Graduate,0,56253,434408,120,597,80778,0
3,Graduate,1,1459716,238075,36,615,2738468,0
3,Graduate,1,369099,179826,36,743,806646,1
2,Graduate,1,160580,2123592,120,681,652640,0
0,Not Graduate,1,2786123,50000,36,722,5546039,1
0,Graduate,1,725675,894584,12,695,1631785,1
0,Graduate,1,1080658,717359,12,787,2298101,1
0,Not Graduate,1,1233389,2824717,36,712,1363775,0
1,Graduate,1,557761,426605,12,616,1342579,0
2,Not Graduate,1,874129,372762,36,641,828346,0
2,Graduate,1,2610786,240755,60,786,382614,1
2,Graduate,1,710729,771092,60,662,1326990,1
0,Not Graduate,1,1549869,266137,120,762,1864076,1
1,Graduate,1,148301,174767,36,717,737809,1
0,Not Graduate,1,1792296,258568,60,783,1413036,1
0,Graduate,0,71844,209648,60,828,138089,0
2,Graduate,1,1635611,197608,12,647,3701065,0
0,Graduate,1,996998,588486,120,806,1867523,1
1,Graduate,1,675537,444837,120,626,415245,0
0,Graduate,1,673558,936207,60,782,882857,1
1,Graduate,0,123276,626077,60,670,206705,0
2,Not Graduate,1,378308,162312,120,526,1050187,0
0,Graduate,1,618602,64695,360,883,1127369,1
2,Graduate,1,4267109,187933,12,700,3015917,1
0,Graduate,1,2067488,1159809,240,773,3693691,1
1,Graduate,1,363377,1133827,12,688,293546,0
2,Graduate,1,903607,1446529,240,783,1950102,1
1,Graduate,1,787629,1249107,120,647,1655553,0
4,Not Graduate,0,75231,1602612,120,670,276229,0
0,Not Graduate,1,327020,811237,120,761,431463,1
1,Graduate,1,1042068,3278645,36,700,665489,0
1,Graduate,1,1435261,724799,36,629,1818273,0
3,Graduate,1,374325,3989848,36,746,512945,0
0,Graduate,1,3486584,288835,120,739,4036064,1
2,Graduate,1,2464754,281548,60,696,969202,1
1,Graduate,0,36324,445796,120,655,263009,0
0,Graduate,1,272290,520487,240,701,661976,1
1,Graduate,1,1005632,391897,12,780,1924453,1
0,Not Graduate,1,913996,926962,360,680,587766,1
1,Graduate,1,1099673,487809,240,571,394210,0
2,Graduate,1,2603510,294438,12,694,3840023,1
1,Graduate,1,633630,363658,240,706,818421,1
1,Not Graduate,1,3753732,1825972,12,725,4395664,1
1,Not Graduate,1,1009740,742045,360,723,2451605,1
0,Graduate,1,578173,101085,60,764,1075312,1
0,Graduate,0,49225,2447614,12,699,106494,1
1,Not Graduate,1,1416803,833599,120,696,3287489,1
0,Graduate,1,506972,1023901,240,731,1092597,1
0,Not Graduate,1,780252,1368288,36,564,1760913,0
1,Not Graduate,1,1212489,1440833,60,674,683124,1
0,Graduate,1,646488,215536,360,675,1299061,1
0,Graduate,1,811894,185309,240,691,1962614,1
1,Graduate,1,379358,5935140,60,611,1221681,0
0,Graduate,1,189443,268853,36,719,103444,0
3,Not Graduate,1,794235,789104,36,686,2008685,1
2,Not Graduate,1,815879,2761998,36,586,1845942,0
2,Graduate,1,1112027,346796,36,662,980457,1
0,Graduate,1,460030,376953,36,715,1031131,1
2,Graduate,1,249585,1364725,120,803,980953,0
2,Graduate,0,5126,668554,12,839,442877,0
2,Graduate,1,1697228,886567,36,699,1994478,1
0,Graduate,1,427928,498606,240,806,893909,1
1,Graduate,1,512130,319219,240,794,286832,1
2,Graduate,1,568109,387340,36,756,1032464,1
1,Not Graduate,1,444443,1783299,60,637,1386921,0
1,Graduate,1,418918,402069,36,763,420623,1
1,Not Graduate,1,363342,829620,360,653,490935,1
1,Graduate,0,164002,205089,120,781,281487,1
0,Graduate,1,1256801,4156895,360,693,722123,1
1,Not Graduate,1,1979305,743314,12,697,433250,0
0,Graduate,0,55636,758889,240,761,556945,0
1,Graduate,1,111312,1364472,36,846,315861,0
0,Graduate,1,960072,334069,12,749,1969753,1
1,Graduate,1,456369,1782893,12,868,1464764,0
0,Graduate,1,1782357,118621,36,637,921925,0
1,Not Graduate,1,403052,292312,12,667,1323773,1
2,Graduate,1,313853,242503,240,690,826220,1
0,Graduate,1,231599,82405,36,666,368488,1
0,Not Graduate,1,572552,318479,60,781,1381406,1
0,Graduate,1,1516561,513008,36,662,1436329,1
2,Graduate,1,895317,181694,240,662,618726,1
1,Graduate,1,278697,157263,36,590,733673,0
1,Graduate,1,4082121,563022,36,709,9523217,1
0,Graduate,1,1226445,498823,36,805,681870,1
1,Graduate,1,1358549,414262,120,758,2487130,1
2,Graduate,1,2039108,152339,120,883,5139485,1
2,Graduate,1,196384,364201,240,803,509628,1
1,Graduate,1,351812,277541,12,806,840755,1
0,Graduate,1,1409025,588821,36,873,1603288,1
0,Graduate,1,381325,309021,36,764,395110,1
0,Graduate,0,55075,519824,360,610,237041,0
0,Graduate,1,685433,145682,120,762,492466,1
0,Not Graduate,1,262518,133673,60,754,424608,1
0,Graduate,1,546530,943677,360,694,391372,1
0,Graduate,1,1516025,1161650,120,647,1073141,1
3,Graduate,0,49408,364862,12,766,44544,0
1,Graduate,0,113678,555506,360,692,236461,0
2,Graduate,1,1636222,344650,36,679,696424,1
2,Not Graduate,1,1009230,1618848,36,888,1127894,0
0,Not Graduate,1,947273,441043,240,824,848000,1
2,Not Graduate,1,893288,328116,60,587,796153,0
0,Not Graduate,1,441689,1420186,240,900,560538,1
1,Not Graduate,1,319989,249177,60,734,182952,1
0,Graduate,1,420131,631982,360,776,389198,1
4,Graduate,1,561954,189383,360,798,673669,1
0,Not Graduate,1,431636,1050261,60,818,484416,0
0,Graduate,1,1015676,1221290,360,789,811110,1
3,Graduate,1,857276,148941,60,653,1540249,1
0,Graduate,1,934212,127434,60,764,1063788,1
1,Graduate,1,966200,721106,240,803,1782649,1
2,Graduate,1,1898417,3763345,36,816,2130568,0
2,Graduate,1,724430,1307949,36,623,930430,0
3,Graduate,1,1634251,436989,360,779,2089552,1
3,Not Graduate,1,1102695,229968,240,789,2730226,1
0,Graduate,1,1800737,160151,360,645,2090893,0
2,Not Graduate,1,2654332,1106900,120,768,4448716,1
1,Graduate,1,1156975,1359699,360,693,1632616,1
1,Graduate,1,792552,287460,12,660,1662206,1
0,Graduate,1,788467,422215,60,636,537574,0
1,Graduate,1,500752,566343,240,688,278317,1
4,Graduate,1,487469,3311283,60,778,769370,0
3,Not Graduate,1,1501077,576743,60,508,3781989,0
1,Not Graduate,0,197515,202612,60,609,252235,0
0,Not Graduate,1,2654636,169966,240,669,705536,1
0,Graduate,1,646043,217243,36,811,1734238,1
2,Graduate,1,5000000,1912691,120,704,2182135,1
2,Graduate,1,418950,902695,120,818,1339696,0
1,Graduate,1,891045,382508,360,674,1226941,1
0,Graduate,0,32774,50000,240,579,159353,0
1,Graduate,1,386749,230352,12,589,690696,0
1,Graduate,1,1708352,762203,120,661,2816502,1
3,Graduate,1,301208,768478,120,571,789757,0
1,Graduate,1,424700,761815,60,718,1271124,1
0,Graduate,0,185165,140462,240,872,202241,1
1,Graduate,1,1323736,644997,360,596,2836737,0
0,Graduate,1,239543,203636,360,777,695921,1
3,Graduate,1,1161637,541387,36,834,2174989,1
0,Graduate,0,195479,250753,240,676,499239,1
1,Graduate,1,350046,1576049,240,686,681150,1
0,Graduate,1,388052,757248,120,602,319787,0
1,Not Graduate,1,143377,468254,60,595,519748,0
1,Graduate,1,2881886,2148708,240,726,1045281,1
2,Graduate,1,1643496,372319,36,900,981276,1
0,Graduate,1,260064,131258,60,661,622566,0
0,Not Graduate,1,1382115,1553270,60,763,1860484,1
0,Graduate,1,460828,695377,36,631,492381,0
1,Not Graduate,1,1516398,392904,36,655,3639200,1
0,Graduate,1,490480,283865,360,621,489317,0
1,Graduate,1,545422,900570,36,647,862381,0
2,Not Graduate,0,13423,1219114,240,719,240869,0
2,Graduate,1,431108,251019,360,565,934364,0
1,Graduate,1,2234252,951067,60,698,3503484,1
1,Graduate,1,1496772,694262,360,530,3750752,0
0,Graduate,1,796481,235762,60,669,1874129,1
1,Graduate,1,1655567,542453,12,604,4543555,0
2,Graduate,1,198459,312808,12,829,847472,1
0,Graduate,1,273001,1867923,12,725,689456,0
1,Not Graduate,1,1066234,282400,360,692,981770,1
2,Graduate,1,1313793,2443333,240,592,1313700,0
2,Graduate,1,912119,616252,360,706,1271813,1
0,Graduate,1,161755,94323,240,685,827863,1
1,Not Graduate,1,311804,61505,36,730,380525,1
0,Graduate,1,1017921,438621,240,690,2287764,1
0,Graduate,1,5000000,2050565,60,643,7762690,0
3,Not Graduate,1,1932509,1849858,60,707,1467713,1
2,Not Graduate,1,2576244,638140,360,584,2115752,0
2,Graduate,1,957212,258572,120,473,1134234,0
0,Graduate,1,951688,356005,120,629,909305,0
2,Graduate,1,319084,664872,240,588,988306,0
1,Graduate,1,1561968,1602870,360,808,1521700,1
0,Not Graduate,1,687938,954745,360,817,1028104,1
1,Not Graduate,1,1269566,1423009,120,770,2421980,1
0,Graduate,1,747544,1028564,240,699,1859571,1
2,Graduate,1,911908,1381782,36,623,2467932,0
1,Graduate,1,679979,56319,36,706,604725,1
0,Not Graduate,1,873007,221337,120,627,2150780,0
0,Graduate,1,1623445,179008,240,642,3559984,0
0,Graduate,1,264875,162778,120,641,152777,0
0,Graduate,0,60239,543383,60,780,324355,0
1,Graduate,1,1025500,127098,240,683,1523959,1
2,Graduate,0,171604,210288,12,488,413124,0
0,Not Graduate,1,2825499,489575,60,636,7457677,0
0,Not Graduate,1,273887,108704,240,697,571642,1
1,Graduate,1,528448,332312,120,719,439113,1
2,Graduate,1,223379,1023606,360,578,276183,0
0,Not Graduate,1,469540,158670,120,763,948099,1
0,Graduate,1,1790988,1198161,120,794,1239461,1
1,Graduate,1,721932,241307,240,744,1348393,1
0,Not Graduate,0,33125,709027,120,713,529990,0
0,Not Graduate,0,188826,178759,240,754,561643,1
2,Not Graduate,1,386141,850312,240,742,524364,1
1,Graduate,0,16385,398880,120,627,400239,0
1,Graduate,1,733679,861298,36,792,1874960,1
2,Graduate,1,528905,313263,36,802,920104,1
1,Graduate,1,1166454,942284,60,560,1078657,0
0,Not Graduate,1,1546382,1260349,240,583,3426987,0
0,Graduate,0,119926,609092,120,729,379675,0
0,Graduate,1,616630,334522,360,735,810343,1
0,Graduate,0,33952,427754,120,786,485012,0
1,Graduate,0,65830,152624,120,788,442555,1
2,Not Graduate,1,447260,661932,36,754,1050542,1
3,Graduate,1,391817,1007480,12,704,450634,0
1,Graduate,1,303280,2587671,360,629,769088,0
0,Graduate,1,402981,1999305,240,785,756580,1
0,Graduate,1,1780785,203349,60,767,3971008,1
2,Graduate,1,1283841,668042,60,787,2740760,1
1,Graduate,1,270230,473077,60,600,562851,0
1,Graduate,0,143894,1826653,240,806,297388,0
2,Not Graduate,1,299588,265887,240,801,540137,1
2,Graduate,1,391840,1300268,60,629,703171,0
2,Graduate,1,572282,201383,60,726,522017,1
0,Graduate,1,1864103,486026,120,747,1588894,1
2,Graduate,1,470629,223125,360,790,610866,1
2,Graduate,1,2797956,75732,12,695,7260206,1
0,Graduate,1,190201,218727,36,686,364012,1
1,Graduate,1,551884,417686,240,707,1610088,1
0,Not Graduate,1,1367423,2249389,12,630,3027158,0
3,Not Graduate,1,1436563,182161,60,711,1922939,1
0,Not Graduate,1,557617,294864,360,755,560958,1
1,Graduate,1,1625624,127982,60,764,1283513,1
0,Graduate,1,1396887,1715609,60,686,1273836,1
2,Not Graduate,1,422653,340965,60,766,1196888,1
0,Graduate,0,193884,385244,120,724,309845,0
0,Not Graduate,1,1280665,381652,240,711,1926425,1
1,Graduate,1,447562,76836,60,876,968160,1
3,Graduate,1,2829074,124666,60,733,719226,1
0,Not Graduate,1,373887,208609,240,698,576640,1
0,Not Graduate,1,818537,1000506,36,722,597335,0
2,Not Graduate,1,268385,50000,120,711,854523,1
1,Not Graduate,1,792294,928482,120,692,288954,1
3,Graduate,1,310624,761540,12,770,678387,0
0,Graduate,1,576480,88001,120,718,567879,1
1,Not Graduate,1,204991,393575,12,799,500563,0
0,Graduate,0,99128,1730395,36,698,201568,0
0,Graduate,1,969973,185253,240,853,2550813,1
1,Graduate,0,90236,311147,60,709,595930,1
1,Graduate,1,552249,8546701,360,713,364607,0
2,Graduate,1,1806818,748553,12,666,4313362,1
0,Graduate,1,752701,417485,360,740,409432,1
1,Not Graduate,1,798534,335353,360,882,1460900,1
1,Graduate,1,3957973,784702,120,714,8779463,1
4,Graduate,1,494973,1071862,360,780,453178,1
0,Graduate,1,1947325,62582,60,694,477697,1
0,Graduate,1,1070619,57876,36,500,2705214,0
0,Graduate,1,461610,199177,240,849,674730,1
1,Graduate,1,254599,463312,12,754,928472,1
0,Graduate,1,319186,582782,120,900,783237,1
3,Graduate,1,1802238,98374,360,720,960432,1
0,Graduate,1,2921242,440302,360,694,3224515,1
2,Graduate,1,784774,502907,60,708,1609467,1
0,Graduate,1,818399,230995,60,770,614714,1
1,Graduate,1,1357510,316636,60,694,2760057,1
3,Graduate,1,773469,261319,240,672,2041926,1
0,Graduate,1,1758127,859666,12,646,3727233,0
3,Not Graduate,1,921075,544089,240,713,1017285,1
1,Graduate,1,812956,172424,360,788,2216452,1
3,Not Graduate,1,416911,1404296,120,738,1076313,0
1,Graduate,1,342417,137682,12,725,1039247,1
0,Not Graduate,0,75765,97449,36,701,172205,1
0,Graduate,1,1957724,422882,36,623,2755918,0
0,Not Graduate,1,648692,420744,360,747,1884242,1
0,Graduate,1,529496,581163,240,658,279726,1
0,Graduate,1,153067,165823,240,727,676025,1
0,Graduate,1,437096,1319918,360,815,482945,1
1,Graduate,1,393427,3001845,240,691,1079488,0
2,Not Graduate,1,386227,528792,36,628,652323,0
0,Graduate,0,21806,741188,36,763,360759,0
0,Not Graduate,1,804357,65176,12,758,1264182,1
1,Graduate,1,245478,349797,360,634,805942,0
0,Graduate,1,258261,269413,12,634,901601,0
0,Graduate,1,257881,229095,240,744,426886,1
0,Graduate,1,3104678,279987,360,803,623600,1
3,Graduate,1,2407689,309367,60,767,1711420,1
2,Not Graduate,1,368855,126129,12,667,980092,1
0,Not Graduate,1,150050,331947,36,831,804124,1
1,Not Graduate,1,808095,190673,120,674,1644071,1
1,Graduate,1,757328,1188655,60,812,2056355,1
1,Graduate,1,939904,751878,360,816,863207,1
1,Graduate,1,1319943,752909,36,769,3598313,1
1,Graduate,1,1046920,1435159,60,647,1498732,1
0,Not Graduate,1,298596,236504,120,814,447262,1
0,Graduate,1,922860,707709,360,875,2364988,1
1,Graduate,0,1249,1575715,240,812,233064,0
2,Graduate,1,408725,220541,60,621,786428,0
1,Graduate,0,69225,71027,120,607,361451,0
2,Not Graduate,1,468726,270846,120,748,919991,1
4,Graduate,1,3601769,1406367,60,610,855571,0
0,Graduate,1,252341,208340,360,728,765856,1
1,Not Graduate,1,1839049,339388,60,708,4292578,1
1,Graduate,1,191635,247782,60,642,518605,0
3,Graduate,1,3061581,446701,60,786,5303766,1
4,Graduate,0,152337,189377,240,631,231486,1
1,Graduate,1,848934,122623,36,774,1480144,1
0,Graduate,0,118887,347720,12,699,205616,0
2,Not Graduate,1,247710,412334,240,714,204116,1
0,Graduate,0,73301,1650322,60,701,438155,0
2,Graduate,1,1660334,577383,120,703,1123541,1
3,Not Graduate,1,883359,167424,360,844,2476139,1
0,Not Graduate,1,1319634,259969,240,531,1077816,0
1,Graduate,0,120172,1102943,12,829,371721,0
1,Graduate,1,421956,353692,360,537,1151583,0
1,Graduate,1,238191,181116,12,804,536295,1
0,Graduate,1,721463,586735,240,700,1737906,1
2,Graduate,1,459658,245269,120,756,788035,1
3,Graduate,1,995397,871651,120,696,1379107,1
3,Graduate,1,1130785,776821,360,703,2720331,1
0,Graduate,1,422810,171548,120,717,800056,1
2,Graduate,1,1281173,3220246,36,728,1201765,0
2,Graduate,1,1230967,477849,120,647,2201125,0
0,Graduate,1,1301013,50000,12,602,2170153,0
0,Graduate,0,99008,790605,360,485,309848,0
0,Graduate,1,1361282,50000,60,707,3089656,1
3,Graduate,1,1105713,1528549,60,900,1206546,1
1,Graduate,1,1217302,572096,12,567,743992,0
2,Graduate,0,94655,466875,120,853,40593,0
0,Graduate,1,948103,496505,60,730,1601642,1
2,Not Graduate,1,448843,892466,360,707,524055,1
0,Not Graduate,0,128392,307074,12,769,510017,1
0,Graduate,1,1798293,491446,120,686,2353639,1
1,Not Graduate,1,970771,558702,36,653,2177073,1
0,Graduate,1,2774601,50000,60,579,1428890,0
2,Graduate,1,143825,899238,360,709,72103,0
0,Not Graduate,1,1511379,1064592,120,693,3441131,1
1,Graduate,1,591898,780297,360,680,1561697,1
1,Graduate,1,549730,727025,120,789,648232,1
1,Graduate,1,395597,2449641,360,681,1066543,1
0,Graduate,0,137760,474941,60,780,585183,1
0,Graduate,1,1191625,491574,120,600,2656099,0
3,Graduate,1,292463,258551,360,793,610850,1
0,Graduate,1,832290,73222,240,820,411691,1
2,Graduate,1,1283230,784606,240,714,1186340,1
4,Graduate,1,841051,288027,36,713,820607,1
0,Not Graduate,1,1769614,72427,12,776,2161713,1
0,Not Graduate,0,80027,460382,240,758,278799,0
1,Graduate,1,120152,447691,240,668,141709,1
3,Graduate,1,846930,394286,36,721,850478,1
3,Not Graduate,1,842813,568450,240,900,1953363,1
1,Graduate,1,935605,104196,240,664,410731,1
2,Graduate,1,1768395,1338619,360,757,3557001,1
0,Graduate,1,152974,765689,60,752,589850,0
3,Not Graduate,1,602723,1719889,36,717,1261717,0
3,Graduate,1,348667,285043,120,813,867981,1
0,Graduate,1,277499,763132,120,853,419963,1
0,Graduate,1,688424,76599,12,840,1058895,1
0,Graduate,1,1278831,215687,12,782,1554758,1
0,Graduate,1,927972,125851,240,828,754059,1
2,Graduate,1,420829,643629,240,622,471553,0
0,Graduate,1,649282,164483,120,566,1279129,0
0,Graduate,1,1534810,320501,36,485,3173489,0
0,Graduate,0,182296,494372,60,665,581890,0
4,Not Graduate,1,468730,330232,360,849,1165192,1
1,Not Graduate,1,445077,133098,12,733,1385227,1
1,Graduate,0,21787,2574349,240,640,318960,0
0,Graduate,1,517347,557041,12,900,1554502,1
4,Graduate,0,133047,2597605,120,637,485067,0
2,Graduate,1,3811966,176874,36,635,8165291,0
0,Graduate,1,368024,340886,120,656,631543,1
0,Graduate,0,11168,541490,60,781,521381,1
0,Graduate,1,3123563,2297864,36,603,4066541,0
0,Graduate,1,867144,2579311,60,753,1695347,0
1,Not Graduate,1,673328,321557,60,611,513402,0
3,Graduate,1,253243,239292,36,753,792144,1
1,Graduate,1,487146,493676,60,764,1153201,1
2,Graduate,1,2631782,1648542,12,663,5718617,1
1,Not Graduate,1,966080,568566,240,687,2036526,1
2,Not Graduate,1,746147,682348,36,533,148979,0
2,Graduate,1,2083789,1633324,120,736,4924047,1
0,Graduate,1,1273185,1390006,120,699,652086,1
0,Graduate,1,648035,1444791,240,619,1421161,0
1,Graduate,1,867182,1006553,120,840,2203038,1
0,Graduate,1,394568,2088792,240,722,1158006,1
0,Graduate,1,465639,160323,12,698,1080768,1
1,Graduate,1,618443,5123060,120,827,460615,0
4,Graduate,1,1139359,1560253,120,546,490545,0
1,Graduate,1,268903,460326,12,636,605546,0
2,Graduate,0,105425,1639193,120,676,570830,0
1,Graduate,1,533978,381762,120,544,1332847,0
2,Not Graduate,1,354781,868762,12,678,632581,0
1,Graduate,1,536277,976739,360,537,1390849,0
2,Not Graduate,1,113877,1279719,12,608,256034,0
1,Graduate,1,397889,341234,360,733,1010074,1
1,Not Graduate,1,302673,1307180,12,689,526955,0
1,Not Graduate,1,583072,347353,360,725,1153899,1
1,Graduate,1,117732,1122393,120,611,372393,0
0,Not Graduate,1,849764,530789,240,681,699870,1
0,Graduate,0,26009,87207,360,676,508763,1
0,Graduate,1,664083,258652,240,551,1737088,0
2,Graduate,1,1087110,1261891,36,769,506117,0
0,Graduate,1,483988,398853,36,825,972271,1
0,Graduate,1,210302,1818546,120,807,92314,0
2,Not Graduate,1,730403,160605,120,560,1500039,0
0,Graduate,0,44445,1083966,240,780,286065,0
1,Graduate,1,252834,515281,60,667,535555,0
0,Graduate,1,502734,422191,36,864,1122747,1
3,Graduate,1,598574,166324,240,697,623376,1
2,Graduate,1,5000000,666649,120,804,12706492,1
2,Not Graduate,1,872132,197028,36,609,1087081,0
1,Graduate,1,158822,286054,36,712,716066,1
2,Graduate,1,130316,469457,360,900,250828,0
0,Not Graduate,1,1308509,374847,36,592,796815,0
0,Graduate,1,5000000,1510256,120,725,9162116,1
0,Graduate,0,123063,50000,240,772,381495,1
1,Graduate,0,37259,452084,60,671,307165,0
1,Graduate,1,1029536,375953,120,642,1996557,0
1,Not Graduate,1,385140,535785,36,819,1038935,1
0,Graduate,0,124925,313553,360,738,596461,1
1,Graduate,1,1672468,1504364,360,869,3862097,1
2,Graduate,1,446615,417603,12,684,651659,1
1,Graduate,1,1689755,617198,240,740,922209,1
2,Not Graduate,1,396809,1318830,120,624,882933,0
0,Not Graduate,1,804055,569208,36,792,829067,1
2,Not Graduate,1,1445355,151871,60,638,3815329,0
1,Graduate,0,168830,352715,360,759,351880,0
0,Graduate,1,878868,477291,36,686,1772609,1
0,Graduate,1,844577,104134,36,706,2344412,1
1,Graduate,0,145321,265187,120,718,321876,0
2,Graduate,1,1057412,504706,360,716,496569,1
1,Graduate,1,259641,4041813,60,718,897301,0
0,Not Graduate,1,263638,783167,360,599,474020,0
2,Graduate,1,134962,632692,12,745,520356,0
1,Graduate,1,1346752,2930336,360,665,2571025,1
1,Graduate,1,531477,972716,360,754,888722,1
1,Graduate,1,1405857,1120062,120,759,2879275,1
0,Graduate,1,1007485,359728,360,642,772503,0
1,Graduate,1,327112,152439,240,607,807502,0
0,Graduate,1,662530,701971,60,747,669822,1
4,Graduate,1,506937,3342397,12,706,745675,0
1,Not Graduate,1,448032,2453514,12,723,449392,0
1,Graduate,1,1516976,1043238,60,675,1830353,1
1,Graduate,1,5000000,271955,240,684,4887775,1
3,Graduate,1,1781494,114618,36,644,4708775,0
2,Graduate,1,713854,237459,120,719,1977717,1
1,Not Graduate,1,1997898,671797,240,664,715856,1
2,Graduate,0,88167,337387,360,547,336702,0
1,Graduate,1,239450,1471886,12,713,523785,0
1,Not Graduate,1,1943272,121882,360,717,2057238,1
0,Graduate,1,1350176,475081,240,868,231556,1
1,Graduate,1,1886993,251025,36,631,4144855,0
0,Graduate,0,83205,1456122,360,707,90615,0
3,Graduate,1,607931,929694,240,800,639730,1
0,Not Graduate,0,129524,235388,240,727,468241,1
3,Graduate,1,957115,1269596,360,770,1957537,1
1,Graduate,1,515317,106642,12,728,1141101,1
1,Graduate,1,1093377,90536,240,713,791503,1
1,Graduate,1,1587890,222978,360,709,1444959,1
0,Graduate,1,786862,74391,120,740,2009552,1
0,Graduate,1,998999,482838,60,793,2130001,1
0,Graduate,1,782847,498426,360,843,668335,1
1,Graduate,1,430171,360229,12,585,266477,0
1,Not Graduate,1,377958,926265,60,636,961598,0
2,Graduate,1,237458,262133,240,817,792696,1
0,Graduate,1,2456912,147615,36,793,4469532,1
0,Graduate,1,610031,243474,360,718,1185790,1
1,Not Graduate,1,47001,159472,360,721,258536,1
3,Not Graduate,1,1001717,293092,12,752,2520465,1
2,Not Graduate,1,985260,980695,240,746,2596359,1
1,Graduate,1,163856,93300,240,661,745851,1
1,Not Graduate,0,119114,384735,36,591,255161,0
0,Graduate,0,95980,1407911,240,643,386976,0
4,Graduate,1,402796,1578065,120,698,574666,0
1,Graduate,1,1924584,273204,36,710,3584261,1
0,Not Graduate,0,98097,4941719,12,658,319679,0
1,Not Graduate,1,518249,188790,12,869,458061,1
0,Not Graduate,1,1790332,429995,60,635,3109734,0
3,Not Graduate,0,99185,167663,120,631,521137,0
0,Graduate,1,181174,833247,360,695,903605,1
1,Graduate,1,445387,8896964,120,624,1142058,0
0,Graduate,1,943705,3415180,12,822,2294646,1
2,Not Graduate,1,345548,1259712,240,708,647239,0
2,Graduate,1,3699261,294345,360,877,7168791,1
1,Not Graduate,1,798350,456830,120,836,670209,1
1,Graduate,1,399232,1649604,120,686,843122,0
2,Graduate,0,16105,1143387,240,647,50491,0
0,Graduate,1,1531904,587080,36,742,3380476,1
0,Graduate,1,434395,622757,240,823,607083,1
0,Not Graduate,1,988495,1553002,60,617,907959,0
4,Graduate,1,290333,1989472,60,543,739766,0
0,Graduate,1,771551,120482,360,672,966587,1
2,Graduate,1,438577,678086,12,644,867509,0
1,Graduate,1,566756,963351,36,793,1270924,1
0,Graduate,1,385761,317376,120,620,766804,0
0,Graduate,1,1656969,1941595,360,750,1573620,1
0,Not Graduate,1,492473,404933,12,656,1411075,1
1,Graduate,1,650329,1996268,12,643,1128383,0
0,Graduate,1,675957,373867,360,749,599733,1
0,Graduate,0,197679,700377,360,602,388431,0
2,Graduate,1,1486963,685060,120,810,1561887,1
3,Graduate,1,1373049,2849421,120,732,2086264,1
0,Graduate,0,89698,1133699,240,638,396651,0
0,Graduate,1,431441,341927,60,891,1116221,1
0,Graduate,0,17125,411574,120,847,239209,0
1,Graduate,1,285859,409966,240,547,347421,0
2,Not Graduate,1,780126,550453,60,678,261949,1
0,Not Graduate,1,311075,210123,36,672,784423,1
0,Graduate,1,337079,498155,36,643,700046,0
2,Graduate,1,2798596,2122435,36,813,791560,1
1,Graduate,1,1296808,2030210,120,637,3148779,0
0,Graduate,1,1601597,113000,60,691,2156894,1
1,Not Graduate,1,1365448,96452,360,687,2325213,1
0,Not Graduate,1,652501,298602,60,512,1182344,0
0,Graduate,1,419459,91207,36,779,301029,1
2,Graduate,0,109698,152758,12,846,590972,1
2,Graduate,1,625645,767741,60,642,748467,0
1,Graduate,1,3020789,520277,60,750,3332046,1
3,Not Graduate,0,110041,96670,240,724,642336,1
1,Graduate,1,468396,1741109,36,773,810996,0
2,Graduate,1,351382,354349,12,839,1089540,1
1,Graduate,1,1698572,321811,240,701,1440352,1
2,Graduate,0,169860,1493384,12,598,398897,0
3,Graduate,1,933810,814947,360,900,2496488,1
0,Graduate,1,997305,517921,12,706,1123828,1
3,Graduate,1,784699,329526,360,626,529277,0
2,Graduate,0,1511,955147,12,678,56152,0
2,Not Graduate,1,1353932,350525,120,698,1527446,0
0,Graduate,1,1025317,430039,60,616,1492680,0
2,Not Graduate,1,1087147,166625,60,633,1883618,0
2,Graduate,1,1356382,1693927,240,794,1438787,1
0,Graduate,1,175848,2552530,360,734,444210,0
3,Not Graduate,0,193939,667899,12,775,468743,0
0,Graduate,1,931142,332319,12,761,2303118,1
0,Not Graduate,0,113358,1377044,60,619,398622,0
1,Graduate,1,636214,973497,360,707,469765,1
1,Graduate,1,829518,346705,12,826,341572,1
1,Graduate,1,410066,1708529,12,715,888880,0
0,Not Graduate,1,176332,353466,12,785,498655,1
3,Not Graduate,1,1601593,149323,36,759,3971153,1
0,Graduate,0,145527,505957,36,635,433763,0
0,Graduate,0,59334,1598128,36,804,317891,0
0,Graduate,1,400591,598851,360,828,614115,1
1,Not Graduate,1,2596324,167270,360,716,4913277,1
3,Graduate,1,684390,361087,240,798,1735398,1
1,Graduate,0,34080,1787475,12,718,273983,0
2,Graduate,1,1326816,710571,36,713,2048743,1
0,Graduate,1,4094598,530258,36,683,6350670,1
1,Graduate,1,1009082,474296,120,624,1368370,0
1,Not Graduate,1,539320,1591006,240,652,407749,1
1,Graduate,1,1273494,1490567,36,617,2838875,0
0,Not Graduate,1,207286,133095,36,813,708197,1
1,Graduate,1,757018,1383224,36,713,723170,0
1,Graduate,0,198213,905663,120,812,603234,0
2,Graduate,1,827527,2657737,120,531,1684701,0
1,Graduate,1,795099,504270,240,620,763455,0
0,Not Graduate,1,741558,1681560,12,667,1331066,0
1,Graduate,1,531585,863658,12,786,746428,0
0,Graduate,1,938081,177389,360,725,758450,1
2,Graduate,1,1356228,1499433,240,709,2792378,1
1,Graduate,1,559357,1213987,360,569,1246463,0
0,Not Graduate,1,99448,282115,12,777,181938,0
3,Graduate,1,1058638,721806,60,707,1212513,0
1,Graduate,1,4018827,4447061,360,871,3188781,1
0,Graduate,1,539819,333354,12,517,1364787,0
1,Graduate,1,224823,1117012,120,699,568238,0
0,Graduate,1,1254102,180795,120,614,1042023,0
2,Graduate,1,2943370,305495,36,611,3308799,0
2,Graduate,1,1114034,1215375,120,653,1672062,1
3,Graduate,1,2898662,698493,60,842,4440682,1
1,Not Graduate,1,1376335,441866,60,714,2381061,1
1,Graduate,1,1283987,2965323,60,686,973031,0
2,Graduate,1,481951,214955,36,688,1069946,1
0,Not Graduate,1,916507,466970,12,738,955366,1
1,Not Graduate,0,199226,883611,36,669,572277,0
1,Not Graduate,1,693156,226045,120,734,1363517,1
0,Not Graduate,1,595351,899172,60,728,556001,1
1,Graduate,1,873698,1582751,36,701,552593,0
2,Graduate,1,258570,481854,360,743,836606,1
2,Graduate,1,1396353,272322,36,645,2904622,0
0,Graduate,1,361422,395363,60,691,1181438,1
0,Not Graduate,1,597066,50000,240,596,600158,0
0,Graduate,1,950219,1477886,60,559,389871,0
2,Graduate,1,347382,704039,240,822,1029874,1
0,Graduate,1,151271,452966,60,773,442436,0
2,Graduate,1,536897,102049,12,823,638998,1
0,Not Graduate,0,33305,1638086,240,791,377029,0
1,Graduate,1,1289607,348852,240,649,2758204,0
0,Graduate,0,63413,950975,360,526,363755,0
2,Not Graduate,1,2393158,534243,36,646,3463153,0
0,Graduate,1,726043,107484,240,748,374444,1
1,Not Graduate,1,764776,1921358,120,717,2254820,1
0,Graduate,1,149566,1588949,36,713,572847,0
2,Graduate,1,819041,1160119,36,677,1972499,1
2,Not Graduate,1,684097,740326,360,610,1050480,0
0,Graduate,1,258003,163165,12,849,196520,0
2,Graduate,1,782160,1288467,36,761,339587,0
1,Graduate,1,530545,4901240,36,754,1478123,0
0,Not Graduate,1,613275,606909,120,580,518403,0
1,Graduate,1,744676,618893,36,694,1951121,1
0,Not Graduate,1,500236,179541,240,757,444957,1
2,Graduate,1,888389,68159,360,876,856484,1
2,Graduate,1,680617,377333,360,802,298794,1
0,Not Graduate,1,1064711,2377757,12,681,612657,0
1,Graduate,1,477853,2071448,360,768,283303,1
2,Graduate,1,311160,506151,360,741,540503,1
3,Not Graduate,1,413703,830787,120,778,284411,1
1,Not Graduate,1,2313160,159793,360,683,529983,1
3,Graduate,1,1567156,603937,60,723,3117461,1
1,Graduate,1,1925513,319837,60,638,3479601,0
0,Not Graduate,1,2035335,570729,60,683,1542870,1
2,Not Graduate,1,502296,410588,120,812,1393946,1
1,Not Graduate,1,924168,403323,60,728,1185087,1
1,Graduate,1,775040,1463584,240,590,1548171,0
1,Not Graduate,1,1236296,3851305,60,670,2798500,0
2,Graduate,0,144428,456135,60,765,200337,0
2,Graduate,1,785738,2232495,12,561,802898,0
1,Graduate,1,772832,156128,60,773,1915652,1
0,Graduate,1,1116612,492752,60,799,584144,1
1,Graduate,1,1232522,147828,36,736,2223567,1
1,Graduate,0,117644,395393,240,658,582852,1
0,Graduate,0,55885,1105379,120,571,333250,0
2,Graduate,1,873897,1653879,12,620,1157917,0
1,Graduate,0,184204,248072,120,843,589644,1
0,Graduate,1,182773,854324,60,697,298003,0
0,Graduate,1,335795,1848702,36,815,963689,0
0,Graduate,0,66979,1603545,60,682,175792,0
3,Graduate,1,905124,700084,60,649,1821289,1
0,Graduate,0,49561,299783,360,706,274278,0
0,Not Graduate,1,1244191,271349,360,816,3455645,1
1,Not Graduate,1,865613,232663,12,759,1321020,1
0,Not Graduate,0,197539,523550,12,619,206077,0
0,Graduate,1,1206274,237244,120,650,1866919,1
0,Graduate,1,741707,1064525,60,593,1764491,0
1,Graduate,1,509883,678973,360,821,583659,1
1,Not Graduate,1,1267159,648888,120,725,1335808,1
0,Graduate,0,120057,85778,60,734,413335,1
1,Graduate,1,866149,555586,12,746,2032646,1
3,Graduate,1,2881136,341424,36,707,3515063,1
0,Graduate,1,2108445,4715745,360,649,3144477,0
0,Not Graduate,0,76895,150249,360,541,39390,0
0,Not Graduate,1,5000000,440019,120,725,1877998,1
1,Not Graduate,1,648767,792619,120,896,878557,1
2,Graduate,1,502906,204288,240,628,1199056,0
0,Not Graduate,1,1451764,3716350,360,556,1184665,0
2,Graduate,1,595938,3793456,240,684,1730550,0
0,Not Graduate,1,736409,229024,36,741,1739643,1
1,Graduate,1,331460,298997,360,623,421186,0
2,Graduate,1,1185087,4624195,240,657,522067,1
0,Graduate,1,224851,2180949,36,604,436553,0
1,Graduate,0,118324,373492,60,713,265327,0
0,Not Graduate,1,720510,831873,240,740,463751,1
2,Not Graduate,1,514612,135032,240,679,247992,1
0,Graduate,1,178836,4860919,120,632,433293,0
2,Graduate,0,122463,581206,36,760,456004,0
0,Graduate,1,401539,970519,120,772,734679,1
2,Not Graduate,1,1122692,212129,240,692,2318098,1
0,Graduate,1,919090,173495,360,740,1297932,1
2,Graduate,0,135413,848386,60,783,89129,0
0,Graduate,1,359449,3672191,12,638,979868,0
3,Graduate,1,958290,314746,36,588,2145863,0
0,Not Graduate,1,172953,202986,36,775,699420,1
0,Graduate,1,107233,733168,60,876,417220,0
1,Graduate,1,600514,2777864,60,539,679221,0
0,Not Graduate,1,471257,285332,36,844,1179352,1
0,Graduate,1,1640541,420881,36,704,2486843,1
3,Graduate,1,827684,1248089,60,792,194854,0
3,Graduate,1,2732119,1389445,360,597,2845228,0
0,Graduate,0,46849,406588,60,663,300109,0
3,Graduate,1,1076706,1617910,60,789,1854905,1
1,Not Graduate,1,596108,916913,240,790,1430450,1
0,Not Graduate,1,2203099,549185,360,684,5392130,1
2,Not Graduate,1,619556,1332352,36,701,1423695,0
1,Not Graduate,1,1444863,1160782,36,671,1451694,1
4,Graduate,1,308015,189659,60,597,704474,0
0,Graduate,1,523257,2382145,120,719,948077,0
1,Graduate,1,681986,763294,12,698,1592636,1
0,Not Graduate,1,2004156,2138496,36,676,3820452,1
0,Graduate,1,125775,569089,240,597,534977,0
0,Graduate,1,558988,692206,12,688,596246,0
4,Graduate,1,544060,805232,120,726,614932,1
2,Graduate,1,138471,933643,360,759,532409,0
2,Graduate,1,503214,2491011,240,723,1246315,1
1,Not Graduate,1,212663,861509,60,576,380153,0
0,Graduate,1,113036,525450,120,686,305840,0
0,Not Graduate,1,591341,1482933,60,790,575451,0
0,Graduate,1,575551,831028,240,662,627579,1
0,Graduate,1,599611,10381470,240,540,1153436,0
2,Not Graduate,1,892950,723183,60,667,1156394,1
1,Not Graduate,1,360945,1862936,12,659,946404,0
0,Graduate,1,3056205,1305481,36,802,3611823,1
0,Graduate,1,710244,69570,36,767,1436658,1
0,Graduate,1,2041395,258644,360,871,4395872,1
1,Graduate,1,190247,348215,240,734,316535,1
3,Graduate,1,374136,120613,120,900,508468,1
1,Not Graduate,1,1263064,363939,60,886,688123,1
2,Graduate,1,608497,137147,120,761,1360479,1
1,Graduate,1,309111,178230,60,790,570506,1
0,Graduate,1,167559,688026,120,791,509571,0
0,Not Graduate,1,1311343,3683588,360,772,1832961,1
2,Not Graduate,0,152098,138384,60,634,453759,0
2,Graduate,1,886163,160254,240,694,1800761,1
0,Graduate,1,490546,317191,12,691,925799,1
1,Not Graduate,1,299397,466411,36,801,916868,1
1,Graduate,1,699145,115597,120,757,2033665,1
1,Graduate,1,254675,268582,360,725,980337,1
3,Not Graduate,1,399805,244886,36,606,415221,0
1,Not Graduate,0,160636,742934,120,666,479891,0
1,Graduate,1,165931,827056,240,661,340573,0
0,Graduate,1,1254217,463814,360,883,1872781,1
0,Graduate,1,2410528,370361,240,692,6275624,1
0,Graduate,1,1401435,265746,120,637,1585574,0
0,Graduate,1,1003064,568967,120,723,1810345,1
2,Graduate,1,503400,203600,120,733,344695,1
2,Graduate,1,435081,2538891,360,698,806103,1
0,Graduate,0,10437,120824,240,835,50489,0
2,Graduate,1,751333,280322,12,811,1902319,1
0,Graduate,1,528716,1287485,12,653,699348,0
0,Graduate,1,417304,362711,120,643,982329,0
0,Graduate,1,717792,1058087,60,586,1051521,0
0,Graduate,1,766734,3009227,12,900,962722,0
0,Graduate,1,438692,1243080,240,655,1212369,1
1,Not Graduate,1,2651045,162425,240,710,2620132,1
1,Graduate,0,21830,170377,360,670,222511,1
4,Not Graduate,1,1494082,448022,240,602,1486087,0
0,Graduate,1,671559,841589,36,823,1445433,1
0,Graduate,1,1097986,1805116,36,751,731320,0
0,Graduate,1,356267,246474,240,688,636065,1
1,Graduate,1,1242960,332733,12,554,1291948,0
0,Not Graduate,1,619382,420563,36,699,1164246,1
2,Not Graduate,1,322034,412208,60,753,1033724,1
1,Not Graduate,1,716251,2411224,120,623,839617,0
1,Graduate,1,577438,486967,36,789,731811,1
1,Graduate,1,4678347,629734,36,812,8892763,1
0,Graduate,1,1033348,1344433,12,751,561054,0
0,Graduate,1,2581223,2652698,12,628,838800,0
0,Graduate,1,1803121,521677,60,655,584296,1
1,Not Graduate,1,751799,1903474,360,750,210261,1
0,Not Graduate,1,511459,3361072,60,807,1281690,0
0,Graduate,1,181283,483912,360,669,662436,1
3,Graduate,1,363394,307540,60,702,554732,1
0,Graduate,1,1239480,4814136,60,652,1661209,0
2,Graduate,1,572802,1657932,36,681,685735,0
2,Graduate,1,985255,547156,60,820,1497605,1
0,Not Graduate,1,143742,1035051,360,707,785237,1
0,Graduate,1,1048437,190046,60,620,1818924,0
0,Graduate,1,1753606,1638708,240,592,705328,0
1,Graduate,1,176203,89319,36,690,492755,1
1,Graduate,1,981906,1576380,36,835,2199061,1
2,Not Graduate,0,89326,262574,36,622,284620,0
3,Graduate,1,2797031,103375,120,757,513028,1
1,Not Graduate,1,487575,73029,60,771,1309647,1
0,Graduate,0,114067,335657,360,597,445705,0
0,Graduate,1,2289472,1100322,60,628,2044016,0
2,Graduate,1,1005610,134606,60,663,2343422,1
0,Graduate,0,38983,157066,12,758,474979,1
0,Not Graduate,1,708787,329647,12,542,1235271,0
2,Not Graduate,1,999940,1211721,12,817,2565736,1
1,Not Graduate,1,443615,1373028,120,624,979423,0
3,Graduate,1,639421,621486,60,664,526342,1
1,Not Graduate,1,1031962,1444638,36,524,2828146,0
0,Not Graduate,1,417777,1074763,36,657,956215,0
3,Graduate,1,609949,356116,240,848,963475,1
0,Not Graduate,1,1340695,1341785,360,625,3411158,1
0,Graduate,1,3767966,149615,12,833,3251113,1
1,Graduate,1,141555,878952,120,570,270110,0
0,Graduate,1,3545753,168381,240,631,1995546,0
1,Not Graduate,1,592497,623310,120,710,1355379,1
0,Graduate,1,1578396,1827697,36,734,898722,0
1,Graduate,1,1846632,668771,360,739,583611,1
0,Graduate,1,2549983,533610,60,586,1461636,0
2,Graduate,1,407432,677409,36,838,1101409,1
2,Graduate,1,609127,1048959,36,695,397090,0
0,Graduate,1,698802,4565333,12,786,1868854,0
0,Graduate,1,548012,1037620,36,647,1017515,0
0,Not Graduate,1,2094884,326925,120,739,3945997,1
0,Not Graduate,1,685934,438601,60,678,2118919,1
2,Not Graduate,1,199817,219448,12,797,420940,1
2,Graduate,1,439586,156492,240,759,1019257,1
0,Graduate,1,206339,50000,36,735,726141,1
0,Graduate,1,607634,340577,12,713,1261151,1
0,Graduate,1,1249232,132662,12,566,1819050,0
1,Not Graduate,1,432102,595438,12,837,373371,0
0,Graduate,0,91545,324657,120,900,280230,0
4,Not Graduate,1,585480,182495,240,731,1665384,1
2,Graduate,1,816346,65939,12,651,2259398,1
0,Not Graduate,1,1102252,381040,120,687,1623646,1
1,Graduate,1,1391376,93677,240,817,3400454,1
3,Graduate,1,4432230,1094887,60,678,5941839,1
1,Graduate,1,805160,697248,120,839,841788,1
0,Graduate,0,40701,430714,12,745,331726,0
0,Graduate,0,104191,2305359,36,626,649543,0
2,Graduate,0,110449,545701,120,795,261892,0
1,Graduate,1,587520,794987,60,777,1106830,1
1,Not Graduate,0,81485,1074605,240,652,36984,0
2,Graduate,1,475064,322261,60,730,1480573,1
2,Graduate,0,84595,324068,240,604,167944,0
3,Graduate,1,487121,563232,120,712,664946,1
0,Graduate,1,5000000,140571,240,760,12861097,1
1,Graduate,1,1098900,3221358,12,657,1906376,0
2,Graduate,1,3615780,634617,360,775,7038027,1
2,Graduate,1,2407551,441997,120,695,1967506,1
1,Graduate,1,437399,4349306,36,668,513215,0
0,Graduate,1,751666,179603,60,870,609214,1
2,Graduate,1,515112,2510897,60,795,1276637,0
2,Graduate,1,640844,1218698,120,504,1727309,0
0,Graduate,1,333985,1651227,36,820,799506,0
1,Graduate,1,512354,453363,120,716,416170,1
0,Graduate,1,972490,571411,12,740,1688341,1
0,Graduate,0,143812,383351,360,673,159909,0
0,Graduate,1,893340,1463501,360,627,1010187,0
1,Graduate,1,695412,799495,12,835,1637864,1
1,Not Graduate,1,1452205,309129,36,688,1482701,1
1,Graduate,0,29500,323657,120,674,333841,0
1,Graduate,1,2220497,532419,36,587,641127,0
2,Graduate,1,166362,387595,36,764,159212,0
0,Graduate,1,1233601,2284762,12,625,534489,0
0,Graduate,1,1078085,1212524,12,620,736668,0
2,Not Graduate,0,145712,1209977,36,793,252503,0
0,Not Graduate,1,548978,682772,36,479,1739580,0
3,Graduate,1,1057938,236450,240,601,1486432,0
2,Graduate,1,1517763,1083933,12,768,2764071,1
1,Not Graduate,1,179949,66291,36,803,691468,1
4,Not Graduate,1,1205731,643099,240,592,758735,0
0,Graduate,1,505791,239876,360,828,630150,1
0,Graduate,1,1794490,222100,360,771,1073963,1
1,Graduate,1,167473,339988,360,639,224040,0
0,Graduate,1,5000000,496859,36,771,1997509,1
3,Graduate,1,359003,527858,240,730,668430,1
0,Not Graduate,1,2289786,1190921,36,685,2647602,1
1,Graduate,1,690141,454119,360,761,1232678,1
1,Not Graduate,1,378914,488095,360,656,567941,1
1,Graduate,1,901748,133838,360,775,1733043,1
0,Graduate,1,1661614,152453,120,661,1601088,1
0,Graduate,0,141363,720045,12,750,347149,0
2,Graduate,1,1278593,1015273,360,653,3434752,1
0,Graduate,1,722344,416452,36,689,423789,1
2,Graduate,0,94240,1373617,60,622,462444,0
1,Not Graduate,1,735849,132204,360,611,1353395,0
2,Not Graduate,1,461623,804952,60,813,836514,0
2,Graduate,1,299389,230549,240,791,761210,1
0,Graduate,1,1249327,213043,12,831,1347053,1
1,Graduate,0,149938,251471,240,749,493581,1
2,Not Graduate,1,1239003,498437,12,891,886487,1
1,Graduate,1,1026922,838103,60,641,656676,0
3,Graduate,1,1553093,776831,360,738,681086,1
1,Graduate,1,2246435,404140,60,521,4455250,0
0,Graduate,1,162570,1016897,360,736,409830,1
0,Graduate,1,112034,2918970,240,623,235965,0
3,Not Graduate,1,2883045,479542,360,693,6375380,1
0,Not Graduate,1,249487,594095,360,588,56113,0
2,Graduate,1,305897,293100,120,641,537679,0
2,Graduate,1,579492,365141,60,867,1084647,1
0,Graduate,1,194234,1882944,12,767,442787,0
0,Not Graduate,1,537525,1902459,36,613,1053334,0
2,Graduate,1,341640,441941,36,710,349798,0
0,Graduate,1,605207,882268,36,810,818734,0
2,Graduate,1,912435,1356552,60,532,1376735,0
1,Graduate,0,17808,345754,120,803,160443,0
1,Graduate,1,532193,146399,60,697,388870,1
2,Graduate,1,896628,1076589,12,900,1183182,0
0,Graduate,1,1681897,1324290,360,638,1747659,0
1,Graduate,1,2629676,1143127,60,777,3538227,1
0,Graduate,1,612417,371703,60,540,1907657,0
0,Graduate,0,119852,2478368,60,697,307988,0
1,Graduate,1,1470871,718028,60,691,3217737,1
2,Graduate,1,272227,171512,12,642,515788,0
0,Graduate,1,265941,109525,60,705,685648,1
1,Not Graduate,1,459626,401436,120,762,181260,1
1,Graduate,0,23104,676583,240,850,165834,0
0,Graduate,1,488407,405166,12,736,412300,0
0,Graduate,1,160510,3967165,120,706,665955,0
3,Graduate,0,171,809347,36,730,405752,0
2,Graduate,1,149573,204199,36,753,467124,1
1,Graduate,1,313643,55807,12,711,190760,1
1,Graduate,1,456058,683521,240,828,1222904,1
0,Graduate,1,822196,1452728,60,680,773432,1
1,Not Graduate,1,1655030,3484263,12,582,1209021,0
1,Not Graduate,1,1270992,441347,60,683,1483068,1
1,Not Graduate,1,283946,3023722,60,722,162771,0
0,Not Graduate,1,541788,138839,36,736,817289,1
0,Not Graduate,0,69762,383115,240,790,549517,1
0,Graduate,1,591391,195947,60,827,1275007,1
3,Graduate,1,588047,1193142,12,611,1477402,0
1,Graduate,1,183837,147108,36,705,399588,1
1,Graduate,1,290051,807541,60,863,424955,0
0,Not Graduate,1,528420,156087,360,599,854803,0
0,Graduate,1,61415,3133877,360,646,193991,0
2,Graduate,1,1217750,371663,360,739,2334072,1
1,Graduate,1,243252,788561,36,534,415231,0
1,Not Graduate,1,1263593,90330,36,577,360368,0
0,Graduate,1,1177769,121200,12,765,2748567,1
2,Not Graduate,1,472146,249347,12,766,763736,1
0,Graduate,0,136510,1264918,120,761,547299,0
0,Graduate,1,1321869,1044543,60,735,1203785,1
1,Graduate,1,569680,1599801,360,632,886891,0
0,Graduate,0,179670,119404,36,703,520370,1
0,Graduate,1,1754660,897052,120,799,2261747,1
1,Graduate,0,187744,308692,12,574,204618,0
1,Not Graduate,0,173273,240841,240,802,578204,1
2,Graduate,1,107884,315770,36,587,447774,0
1,Graduate,1,789210,480956,240,779,1918630,1
0,Graduate,1,206503,1046586,240,654,338047,1
0,Graduate,1,714522,1660792,360,669,767124,1
4,Graduate,0,46025,909883,36,605,445968,0
1,Graduate,0,138279,1017918,120,900,551859,0
2,Graduate,1,344368,3345241,120,742,1229115,0
0,Graduate,1,478990,1084981,36,824,1041916,0
1,Not Graduate,1,675746,436334,360,558,1068097,0
0,Graduate,1,334494,966179,60,786,607993,0
1,Not Graduate,1,1595739,2980631,240,799,3134915,1
3,Graduate,0,109693,226305,120,716,138581,0
3,Not Graduate,1,804169,351183,36,675,1190368,1
1,Graduate,1,1197969,2303931,12,632,128274,0
1,Graduate,1,688748,404144,12,764,787076,1
3,Graduate,1,379256,1160416,36,633,964645,0
1,Not Graduate,1,693553,1961239,60,730,1201077,0
0,Graduate,1,367711,153918,12,804,929037,1
1,Graduate,1,795228,359179,60,839,980724,1
0,Not Graduate,1,1619373,1802507,36,752,2957321,1
1,Graduate,1,284935,476190,36,680,336415,0
1,Graduate,1,214079,71783,240,762,822626,1
1,Graduate,1,758729,324496,36,777,500470,1
0,Graduate,1,394652,1195963,60,580,643245,0
0,Graduate,1,748178,1936694,120,690,568134,1
1,Graduate,1,942529,568550,12,653,620635,0
2,Graduate,1,131275,876578,12,766,653189,0
1,Graduate,1,1266641,373599,240,509,596205,0
0,Not Graduate,1,286148,1333322,120,688,715147,0
3,Graduate,1,716491,2247200,60,750,694369,0
3,Graduate,1,430410,1164963,60,603,549393,0
0,Graduate,1,469035,480140,240,708,562702,1
0,Graduate,1,2828243,834102,36,741,3816657,1
2,Graduate,1,941673,1400707,120,511,852408,0
2,Graduate,1,1504168,555543,12,709,2425175,1
3,Graduate,0,189479,1203240,120,646,770228,0
2,Not Graduate,1,1197816,782546,240,630,1799954,0
1,Graduate,1,1018562,2234119,36,794,2606228,0
1,Graduate,1,894092,1088311,360,895,772548,1
0,Graduate,1,1768645,328221,120,769,4161230,1
0,Graduate,1,826705,2201157,36,768,852879,0
1,Not Graduate,1,4538553,856025,120,562,5529800,0
1,Graduate,1,1572890,469894,12,667,750888,1
1,Graduate,1,293128,139524,60,729,505594,1
2,Graduate,1,633338,681041,120,640,1005563,0
0,Graduate,0,153416,3385082,60,900,321611,0
1,Graduate,1,755849,50000,60,701,414378,1
0,Graduate,0,70519,50000,60,838,565992,1
1,Graduate,1,1380026,1163960,240,752,2766637,1
2,Graduate,1,245813,684314,12,749,759022,0
1,Graduate,1,2032672,1058521,60,743,1647006,1
4,Graduate,1,490188,319213,12,873,972306,1
0,Graduate,1,452831,63463,120,697,1121928,1
1,Graduate,1,451667,235158,360,618,801060,0
0,Not Graduate,1,1392847,2571513,12,699,3025850,0
1,Graduate,1,589096,344004,36,618,1595624,0
2,Not Graduate,1,428977,346996,60,628,1155177,0
1,Graduate,1,519609,50000,120,667,1451775,1
2,Not Graduate,1,173554,88922,60,654,471852,1
0,Graduate,1,371858,1639934,60,478,400999,0
2,Graduate,1,270582,416887,120,705,826377,1
0,Not Graduate,1,588107,1455997,120,765,468029,1
2,Not Graduate,0,14287,254307,240,686,388749,1
0,Graduate,1,1136087,124519,240,858,1100888,1
0,Graduate,1,1993495,416264,240,762,1273297,1
1,Graduate,1,1668074,304689,12,774,1031237,1
3,Not Graduate,1,477883,234898,36,583,445346,0
0,Graduate,1,740630,241105,36,707,1571062,1
0,Graduate,1,710664,472154,12,779,766264,1
2,Graduate,0,154524,330522,240,654,855650,1
0,Not Graduate,1,275458,212719,36,891,79041,1
0,Graduate,1,638049,3284465,240,798,1298605,1
1,Graduate,1,635192,854229,120,765,1206872,1
0,Not Graduate,1,1098943,633162,12,697,1004095,1
3,Graduate,1,1056966,505576,240,500,1641631,0
2,Graduate,1,176918,1051380,12,783,420611,0
1,Graduate,1,1104471,919718,60,657,2346932,1
4,Graduate,1,841439,192090,12,647,2164894,0
1,Graduate,1,1201040,116742,12,680,523888,0
0,Graduate,1,1712547,55598,240,593,4100834,0
0,Graduate,1,650628,3242746,12,623,470031,0
1,Graduate,1,1975773,346171,360,773,584238,1
0,Graduate,1,358068,976821,360,755,1206310,1
3,Graduate,1,342288,661365,60,731,1029506,1
2,Graduate,0,75152,1345880,120,569,558758,0
0,Graduate,1,543065,506592,360,819,1099025,1
1,Graduate,1,899240,143204,36,756,1813621,1
2,Graduate,1,3592596,191545,120,568,7050780,0
3,Graduate,1,999285,380500,12,778,1388604,1
2,Not Graduate,1,864352,110716,360,665,1363777,1
1,Graduate,1,363896,229962,60,756,838183,1
2,Graduate,0,17454,162946,60,567,272048,0
1,Graduate,1,688288,388991,120,664,1515451,1
1,Graduate,1,1712553,329050,240,502,3828496,0
0,Graduate,1,563346,608944,36,701,1574297,1
0,Graduate,1,1005675,1269923,12,757,1274773,0
1,Graduate,1,2283449,423955,12,646,4274381,0
0,Graduate,0,187383,120281,120,725,562494,1
0,Graduate,1,1027924,69679,60,600,812736,0
2,Graduate,1,835750,635595,60,703,1017339,1
0,Graduate,1,216445,277756,240,829,485886,1
1,Graduate,0,177705,461685,36,694,592291,1
1,Not Graduate,0,54005,751285,12,791,151029,0
3,Not Graduate,1,368846,2287973,120,767,452173,0
1,Not Graduate,1,889809,94135,240,790,2337068,1
0,Not Graduate,1,3366279,196328,36,579,5011295,0
1,Graduate,0,146427,496215,12,781,519580,0
2,Not Graduate,1,886559,172785,36,832,1824598,1
4,Graduate,1,1360750,121898,12,853,930970,1
1,Graduate,0,145859,2001840,360,635,525531,0
0,Not Graduate,1,2353164,189480,36,716,5874053,1
3,Graduate,1,209070,145920,36,597,202824,0
0,Not Graduate,1,1513995,171416,360,667,1599189,1
1,Graduate,1,1084328,1600767,120,608,1115392,0
1,Not Graduate,1,398440,269579,240,799,638289,1
0,Graduate,1,617213,135182,60,796,1726904,1
0,Graduate,1,294371,233243,36,761,1092889,1
0,Graduate,1,304579,514952,120,729,437219,1
1,Not Graduate,1,204261,1318191,360,734,363787,1
3,Graduate,0,153556,1211983,60,697,250984,0
0,Graduate,1,1913177,248259,240,764,4303894,1
2,Graduate,1,129385,317704,240,804,542595,1
0,Graduate,1,3174448,4425456,36,775,6657533,1
1,Graduate,1,722442,1462539,360,816,357031,1
0,Graduate,0,85545,420088,360,900,188796,0
3,Graduate,1,224598,54439,12,769,655143,1
2,Graduate,1,2098347,341523,240,616,1336450,0
1,Graduate,0,195333,143398,120,622,795247,0
2,Graduate,1,1814029,228049,36,615,2939316,0
1,Graduate,1,1937069,205801,240,692,4788049,1
3,Graduate,0,67460,428819,36,700,366552,0
2,Not Graduate,1,434249,579406,12,711,455400,0
3,Graduate,1,617621,259995,240,711,1870751,1
1,Graduate,1,447145,150586,36,738,539334,1
0,Graduate,0,20840,451833,120,724,109327,0
1,Graduate,1,951991,328312,240,831,1381366,1
0,Graduate,1,1715672,81020,12,824,862567,1
1,Graduate,0,49529,992091,60,692,324923,0
1,Not Graduate,1,183174,260707,60,733,245678,0
1,Graduate,1,2149221,412729,36,859,1518097,1
0,Graduate,1,1560768,433719,240,662,3930619,1
0,Graduate,1,542867,532085,240,634,527127,0
1,Graduate,1,964952,625335,12,645,1463821,0
3,Not Graduate,0,43921,146591,60,593,294604,0
0,Graduate,1,1194029,738486,360,659,1806418,1
1,Not Graduate,1,541925,383029,120,570,632821,0
2,Graduate,1,1069970,1598286,360,642,835703,0
1,Graduate,1,769767,1220753,60,836,673833,1
0,Graduate,1,516197,2028410,240,571,1275977,0
1,Graduate,1,849250,211426,120,703,1539465,1
0,Graduate,1,5000000,1956494,120,640,9995198,0
3,Graduate,0,106233,593667,12,718,124865,0
0,Graduate,1,597222,1077536,360,702,1445144,1
0,Graduate,1,427414,1060637,36,764,1085469,0
0,Graduate,1,464829,855169,36,726,1043671,0
0,Graduate,1,1400891,182002,12,590,2066006,0
2,Not Graduate,0,138993,1404343,240,715,474863,0
0,Graduate,1,726002,768102,240,535,1549736,0
0,Graduate,1,1657858,123860,36,545,1208173,0
1,Graduate,1,1376087,333140,60,807,3522977,1
0,Graduate,1,640582,160639,12,749,1061827,1
0,Graduate,1,213823,129805,60,649,335652,0
2,Graduate,1,1416679,1268472,12,696,1937946,1
2,Graduate,1,835454,123084,12,788,2050604,1
3,Graduate,1,742500,144189,36,712,1912494,1
2,Graduate,1,502404,3906775,36,642,446251,0
1,Graduate,1,1323405,345281,360,635,1339500,0
0,Not Graduate,1,963952,1043051,60,567,2226663,0
2,Graduate,1,603521,1664160,240,649,1634713,0
2,Graduate,1,273658,1171989,120,600,796318,0
2,Graduate,1,1714004,627546,360,768,3203476,1
1,Not Graduate,1,1183425,520599,60,740,1105529,1
0,Graduate,1,894770,925053,12,612,2164243,0
2,Graduate,1,87079,431635,120,632,685866,0
2,Not Graduate,0,7661,1082611,120,680,450315,0
4,Graduate,0,128659,417083,360,661,234646,0
0,Graduate,1,444721,467177,120,806,1148395,1
0,Graduate,1,1333594,3547522,360,889,1873656,1
0,Not Graduate,1,1292240,334238,120,621,2702197,0
2,Not Graduate,1,1034532,550862,360,796,2677182,1
0,Graduate,1,1673307,831147,360,686,606432,1
0,Graduate,1,321953,886284,120,706,467839,0
4,Graduate,1,507411,724228,60,725,858416,0
0,Graduate,0,116183,154756,36,662,348480,1
2,Graduate,0,65149,635421,36,640,374161,0
0,Graduate,1,1305028,688884,12,660,1646531,1
2,Not Graduate,1,480335,1689528,240,730,533716,1
1,Not Graduate,1,2060987,1131711,60,737,5085710,1
3,Graduate,1,346304,1804619,120,881,256206,0
3,Graduate,1,4015156,198152,36,700,1834695,1
0,Graduate,1,3698499,199581,12,663,9073495,1
0,Graduate,1,676168,750203,120,669,1429743,1
0,Graduate,1,1824718,1677561,12,680,941469,0
1,Graduate,1,529483,442221,120,698,878980,1
2,Graduate,0,42611,257740,360,734,421987,1
1,Graduate,1,633628,108937,120,900,1533188,1
1,Not Graduate,1,260836,776870,36,698,254793,0
0,Graduate,1,43206,482668,36,592,489314,1
2,Graduate,1,588321,350127,120,838,1160372,1
3,Not Graduate,0,115127,1335999,36,749,291495,0
0,Graduate,1,2114339,495441,60,569,4321912,1
1,Graduate,1,751104,540844,120,726,639129,1
0,Graduate,1,1627129,1328915,36,722,3170791,1
1,Not Graduate,0,80504,4831829,12,775,561109,0
1,Graduate,1,556919,346465,12,900,154484,0
0,Graduate,1,1695059,224978,12,709,3739572,1
1,Graduate,1,101545,200976,240,678,588400,1
0,Graduate,1,737032,870500,12,718,902692,0
1,Graduate,1,529681,181585,360,678,1418977,1
1,Graduate,1,2166208,372047,12,593,1938140,1
0,Not Graduate,1,478017,406248,60,770,710850,1
2,Not Graduate,1,1102695,2562257,60,523,1873168,0
2,Graduate,1,1524555,1781311,240,594,2031102,0
0,Graduate,0,13513,116225,60,588,317073,0
0,Graduate,1,652459,2636134,36,707,421843,0
2,Not Graduate,1,516427,160147,12,659,1201698,1
3,Graduate,1,1555075,634308,36,784,1519723,1
0,Graduate,1,1251765,234557,240,808,2071396,1
0,Not Graduate,1,605275,366478,36,596,477810,0
0,Graduate,1,315550,202722,360,599,760462,0
1,Graduate,0,121316,2886405,36,584,188572,0
0,Not Graduate,1,690988,469725,36,816,1450081,1
0,Not Graduate,1,199845,677110,360,719,488304,1
1,Graduate,1,214077,184928,60,636,348656,0
1,Graduate,1,1035201,131259,12,766,1252874,1
0,Not Graduate,1,262854,346575,360,652,599811,1
1,Graduate,1,3229112,910236,36,742,6464724,1
1,Graduate,1,344670,478565,120,673,395978,1
0,Graduate,0,65915,1431938,12,604,185286,0
0,Not Graduate,1,828431,611806,12,783,1762759,1
2,Graduate,1,406971,543869,120,679,1068536,1
0,Graduate,0,182905,922749,240,790,690773,0
2,Not Graduate,1,849765,597374,240,863,920396,1
3,Graduate,0,105742,1388909,12,774,584642,0
0,Not Graduate,1,800691,941482,60,796,1154642,1
0,Graduate,1,661413,1343736,360,773,1446601,1
1,Graduate,1,900434,1106217,240,667,2222114,1
2,Graduate,1,2544630,2105936,240,774,3250346,1
3,Graduate,1,471207,1237908,36,706,1019850,0
2,Graduate,1,501282,3102117,36,561,651441,0
0,Not Graduate,1,192405,314523,240,752,949465,1
1,Graduate,0,110967,1245171,60,770,453009,0
1,Not Graduate,1,1012462,135846,36,661,1496833,1
1,Graduate,1,495441,1393143,360,570,730690,0
0,Graduate,1,1017790,571742,60,845,695528,1
0,Graduate,0,97155,1378905,360,736,451973,0
2,Graduate,1,257348,2897941,360,799,721073,0
1,Graduate,0,80263,1203923,12,679,207929,0
0,Not Graduate,1,618674,357630,360,696,333651,1
0,Graduate,1,804685,182048,360,622,1298949,0
2,Graduate,1,463443,923578,60,854,1382354,1
2,Graduate,1,431782,405981,36,900,1146000,1
0,Graduate,1,827304,1049263,360,698,2098431,1
0,Graduate,1,606536,325546,120,728,721984,1
0,Graduate,1,2897684,213314,60,841,3372342,1
3,Graduate,0,92443,424327,240,545,631993,0
1,Not Graduate,1,1128052,891759,360,900,852267,0
1,Graduate,0,7535,610600,360,874,64849,0
1,Graduate,1,144232,239645,60,613,143833,0
0,Graduate,0,173226,3270698,60,623,258764,0
2,Not Graduate,1,434592,470361,60,584,680024,0
1,Graduate,1,585377,56284,240,591,1700077,0
0,Graduate,1,710207,1372709,360,763,1015426,1
0,Graduate,1,1232875,534397,60,638,1074812,0
1,Not Graduate,1,907561,455648,120,740,2355341,1
3,Graduate,1,1843843,446683,240,822,3456085,1
0,Graduate,1,568341,449206,120,787,406063,1
2,Graduate,1,896031,2867573,120,795,1717957,1
2,Graduate,1,960371,859866,120,772,1197318,1
0,Graduate,1,887870,701080,240,805,2248951,1
0,Graduate,1,2033994,415509,36,714,3149619,1
0,Graduate,1,1387507,3043363,240,659,2878382,1
2,Graduate,1,253844,1255357,60,595,751507,0
0,Graduate,1,665660,1452873,360,784,1819573,1
0,Graduate,1,721307,713664,120,795,1691619,1
1,Graduate,1,4078471,1468772,60,645,6590600,0
2,Not Graduate,1,560266,800654,120,672,1495924,1
0,Graduate,1,332372,372767,120,705,361546,1
1,Not Graduate,1,1035774,781848,360,692,2997221,1
1,Graduate,1,1085540,4399869,60,624,1473834,0
1,Not Graduate,1,687613,662528,12,846,979395,1
2,Graduate,1,611573,1924486,120,667,1537507,0
0,Graduate,1,1558326,1778675,360,750,2940706,1
2,Graduate,0,129901,948720,12,664,357683,0
1,Graduate,1,555285,2832794,240,646,1550112,0
1,Graduate,1,480354,61517,120,682,1172275,1
1,Graduate,1,1749981,86130,120,627,3833849,0
1,Graduate,1,916571,3041394,360,576,2089020,0
0,Graduate,1,311142,282822,240,691,714499,1
1,Graduate,1,337187,604267,60,738,937464,1
1,Graduate,1,3264875,3111384,60,756,4723597,1
1,Graduate,0,129286,659772,12,705,170066,0
0,Graduate,0,110967,2927351,240,672,569654,0
3,Not Graduate,1,736597,366502,120,740,1934039,1
1,Graduate,1,2438219,1000383,12,630,2169606,0
0,Graduate,1,301726,572710,60,828,576825,1
1,Not Graduate,1,1332242,2399170,120,707,936621,1
2,Graduate,1,511642,415976,360,791,1118929,1
2,Graduate,1,597724,206013,60,757,753931,1
1,Not Graduate,0,63574,338534,12,697,243445,0
2,Graduate,0,18777,353892,60,724,313621,0
0,Graduate,1,515163,282900,360,611,1049256,0
1,Not Graduate,1,490840,271380,60,734,633335,1
2,Not Graduate,1,148884,1658986,240,643,195417,1
2,Graduate,1,1343196,2208489,360,647,560136,0
1,Graduate,1,326014,799648,12,810,690514,0
2,Graduate,1,3225916,282849,120,658,1481979,1
0,Graduate,1,579493,301332,60,805,801775,1
2,Graduate,1,2079320,67988,60,638,4232204,0
0,Graduate,1,171574,789919,36,792,303628,0
0,Not Graduate,0,71764,273011,12,635,346703,0
0,Not Graduate,1,1608551,2352761,12,711,3596375,1
1,Graduate,1,2069568,136200,120,731,3938439,1
0,Graduate,1,214822,298835,240,747,442982,1
0,Graduate,1,415744,491117,120,712,578784,1
0,Graduate,0,36695,860466,360,606,312680,0
0,Graduate,1,821390,3278660,12,569,2008326,0
1,Not Graduate,0,131159,137251,60,704,127128,0
1,Graduate,1,546763,399537,240,874,1550413,1
0,Not Graduate,1,2522191,129551,240,669,6244154,1
2,Graduate,1,5000000,1190580,12,831,5437241,1
2,Graduate,1,792687,282972,12,799,260797,0
2,Graduate,1,1048359,487329,120,772,1120703,1
0,Graduate,0,65983,454856,36,611,423641,0
2,Not Graduate,1,2037517,607001,12,757,4290061,1
0,Graduate,1,1415924,462189,12,754,1430467,1
0,Graduate,1,310797,204498,120,711,725177,1
0,Graduate,1,446787,588245,12,736,1263019,1
2,Graduate,1,325319,244168,360,658,402492,1
0,Not Graduate,0,43535,1220246,120,765,542149,0
0,Graduate,1,1212566,572297,360,801,2937269,1
0,Graduate,0,139266,191043,12,537,160585,0
2,Graduate,1,424878,5997634,60,716,1214807,0
1,Graduate,1,1389125,2838686,12,583,517867,0
0,Graduate,1,1504447,6221195,36,648,1931249,0
1,Graduate,1,1381231,383503,240,738,2018257,1
1,Graduate,1,518945,234406,120,736,1000906,1
1,Not Graduate,1,931614,1210445,36,666,2259045,1
0,Graduate,1,797097,1636430,360,876,636761,1
2,Graduate,1,344893,657846,120,730,746627,1
0,Not Graduate,1,347599,65924,36,658,406926,1
1,Graduate,1,1014160,202581,120,739,1658238,1
0,Graduate,1,853551,824477,360,568,1662363,0
0,Graduate,0,83072,279239,120,744,221236,0
0,Graduate,1,1373425,137997,360,684,1207319,1
1,Graduate,1,2420551,417627,240,823,5265858,1
0,Graduate,1,392101,50000,12,618,830949,0
2,Graduate,1,1207652,295579,120,783,2260132,1
0,Graduate,1,1328231,352912,120,708,1069131,1
1,Not Graduate,1,568238,737039,360,780,804610,1
2,Graduate,1,804109,934363,240,798,870287,1
1,Not Graduate,1,579982,788359,360,747,1436745,1
2,Graduate,1,3940713,1325431,360,794,913992,1
1,Graduate,1,793240,456809,120,738,1299430,1
0,Graduate,1,1046753,126047,120,654,2486875,1
2,Graduate,1,590551,564781,60,858,1597835,1
0,Graduate,1,496973,225144,60,536,1251860,0
1,Not Graduate,1,257402,139122,360,608,890503,0
2,Graduate,1,1758364,964163,60,681,3186402,1
0,Graduate,1,1348832,131546,240,647,309997,0
0,Graduate,1,573276,1066837,360,707,1443160,1
1,Graduate,1,354940,148425,120,714,1039967,1
2,Graduate,1,842329,404114,240,653,1622828,1
3,Not Graduate,1,489844,307422,360,747,1081824,1
1,Not Graduate,1,610702,1684357,240,612,217451,0
1,Graduate,1,265442,979048,36,754,72772,0
3,Graduate,1,867747,236985,12,664,1233202,1
0,Graduate,1,881695,461577,36,694,2477086,1
0,Graduate,0,12545,2041943,360,613,146318,0
2,Graduate,1,646550,2404901,360,900,801483,1
2,Not Graduate,1,558578,137474,360,655,685619,1
2,Not Graduate,1,209942,2015134,12,853,194528,0
1,Not Graduate,1,1759902,1866635,36,620,4346400,0
0,Graduate,1,1489958,646037,120,670,660005,1
1,Graduate,1,746380,493481,240,737,1760000,1
0,Graduate,1,251856,311627,36,728,501681,1
0,Graduate,1,276061,154291,36,665,507964,1
2,Graduate,0,29933,758382,120,704,108852,0
0,Graduate,0,178924,455861,240,809,278798,0
2,Graduate,1,920129,834777,12,588,988085,0
1,Not Graduate,1,220866,854960,36,789,664966,0
1,Graduate,1,1007889,6701901,12,737,2690847,0
0,Not Graduate,1,372757,1788134,60,748,440421,0
0,Graduate,1,480330,933705,360,566,1271303,0
0,Graduate,1,1587054,63770,36,774,201896,1
3,Not Graduate,1,1345670,799953,240,565,2519401,0
2,Graduate,0,21501,2629403,60,669,436734,0
1,Graduate,1,716041,352582,60,658,331730,1
0,Graduate,1,1478324,4831565,36,702,2659861,0
3,Graduate,1,456384,930860,36,692,1407667,1
0,Graduate,1,593591,725455,360,686,311374,1
0,Not Graduate,1,561836,200632,60,703,1157738,1
1,Not Graduate,1,743476,2430725,36,787,1813514,0
3,Graduate,0,54482,235478,360,900,150822,0
0,Graduate,1,609257,307314,240,554,1501616,0
0,Not Graduate,1,2329876,82365,240,636,978920,1
3,Graduate,1,304363,1323981,60,710,587430,0
0,Graduate,1,251838,972538,36,668,666371,0
0,Not Graduate,1,268619,545906,360,693,430492,1
1,Not Graduate,1,5000000,1132847,360,693,12341227,1
2,Not Graduate,1,1057990,1030948,60,732,1974832,1
1,Graduate,1,587591,374925,240,839,1526292,1
4,Graduate,1,770393,246511,36,835,1666045,1
1,Not Graduate,1,875115,97219,360,632,546429,0
0,Graduate,0,143255,452400,240,627,220955,0
4,Not Graduate,1,482254,146071,360,606,637355,0
1,Graduate,1,642970,635818,36,594,929460,0
0,Not Graduate,1,408479,460276,120,561,1157817,0
1,Graduate,1,530965,361482,240,831,1106544,1
0,Graduate,1,967502,1538804,12,782,348701,0
0,Graduate,1,328495,201518,360,664,764540,1
0,Graduate,1,5000000,85137,360,698,11037910,1
1,Graduate,1,1332443,431320,36,637,2979445,0
2,Graduate,1,264060,257830,120,608,582122,0
1,Not Graduate,1,100476,610216,120,777,121634,0
4,Graduate,1,420835,216729,120,741,903476,1
0,Graduate,1,1261091,822849,240,634,1670950,0
0,Graduate,1,1079896,204253,360,851,1596020,1
0,Not Graduate,1,667517,202055,12,827,1379685,1
0,Graduate,0,78721,1000924,120,615,447560,0
0,Graduate,0,94546,515837,360,592,500881,0
2,Not Graduate,1,528571,164873,60,742,229432,1
3,Graduate,1,324517,208602,36,900,335445,1
3,Graduate,1,530140,372199,36,633,1498871,0
0,Graduate,1,2115413,172307,360,773,901529,1
2,Not Graduate,1,393567,405171,12,670,1051006,1
0,Graduate,1,1189097,419683,360,768,492297,1
0,Not Graduate,1,1343433,215978,12,532,2941349,0
2,Not Graduate,1,307527,1035130,240,639,832349,0
1,Graduate,0,97704,194778,60,733,574155,1
0,Graduate,1,1715396,1877906,36,736,1028214,1
1,Graduate,1,347802,434310,120,539,907067,0
0,Graduate,1,696631,279383,120,640,682470,0
2,Graduate,1,3730254,926681,36,654,3043937,1
1,Not Graduate,0,167217,559302,60,765,638657,0
4,Graduate,1,780885,1155325,60,695,650925,0
0,Graduate,1,1429141,73053,360,744,1051104,1
0,Graduate,1,697503,906051,120,826,1372438,1
1,Graduate,1,1647196,321490,36,696,3543402,1
1,Graduate,1,141915,561060,120,764,335436,0
0,Graduate,1,652513,494760,240,794,879172,1
2,Graduate,1,137437,2077375,36,683,445834,0
2,Graduate,1,829919,84078,60,670,1769539,1
3,Graduate,1,603835,2714435,120,771,743551,0
2,Graduate,1,2166414,1095196,12,746,2451130,1
2,Not Graduate,1,1289109,629157,12,807,1598169,1
1,Not Graduate,1,478843,128859,240,746,1104631,1
2,Graduate,1,527037,101511,12,686,465515,1
0,Graduate,1,989106,308369,240,727,709602,1
0,Not Graduate,1,461368,1019785,240,663,842883,1
0,Graduate,1,710768,537131,60,535,1267109,0
1,Graduate,1,2091429,963415,60,783,5358507,1
0,Graduate,1,375756,125071,36,613,533304,0
3,Graduate,1,509844,564897,120,739,1135237,1
0,Graduate,1,570377,1615865,360,713,789611,1
0,Graduate,0,179857,2307988,12,731,709254,0
1,Not Graduate,1,1186589,154204,120,599,1155041,0
0,Graduate,1,1804248,380057,120,583,2990675,0
0,Graduate,1,1348496,384309,240,708,729480,1
0,Not Graduate,0,43487,288842,12,719,188967,0
1,Not Graduate,1,1065397,1339450,60,735,577507,1
1,Not Graduate,0,121273,9544497,120,653,275974,0
2,Not Graduate,0,164391,177421,240,615,277671,0
2,Graduate,1,971203,826345,60,770,669908,1
1,Not Graduate,1,668856,726164,240,867,893102,1
0,Graduate,1,1128461,741910,120,753,678604,1
0,Graduate,1,689217,2049276,360,794,1652569,1
2,Graduate,1,1343154,784885,120,555,1409763,0
0,Graduate,1,1547182,63812,120,783,4100634,1
0,Not Graduate,1,70988,128434,12,661,481956,1
2,Graduate,1,515496,185917,12,685,1385390,1
1,Graduate,1,165064,255616,360,823,297336,1
0,Graduate,1,883066,469967,120,671,708185,1
0,Graduate,1,573454,435954,12,763,803306,1
3,Graduate,1,2157936,87256,240,679,5272293,1
2,Graduate,1,860953,108152,240,570,1433527,0
2,Not Graduate,1,494635,64926,360,775,439708,1
1,Graduate,1,1545498,114231,360,716,1510513,1
1,Graduate,1,565484,1455942,36,723,414437,0
3,Graduate,0,21111,412316,60,736,46555,0
3,Graduate,1,999389,208416,240,832,2741008,1
0,Graduate,1,2650813,79413,60,710,4516719,1
2,Graduate,1,1443875,196256,36,501,754011,0
0,Graduate,1,1148014,991706,36,836,2112575,1
0,Graduate,1,5000000,869491,360,734,12501448,1
1,Graduate,0,140685,419801,60,629,493611,0
1,Graduate,1,398804,413726,120,786,985075,1
3,Graduate,0,138636,91926,60,599,427910,0
0,Graduate,0,187785,248685,240,523,418298,0
1,Graduate,1,343399,941829,60,802,267399,0
3,Not Graduate,1,2968769,275181,240,808,502639,1
3,Graduate,1,230660,2740021,240,809,374672,0
0,Graduate,1,662003,1804087,240,671,1066475,1
0,Graduate,1,837999,343253,120,682,2148773,1
1,Graduate,1,360012,414419,120,671,401309,1
0,Graduate,1,443748,4990642,36,589,379533,0
3,Not Graduate,1,1379600,1260721,12,677,958530,1
3,Not Graduate,1,2311124,579705,120,683,5734773,1
0,Not Graduate,1,134364,650634,120,608,397155,0
0,Not Graduate,0,53292,627119,36,832,364079,0
0,Graduate,1,666205,531270,36,647,400274,0
3,Graduate,1,794856,185168,36,838,2050339,1
0,Graduate,1,566134,361379,60,788,1694551,1
1,Not Graduate,1,259785,128535,240,728,843481,1
1,Graduate,0,31908,1115496,120,592,116620,0
1,Graduate,1,1844029,473313,360,771,1580282,1
0,Graduate,1,671190,1173480,240,883,704665,1
0,Not Graduate,1,493535,151081,12,654,964257,1
3,Graduate,1,447954,2240207,36,747,453642,0
3,Graduate,1,92178,1978224,12,682,169460,0
2,Not Graduate,1,968066,111923,360,561,1016963,0
0,Graduate,1,1361719,325826,360,715,802705,1
0,Not Graduate,1,814493,363186,360,688,1632059,1
1,Graduate,1,680736,128297,36,600,1778801,0
0,Graduate,1,811554,416704,36,792,644090,1
3,Not Graduate,1,368582,944198,12,642,669781,0
1,Graduate,1,489116,337922,240,658,1415441,1
0,Graduate,1,638536,97452,360,762,162824,1
3,Graduate,1,1273578,1169969,12,610,960902,0
3,Graduate,1,2198062,244826,60,774,2209018,1
0,Graduate,1,607241,272046,120,726,153824,1
1,Graduate,1,316213,2903107,120,734,640069,0
0,Graduate,1,750516,803437,240,814,1253012,1
0,Not Graduate,1,3646188,240611,240,667,6523302,1
0,Graduate,1,338999,164538,240,630,681278,0
1,Graduate,1,1481658,1419606,12,491,1075351,0
3,Graduate,1,2123908,1325161,12,643,3111725,0
1,Graduate,1,546881,325549,360,694,1126246,1
0,Not Graduate,1,416407,153428,12,662,215141,1
1,Graduate,1,1155409,794604,36,736,1321634,1
0,Not Graduate,1,967599,978642,12,600,2225815,0
2,Graduate,1,1271641,372227,120,674,2574709,1
1,Graduate,1,3832268,179303,120,764,9829262,1
0,Graduate,1,833706,553910,36,786,900323,1
0,Graduate,1,281030,857476,12,844,542103,0
2,Graduate,1,769358,332003,12,660,822435,1
0,Graduate,1,884913,702143,60,603,827982,0
2,Graduate,1,2010180,775275,60,783,1186276,1
0,Not Graduate,1,623178,1698853,120,718,1960527,1
0,Graduate,1,525836,354802,240,665,1339841,1
1,Graduate,1,243542,172947,360,619,435599,0
3,Graduate,1,1130228,505185,120,623,1729565,0
3,Graduate,1,5000000,2921191,360,682,1924021,1
0,Not Graduate,1,610435,92677,36,900,948688,1
0,Graduate,1,1047130,53473,12,712,1714850,1
0,Graduate,1,470585,485027,60,784,568304,1
1,Graduate,1,261704,369802,360,625,286765,0
1,Graduate,1,1032391,438728,120,526,811332,0
3,Graduate,0,12771,422703,360,766,112982,0
3,Graduate,1,108180,1477078,36,623,421473,0
0,Not Graduate,1,2644580,517900,240,625,2010827,0
1,Graduate,1,1017410,1226394,120,709,2590004,1
2,Graduate,1,773836,50000,12,835,1141286,1
2,Graduate,1,520434,318367,12,787,781002,1
0,Graduate,1,1008762,239115,60,651,359756,1
0,Not Graduate,1,1046662,55014,36,736,2845281,1
1,Not Graduate,1,1005561,599227,240,752,2298440,1
0,Graduate,1,1714092,488790,240,755,230830,1
0,Graduate,1,2055885,338727,36,683,4505687,1
0,Graduate,1,3629024,476405,60,753,5526339,0
1,Graduate,1,373445,599223,12,755,203940,0
0,Graduate,1,461050,1488230,240,744,842775,1
0,Not Graduate,1,973784,1027387,36,612,1721566,0
0,Graduate,1,391103,750544,60,710,737724,1
2,Graduate,1,444892,5428854,12,790,1284607,0
2,Not Graduate,0,90611,266179,36,525,199971,0
1,Graduate,0,138418,138704,60,813,471948,1
1,Not Graduate,1,2024315,1748295,120,783,2238389,0
3,Graduate,0,110097,3494979,36,744,202405,0
0,Not Graduate,1,1056553,286303,240,752,2777018,1
0,Graduate,1,885764,2143181,36,710,1626232,0
0,Graduate,1,739793,316964,12,628,985046,0
0,Graduate,1,379721,969710,36,689,929064,0
0,Graduate,1,342981,1025071,360,713,785365,0
3,Graduate,1,1243374,287491,12,688,1539498,1
1,Not Graduate,1,374648,3425386,60,742,350076,0
1,Not Graduate,1,176039,3842303,120,738,591609,0
3,Graduate,1,711116,194617,12,712,1378002,1
0,Graduate,1,2336564,660699,60,756,3572275,1
0,Graduate,1,77973,1348498,60,765,175865,0
1,Graduate,1,579160,82241,120,620,1823093,0
1,Graduate,1,1251898,554726,240,809,689349,1
0,Not Graduate,1,169600,103447,240,656,181413,1
1,Graduate,1,614973,1053348,36,739,669049,0
1,Graduate,1,293148,588877,240,690,560954,0
1,Graduate,1,325871,371844,36,711,973003,1
1,Not Graduate,1,528641,112769,12,814,334792,1
0,Graduate,0,78699,296973,360,694,499327,1
0,Graduate,1,277884,908179,360,741,560279,1
1,Graduate,1,695658,518673,360,800,981612,1
0,Graduate,1,4332742,1780724,360,778,5230783,1
3,Graduate,1,1337342,1669038,12,753,1834183,0
1,Graduate,1,1637082,1599648,36,888,1131427,1
0,Graduate,1,1380297,315600,120,717,2001580,1
2,Graduate,1,417478,725760,120,797,620244,1
1,Not Graduate,1,935340,205821,240,900,1016152,1
0,Graduate,0,125994,153286,12,661,482648,1
2,Graduate,1,1415042,1761812,12,849,3312954,1
2,Graduate,1,852254,164962,360,753,1085623,1
1,Graduate,1,1105753,148159,120,857,424634,1
0,Graduate,1,5000000,600305,60,725,11238778,1
1,Graduate,1,1427670,412224,120,783,3176939,1
2,Graduate,1,566862,449450,120,593,903964,0
0,Not Graduate,1,687467,5420260,60,611,1329678,0
0,Not Graduate,1,313852,199892,240,764,991089,1
2,Graduate,1,4768912,886497,36,767,11794986,1
0,Graduate,1,2631582,589301,240,644,3582595,0
2,Not Graduate,1,779626,1482646,360,771,1305152,1
1,Graduate,1,4175130,246276,60,745,9246968,0
1,Graduate,1,1209744,431721,60,759,2324639,1
0,Not Graduate,1,516754,605703,240,801,1235356,1
2,Not Graduate,1,1506292,128820,360,597,2767085,0
0,Graduate,1,1003410,88827,360,780,1176794,1
1,Graduate,1,1425859,529242,36,752,1156850,1
1,Graduate,1,243951,2058807,240,649,970488,0
2,Not Graduate,1,381455,379950,12,609,200315,0
3,Not Graduate,1,2399513,435789,12,671,3015524,1
1,Graduate,0,110262,1707781,12,680,631612,0
0,Not Graduate,1,2262747,465647,36,673,5075694,1
3,Graduate,1,4303406,1175153,36,723,8211823,1
1,Graduate,1,1157640,7775339,60,808,842444,0
0,Not Graduate,1,1094345,303438,120,741,941102,1
0,Graduate,1,351313,452682,36,623,1308583,0
2,Graduate,0,193009,803086,360,740,347482,0
0,Graduate,0,16061,2401547,120,680,131166,0
1,Graduate,1,564000,481601,12,676,455252,0
1,Graduate,1,140530,1120481,12,665,59479,0
0,Graduate,1,1731975,765194,120,732,1531429,1
1,Not Graduate,1,995219,502705,240,716,1710866,1
0,Graduate,1,144215,354895,60,658,717466,1
1,Not Graduate,1,626628,293838,60,741,1371553,1
1,Graduate,1,3520538,11588524,240,695,7340648,1
1,Graduate,1,659651,115722,360,680,1858360,1
2,Graduate,1,328175,127224,120,722,313607,0
2,Not Graduate,0,10383,690202,120,695,120285,0
2,Graduate,1,179061,662162,36,670,576114,0
0,Graduate,0,81550,827655,12,795,279592,0
0,Not Graduate,1,515504,225360,12,798,277393,0
1,Graduate,1,550842,193595,120,663,306906,1
3,Not Graduate,1,517209,406160,36,738,968355,1
2,Not Graduate,1,652005,1339241,360,679,1672154,1
2,Graduate,1,273284,195294,360,685,415054,1
0,Graduate,1,939294,628521,36,662,700154,1
1,Graduate,1,233709,323754,60,620,855532,0
1,Graduate,1,398445,117655,60,710,253761,1
0,Not Graduate,1,1637468,150030,120,695,3338744,1
0,Not Graduate,0,164526,1342907,360,682,761251,0
3,Graduate,1,1262425,295424,60,817,385587,1
0,Graduate,1,4074712,1874417,36,739,4825563,1
0,Graduate,0,25182,520607,240,739,290019,0
0,Graduate,1,742047,137609,12,853,1903252,1
3,Graduate,1,590392,870827,120,750,1650698,1
1,Graduate,1,511584,242476,360,884,1573112,1
1,Graduate,1,324982,370702,60,681,256262,1
3,Graduate,0,90840,1677347,60,712,291578,0
0,Graduate,1,969018,148794,36,798,2253795,1
1,Graduate,1,1013191,344684,60,534,1269842,0
0,Not Graduate,0,37993,182858,12,727,436006,1
0,Graduate,1,1530242,164335,120,900,3057240,1
2,Not Graduate,0,41125,336653,60,628,108573,0
2,Graduate,1,525738,229218,240,831,769077,1
0,Not Graduate,1,347461,410894,240,700,675533,1
0,Not Graduate,1,211254,1023603,360,900,664449,1
1,Graduate,0,143222,255030,360,646,605337,0
0,Graduate,1,416964,124469,120,649,829541,0
0,Not Graduate,0,139621,1026305,240,632,749841,0
0,Graduate,1,522285,253323,240,726,1176318,1
0,Not Graduate,1,583785,3361066,360,676,1333654,1
2,Not Graduate,1,2705534,358973,60,661,903982,1
0,Graduate,1,561003,471665,240,739,1482889,1
0,Graduate,1,5000000,53955,60,765,8157109,1
1,Graduate,0,80263,169103,12,535,324308,0
2,Not Graduate,1,3781467,55318,36,786,9413815,1
0,Graduate,1,1491277,725116,360,606,2052096,0
0,Graduate,0,160659,497924,60,684,233457,0
0,Graduate,1,2577366,1014719,36,679,2233016,1
2,Graduate,0,99437,1211548,60,742,670410,0
1,Graduate,1,1211952,1413348,60,643,773686,0
2,Graduate,1,4657899,431472,120,776,11406793,1
3,Graduate,1,489571,588547,60,641,1222858,0
2,Graduate,1,329084,964092,240,799,561508,1
1,Not Graduate,1,424647,244085,240,697,388595,1
1,Graduate,0,138371,211501,60,725,518142,1
0,Not Graduate,1,2328204,2520750,360,797,3183360,1
4,Not Graduate,1,479160,88772,360,695,773117,1
0,Graduate,0,196329,890914,360,895,64729,0
0,Graduate,1,618667,760104,12,693,1927641,1
1,Graduate,0,19214,175725,240,728,349672,1
0,Graduate,1,491320,277106,36,847,710049,1
1,Graduate,1,313787,378192,12,752,660679,1
1,Not Graduate,1,201263,671099,36,786,666734,0
1,Graduate,1,3290544,768096,60,679,4982110,1
2,Not Graduate,1,422128,523907,60,537,1045633,0
0,Graduate,1,2258325,652386,60,659,3271371,1
1,Graduate,1,611031,1044919,240,706,918000,1
1,Not Graduate,1,295184,997755,360,646,379473,0
1,Graduate,0,187134,2506270,12,715,170607,0
2,Graduate,1,533468,1533611,36,582,695291,0
0,Graduate,1,618046,550064,120,717,324904,1
1,Graduate,1,819069,1025490,360,648,1569011,0
0,Graduate,1,380876,825564,12,571,426149,0
3,Graduate,1,199404,636924,36,720,623480,0
0,Graduate,1,700104,226704,120,712,1192988,1
2,Graduate,1,1577156,635556,12,682,1387744,1
0,Not Graduate,1,354593,68511,12,630,712170,0
0,Graduate,1,825025,1579036,360,622,1840064,0
1,Graduate,0,114591,767081,60,836,387296,0
2,Graduate,1,678872,460844,360,769,1372878,1
1,Graduate,1,781425,354790,12,661,2004645,1
3,Graduate,1,762356,1039762,360,663,697657,1
1,Graduate,1,422575,3393980,360,621,854242,0
1,Graduate,1,329494,786289,360,697,457272,1
0,Graduate,1,330575,3620953,36,815,694869,0
2,Graduate,1,979254,1183935,60,750,1998892,1
0,Not Graduate,1,1337480,241493,12,786,3451690,1
2,Graduate,1,1388959,880045,60,609,1986000,0
3,Graduate,1,538835,798162,120,660,1093587,1
3,Graduate,1,1749161,241351,36,734,2374837,1
1,Graduate,1,932748,359429,120,520,1123775,0
1,Not Graduate,1,771887,352374,36,655,946351,1
2,Graduate,1,50438,597330,240,637,477506,0
0,Not Graduate,1,379296,408383,120,822,1039662,1
1,Graduate,1,216019,706915,240,783,603857,1
0,Graduate,1,1204600,831250,360,750,2397483,1
1,Not Graduate,1,787033,1919678,60,706,626407,0
0,Graduate,1,309406,935783,120,756,547056,1
0,Not Graduate,1,930511,267816,12,687,2109845,1
0,Graduate,1,233562,4461978,360,790,389438,0
1,Graduate,1,316471,269556,36,633,510559,0
1,Graduate,1,413256,366739,12,619,762658,1
0,Graduate,1,1123668,982146,12,704,781683,0
1,Graduate,1,2234556,9774619,360,731,5030514,1
0,Graduate,1,456431,807408,60,810,1025698,1
1,Graduate,1,2101090,284479,60,640,5269972,0
1,Graduate,1,757609,104890,12,706,145888,1
1,Graduate,1,881086,98142,360,720,1678207,1
2,Not Graduate,1,693118,546318,12,653,497422,0
0,Graduate,0,7904,931681,12,758,41239,0
2,Graduate,0,111817,130638,36,624,164717,0
1,Graduate,1,1318831,674665,60,699,1060589,1
1,Not Graduate,1,359443,145281,120,743,916749,1
1,Graduate,1,626910,214399,60,743,931622,1
0,Not Graduate,1,2772943,1016370,12,729,1748448,1
1,Not Graduate,1,840498,255856,120,609,2259569,0
1,Graduate,1,917451,2002850,360,800,1627887,1
0,Graduate,1,1855778,301227,360,706,1767572,1
0,Not Graduate,0,140625,1638745,120,579,379329,0
0,Graduate,1,709866,5205442,120,611,1485771,0
3,Graduate,1,1402091,256355,60,591,440243,0
1,Not Graduate,0,2101,6363115,12,616,424033,0
0,Graduate,1,109961,547701,360,690,504045,1
0,Not Graduate,1,404604,287056,360,508,928996,0
1,Not Graduate,1,328176,401900,360,779,454029,1
2,Graduate,1,660623,360971,12,816,595737,1
0,Graduate,1,348663,2195214,240,800,868429,1
0,Graduate,1,1240821,2018443,36,601,2508758,0
2,Graduate,1,837292,1994628,60,762,2269810,0
0,Not Graduate,1,1485633,147353,360,798,3563679,1
0,Not Graduate,1,1563451,652980,240,881,2779272,1
3,Graduate,1,1255781,114726,240,598,1242530,0
1,Graduate,0,150826,1485257,360,771,140475,0
0,Graduate,1,792875,333149,240,682,648849,1
0,Not Graduate,1,504488,893657,60,750,1422023,1
0,Graduate,1,244803,327139,36,665,603599,1
0,Not Graduate,1,1564427,93353,120,740,3453079,1
2,Graduate,1,681975,1309496,36,880,1872825,1
1,Not Graduate,1,219237,1414647,36,640,517415,0
2,Graduate,0,99441,621175,360,599,553955,0
3,Graduate,0,69339,65421,360,653,233041,1
1,Graduate,0,138361,1144357,12,758,438313,0
0,Not Graduate,1,243048,258438,240,755,910861,1
1,Graduate,0,26530,905802,240,549,386634,0
3,Graduate,1,863206,330842,120,691,1543064,1
2,Graduate,0,104081,366604,12,758,324906,0
0,Graduate,0,164838,888791,120,735,807024,0
1,Graduate,0,117125,237778,360,733,253602,0
1,Graduate,1,709637,457401,60,825,929726,1
3,Graduate,1,2892945,899504,12,690,1948523,1
0,Graduate,1,1276837,4715894,240,742,843529,1
1,Graduate,1,871250,501586,120,624,972681,0
2,Not Graduate,1,1147699,1251044,12,835,1624938,1
1,Graduate,1,530074,167408,12,606,1297261,0
1,Graduate,1,696766,2942096,36,661,849399,0
0,Graduate,1,137921,240857,12,712,611739,1
0,Graduate,1,535310,473453,12,673,410811,0
0,Graduate,0,35358,900959,240,750,45615,0
3,Not Graduate,1,821346,247727,60,587,1027004,0
0,Not Graduate,1,794439,1592647,120,556,918556,0
1,Graduate,1,1621534,278784,60,630,1287974,0
1,Graduate,1,971173,1240002,12,806,2815402,1
0,Graduate,1,388797,1571752,240,547,451543,0
1,Not Graduate,1,743352,963597,240,751,1695732,1
2,Not Graduate,0,141593,1097374,240,791,419728,0
2,Graduate,1,844829,6789409,240,723,1456830,0
1,Graduate,1,373173,819577,36,628,1052883,0
1,Not Graduate,1,1532844,603100,12,646,973057,0
0,Graduate,1,484953,756329,36,800,629601,0
3,Graduate,1,377089,1926714,36,704,1029541,0
0,Not Graduate,1,666459,5549815,12,721,1538520,0
2,Graduate,1,977069,457500,240,700,1522184,1
0,Graduate,1,277654,216993,120,723,457666,1
3,Not Graduate,1,480694,1728128,240,720,705839,1
2,Graduate,1,793437,138262,240,789,1783996,1
2,Graduate,0,106561,699246,36,662,584822,0
0,Graduate,1,96473,732797,60,627,211677,0
1,Graduate,0,119774,485368,240,708,232009,0
1,Graduate,1,536674,514761,12,700,1102614,1
2,Graduate,1,491055,103518,12,710,480924,1
0,Graduate,1,422987,226776,12,875,434255,1
3,Not Graduate,1,545186,1379305,36,652,565381,0
2,Graduate,1,1198586,70173,120,779,914622,1
0,Not Graduate,1,474762,495838,120,679,1339280,1
2,Graduate,1,2749345,395313,120,766,1133915,1
1,Not Graduate,1,1201514,73685,240,722,1442071,1
1,Graduate,0,10344,2935465,240,748,55008,0
0,Graduate,0,35216,192862,60,761,295891,1
1,Graduate,1,1889614,935584,60,653,2883531,1
2,Graduate,1,2124008,338101,60,507,5296221,0
1,Graduate,1,288051,232150,36,786,578366,1
1,Graduate,1,416017,426778,120,504,941437,0
1,Not Graduate,1,1211905,378376,240,653,2079968,1
2,Not Graduate,1,1543162,448321,60,623,2730054,0
0,Not Graduate,0,21372,245990,36,784,35963,0
2,Graduate,1,402739,196028,360,849,240218,1
1,Not Graduate,1,776762,1475424,60,716,2000009,1
0,Not Graduate,1,2377011,544125,240,672,3557313,1
0,Graduate,1,753758,508737,60,645,1162102,0
1,Graduate,1,265361,221576,36,740,591234,1
2,Graduate,1,796248,2608794,360,590,1663669,0
0,Graduate,1,1364363,495127,360,563,1036957,0
2,Graduate,0,148236,81169,36,636,559495,0
0,Graduate,1,1995755,711993,60,670,3504505,1
1,Graduate,1,1458150,251652,240,525,3945023,0
4,Graduate,0,111927,1343560,36,852,426380,0
2,Graduate,1,755031,1526413,120,653,557810,1
0,Not Graduate,1,167140,1359916,36,628,381573,0
1,Not Graduate,1,1920663,340643,12,771,1836639,1
0,Not Graduate,0,45238,482676,60,589,351600,0
1,Graduate,1,529683,692875,120,675,1212091,1
2,Graduate,1,469825,1319365,240,728,311256,1
2,Graduate,1,1051110,191424,120,627,661364,0
0,Graduate,1,295683,593282,360,698,401982,1
3,Graduate,1,331924,3498773,360,751,924129,0
1,Graduate,1,699401,316350,36,666,727843,1
0,Not Graduate,0,147328,526459,36,874,445318,0
1,Graduate,1,953778,7374123,12,691,2513191,0
1,Graduate,0,118925,424540,360,708,479815,0
1,Graduate,1,2613050,115983,120,694,5042783,1
1,Graduate,1,1270302,510231,36,708,683501,1
1,Graduate,0,74710,2878930,240,663,544344,0
0,Graduate,1,449562,1554577,240,812,1099710,1
2,Graduate,1,4997976,202867,360,825,7258467,1
1,Graduate,1,513390,818635,120,759,799035,1
0,Graduate,1,412071,453230,120,711,466380,1
2,Graduate,1,1283875,1217163,12,669,470421,0
3,Graduate,1,852716,292027,120,670,2017757,1
3,Not Graduate,1,379000,886040,240,897,650755,1
0,Graduate,1,4225624,3650055,120,679,5197718,1
0,Graduate,1,1591964,50000,36,548,2395952,0
1,Graduate,1,731757,977635,36,843,1294230,1
0,Graduate,1,4979739,2020927,360,582,5157644,0
3,Graduate,1,1395305,113966,360,617,3358540,0
0,Graduate,1,722504,262866,120,702,2076143,1
0,Graduate,0,110011,364505,60,707,467390,1
1,Graduate,1,1235748,260169,120,704,1800151,1
0,Graduate,1,1193255,241394,12,723,2802501,1
2,Not Graduate,1,535481,371482,240,652,1068331,1
1,Not Graduate,1,758828,1266407,240,572,1508630,0
0,Graduate,1,525153,2392028,120,678,376903,0
0,Graduate,1,2307761,1988028,60,609,3223662,0
1,Graduate,1,201283,1459786,240,777,623395,0
0,Graduate,1,2175341,3375706,60,661,4524148,1
1,Graduate,1,361539,4119851,240,690,678746,0
1,Graduate,1,696388,637978,36,826,1838970,1
2,Not Graduate,1,575979,2260203,12,728,434890,0
3,Graduate,1,481122,825644,240,640,849690,0
3,Graduate,0,79078,435287,120,683,319781,0
3,Graduate,1,726394,514129,36,711,1792997,1
0,Graduate,1,427556,1487366,60,762,720265,0
0,Not Graduate,1,825047,2339835,12,709,918595,0
0,Graduate,1,417955,965551,60,634,981363,0
2,Not Graduate,1,474387,363655,60,807,1588770,1
3,Graduate,1,220177,331214,240,609,610578,0
2,Graduate,1,508770,84686,36,758,802048,1
0,Not Graduate,1,1083127,775244,12,734,2643793,1
3,Graduate,1,751404,724250,36,702,506202,0
1,Graduate,0,111339,190110,36,627,369220,0
0,Graduate,1,5000000,867269,360,484,9689539,0
1,Graduate,1,503140,852845,240,574,1227603,0
0,Graduate,1,374499,122551,60,742,714954,1
1,Not Graduate,1,1801001,391701,36,745,3491313,1
0,Not Graduate,1,953759,2211199,60,839,1926461,0
1,Graduate,1,1809750,286880,36,713,4162472,1
1,Graduate,0,51608,549982,12,714,180542,0
2,Graduate,1,624379,634413,120,650,998681,1
1,Not Graduate,1,627219,526319,120,677,565658,1
1,Not Graduate,1,1031187,1075938,120,710,2911320,1
2,Graduate,1,616065,1376730,240,851,1031622,1
3,Graduate,0,45821,1913764,240,739,442873,0
0,Graduate,1,257334,394945,60,674,460855,1
1,Graduate,0,76297,912429,240,651,546579,0
0,Graduate,1,162963,1251469,120,525,408159,0
0,Graduate,1,819198,480060,240,598,1217135,0
1,Graduate,0,151833,263244,120,678,660646,1
2,Not Graduate,1,216840,623795,36,710,496914,0
0,Not Graduate,1,140362,294863,360,635,385566,0
2,Not Graduate,1,303151,267205,120,805,765022,1
2,Graduate,1,756567,673426,120,776,536662,1
3,Graduate,1,450562,447612,12,747,204836,1
0,Graduate,1,317185,644043,360,804,237131,1
3,Graduate,1,2151820,114550,12,812,2046696,1
0,Graduate,1,272189,453365,12,666,892557,1
1,Not Graduate,0,16486,56372,12,668,201554,1
0,Graduate,1,358184,189952,120,701,259985,1
0,Not Graduate,1,297079,494383,60,675,505114,1
2,Not Graduate,1,449966,1817772,12,571,347413,0
1,Not Graduate,1,1197723,924354,240,748,513105,1
0,Not Graduate,1,243489,591417,240,711,267639,1
0,Graduate,1,918010,370739,240,806,1137236,1
1,Not Graduate,1,338199,420587,120,591,764695,0
0,Graduate,1,390579,1994251,36,783,615946,0
2,Not Graduate,1,1005015,178733,360,887,602954,1
0,Graduate,1,4150694,261571,360,640,8550690,0
0,Graduate,1,351929,1570265,36,662,337838,0
0,Graduate,1,1297441,383108,12,726,2054868,1
1,Graduate,1,567973,3756829,240,749,1313593,1
0,Graduate,1,498922,1078088,360,529,681662,0
0,Graduate,1,1718737,1715057,12,783,597478,0
3,Not Graduate,1,371454,106337,120,555,757495,0
1,Graduate,0,192054,1558799,240,779,608040,0
0,Graduate,1,1054039,231101,12,548,890571,0
1,Graduate,1,2612523,1105451,60,650,4701037,1
2,Graduate,1,1329077,375607,120,791,1908866,1
0,Graduate,1,236661,675226,360,652,714707,1
0,Graduate,1,445848,178754,360,800,1340724,1
2,Graduate,0,32324,96704,120,712,207813,1
1,Graduate,1,2584100,628163,120,718,6711497,1
1,Graduate,1,875866,402801,60,669,760759,1
0,Graduate,1,458934,221063,360,627,342194,0
0,Graduate,1,2721830,100503,36,862,5247308,1
1,Not Graduate,1,687161,50000,360,718,1503006,1
0,Graduate,1,449258,912149,36,580,1373862,0
1,Graduate,0,34125,418710,60,759,518659,0
1,Graduate,1,280403,295414,360,582,513206,0
0,Graduate,1,5000000,668513,36,699,5057798,1
3,Graduate,0,94021,1490175,60,598,502748,0
2,Graduate,1,431475,707552,12,631,601180,0
2,Graduate,1,2915234,346927,60,722,1784888,1
0,Not Graduate,1,1117541,4558428,36,727,1887923,0
0,Graduate,0,140082,286143,60,599,344849,0
1,Not Graduate,1,410719,131975,60,720,853653,1
0,Graduate,1,483447,597085,240,562,1671967,0
3,Graduate,1,705075,418502,60,804,1651802,1
0,Not Graduate,1,151381,1393172,36,710,543583,0
1,Not Graduate,1,494125,319244,120,707,1148603,1
0,Graduate,0,82159,458101,12,638,403225,0
1,Not Graduate,1,2079452,227346,60,644,2022675,0
0,Graduate,1,445415,1211849,36,781,1158711,0
1,Graduate,1,1396822,623790,360,741,559213,1
0,Graduate,0,32184,410370,360,788,208741,0
2,Graduate,1,1855424,465100,36,648,1654471,0
0,Not Graduate,0,134164,528971,240,690,376231,0
3,Graduate,0,11239,128365,360,736,422888,1
2,Graduate,0,134752,1728402,36,690,399392,0
0,Not Graduate,0,62891,1629898,120,747,93997,0
2,Graduate,0,71570,562800,36,658,509982,0
0,Graduate,1,270164,505755,120,606,516352,0
3,Graduate,1,358028,199454,360,743,1049545,1
1,Graduate,1,1618718,3039899,12,585,4165535,0
0,Not Graduate,1,452298,2386777,60,883,281205,0
0,Graduate,1,671563,801623,12,682,1787911,1
0,Graduate,1,221091,1226957,60,675,441168,0
4,Graduate,1,1449687,1849601,360,728,1553488,1
0,Graduate,0,142638,1509773,12,744,704240,0
1,Graduate,1,1517796,229533,120,668,3662305,1
1,Not Graduate,1,311710,395882,60,726,136040,1
3,Graduate,1,1642296,863010,60,665,3037476,1
0,Graduate,1,735388,662201,12,813,1547978,1
1,Graduate,1,466491,1147457,240,781,1237373,1
1,Graduate,0,131729,1028616,360,666,365209,0
2,Graduate,1,690323,691744,240,674,1764806,1
0,Graduate,1,546096,50000,12,661,794595,1
0,Not Graduate,1,1509508,1745996,36,704,1688224,0
0,Graduate,1,223157,1250477,12,751,655966,0
2,Graduate,1,96593,4278932,360,766,597004,0
0,Not Graduate,1,1842039,335206,120,720,1273267,1
1,Graduate,0,71844,85570,120,727,351060,1
0,Graduate,1,1456720,451148,36,703,3215630,1
2,Graduate,1,756857,853141,360,789,963296,1
3,Graduate,0,78141,347305,240,681,504092,1
1,Not Graduate,0,2824,2130343,120,874,234800,0
0,Graduate,1,525373,279249,360,825,1418909,1
0,Not Graduate,1,308083,488509,120,685,799531,1
0,Graduate,1,314570,422527,60,701,592207,0
0,Graduate,1,182358,8660746,360,453,644232,0
1,Graduate,1,1006933,218364,60,604,2653942,0
1,Graduate,1,345131,968720,36,671,506680,0
3,Graduate,1,709433,162558,120,674,579517,1
0,Graduate,1,630722,761438,12,754,544701,0
1,Not Graduate,1,343435,208049,240,775,417477,1
1,Graduate,0,2953,1623255,36,570,401649,0
1,Graduate,1,5000000,1339930,12,612,8764867,0
0,Graduate,1,701638,708935,12,594,1430997,0
1,Graduate,1,3136776,134399,36,590,2726122,0
1,Graduate,1,1852319,512366,36,707,1887247,1
2,Graduate,1,564145,398659,120,790,1375450,1
3,Graduate,1,843041,1239715,240,819,616197,1
0,Not Graduate,1,823676,219149,360,810,1821103,1
0,Graduate,1,3189454,1715236,120,550,2577233,0
1,Graduate,1,1416737,1421732,360,669,2190911,1
1,Graduate,1,382384,136707,360,725,738346,1
0,Graduate,1,966363,433825,12,774,603952,1
2,Graduate,1,1388106,513325,360,493,2728207,0
4,Graduate,1,284857,1477626,120,644,665392,0
3,Graduate,1,1083080,271897,120,834,994112,1
0,Not Graduate,1,2140160,665041,240,702,4887935,1
2,Graduate,1,367332,1621818,60,827,731598,0
2,Graduate,1,410259,694723,240,767,791809,1
1,Graduate,1,1845716,84345,120,658,4300100,1
1,Not Graduate,1,549415,329548,60,754,1291328,1
2,Graduate,1,332499,1334720,360,802,720069,1
1,Not Graduate,0,124520,1178055,12,679,229825,0
0,Not Graduate,1,1157164,56988,240,650,2328038,0
1,Graduate,1,786631,660490,36,620,1368615,0
1,Not Graduate,0,12683,1391655,12,783,418585,0
0,Graduate,1,1898373,926273,60,786,3356234,1
3,Graduate,1,682652,1038798,12,636,717565,0
1,Graduate,1,3539376,4249519,36,603,6956749,0
1,Graduate,1,2588818,517387,36,659,2733171,1
0,Graduate,1,149128,732908,240,688,744868,1
1,Graduate,1,319945,211188,360,769,1047680,1
0,Graduate,1,120062,286452,240,844,657427,1
0,Not Graduate,1,562545,387714,120,652,602694,1
1,Graduate,1,276793,1263916,120,850,911814,0
1,Graduate,1,380235,255861,12,617,799847,0
1,Not Graduate,1,1745330,1857279,36,764,994448,1
0,Graduate,1,179178,181105,12,816,397266,1
1,Graduate,1,809189,1024386,60,624,780720,0
0,Not Graduate,1,805276,938526,60,615,1559745,0
4,Graduate,1,682889,699050,120,726,815127,1
1,Graduate,1,809865,1446472,360,802,2265964,1
1,Graduate,0,296,257161,12,694,492455,1
0,Not Graduate,1,381687,339039,60,784,476452,1
0,Graduate,1,2506506,206209,120,767,5689811,1
3,Graduate,1,279988,545256,12,585,1021632,0
0,Not Graduate,1,2767039,479288,36,710,821681,1
1,Graduate,1,236698,1272450,60,794,407557,0
1,Not Graduate,1,214994,795568,360,632,348579,0
0,Not Graduate,0,51184,1076706,60,648,307026,0
2,Not Graduate,1,1799944,443685,36,807,3152926,1
1,Not Graduate,0,119806,810717,120,696,663330,0
0,Graduate,1,961572,3310915,60,747,2025201,0
0,Not Graduate,1,773676,140710,36,560,2003286,0
0,Graduate,1,698318,85897,120,755,1216370,1
2,Graduate,0,173035,1021633,240,648,143194,0
1,Graduate,1,1352160,231296,120,576,3084806,0
0,Not Graduate,1,292341,135709,60,689,517185,1
0,Graduate,0,21547,921637,120,779,276448,0
1,Not Graduate,1,2942446,197921,360,788,3184416,1
1,Graduate,1,941895,2518202,60,704,2624892,0
1,Not Graduate,1,218321,631889,120,668,880009,1
0,Not Graduate,1,231045,441262,240,581,961952,0
0,Graduate,0,44161,237617,120,758,276437,0
1,Graduate,1,1279461,670104,240,701,2585042,1
3,Graduate,1,349028,110092,60,692,874807,1
0,Graduate,1,1326565,50000,120,677,1102458,1
1,Graduate,1,2622172,114215,36,783,2696979,1
1,Graduate,1,2341464,1684855,360,768,2877147,1
1,Graduate,1,2632441,214456,240,792,1837959,1
0,Graduate,1,1137554,128733,12,770,1913627,1
2,Graduate,1,632776,494448,240,677,1662199,1
1,Graduate,1,528615,4998695,120,665,809007,0
1,Not Graduate,1,719340,1610241,240,697,1331748,1
0,Graduate,1,361921,242693,120,702,797830,1
0,Graduate,1,547195,238359,60,774,292800,1
0,Graduate,1,2023007,243785,60,704,4412749,1
2,Graduate,0,171265,217452,360,699,307443,1
0,Not Graduate,1,212663,930794,36,741,285214,0
1,Graduate,1,1417527,386177,12,748,3107148,1
0,Graduate,1,551204,177523,360,646,1179856,0
1,Not Graduate,1,156292,142021,60,675,95057,1
1,Graduate,1,694489,5395272,36,629,395621,0
0,Graduate,1,619521,1131150,12,656,1777505,1
0,Graduate,1,516655,229557,36,807,1469756,1
0,Graduate,1,1262449,1816386,60,771,1751529,1
1,Not Graduate,1,251059,170691,360,762,681132,1
1,Graduate,1,737033,471130,12,773,808375,1
0,Not Graduate,1,616135,422285,60,500,456664,0
1,Not Graduate,1,751825,648440,120,691,2059852,1
0,Graduate,1,182453,210638,360,724,490810,1
0,Graduate,1,480162,614455,12,634,805914,0
0,Graduate,1,741044,94053,36,575,1411375,0
2,Graduate,1,1124588,370744,120,685,2204962,1
0,Graduate,1,3195062,2053858,36,763,3121183,1
0,Graduate,1,1389922,1506579,60,786,2835778,1
0,Graduate,1,1054865,269408,60,594,552573,0
0,Not Graduate,0,132080,117484,120,736,471822,1
1,Graduate,1,572027,60891,120,593,660121,0
0,Graduate,1,2528514,1001962,12,737,5055819,1
0,Not Graduate,0,190504,713822,36,645,730242,0
1,Graduate,1,510577,794662,240,756,1302134,1
0,Graduate,1,3399585,2930263,60,734,3217808,1
2,Graduate,1,1042933,629634,240,852,1220281,1
1,Graduate,0,53744,678800,240,707,230395,0
0,Graduate,1,929633,133601,120,746,1506322,1
1,Graduate,1,465308,2741284,36,763,874307,0
0,Graduate,1,394735,458649,240,669,1135764,1
1,Not Graduate,1,548753,238738,36,803,561280,1
1,Graduate,1,461835,665209,120,900,381806,1
0,Graduate,1,2016977,3994031,360,688,2354150,1
1,Graduate,1,712703,4570801,360,638,893480,0
2,Graduate,1,200542,204761,360,510,259647,0
4,Graduate,1,864929,1750429,360,898,966858,1
1,Not Graduate,1,806460,755950,240,800,1283707,1
1,Graduate,1,501377,1450751,240,726,848985,1
0,Graduate,1,903538,712629,60,782,1689009,1
0,Graduate,0,47685,999374,240,611,119800,0
1,Graduate,1,1211066,2025455,12,820,1138287,0
0,Graduate,1,1155430,93979,120,727,2225622,0
3,Graduate,1,976687,774810,12,684,1381150,1
0,Graduate,1,258051,167793,360,718,609894,1
0,Graduate,1,3973720,339897,240,636,4870545,0
0,Graduate,1,210073,540890,240,643,284382,0
2,Graduate,1,658047,197238,12,603,704269,0
1,Graduate,1,303899,302129,60,726,452527,1
1,Not Graduate,1,1001561,133156,60,721,1957518,1
0,Graduate,1,814821,298558,12,552,868945,0
2,Not Graduate,1,637294,901532,12,579,894118,0
0,Graduate,0,95947,1283951,120,791,499928,0
2,Graduate,1,1770542,250351,60,767,1223491,1
1,Graduate,1,561466,2038635,360,675,804628,1
0,Graduate,1,1387907,962591,36,784,3853037,1
1,Graduate,1,2550357,2265688,360,566,4756215,0
1,Graduate,1,1760442,91970,240,789,4228847,1
0,Not Graduate,1,654106,737669,240,493,437319,0
2,Graduate,1,204384,995711,12,698,657994,0
1,Graduate,1,945735,96903,360,793,1648409,1
0,Graduate,1,1245301,6042013,36,741,1173857,0
0,Not Graduate,1,394078,285911,60,810,876896,1
1,Graduate,1,742691,930854,60,692,1448949,1
1,Graduate,1,682617,1365108,60,704,661281,0
1,Not Graduate,1,2213683,597902,360,815,3521748,1
1,Graduate,1,3214083,2160452,12,799,5513844,1
1,Graduate,1,1867612,3973719,12,675,272948,0
3,Graduate,1,681162,178151,240,743,1266976,1
1,Not Graduate,1,1826976,606916,360,650,2009106,1
2,Not Graduate,1,1225709,1350083,240,815,1937266,1
0,Not Graduate,1,686993,105552,60,706,691294,1
0,Graduate,0,148156,1566372,240,742,643473,1
0,Not Graduate,1,404167,2977324,240,690,1386979,1
1,Graduate,1,1182483,1951066,60,433,2337876,0
2,Graduate,1,1427804,837724,12,629,3610504,0
0,Graduate,1,579546,2519219,240,581,866982,0
0,Graduate,1,1140880,772549,12,735,1554570,1
2,Graduate,1,1554085,144405,36,501,2988000,0
0,Graduate,0,22354,320649,12,734,280704,0
1,Not Graduate,0,192280,418476,120,620,292432,0
1,Graduate,0,35478,506890,120,740,64679,0
2,Graduate,1,1380582,491771,60,712,713745,1
0,Not Graduate,0,71676,385289,120,700,133680,0
0,Graduate,1,568389,672557,36,800,695505,0
1,Graduate,1,741513,2432028,12,796,797233,0
3,Graduate,1,1880287,669383,12,820,3182806,1
1,Graduate,1,180251,1013293,360,648,488580,0
0,Graduate,1,352393,60239,240,611,1325157,0
1,Graduate,1,4504628,612912,240,798,7432159,1
3,Not Graduate,1,909045,1602114,240,649,1822911,1
2,Graduate,1,526691,1880127,12,588,1345083,0
4,Graduate,1,1377638,1698239,12,606,1289506,0
0,Graduate,1,389250,731909,360,723,449320,1
0,Graduate,0,85476,817442,240,690,537659,0
1,Graduate,1,968825,275757,360,802,2362309,1
2,Not Graduate,1,406513,1257980,12,594,594880,0
0,Graduate,1,791046,277230,36,582,1559906,0
0,Graduate,0,153010,1067568,240,687,755246,0
2,Not Graduate,1,817243,563269,120,543,1468641,0
0,Graduate,1,185870,548499,240,667,532000,1
0,Graduate,1,744914,1470689,120,783,1870013,1
1,Graduate,0,98493,947144,60,889,379479,0
1,Graduate,1,237982,716832,120,674,116367,0
2,Not Graduate,1,216351,328493,360,668,291314,1
0,Graduate,1,310140,2682643,36,719,791507,0
1,Graduate,0,116441,753861,12,766,52278,0
1,Graduate,1,147465,1140967,360,801,406459,0
1,Not Graduate,1,1416669,585925,360,655,508273,1
1,Not Graduate,1,998135,270024,36,799,1654633,1
0,Graduate,1,593622,770615,60,666,408766,1
0,Graduate,1,223126,297816,360,845,775937,1
0,Graduate,1,385704,837166,36,789,517798,0
0,Graduate,0,48791,50000,36,640,547973,0
1,Not Graduate,1,1993455,361922,60,719,738101,1
2,Not Graduate,0,192115,532666,36,672,820729,1
2,Not Graduate,1,1818442,208057,60,759,2922410,1
2,Graduate,0,30020,777455,12,684,46649,0
0,Not Graduate,1,725437,354256,240,647,1474858,0
1,Not Graduate,1,404220,537181,12,755,941797,1
0,Graduate,1,458120,311288,12,739,910644,1
0,Graduate,1,3135621,1428179,12,600,2476817,0
0,Not Graduate,1,841341,932824,36,826,783458,1
1,Graduate,1,2113581,727890,12,786,4536808,1
4,Not Graduate,1,884914,574922,60,775,707278,1
0,Graduate,1,507799,6787763,60,693,964911,0
0,Graduate,1,1163882,461662,360,616,2011433,0
2,Not Graduate,1,4099059,269174,360,809,5621076,1
0,Graduate,1,435698,167198,60,651,1042432,1
2,Not Graduate,1,1515256,1336219,360,637,3450391,0
2,Graduate,1,849503,2761318,60,725,1222300,0
3,Graduate,1,228750,231409,360,556,554455,0
1,Graduate,1,224695,406404,12,734,143135,0
1,Graduate,1,508089,377214,120,644,1019365,0
1,Graduate,1,963175,477301,360,695,1010292,1
1,Not Graduate,1,1472833,92247,240,777,2089875,1
1,Graduate,1,207579,1210720,120,817,530281,0
0,Graduate,1,1229549,1776657,36,803,856402,0
1,Graduate,1,663507,80454,12,830,811944,1
1,Graduate,1,731352,3134358,120,706,721373,0
2,Not Graduate,1,1168100,2723798,12,507,544322,0
2,Graduate,1,2948727,50000,60,693,6992800,1
1,Graduate,1,929975,61493,36,765,2043941,1
0,Graduate,1,246375,473103,120,658,323136,1
2,Graduate,1,628019,2014819,240,676,785548,1
1,Graduate,1,1442238,721993,60,605,743854,0
2,Graduate,1,1480713,552044,360,769,248536,1
3,Graduate,1,1242529,959015,60,652,2539420,1
0,Not Graduate,1,485034,240844,360,686,640910,1
2,Not Graduate,1,244199,1938373,360,758,548715,0
0,Not Graduate,0,4969,487177,36,703,405312,0
0,Not Graduate,1,276125,105553,360,844,905007,1
1,Not Graduate,1,1269849,243902,60,677,772586,1
0,Graduate,1,1270132,781529,60,556,727471,0
2,Graduate,1,501744,404465,360,769,1268643,1
0,Graduate,1,666655,364665,120,712,1469645,1
0,Not Graduate,1,855073,661941,60,769,1705721,1
1,Graduate,0,6549,773456,36,673,336336,0
2,Graduate,1,241507,157884,360,736,521381,1
3,Graduate,1,706885,1836719,12,687,845566,0
2,Graduate,1,768369,473960,36,581,2171905,1
1,Graduate,0,62725,822156,36,765,339191,0
0,Graduate,1,390196,595634,12,757,1131212,1
0,Graduate,1,1714782,358571,120,796,3149591,1
0,Graduate,0,47588,1344649,240,499,403810,0
1,Graduate,1,248778,586055,360,709,460650,1
1,Graduate,1,573383,581471,360,671,1388884,1
1,Graduate,1,343613,50000,240,788,1066620,1
2,Graduate,1,246005,1226839,36,721,741148,0
1,Graduate,0,19699,455643,120,678,433942,0
0,Graduate,0,149905,1149608,120,846,466075,0
0,Graduate,0,120581,2799527,120,875,484390,0
2,Not Graduate,1,329131,1231035,120,840,1029006,0
2,Graduate,1,185936,570433,36,740,537073,0
2,Graduate,1,2049347,405782,360,672,1893829,1
0,Not Graduate,1,407858,6754524,60,883,688683,0
4,Graduate,1,815121,876231,360,826,1018776,1
0,Graduate,1,246592,666389,240,785,124865,1
0,Graduate,1,707511,450025,240,679,1463346,1
4,Not Graduate,0,84527,220453,360,614,123054,0
0,Not Graduate,1,687539,76827,12,607,616936,0
1,Graduate,1,499245,2473578,36,711,850385,0
0,Graduate,1,876957,247859,240,756,2059977,1
1,Graduate,1,1203269,446718,36,543,1492596,0
3,Graduate,1,884576,485989,360,795,261389,1
0,Graduate,0,99556,2265051,36,581,330513,0
1,Graduate,1,668488,251125,360,689,1867869,1
0,Graduate,1,514908,698959,120,816,1004768,1
1,Graduate,1,1062457,901813,12,899,1931571,1
0,Graduate,1,667197,135340,36,721,1417527,1
0,Graduate,1,687867,123196,360,697,440374,1
0,Graduate,1,1002689,264337,240,701,1522111,1
0,Graduate,1,319153,689464,240,700,726775,1
3,Not Graduate,1,2289144,607125,12,778,2565367,1
0,Graduate,1,597503,479700,36,659,945560,1
0,Graduate,1,805602,1037563,120,657,912324,1
1,Graduate,1,703894,229395,12,654,600945,1
0,Graduate,1,1229593,455638,36,797,273465,1
2,Graduate,1,956795,482365,12,750,1359585,1
3,Not Graduate,1,700858,235675,120,739,973752,1
1,Graduate,1,2324471,5398841,60,868,3157535,0
2,Graduate,1,56236,62290,60,764,401671,1
1,Graduate,1,1971173,1868564,60,884,2903004,1
0,Not Graduate,1,1522969,1202691,120,826,880472,1
1,Not Graduate,1,167937,1212612,120,622,604657,1
1,Graduate,1,1534057,594721,12,796,1457783,1
1,Graduate,1,1701080,2050467,360,832,565801,1
2,Graduate,1,1143278,345117,240,600,832901,0
1,Graduate,1,209552,800057,120,766,449663,0
3,Graduate,1,1259370,581403,120,583,1102472,0
2,Not Graduate,1,1632719,428347,60,735,2703598,1
1,Graduate,1,461498,610389,60,806,238793,1
1,Graduate,1,1038104,209240,360,636,1429892,0
0,Graduate,0,15938,278164,60,770,66116,0
4,Graduate,1,1481108,2624271,240,583,1398478,0
1,Graduate,1,567612,9641601,60,739,1363534,0
0,Graduate,1,458587,908868,60,741,1087971,0
0,Graduate,1,706842,1243646,360,722,1484832,1
1,Graduate,1,249366,695253,240,650,837678,1
0,Graduate,1,652870,851755,60,774,1105220,1
0,Not Graduate,0,10589,930792,12,777,240821,0
1,Graduate,1,1462952,1521836,12,870,2313606,1
0,Graduate,1,890167,2512904,36,900,485591,0
1,Graduate,1,231866,223146,12,623,354594,0
0,Graduate,1,2151803,9136596,240,653,3021998,1
0,Not Graduate,1,2301166,620492,60,682,5000474,1
1,Not Graduate,1,798151,620695,36,715,1340965,1
1,Graduate,1,399690,357571,120,700,593842,1
0,Graduate,1,476730,358942,360,742,810148,1
0,Graduate,1,619818,1000860,360,642,1497525,0
1,Not Graduate,1,911580,1021882,120,670,573786,1
0,Graduate,1,571724,950956,12,501,1092840,0
0,Graduate,1,367063,342889,36,725,535902,1
0,Graduate,1,1653505,50000,120,645,4332626,0
2,Not Graduate,1,896119,89721,120,675,2066962,1
2,Graduate,1,314299,547593,120,793,369693,1
2,Graduate,1,920846,756064,12,664,1993938,0
2,Graduate,1,830262,355153,12,738,1306177,1
1,Not Graduate,1,410675,270248,36,826,666214,1
1,Graduate,0,159721,727008,12,763,382279,0
1,Not Graduate,1,812532,485225,12,829,566559,0
0,Graduate,1,613357,335543,240,855,1947624,1
1,Graduate,1,682293,107419,12,710,624532,1
2,Not Graduate,1,1040418,232365,36,726,646006,1
1,Not Graduate,1,688488,1373115,12,757,399029,0
0,Graduate,1,683898,206357,360,599,603790,0
0,Graduate,1,1711314,1049321,360,766,2682550,1
1,Graduate,1,234515,2161696,12,786,900058,0
1,Graduate,1,268004,244981,240,572,722227,0
2,Graduate,1,1358063,346398,360,647,2140436,0
0,Graduate,1,5000000,1450400,36,599,11064990,0
2,Graduate,1,1470622,1853954,360,753,352765,1
1,Graduate,1,3240917,283567,120,652,1119265,1
2,Graduate,1,515299,106795,240,828,977750,1
1,Graduate,1,438158,1895278,12,779,827346,0
1,Graduate,0,32538,968842,60,850,376666,0
1,Graduate,1,1564253,806637,240,676,1251730,1
2,Graduate,1,255444,1349968,240,890,849605,0
3,Graduate,1,615029,165196,36,521,909802,0
0,Graduate,1,713820,799066,120,750,504717,1
0,Graduate,1,423752,406253,120,735,190843,1
3,Graduate,1,465199,987326,120,795,1462207,1
1,Not Graduate,1,1431817,1201448,240,675,3104841,1
1,Graduate,1,1062088,1434824,60,790,1804271,1
1,Graduate,0,173629,983193,36,631,578931,0
0,Graduate,1,955031,694316,60,670,614551,1
2,Not Graduate,1,362722,717955,120,716,973444,1
2,Graduate,1,1023237,779777,240,766,2721373,1
0,Not Graduate,1,340552,289437,120,597,842947,0
0,Graduate,1,568409,373063,60,745,1496837,1
2,Not Graduate,1,318380,808015,120,596,608204,0
0,Graduate,1,447436,1035588,12,627,478876,0
2,Graduate,1,784171,281815,36,821,896821,1
0,Not Graduate,1,505856,184124,60,797,1203243,1
1,Graduate,1,359859,101184,12,827,917277,1
3,Graduate,1,1812536,153072,120,630,4767117,0
1,Graduate,1,662864,315036,36,639,611563,0
1,Graduate,0,141345,345720,36,647,420710,0
1,Not Graduate,1,306839,407242,36,735,1176706,1
0,Graduate,1,163146,161940,240,837,373876,1
0,Not Graduate,1,610700,88208,36,715,918280,1
4,Not Graduate,1,242177,613271,12,553,1089363,0
2,Graduate,0,118007,613520,60,717,283701,0
1,Graduate,1,746830,1005842,12,705,950557,0
0,Not Graduate,1,2537496,1220825,120,816,6362241,1
0,Graduate,1,871925,799992,240,741,1297411,1
0,Not Graduate,1,407857,606019,240,737,394694,0
1,Graduate,1,162104,1297572,120,719,456992,0
2,Graduate,1,1390585,2244647,60,622,2570417,0
1,Not Graduate,1,258032,274669,240,705,527057,1
2,Graduate,1,526225,1167366,120,741,1306667,1
0,Graduate,1,2783641,289474,120,720,3204808,1
0,Graduate,1,1189194,672686,120,554,587225,0
0,Not Graduate,1,996388,1574643,120,788,1770772,1
1,Graduate,1,1552625,410993,36,732,1632167,1
0,Graduate,1,1507012,208547,60,807,1071632,1
3,Graduate,1,2583762,341392,360,694,1155843,1
0,Graduate,0,84156,208345,120,738,297981,1
3,Graduate,1,539637,184570,36,569,1165473,0
1,Graduate,1,348743,1805906,36,684,931595,0
4,Graduate,1,710583,920222,12,833,1122230,0
1,Not Graduate,1,656195,263141,360,782,1502987,1
3,Graduate,1,179160,201916,120,658,497040,1
0,Graduate,1,432301,216337,36,657,1142453,1
2,Not Graduate,1,2306618,263095,360,783,4768801,0
3,Graduate,1,886793,1711119,12,588,1953159,0
0,Not Graduate,1,1292797,484033,12,760,1951714,1
0,Graduate,1,662359,4554445,120,841,1379510,0
1,Graduate,1,161187,519312,240,607,234425,0
3,Graduate,1,658086,303869,36,738,496452,1
1,Graduate,1,1678409,1366508,240,744,950535,1
1,Graduate,1,282505,101707,12,752,373915,1
0,Graduate,1,1325938,652422,240,728,1042190,1
0,Graduate,1,186938,160785,240,815,152585,1
2,Graduate,1,741294,60953,120,644,1191012,0
0,Graduate,1,1127614,480389,12,657,1544097,1
1,Graduate,1,568246,1245162,60,572,1221969,0
3,Graduate,1,5000000,669258,36,697,10333293,1
0,Graduate,1,491613,593466,120,798,1447739,1
1,Graduate,1,459211,50000,120,720,1461330,1
0,Graduate,1,859059,462793,60,794,2285784,1
1,Graduate,0,153415,467339,120,701,749863,1
0,Graduate,1,230252,1005767,12,563,632772,0
2,Graduate,0,147390,187562,120,706,325531,1
0,Not Graduate,1,1337602,1238802,120,635,2427006,0
1,Graduate,1,571516,324688,60,673,448753,1
1,Graduate,1,2846545,400592,36,584,5787036,0
0,Not Graduate,1,512476,916153,360,778,714945,1
2,Graduate,1,1287751,164484,36,779,2389903,1
0,Graduate,0,132045,1232070,240,748,245779,0
1,Graduate,1,506398,139435,12,631,607727,0
0,Graduate,1,361115,1040462,60,681,787730,0
1,Graduate,1,182509,426995,36,604,629545,0
0,Graduate,1,1135401,463346,60,568,1411378,0
1,Graduate,0,136504,50000,360,732,194693,1
0,Graduate,1,204445,299311,240,778,510927,1
2,Graduate,1,542337,437914,36,746,1638559,1
0,Graduate,1,427823,2542413,60,624,380840,0
2,Graduate,1,1133811,521299,360,791,825596,1
2,Graduate,1,560776,281259,12,847,675812,1
0,Graduate,1,2101967,1243770,12,722,4071662,1
1,Graduate,1,536319,326059,240,807,977747,1
0,Not Graduate,1,271276,1516950,36,657,751623,0
0,Graduate,1,501297,701761,36,630,1417816,0
2,Graduate,1,547494,219793,12,487,932936,0
1,Graduate,1,1111120,1380374,360,746,2055881,1
1,Graduate,1,541005,985629,240,738,1112592,1
0,Graduate,1,1037243,1323390,120,674,726893,1
0,Not Graduate,1,387554,450396,12,710,438006,0
0,Graduate,1,576227,985723,12,581,851279,0
2,Not Graduate,1,389248,3687607,60,690,1042350,0
1,Graduate,1,370528,641395,240,686,972107,1
2,Not Graduate,1,2022544,362709,120,650,4195277,1
0,Graduate,1,411636,2530581,360,728,240217,1
0,Graduate,1,552338,1052952,240,705,1301776,1
0,Not Graduate,1,1682318,344384,240,752,1909319,1
0,Graduate,1,1329084,3063677,12,705,2923142,0
0,Not Graduate,1,2711373,162199,12,632,4592965,0
2,Graduate,1,1073292,917276,12,782,2432852,1
2,Graduate,1,451206,1700594,60,643,267740,0
1,Graduate,1,3781819,1578120,120,847,4513809,1
1,Graduate,1,1162013,219702,360,764,2181465,1
0,Graduate,1,644508,156285,360,900,639498,1
2,Graduate,1,763732,679767,120,640,2022205,0
0,Graduate,0,181853,1093340,240,700,554475,0
3,Graduate,1,603529,183880,360,688,918614,1
1,Graduate,1,242635,730717,360,697,401729,1
0,Graduate,1,2680132,125808,360,695,3533793,1
3,Graduate,1,716786,1561011,12,744,1345840,0
0,Graduate,1,844751,305198,360,770,1175590,1
1,Graduate,1,3845888,458618,240,778,2953180,1
1,Not Graduate,1,422258,1282493,12,803,622382,0
0,Graduate,0,76344,1168467,240,542,287406,0
1,Graduate,1,386992,867999,240,835,652483,1
1,Graduate,1,942995,1512814,60,675,1981025,1
2,Not Graduate,1,857009,813455,360,797,1726433,1
0,Graduate,1,1372961,2297961,60,718,2048051,1
3,Graduate,0,120583,97656,360,849,540615,1
0,Graduate,1,458806,509117,240,849,1283744,1
0,Graduate,1,2265576,487933,12,800,5601797,1
0,Not Graduate,1,2397614,434099,240,850,5248452,1
0,Not Graduate,1,597202,888623,12,627,1785607,0
0,Not Graduate,1,725585,669305,36,893,540027,1
4,Graduate,1,491157,1232826,120,689,788461,0
0,Graduate,1,571287,165400,240,647,1714010,0
0,Not Graduate,1,278512,5347884,36,589,269393,0
0,Graduate,1,1358686,365502,240,683,3208424,1
2,Graduate,1,141458,719819,60,507,491645,0
2,Graduate,1,417618,439660,120,685,1457536,1
0,Graduate,1,702970,585995,240,706,1298913,1
0,Graduate,1,2063342,316503,360,758,2371411,1
0,Not Graduate,1,471561,663844,60,665,384525,1
0,Graduate,1,1027132,965205,60,619,756581,0
0,Graduate,0,184713,50000,36,718,496284,1
1,Graduate,1,1553615,389045,360,776,1750420,1
0,Graduate,1,985070,374527,60,729,2629484,1
1,Graduate,1,1417162,5504456,360,538,2016118,0
0,Graduate,1,469532,1277060,36,772,832342,0
3,Graduate,1,324091,2421892,12,832,687956,0
3,Not Graduate,1,978428,944221,12,792,2003315,1
1,Graduate,1,493766,586752,12,816,973954,1
0,Not Graduate,1,747327,777747,12,801,1958000,1
0,Graduate,1,940173,1661073,240,709,1748832,1
1,Graduate,1,1969964,3109953,360,694,4462958,1
2,Graduate,0,113195,730914,36,761,296755,0
1,Graduate,1,423027,289835,12,733,994656,1
2,Graduate,1,291846,1362149,60,768,347948,0
3,Graduate,1,2858778,230228,360,658,6192199,1
0,Graduate,1,205637,798426,36,701,625098,0
1,Graduate,1,507878,1068016,360,750,1096278,1
0,Graduate,1,1222240,485009,360,735,1490147,1
0,Graduate,1,2706072,218639,360,558,6556432,0
1,Graduate,1,626729,342987,240,838,710878,1
0,Graduate,1,745547,393792,12,862,1117927,1
2,Graduate,0,135861,188415,36,674,313379,1
0,Graduate,0,133313,367288,120,661,523162,1
1,Graduate,1,290650,126504,12,660,464002,1
1,Graduate,1,400220,975912,36,692,657183,0
1,Graduate,1,1343935,754145,12,704,1000311,1
0,Not Graduate,1,515626,704820,120,659,573782,1
2,Graduate,1,1519359,367361,60,875,2996350,1
1,Not Graduate,1,645121,419975,60,734,1221467,1
1,Graduate,0,75445,235874,120,776,322490,1
0,Not Graduate,1,1857407,895529,36,796,4505456,1
1,Graduate,1,254673,138990,240,813,433631,1
2,Not Graduate,1,450705,587577,12,769,683126,0
1,Graduate,1,621717,286731,240,698,1197163,1
2,Graduate,1,1630933,3132401,12,706,2282785,0
1,Graduate,1,478691,915094,240,783,1054523,1
0,Graduate,1,347536,540124,12,804,655699,0
0,Not Graduate,1,830795,178791,60,582,2102440,0
0,Graduate,1,614661,138203,12,826,1488391,1
1,Not Graduate,1,501865,887177,12,900,443055,0
2,Graduate,1,867341,3265081,120,671,2339489,0
0,Graduate,1,278485,813379,120,711,667553,1
1,Graduate,0,130020,643894,12,802,547003,0
1,Not Graduate,0,11840,653270,12,608,271496,0
1,Graduate,1,792817,599001,36,752,576780,1
0,Graduate,1,838478,662210,60,743,1783659,1
0,Graduate,1,390197,272349,12,568,1018658,0
0,Graduate,1,1495781,204113,12,592,1935380,0
0,Not Graduate,1,476018,602735,60,887,976825,1
0,Graduate,1,78517,2405859,36,748,463306,0
0,Graduate,1,463412,1175296,360,734,716831,1
1,Graduate,1,582374,157404,120,847,401111,1
0,Not Graduate,1,636623,418658,120,847,1693230,1
3,Graduate,1,622059,1120176,60,606,1846614,0
0,Graduate,1,435420,2462947,12,669,1025323,0
0,Graduate,1,403036,3240659,360,692,843057,1
0,Graduate,1,574707,437697,120,753,325790,1
0,Graduate,0,188691,1232100,12,644,689992,0
2,Graduate,1,152348,693337,240,896,231924,0
0,Not Graduate,1,788939,479391,12,539,863128,0
3,Not Graduate,1,799536,575127,120,574,1603269,0
2,Graduate,0,171472,582232,12,673,291612,0
1,Graduate,0,44684,1750065,360,729,569735,0
1,Graduate,1,280715,132658,12,900,699753,1
1,Graduate,0,76913,862979,360,739,548582,0
0,Graduate,1,357840,2519114,36,738,477373,0
1,Graduate,1,1022760,2262062,36,786,2737182,0
0,Graduate,1,2310926,954529,360,716,4636559,1
0,Graduate,1,761669,253457,12,695,509601,1
1,Not Graduate,1,276268,1174999,60,667,945696,0
1,Graduate,0,10895,2032831,60,711,21165,0
2,Graduate,1,369917,322823,60,828,597508,1
0,Graduate,1,527133,772672,60,687,1232357,1
2,Graduate,1,1788193,440088,120,699,1099159,1
0,Graduate,1,1903352,292439,60,672,495885,1
0,Graduate,1,635517,394285,120,701,99589,1
0,Not Graduate,1,844462,614479,60,750,2363343,1
1,Not Graduate,1,385367,215725,360,620,894148,0
0,Graduate,1,185734,183118,12,774,110900,0
1,Graduate,1,3050056,221991,360,725,5128586,1
2,Not Graduate,1,113778,750054,60,768,63639,0
1,Graduate,1,167934,124764,12,769,331127,1
1,Graduate,1,3069805,58866,360,643,6294733,0
2,Graduate,1,739176,2131856,12,678,393142,0
2,Graduate,1,296341,196178,360,606,838162,0
1,Not Graduate,1,1259421,445071,36,663,1339539,1
0,Graduate,1,1353822,1359039,360,683,580259,1
2,Graduate,0,161046,128250,360,856,613102,1
1,Graduate,1,476262,128098,240,769,691395,1
0,Graduate,1,1470328,287051,360,609,3158553,0
0,Not Graduate,1,379448,1413111,240,609,1082674,0
2,Graduate,0,115612,528793,360,900,271760,0
0,Graduate,1,2280373,536018,12,736,1283128,1
4,Not Graduate,1,107582,402148,360,573,475906,0
0,Graduate,1,555154,948023,240,644,643564,0
2,Graduate,1,899243,2262195,240,578,1067007,0
0,Graduate,1,173921,10681507,60,698,521404,0
1,Graduate,0,149385,465987,240,724,308861,0
2,Graduate,1,1682176,2485409,240,820,3067459,1
1,Graduate,1,415213,1467784,240,601,1299878,0
1,Graduate,1,222468,705734,360,660,740268,1
0,Not Graduate,1,1802464,59278,36,739,2455447,1
0,Graduate,1,1040905,370316,240,769,989093,1
0,Graduate,1,690323,385284,60,807,1342880,1
1,Graduate,1,674203,773592,120,553,673776,0
0,Not Graduate,1,1660494,443535,36,726,1273671,1
0,Graduate,1,923219,307675,60,751,1684975,1
1,Not Graduate,1,1222599,4114426,12,781,1063335,0
1,Graduate,1,419134,1999039,60,705,813998,0
2,Not Graduate,1,157332,71480,120,751,758360,1
0,Graduate,0,88395,407955,36,833,586010,1
0,Graduate,1,1759855,1015531,120,697,3364236,1
3,Graduate,0,163299,2044996,360,722,553674,0
0,Not Graduate,1,1483931,355053,12,704,3745660,1
2,Graduate,1,557841,435665,12,680,311238,0
2,Graduate,1,678364,594089,360,597,498916,0
2,Graduate,0,107990,1047427,12,681,600256,0
0,Not Graduate,1,577684,116362,360,769,1599930,1
2,Not Graduate,1,551029,72014,360,764,1493957,1
2,Graduate,1,163409,1894660,360,704,466698,0
1,Graduate,1,1266868,200772,60,710,2222047,1
0,Graduate,0,161853,4513843,60,558,315994,0
0,Not Graduate,1,820590,227846,240,803,1479113,1
0,Not Graduate,1,566917,449118,12,538,1153490,0
1,Graduate,0,22291,781210,120,598,480846,0
1,Graduate,1,663853,64089,12,710,618202,1
0,Not Graduate,1,705963,9477122,36,758,921869,0
1,Not Graduate,1,1868904,364034,60,836,3194866,1
0,Graduate,1,2461224,233628,12,792,1055001,1
1,Graduate,1,1227600,168321,240,771,2412615,1
3,Graduate,1,2017247,775880,12,746,4117839,1
0,Graduate,1,1444563,722775,240,477,888447,0
0,Graduate,1,1083482,174097,60,749,1320018,1
0,Graduate,0,155372,137044,60,802,311374,1
1,Graduate,1,256073,1552312,240,582,218614,0
2,Graduate,1,421860,280489,360,726,824669,1
3,Graduate,1,378237,96662,36,576,974870,0
0,Graduate,1,573142,466063,360,775,697101,1
3,Not Graduate,1,1262646,361592,360,629,2210832,0
0,Graduate,1,298915,3798169,60,900,178894,0
1,Graduate,1,1090600,320556,240,783,1751526,1
0,Graduate,1,456047,397032,60,724,1272929,1
2,Not Graduate,1,552577,672970,12,712,1349614,1
1,Not Graduate,1,856262,305324,120,777,1138112,1
1,Graduate,1,2799631,839831,36,768,3930659,1
2,Not Graduate,1,412553,195463,120,736,1222191,1
0,Graduate,1,684145,425358,36,614,1024942,0
0,Not Graduate,1,307865,811641,12,776,1042663,1
2,Graduate,1,409397,1685608,240,665,874118,1
0,Graduate,1,305628,300683,360,577,838336,0
0,Graduate,1,887202,297114,240,700,285041,1
1,Graduate,1,1025044,2523687,240,676,1758848,1
1,Graduate,1,1263807,311196,12,730,2445224,1
0,Not Graduate,1,399145,510557,360,687,1219131,1
0,Not Graduate,1,1095098,2995892,120,660,2251675,1
0,Graduate,1,798491,578074,60,753,1843208,1
1,Graduate,1,696482,421782,360,756,2150665,1
2,Graduate,0,168757,454448,360,566,390131,0
4,Graduate,1,824558,257699,240,687,1873399,1
1,Graduate,1,845738,848125,60,724,870740,1
0,Graduate,1,791260,214481,120,635,963884,0
3,Graduate,0,23782,1177034,60,747,118365,0
1,Graduate,1,1271460,548649,60,711,2205497,1
0,Graduate,1,303028,683836,360,695,700806,1
3,Graduate,0,104817,3047101,60,652,449765,0
2,Graduate,1,1101974,126870,12,676,1272500,1
2,Graduate,1,588471,553724,120,800,1295213,1
2,Not Graduate,0,35130,1022827,60,826,495073,0
0,Graduate,1,783983,291783,240,641,497426,0
0,Graduate,1,152674,1398787,240,695,300381,0
1,Graduate,1,1427654,313424,360,628,1356823,0
0,Graduate,1,664185,723331,120,702,1723622,1
1,Graduate,1,177057,477588,360,731,432953,1
2,Graduate,1,596102,635257,12,715,917941,1
2,Graduate,1,264423,581838,60,485,383252,0
1,Not Graduate,1,1332416,523364,12,813,1300159,1
2,Graduate,1,708798,336560,120,669,1989933,1
2,Graduate,1,348364,277977,36,606,248516,0
1,Graduate,1,1395381,741170,240,638,2640413,0
0,Not Graduate,1,1052649,569609,60,799,2083654,1
0,Graduate,1,604035,270466,60,770,810841,1
0,Graduate,1,269284,761757,120,705,633455,1
0,Graduate,0,18651,340253,120,704,403207,0
0,Graduate,1,367336,2559800,360,602,134798,0
0,Not Graduate,1,1325364,6512150,360,795,3150866,1
1,Graduate,1,190095,2167417,360,787,398218,0
3,Graduate,1,702367,2049947,12,820,544864,0
0,Not Graduate,1,597059,1219763,360,727,1311963,1
2,Graduate,1,1670162,438085,240,811,405949,1
1,Graduate,1,878691,80897,12,633,2256680,0
0,Graduate,1,1119248,193879,120,715,2986782,1
3,Graduate,1,479122,274652,240,788,1232545,1
1,Not Graduate,1,272447,1808009,120,772,664813,0
0,Graduate,1,562203,698109,360,846,1418318,1
2,Graduate,1,1358280,279421,12,657,1597241,1
0,Not Graduate,0,109316,85375,360,782,600744,1
1,Graduate,1,516861,5488397,12,607,1670178,0
0,Graduate,1,366372,921090,12,555,846488,0
2,Graduate,1,313218,1340441,36,741,417180,0
1,Not Graduate,1,653892,316266,12,861,1162941,1
1,Not Graduate,1,813613,470423,60,835,1880240,1
0,Graduate,0,124,383131,12,636,480981,0
1,Graduate,0,95650,576272,360,709,529188,0
2,Not Graduate,1,1191844,3422175,120,615,568218,0
1,Graduate,1,390672,162059,360,722,756618,1
1,Not Graduate,1,754160,518521,12,764,1749356,1
1,Graduate,0,74240,775198,120,677,298401,0
2,Graduate,1,651853,480788,120,731,1856869,1
1,Graduate,1,716794,1462013,360,651,707748,1
2,Graduate,0,129288,95259,240,659,462314,1
2,Graduate,1,1071777,3554656,36,629,1220547,0
1,Not Graduate,1,1858526,137239,120,635,1521835,0
0,Graduate,0,147635,174537,120,859,390027,1
1,Not Graduate,1,1777982,344740,60,756,648074,1
2,Graduate,1,185600,282777,12,554,431946,0
0,Not Graduate,1,933793,826126,36,747,2108452,1
1,Not Graduate,1,4801808,735783,36,751,4114324,1
2,Graduate,0,149363,605346,360,866,828638,1
0,Graduate,0,142557,130890,240,607,426157,0
1,Graduate,1,569089,470028,120,759,1023981,1
0,Graduate,1,1243959,551133,120,701,1736318,1
0,Graduate,1,974584,1852921,60,731,2147548,1
2,Not Graduate,1,424710,659636,36,767,534309,0
0,Not Graduate,1,665648,792269,12,525,1534081,0
0,Graduate,1,298119,3845810,240,755,213743,0
2,Graduate,1,663209,169378,240,758,208682,1
0,Graduate,1,521519,366550,240,732,206107,1
3,Graduate,0,130219,173537,240,619,193734,0
3,Graduate,1,413357,2693950,360,698,587279,0
0,Not Graduate,1,614432,2884446,36,830,1240954,0
0,Graduate,1,734553,2491825,120,706,1863155,1
2,Graduate,1,776641,934154,36,777,1294707,1
1,Not Graduate,1,908388,790563,360,754,625206,1
0,Graduate,1,634546,341792,12,807,1569967,1
2,Not Graduate,1,388731,1166400,240,848,973949,1
0,Graduate,1,778916,150036,360,534,998490,0
2,Graduate,1,632170,149525,36,654,756207,1
0,Not Graduate,1,1655670,355090,12,713,531588,1
0,Graduate,1,1831403,3566163,60,890,2596244,0
0,Not Graduate,1,243369,323367,240,803,656002,1
3,Not Graduate,1,1195079,370134,360,756,652852,1
1,Graduate,1,1403100,720551,120,758,560855,1
2,Graduate,1,248534,1327241,120,628,243893,0
0,Graduate,1,1159591,1889874,120,757,1228620,1
0,Not Graduate,1,1493695,176243,12,577,3754961,0
0,Graduate,1,341219,490570,36,723,719609,1
1,Graduate,1,603756,676382,240,752,1319967,1
1,Graduate,1,846661,747706,240,788,962460,1
1,Graduate,1,1151258,1284388,360,585,2772879,0
0,Not Graduate,1,330793,1227001,240,680,1102627,1
3,Not Graduate,1,1840605,554318,240,604,1944427,0
0,Not Graduate,1,143849,1710641,60,823,591493,0
3,Graduate,1,2103254,1423721,360,857,4996617,1
0,Not Graduate,1,1132812,1313731,240,788,1257294,1
1,Graduate,1,443557,318440,60,605,1364466,0
0,Graduate,1,1456467,1102287,36,707,2197962,1
1,Graduate,1,315451,1800486,120,757,676688,0
1,Not Graduate,1,799665,323239,60,733,890987,1
1,Not Graduate,1,882755,616343,120,756,1803502,1
1,Not Graduate,1,881083,2583733,120,728,2331924,1
2,Not Graduate,0,116154,803305,12,733,360545,0
1,Not Graduate,1,490479,494918,60,624,1304142,0
2,Graduate,1,807255,2330523,240,783,1338892,1
0,Not Graduate,1,407829,337560,360,560,902875,0
1,Graduate,1,906333,99098,12,788,836305,1
1,Graduate,1,446278,247912,240,511,447033,0
0,Graduate,1,1623346,1682866,360,811,3097287,1
1,Graduate,0,28889,909539,120,711,319905,0
0,Graduate,1,574944,578452,12,677,622619,0
0,Graduate,1,1523021,1561456,240,810,2800734,1
0,Graduate,1,615479,638488,240,772,553580,1
0,Not Graduate,1,344846,432640,36,670,1051787,1
1,Not Graduate,1,518878,1245590,12,842,1388636,0
1,Graduate,1,781097,368787,12,710,532417,1
3,Graduate,1,174631,882263,120,711,536652,0
2,Graduate,0,10120,244084,360,737,213036,0
0,Graduate,1,781379,188236,120,735,1344464,1
2,Graduate,1,1624052,227356,12,723,4091899,1
2,Not Graduate,1,1186490,526462,36,784,1449962,1
1,Graduate,1,802878,282673,36,685,2059425,1
1,Graduate,0,116588,290722,360,787,171579,0
3,Graduate,1,2466447,463498,120,629,3545598,0
1,Graduate,1,4138724,502715,60,720,10431925,1
3,Graduate,1,556087,114570,240,743,1158787,1
0,Graduate,1,1679211,50000,120,651,947251,1
0,Not Graduate,1,414405,806104,36,692,1002454,0
1,Graduate,1,455819,621083,12,764,689683,0
1,Graduate,1,535525,137278,36,638,1054420,0
2,Graduate,1,1261416,835911,12,774,1645207,1
4,Graduate,1,308682,834386,120,756,686321,0
0,Graduate,1,2520508,399427,240,701,1679863,1
0,Graduate,1,1544634,3833797,360,673,916990,1
2,Graduate,1,1238253,1922643,240,637,1295960,0
1,Graduate,1,576625,362553,120,860,1195857,1
0,Graduate,1,1416344,369379,240,676,3030636,1
1,Graduate,1,70693,125758,240,589,192458,0
2,Graduate,1,1037911,1838987,360,609,751318,0
2,Graduate,1,829101,691639,60,731,1910807,1
1,Graduate,1,161301,1230659,60,659,626697,0
0,Graduate,1,1009537,63962,60,587,360271,0
3,Graduate,1,1170232,1175881,12,630,1626941,0
1,Graduate,0,121926,324601,60,802,629341,1
1,Graduate,1,282259,969275,120,787,725174,0
0,Graduate,1,3803800,910022,360,585,6203146,0
2,Graduate,1,628390,529322,60,524,1135290,0
0,Not Graduate,0,21603,269053,360,844,239514,0
0,Graduate,1,1796662,805212,120,596,2373545,0
1,Not Graduate,1,999638,234236,60,666,711256,1
0,Not Graduate,1,1645892,1545060,240,709,3697225,1
1,Not Graduate,1,134549,262590,60,572,277877,0
0,Not Graduate,1,606570,552795,120,735,1410426,1
1,Graduate,1,62039,256326,120,595,52450,0
0,Graduate,1,180434,633323,360,660,204531,1
0,Graduate,1,471270,192574,120,886,573059,1
0,Graduate,1,428348,240591,60,682,1035518,1
3,Not Graduate,1,753985,5360294,12,702,1782666,0
2,Graduate,1,717465,1256973,120,596,1428701,0
0,Graduate,1,811787,781874,360,502,1014261,0
2,Graduate,1,838833,903577,12,797,2070264,1
1,Graduate,1,952017,733542,60,786,1241744,1
3,Graduate,1,338664,494403,360,741,708910,1
0,Graduate,0,26676,1151666,12,705,386037,1
1,Graduate,1,708211,236337,12,726,2194436,1
0,Graduate,1,717067,2664522,120,841,1499766,1
0,Not Graduate,1,306955,609463,360,776,729078,1
3,Not Graduate,1,1732797,1204656,60,778,1598549,1
1,Graduate,1,1302557,2606144,120,720,1670063,1
0,Not Graduate,1,366673,883112,240,602,1000805,0
0,Graduate,1,617421,240268,36,653,973406,1
2,Graduate,1,3640500,1829483,12,429,7808188,0
1,Graduate,1,829403,2946682,60,676,1583760,1
0,Graduate,1,1001038,77147,12,614,1309829,0
3,Graduate,1,448135,488027,60,878,273609,0
0,Graduate,1,567791,723197,120,727,777832,1
0,Graduate,0,130461,414963,36,868,374816,0
3,Graduate,1,798616,155446,36,627,1088975,0
0,Graduate,1,689179,223450,36,810,1592582,1
0,Graduate,0,92870,85039,36,747,560174,1
1,Graduate,1,5000000,1404383,12,795,10594711,1
2,Not Graduate,1,753019,2134102,60,690,1977698,0
0,Graduate,1,375471,2104583,240,700,400279,1
3,Graduate,1,431800,524620,60,758,518469,0
2,Graduate,1,1362190,709217,12,724,1107096,1
0,Graduate,1,232632,1575247,360,668,335662,1
2,Graduate,1,1045981,428100,120,593,2151319,0
0,Graduate,1,408785,209131,240,838,689072,1
1,Graduate,1,164881,305371,240,561,365421,0
2,Not Graduate,1,333014,644060,360,742,628468,1
3,Graduate,1,745661,264702,240,718,599900,1
0,Graduate,1,2226928,867435,12,489,639949,0
1,Not Graduate,1,1514602,139371,36,728,1844834,1
1,Not Graduate,1,576682,423939,360,710,783582,1
0,Graduate,1,1587624,810615,36,716,2318574,1
0,Graduate,1,548299,616930,36,754,1245961,1
0,Not Graduate,1,225661,259076,60,582,445210,0
1,Graduate,0,86269,1126975,36,772,545664,0
1,Graduate,1,218655,702562,240,644,588453,0
0,Graduate,1,1373848,66903,36,674,3185616,1
2,Graduate,1,1389846,851979,360,704,633299,1
2,Not Graduate,1,360780,354265,360,819,574407,1
1,Graduate,0,177226,319667,240,699,626013,1
0,Graduate,0,2911,235643,240,633,420198,0
1,Not Graduate,1,1465300,198188,60,819,2141666,1
0,Not Graduate,1,269398,664362,360,618,714640,0
0,Graduate,1,1178307,932874,36,666,2821039,1
2,Graduate,1,254380,629809,120,822,411178,0
0,Graduate,1,1358308,1396463,36,759,1889930,1
0,Graduate,1,1706846,966469,120,652,2113815,1
0,Not Graduate,1,426909,72623,360,622,748317,0
0,Graduate,0,123336,216096,60,762,308568,1
0,Graduate,0,97952,1773417,12,595,151536,0
4,Graduate,1,1757963,151845,60,823,734671,1
0,Graduate,1,2305400,50000,60,730,2396208,1
0,Graduate,1,961886,3373461,120,643,1652377,0
0,Graduate,1,623796,726949,60,759,1172993,1
3,Not Graduate,1,936529,272922,240,888,1263254,1
1,Graduate,1,449995,231330,60,766,84203,1
0,Not Graduate,1,5000000,1013992,360,689,8982770,1
2,Graduate,1,456240,871523,60,758,938147,0
0,Graduate,1,2092606,749530,120,870,874464,1
0,Graduate,0,135989,447418,360,813,355457,0
0,Graduate,1,2616757,150154,60,704,4717472,1
0,Graduate,1,3648632,521276,60,715,4280895,1
0,Graduate,1,993304,1567739,360,755,2328222,1
1,Not Graduate,1,917424,314282,360,708,1656583,1
0,Not Graduate,1,339332,985662,360,655,562458,1
1,Graduate,1,308496,360543,36,802,650214,1
0,Graduate,0,158734,1204101,360,752,390762,0
0,Not Graduate,1,2342089,202815,240,803,3795452,1
1,Graduate,1,470446,547812,240,609,575213,0
3,Not Graduate,1,4266666,852964,240,698,5131240,1
0,Not Graduate,1,447702,275006,60,675,1027789,1
1,Graduate,1,876343,776547,240,666,177410,1
0,Graduate,1,878185,524629,36,688,1195578,1
0,Graduate,1,672510,517023,12,630,941877,0
0,Graduate,1,142192,274373,12,831,164827,0
0,Graduate,1,444516,1464965,36,667,446876,0
0,Not Graduate,0,70770,210001,12,676,231011,0
0,Graduate,1,675502,714804,12,715,1633166,1
2,Graduate,1,1213430,231143,120,804,648792,1
0,Graduate,1,1336371,505765,60,549,3248474,0
1,Graduate,1,601954,1027729,120,756,638527,1
0,Graduate,1,337748,404800,120,633,265649,0
1,Graduate,1,2517191,50000,36,613,1543090,0
1,Graduate,1,246626,140829,12,651,479408,1
0,Graduate,1,453048,62442,36,644,1292013,0
0,Graduate,1,369546,578335,240,743,306377,1
2,Graduate,1,1325322,537663,120,511,3256263,0
2,Graduate,1,2091971,380551,12,629,1003595,0
0,Graduate,1,634787,288815,60,801,997771,1
0,Not Graduate,1,876613,674098,120,814,1730854,1
2,Not Graduate,1,1027888,127093,12,663,2540661,1
0,Graduate,1,3088522,1405714,240,616,2606187,0
1,Graduate,1,176511,582520,36,653,220359,0
0,Graduate,1,1322953,210071,12,731,2810950,1
0,Not Graduate,1,985810,355606,12,765,1218642,1
1,Not Graduate,1,542166,473859,120,714,710145,1
1,Graduate,1,946930,135837,12,744,534692,1
0,Graduate,1,1319367,1056928,240,749,2990693,1
1,Graduate,1,1163019,1419011,60,713,657418,1
2,Graduate,1,4101242,607686,240,737,6734062,1
1,Graduate,1,807731,1384082,12,900,1144220,0
0,Graduate,1,745286,7648411,60,658,1583516,0
1,Graduate,1,630936,82586,240,594,1549559,0
2,Graduate,0,185136,569153,60,870,548872,0
2,Graduate,1,710947,141051,360,864,915424,1
1,Graduate,1,737165,2573344,120,870,1913639,1
0,Graduate,1,739895,691286,12,672,558524,0
2,Graduate,0,168728,268848,60,774,255230,0
1,Graduate,1,448229,416500,36,756,582414,1
0,Graduate,1,1019155,2056055,120,552,907220,0
1,Graduate,1,580683,849399,12,670,891841,0
0,Graduate,0,197341,964070,120,652,525325,0
1,Graduate,0,49199,2393050,36,669,146237,0
0,Graduate,1,535384,1403348,12,780,1530395,0
1,Graduate,1,2550664,1662790,120,643,1668013,0
3,Graduate,1,672091,476233,120,688,522757,1
2,Graduate,1,1200511,56733,60,770,1031401,1
3,Graduate,1,416654,599327,60,625,898605,0
3,Graduate,0,141090,278045,120,621,320859,0
0,Graduate,1,463425,1188954,60,658,297795,0
1,Graduate,1,131931,92012,12,713,363773,1
1,Not Graduate,1,603505,1237044,60,776,1653018,1
2,Graduate,1,2361759,652483,12,721,4548779,1
0,Graduate,1,353547,769732,12,496,518447,0
4,Graduate,1,135288,1003256,12,694,557776,0
1,Not Graduate,1,2422245,525200,12,714,5661282,1
2,Graduate,1,498678,387321,120,662,1318736,1
0,Graduate,1,720290,1681130,240,700,428578,1
0,Graduate,1,1370414,977896,240,615,836526,0
2,Graduate,0,14968,1076085,12,616,117451,0
0,Not Graduate,1,1329628,497561,240,635,3419109,0
2,Graduate,1,1499051,602914,12,679,1695103,1
0,Not Graduate,1,180431,533257,240,647,124315,0
1,Graduate,1,235277,94451,360,784,751122,1
0,Graduate,1,1861579,135791,36,756,725023,1
1,Graduate,1,390275,477737,60,789,971886,1
1,Graduate,1,425867,82666,240,715,1281901,1
0,Graduate,1,265594,484010,12,655,399608,0
0,Graduate,1,527572,220960,60,692,471102,1
0,Graduate,1,551582,500830,60,699,1214730,1
1,Not Graduate,1,344562,640499,120,764,762537,1
1,Graduate,1,314121,84270,120,679,448087,1
2,Graduate,1,941218,747938,240,691,1266248,1
1,Graduate,1,382263,344709,120,670,1057508,1
1,Graduate,1,449077,52954,12,762,652757,1
0,Graduate,1,126877,340823,120,899,345155,1
0,Graduate,1,3438549,789908,36,783,3547137,1
0,Not Graduate,1,1549525,360165,240,698,3624358,1
3,Graduate,1,490978,338862,60,759,820486,1
2,Graduate,1,355306,630246,360,546,528825,0
0,Graduate,1,735798,334622,60,711,2142482,1
1,Not Graduate,1,719831,413679,36,691,1490681,1
2,Graduate,0,93929,143420,12,708,427114,1
1,Graduate,1,94804,321809,60,780,554262,1
0,Not Graduate,1,478848,3555759,36,628,1114647,0
0,Not Graduate,1,208835,645909,120,819,512749,1
1,Graduate,1,836602,707239,240,771,541175,1
3,Not Graduate,1,841099,284169,36,776,498302,1
1,Graduate,1,334847,364146,36,710,451045,0
0,Graduate,1,475600,429989,120,690,900210,1
0,Graduate,1,2988951,1295228,12,702,3102947,1
2,Not Graduate,1,1356071,1792009,360,690,1335649,1
2,Graduate,1,507980,343056,360,711,860170,1
1,Graduate,1,4563349,527857,120,740,2131653,1
1,Not Graduate,1,279973,427182,120,818,322551,1
0,Graduate,1,380729,1158183,60,659,595518,1
2,Graduate,1,667696,863359,360,723,1295685,1
2,Graduate,1,214313,493879,36,604,462608,0
0,Graduate,1,3054869,1483101,36,738,2861050,1
2,Graduate,1,844518,907195,120,568,1180422,0
0,Not Graduate,1,387720,249914,120,633,252935,0
0,Graduate,1,1043644,544820,36,681,1764248,1
0,Graduate,0,133647,452924,36,575,410334,0
0,Graduate,1,571648,201214,36,644,609087,0
0,Graduate,1,277392,431356,12,774,506514,0
1,Graduate,1,231198,1688054,120,520,170282,0
1,Graduate,1,4195154,1615107,120,723,2295057,1
1,Graduate,1,247165,1346810,60,780,153451,0
0,Not Graduate,1,2837325,1177782,60,872,7392724,1
0,Graduate,1,371087,665293,240,628,1009091,0
1,Graduate,1,1372337,296154,36,711,3289865,1
0,Not Graduate,1,1058482,949563,36,821,1111843,1
0,Not Graduate,1,1242125,104158,240,636,3004674,0
2,Graduate,1,1310096,275989,120,736,3368933,1
2,Not Graduate,1,200937,1631085,36,806,492934,0
2,Graduate,1,424608,330348,60,812,748666,1
1,Graduate,1,244155,1024767,12,704,416298,0
0,Graduate,1,848682,375848,360,696,1473025,1
1,Graduate,0,197004,936746,120,675,633157,0
0,Not Graduate,1,149516,115833,12,706,618205,1
1,Graduate,1,603208,1927624,12,859,387268,0
0,Graduate,0,150207,177024,240,742,152185,0
2,Graduate,1,897160,138436,12,546,431409,0
0,Graduate,0,186245,1826772,36,685,425112,0
3,Graduate,1,372330,538843,240,898,955331,1
2,Graduate,1,117673,397819,60,737,218900,0
1,Graduate,1,2730736,2591237,12,673,2967701,0
2,Not Graduate,1,226311,1122514,36,535,268114,0
1,Graduate,0,131083,344723,36,822,256668,0
2,Graduate,1,173964,472415,60,900,420335,0
1,Graduate,1,373796,1581542,240,789,893256,1
2,Graduate,1,2962243,206163,240,709,4442620,1
1,Not Graduate,1,925400,2288612,240,651,335157,1
3,Not Graduate,1,408846,346847,60,705,617983,1
1,Graduate,1,709745,226049,60,685,672813,0
1,Graduate,1,465819,1602240,60,782,730563,0
2,Graduate,1,677431,1126477,240,769,568847,1
2,Graduate,1,1322580,91437,12,735,1355511,1
1,Graduate,1,559680,485616,60,745,261229,1
0,Not Graduate,1,869777,178939,60,637,2069865,0
1,Not Graduate,0,100523,1200607,240,852,587026,0
3,Graduate,1,561902,3016517,60,630,1296842,0
2,Not Graduate,1,404844,925157,12,658,973302,0
2,Not Graduate,1,479190,252794,240,779,1011813,1
0,Not Graduate,0,128959,1315780,60,680,556961,0
1,Not Graduate,1,1364001,513828,60,715,2327523,1
1,Graduate,1,293538,501929,120,700,143613,1
2,Graduate,0,196827,332603,120,761,743742,1
0,Not Graduate,1,399377,599999,36,621,737525,0
2,Not Graduate,1,1383271,503341,36,765,454260,1
1,Not Graduate,1,500337,50000,60,600,669423,0
0,Graduate,1,4242821,554524,120,891,6749219,1
0,Graduate,1,868322,470891,36,650,571089,1
0,Graduate,1,1877773,764378,240,697,1911977,1
1,Graduate,1,323939,72639,120,606,512883,0
0,Graduate,1,736288,901668,12,645,476048,0
0,Graduate,0,182488,556046,12,546,411075,0
2,Graduate,1,319131,886587,12,644,202515,0
0,Graduate,1,741384,105965,12,672,1497240,1
0,Graduate,0,75510,157200,120,814,258229,1
1,Graduate,1,561316,82868,240,813,1191441,1
1,Graduate,1,369017,625506,12,754,1031274,1
2,Graduate,1,3085942,382670,240,574,7816540,0
1,Not Graduate,1,285673,467897,36,713,536218,0
2,Graduate,1,826299,134262,36,756,978948,1
1,Graduate,1,413899,161162,60,613,972341,0
0,Not Graduate,1,344735,50000,120,616,713535,0
0,Graduate,1,1320242,140709,12,706,826943,1
1,Graduate,1,618820,282085,240,818,719765,1
0,Graduate,1,1009241,297048,240,774,944499,1
2,Not Graduate,1,120076,505031,360,593,228654,0
1,Graduate,1,1090880,1157334,120,744,433878,1
0,Not Graduate,1,409840,271310,36,766,587946,1
0,Not Graduate,0,184245,880979,120,688,680453,0
0,Graduate,0,89095,1176743,240,654,558612,0
1,Graduate,1,1179747,1706641,120,681,370809,1
1,Graduate,0,94167,881857,360,818,643371,0
1,Graduate,0,28511,581454,36,702,489471,0
0,Graduate,1,889180,183498,36,785,2277668,1
1,Not Graduate,1,385042,709637,360,699,827945,1
2,Graduate,0,88053,370908,12,768,450806,0
0,Graduate,1,423922,2140366,12,900,1126620,0
1,Not Graduate,1,488804,592004,360,553,1318887,0
3,Graduate,1,266688,460482,12,672,368137,0
0,Graduate,1,335703,2226470,36,767,313077,0
1,Graduate,1,1492060,333575,240,592,1898838,0
0,Graduate,1,951371,538640,12,772,1396412,1
1,Graduate,1,487765,4030464,120,808,856201,0
0,Not Graduate,1,320479,705199,240,569,583696,0
3,Graduate,0,57208,1664671,360,816,525543,0
2,Graduate,1,189647,2430943,60,634,154207,0
2,Graduate,1,807182,311183,12,848,1248101,1
2,Graduate,1,1554053,1340797,60,718,2792028,1
1,Graduate,1,4845583,387414,12,761,2208444,1
1,Graduate,0,132121,4155482,240,608,370328,0
2,Not Graduate,1,1503102,2288991,60,619,3163895,0
3,Graduate,1,414252,1136305,36,594,868950,0
1,Not Graduate,1,295739,1535854,12,688,344510,0
3,Graduate,1,295635,269522,360,691,808043,1
1,Not Graduate,1,816341,3010292,360,828,772853,1
1,Graduate,1,346405,218735,120,662,340761,1
1,Graduate,1,448885,811819,60,677,853665,0
0,Graduate,1,512819,264617,360,737,1220257,1
0,Not Graduate,0,177178,1277464,120,779,167365,0
0,Not Graduate,1,380762,3094304,60,683,614739,0
1,Graduate,1,104471,848769,240,811,204623,0
0,Graduate,1,781962,740500,120,669,1793209,1
1,Graduate,1,769993,482329,12,645,1160154,0
4,Not Graduate,1,385433,597471,36,763,632862,0
0,Not Graduate,0,64511,386258,240,525,172000,0
1,Not Graduate,1,2230030,2767206,60,756,530421,1
0,Not Graduate,1,743306,1195378,12,747,2048940,1
0,Not Graduate,1,2114240,381776,60,750,878694,0
2,Graduate,1,4371013,574005,120,719,6716003,1
1,Not Graduate,1,5000000,9977971,120,826,10122495,1
2,Graduate,1,281929,709384,36,762,956591,1
0,Not Graduate,1,283098,2310446,120,778,269505,0
1,Graduate,1,511169,303592,240,841,473392,1
0,Graduate,1,808529,867696,60,721,1949678,1
0,Graduate,1,2595582,289381,60,819,752543,1
0,Graduate,1,1204762,316376,240,661,1394047,1
0,Graduate,1,278554,1195101,120,793,526567,0
0,Graduate,1,447161,220666,120,738,504337,1
0,Graduate,1,705315,164055,240,689,1106516,1
4,Graduate,1,221609,1072204,36,783,311640,0
0,Graduate,1,737436,331642,12,624,1478894,0
0,Graduate,1,281884,408398,12,627,931422,0
0,Not Graduate,1,194740,89222,120,679,224977,1
1,Not Graduate,1,341947,151858,360,698,687730,1
0,Graduate,1,1013395,673793,12,707,1808548,1
2,Not Graduate,0,160979,427805,12,799,369257,0
3,Graduate,1,788054,1341334,360,680,517334,1
0,Graduate,0,197769,219757,12,813,549226,1
1,Graduate,1,1481353,457685,120,748,1112362,1
0,Graduate,1,858983,566076,60,702,608617,1
1,Graduate,1,769199,440590,120,629,677563,0
1,Not Graduate,1,809067,982158,120,561,2122705,0
0,Graduate,1,648154,182448,360,720,1168143,1
0,Graduate,1,128094,901933,36,551,514748,0
1,Not Graduate,1,1809186,1688086,36,845,1451302,1
1,Graduate,1,1002510,237201,120,802,1307007,1
0,Graduate,0,127109,806669,240,672,523218,0
1,Graduate,1,2285860,772492,240,626,2729998,0
1,Graduate,1,454983,973630,36,604,1038866,0
2,Graduate,0,91395,541171,360,663,593439,0
0,Graduate,1,1654253,2231740,36,687,1982514,0
2,Graduate,1,869880,4458341,60,557,1260266,0
1,Graduate,1,2122914,1009619,36,663,4222395,1
0,Graduate,1,550354,739635,360,676,1430502,1
1,Graduate,1,2821949,547862,12,791,6714347,1
1,Graduate,1,391506,145286,120,732,857332,1
3,Not Graduate,1,2092976,129649,120,662,2438920,1
0,Graduate,0,167200,170422,360,662,656527,1
1,Graduate,1,302502,704849,120,612,750968,0
0,Graduate,1,925762,445641,360,798,1444525,1
3,Graduate,1,529476,2488315,60,707,1168560,0
0,Graduate,1,687076,50000,60,703,2022465,1
3,Graduate,1,754130,562826,12,655,1996597,0
3,Not Graduate,1,281328,833500,120,618,531276,0
0,Graduate,1,298718,1326008,12,757,342941,0
2,Graduate,1,878259,623636,36,795,1953480,1
4,Graduate,0,178127,778243,120,653,214208,0
0,Not Graduate,1,2132545,644372,12,574,4565054,0
1,Graduate,1,625584,838820,60,733,394461,1
1,Graduate,0,94384,530045,360,587,241567,0
0,Graduate,1,1039532,4484683,60,788,1940403,0
0,Graduate,1,450931,963034,60,624,646359,0
0,Graduate,1,149602,658282,360,784,184196,1
0,Not Graduate,1,1882202,258299,12,690,2052858,1
1,Graduate,1,333324,383734,12,803,190640,0
0,Graduate,1,528074,2446381,12,607,1469086,0
2,Not Graduate,1,646498,50000,240,569,667248,1
2,Graduate,1,700248,571945,120,719,366231,1
0,Graduate,1,1574686,527063,240,812,1799540,1
1,Graduate,1,732822,890986,240,752,821915,1
1,Graduate,1,658761,704480,360,699,471003,1
3,Graduate,1,1647492,2460342,36,742,1726699,0
0,Graduate,1,1179406,596125,36,576,2576359,0
0,Not Graduate,0,24751,506810,60,747,475476,0
3,Not Graduate,1,291348,1399731,360,711,400241,0
3,Graduate,1,377392,2502575,240,665,895778,0
2,Graduate,1,701253,1073942,36,575,1701383,0
2,Graduate,1,269185,1485918,240,764,451750,0
0,Graduate,1,784343,434780,120,644,2042334,0
1,Graduate,1,657790,612561,240,630,666063,0
0,Not Graduate,1,95414,2387439,60,879,247679,0
0,Graduate,1,236820,915029,12,732,608678,0
2,Not Graduate,0,138734,424204,60,627,386594,0
0,Graduate,1,553976,558243,240,791,665859,1
1,Graduate,1,1722368,1524460,360,705,597035,1
3,Graduate,1,160728,1666484,240,808,541326,0
0,Graduate,1,253259,232784,12,580,264856,0
3,Not Graduate,1,639863,776530,60,732,1782747,1
4,Not Graduate,1,311451,536143,60,664,998011,1
1,Graduate,1,310227,506087,240,698,696952,1
0,Graduate,1,1124979,2043772,120,841,1872073,1
0,Graduate,1,490943,426113,360,750,1615302,1
1,Graduate,1,222041,303890,360,542,605699,0
0,Graduate,1,137286,239188,36,751,247533,0
0,Graduate,1,4268300,453818,240,587,6483018,0
3,Graduate,0,2639,259044,240,657,312818,0
0,Graduate,1,508232,227571,360,664,956390,1
2,Not Graduate,1,782529,221910,36,729,708149,1
0,Graduate,1,493449,235497,12,714,1001131,1
1,Graduate,1,1097302,252500,240,667,1224913,1
3,Graduate,1,368290,805366,120,691,1070810,0
0,Graduate,1,472343,76116,12,850,1285109,1
0,Graduate,1,1050020,267867,12,708,1286431,1
1,Graduate,1,2333984,488878,12,555,3457174,0
2,Not Graduate,0,176158,1704231,240,602,468356,0
1,Not Graduate,1,1957406,422554,360,624,980291,0
0,Not Graduate,1,568107,463553,12,891,963701,1
0,Graduate,1,443118,494871,60,626,470773,0
3,Graduate,1,154708,87230,240,631,589507,0
3,Graduate,1,772786,1044546,240,725,1701681,1
1,Graduate,1,987802,1001912,36,837,973255,1
2,Graduate,1,573776,1220164,360,680,478272,1
1,Graduate,1,391851,6621603,12,652,432178,0
1,Graduate,1,1972323,147484,240,825,748244,0
0,Graduate,1,1209168,122024,360,715,1353707,1
1,Not Graduate,1,2084960,1094564,120,728,1420391,1
1,Graduate,1,340148,385582,120,783,643453,1
0,Not Graduate,1,413913,201666,360,720,896398,1
1,Graduate,1,1909862,407353,240,771,3598347,1
2,Graduate,1,702304,291168,240,671,1414472,1
1,Graduate,1,462645,3032133,120,657,1157693,0
1,Graduate,1,489132,5187758,120,737,1393699,0
3,Graduate,1,722979,105286,60,790,1290441,1
0,Graduate,1,1627183,123432,120,685,1358597,1
1,Graduate,0,182137,252870,60,659,255393,0
2,Graduate,1,1372886,271162,240,855,1988463,1
1,Graduate,1,1060130,248883,12,762,2016100,1
0,Graduate,1,361251,444971,360,723,917409,1
0,Graduate,1,361022,345644,360,591,796757,0
2,Not Graduate,1,508788,139579,360,752,468562,1
1,Graduate,1,250328,193530,12,607,294640,0
2,Graduate,1,483443,2536609,36,783,484072,0
1,Not Graduate,1,2447913,377963,360,840,4013919,1
1,Not Graduate,1,711327,359104,60,817,1777697,1
2,Graduate,0,49713,118132,120,823,470641,1
1,Graduate,1,3377329,340028,60,644,2574076,0
0,Graduate,1,346454,1412543,36,787,580190,0
1,Graduate,1,337896,980238,36,678,634098,0
2,Graduate,0,25907,1216026,60,806,68454,0
0,Graduate,1,1238057,162170,120,731,1359212,1
0,Not Graduate,1,657337,159593,240,689,1843713,1
0,Graduate,1,1419091,1678541,240,684,1910928,1
3,Not Graduate,1,927715,1234620,240,749,2775765,1
0,Not Graduate,1,282390,417290,360,663,344498,1
1,Graduate,1,107144,1268112,36,575,455484,0
1,Graduate,1,463297,162267,360,802,426266,1
1,Graduate,1,1737468,155675,60,681,1948218,1
1,Not Graduate,1,517737,107209,36,833,791838,1
0,Graduate,1,1053973,775660,120,797,2235128,1
1,Graduate,1,845419,671129,360,738,1144973,1
2,Graduate,1,188188,320482,12,840,263523,0
2,Not Graduate,1,526961,247609,36,671,714480,1
0,Not Graduate,1,971992,6043830,120,783,2049191,0
2,Graduate,1,388591,417011,120,721,507659,1
1,Graduate,1,545779,2165294,120,553,856578,0
2,Graduate,1,997889,466797,12,675,743990,1
1,Graduate,1,773053,327514,240,640,1475710,0
1,Not Graduate,0,131516,2228099,60,658,307386,0
3,Graduate,1,991462,1190595,36,633,2202948,0
2,Not Graduate,1,339530,527493,12,544,1062323,0
1,Graduate,1,497804,1679008,120,744,983424,1
0,Graduate,1,741356,6718036,12,656,604409,0
0,Graduate,1,2128082,259794,36,698,3718525,1
0,Graduate,1,499408,866083,60,765,592860,1
0,Graduate,1,182397,358896,36,698,563397,1
0,Graduate,1,1037633,212237,360,773,1742294,1
2,Graduate,1,398523,206433,12,751,1180071,1
0,Graduate,1,260865,2656003,360,677,908997,1
1,Graduate,1,740471,87137,120,732,1281089,1
0,Graduate,1,1588489,897940,360,774,2214367,1
0,Graduate,1,460881,236749,120,691,1180362,1
0,Graduate,1,1085182,3180328,240,762,2959151,1
0,Graduate,1,1258625,411236,240,782,788565,1
2,Graduate,1,1374275,375491,60,673,538751,1
2,Graduate,0,154408,2596069,60,768,258458,0
0,Not Graduate,1,297489,1298603,360,675,655524,1
1,Not Graduate,1,331770,940556,360,776,295141,1
1,Graduate,1,1373372,1209614,240,620,2316488,0
2,Graduate,1,1244089,182905,240,731,1358744,1
2,Graduate,1,339177,1134512,36,728,601260,0
1,Graduate,1,4017278,442832,36,759,1369564,1
1,Graduate,1,308324,775237,360,714,928842,1
2,Graduate,1,1622650,877254,120,693,3907079,1
0,Graduate,1,2460148,177991,360,612,2205160,0
1,Graduate,1,796359,978545,120,689,962345,1
3,Not Graduate,1,394045,448490,240,657,299884,1
2,Graduate,1,400992,156385,36,790,386717,1
1,Not Graduate,1,591447,466696,240,759,267799,1
1,Graduate,1,1731842,551294,240,548,3090607,0
0,Graduate,1,279316,978358,60,864,680994,0
1,Graduate,0,108156,50000,240,768,576900,1
1,Graduate,1,974465,796622,120,687,961777,1
1,Graduate,1,1161578,323883,60,761,2412795,1
2,Graduate,1,3521422,1214536,36,624,6606417,0
2,Graduate,1,241384,539357,120,637,715877,0
0,Graduate,1,654845,387169,12,588,1673135,0
1,Graduate,0,122765,452480,36,704,454030,0
1,Graduate,0,133511,754197,360,795,288350,0
1,Not Graduate,1,623839,1339637,12,752,1057889,0
0,Graduate,1,1372198,221657,120,720,1340073,1
1,Not Graduate,1,451571,383210,36,723,737594,1
2,Graduate,1,1441404,2348637,12,873,1081386,0
1,Not Graduate,1,267573,376580,12,815,493456,1
3,Graduate,1,216307,780156,36,640,332413,0
4,Graduate,1,586031,157283,240,601,1762135,0
0,Graduate,0,174883,97294,120,711,346098,1
0,Not Graduate,1,780554,190955,120,682,1058982,1
3,Graduate,1,182398,271063,60,794,628858,1
3,Graduate,1,914320,1528673,36,652,1300942,0
0,Not Graduate,1,846078,1705768,120,812,1431183,1
0,Graduate,1,690816,78800,12,739,653869,1
0,Graduate,1,1034187,314504,36,642,1495676,0
4,Graduate,1,858857,1085758,360,610,568729,0
0,Graduate,1,577001,486332,12,723,972436,1
1,Graduate,1,3155967,2432812,36,665,4255353,1
2,Graduate,1,999138,1059704,12,784,2133810,1
0,Not Graduate,1,1352582,413459,12,695,2850236,1
1,Graduate,1,1721082,451951,36,460,1288464,0
0,Graduate,1,1244842,510532,60,711,3277450,1
2,Graduate,1,3799068,231895,12,569,4219176,0
0,Not Graduate,0,22208,1382237,36,637,357187,0
1,Graduate,1,725365,1135324,240,595,566561,0
1,Not Graduate,1,433801,851087,360,693,583724,1
0,Graduate,1,594205,688709,240,570,1590749,0
0,Graduate,1,406370,195204,360,603,551513,0
1,Graduate,1,1253900,894654,60,819,1906285,1
0,Graduate,1,351563,614830,36,719,724347,0
2,Graduate,1,773772,4001857,360,678,1947042,1
2,Graduate,1,1141253,148257,60,649,275269,0
1,Graduate,1,822627,262158,360,627,2032748,0
1,Not Graduate,1,356207,110564,12,866,597518,1
1,Not Graduate,1,1275891,434512,360,675,2994639,1
2,Not Graduate,1,681279,94759,360,543,1047871,0
1,Not Graduate,0,194466,1768251,240,627,644397,0
0,Graduate,1,332142,1610793,60,801,845904,0
0,Graduate,1,2237580,460638,12,826,4803135,1
1,Not Graduate,1,2391562,196080,240,553,3387929,0
1,Graduate,1,1111130,117700,60,636,1359699,0
1,Graduate,1,1365805,267302,12,595,1256875,0
0,Graduate,1,391352,1009909,360,565,867113,0
2,Graduate,1,592368,245965,120,756,806509,1
0,Graduate,1,1959682,3643940,240,726,3608604,1
0,Graduate,1,1025542,2399318,12,688,1376648,0
1,Graduate,1,768317,540810,120,673,937415,1
0,Not Graduate,1,628161,340486,60,753,883863,1
1,Not Graduate,1,1866503,305835,120,747,4431724,1
0,Not Graduate,0,4023,2672104,360,728,328472,0
1,Graduate,1,1226576,280212,240,734,2538837,1
1,Not Graduate,1,769133,1375556,36,900,1408401,0
0,Not Graduate,1,548309,552269,60,591,343323,0
0,Graduate,1,1269852,1103019,120,616,3442661,0
2,Not Graduate,1,302087,237899,12,778,286260,0
1,Graduate,0,90409,387349,36,790,390687,0
1,Not Graduate,1,228462,527454,36,900,210264,0
0,Graduate,1,1959468,287400,60,646,2346041,0
1,Graduate,1,409817,1884596,120,774,588248,0
1,Graduate,1,1007725,251624,240,693,2293806,1
1,Graduate,1,659708,303448,120,771,1530754,1
2,Graduate,1,5000000,2102631,120,531,10145439,0
0,Not Graduate,0,143968,1732242,60,703,428821,0
0,Not Graduate,1,164437,2644463,60,697,405581,0
2,Not Graduate,1,1867943,80155,12,625,2606203,0
3,Graduate,1,535137,660480,240,736,914314,1
0,Not Graduate,1,621106,591419,60,625,1869786,1
1,Graduate,1,425912,308126,12,714,732811,1
0,Not Graduate,1,852978,747477,360,675,376282,1
0,Graduate,0,140265,391820,36,664,401635,0
0,Graduate,1,435224,635388,12,730,1319653,1
0,Not Graduate,1,485767,16221945,240,745,518154,0
2,Not Graduate,1,790980,742019,12,664,1870966,1
1,Graduate,0,25234,773848,360,638,374365,0
0,Not Graduate,1,230222,1228395,12,696,614321,0
0,Graduate,1,2774534,647351,60,745,5617178,1
2,Graduate,1,948139,180226,240,763,608807,1
0,Graduate,1,479295,104118,12,665,1012109,1
1,Graduate,1,187800,524766,120,618,624621,0
0,Graduate,1,697283,412870,12,678,721166,1
1,Graduate,1,1604228,75841,36,714,1287647,1
0,Graduate,1,5000000,2756280,36,528,11390193,0
0,Graduate,1,3313929,601392,12,698,878417,1
0,Graduate,1,358774,2279430,360,613,675186,0
0,Graduate,1,490588,57996,12,681,1371268,1
1,Graduate,1,224762,2323271,120,676,416846,0
1,Graduate,1,372009,332632,12,654,831434,1
0,Graduate,1,615214,1903410,60,671,1770176,0
0,Graduate,1,543774,669889,240,808,978657,1
1,Graduate,1,3774029,850225,360,683,6787308,1
1,Graduate,1,254667,851297,120,900,874973,0
3,Not Graduate,1,703571,353225,12,661,1790001,1
1,Graduate,0,61141,283080,360,607,324411,0
1,Graduate,0,101385,376562,60,796,498320,1
1,Graduate,1,249355,124006,360,623,470984,0
3,Graduate,1,1762248,334131,12,666,1595337,1
2,Not Graduate,1,577913,269199,120,520,1586108,0
0,Graduate,1,237616,121066,120,690,364807,1
0,Graduate,1,135650,854837,36,890,434406,0
0,Graduate,1,333397,544551,36,752,1186416,1
1,Graduate,1,883374,691101,12,695,2108375,1
2,Graduate,1,1021937,1085390,240,656,726762,1
1,Not Graduate,1,489553,425976,60,588,408614,0
0,Not Graduate,1,1529784,211352,36,884,2331459,1
2,Graduate,1,294020,732297,36,533,631953,0
2,Not Graduate,1,70147,50000,240,781,485794,1
0,Graduate,1,914417,485000,360,704,478552,1
1,Not Graduate,1,2047390,1161437,120,735,2045466,1
1,Not Graduate,1,2062577,1539433,12,850,2997053,1
2,Graduate,1,257854,318238,12,610,575686,0
2,Graduate,1,471769,57446,60,751,1574579,1
1,Graduate,1,1301536,50000,240,593,3354334,0
1,Graduate,0,105009,1022797,360,900,712844,0
2,Graduate,1,793578,379275,240,697,998199,1
1,Not Graduate,1,411205,4062459,240,596,829190,0
0,Not Graduate,1,305128,131780,120,687,242490,1
2,Not Graduate,1,356076,760959,240,741,989414,1
0,Not Graduate,1,1566853,2848638,120,858,2290642,1
0,Not Graduate,1,737503,664281,12,681,1988820,1
2,Graduate,1,2017773,109981,120,648,2205417,0
2,Graduate,1,1106084,8646034,12,798,1601492,0
1,Graduate,1,2637052,2624989,60,711,967503,1
0,Graduate,1,1403464,430522,240,705,1925718,1
0,Graduate,1,1339052,1225615,60,730,2275484,1
0,Graduate,1,662389,1238809,240,538,651987,0
0,Not Graduate,1,5000000,1026608,360,696,2892463,1
2,Not Graduate,1,798235,135707,60,655,2106239,1
0,Graduate,1,150431,747251,36,650,329252,0
1,Not Graduate,1,903857,2328455,36,728,2549350,0
0,Graduate,1,332423,894953,120,489,860129,0
4,Not Graduate,1,1645602,803836,360,616,1019848,0
0,Graduate,1,1303617,315898,60,709,682916,1
0,Graduate,1,625801,218823,240,748,1118879,1
0,Not Graduate,1,358500,112137,12,697,738943,1
1,Graduate,1,820066,1152523,120,594,2130993,0
1,Graduate,1,436704,433269,360,673,858177,1
1,Graduate,1,1369893,141297,120,790,1393993,1
1,Graduate,1,1138033,1434617,360,801,2956058,1
0,Not Graduate,0,161065,300465,36,663,466041,1
1,Graduate,1,510889,229150,360,601,890205,0
1,Not Graduate,1,572208,328979,60,856,1158169,1
0,Graduate,1,644467,445481,60,900,1423271,1
0,Graduate,1,667444,854286,360,752,197689,1
0,Graduate,1,1658896,225186,120,702,3918906,1
0,Not Graduate,1,584740,1484181,36,604,1073939,0
1,Graduate,1,3533874,876971,12,725,8788377,1
0,Graduate,1,1162193,322977,36,710,995321,1
0,Graduate,0,131284,460565,60,638,205717,0
0,Graduate,1,403125,354112,12,639,733033,0
3,Not Graduate,1,1677303,577154,120,646,3453299,0
2,Graduate,1,746250,2470358,12,809,1375475,0
0,Graduate,1,734722,350481,120,746,1604608,1
0,Graduate,1,451899,653087,36,812,930850,1
0,Graduate,1,694427,268717,12,693,1860679,1
1,Graduate,1,437501,919840,240,730,731692,1
0,Graduate,1,2168116,712408,60,689,3827921,1
1,Graduate,1,1294516,2042362,120,597,2464337,0
1,Graduate,0,168687,235816,12,747,624817,1
2,Graduate,1,626826,1077953,12,649,761636,0
0,Not Graduate,1,785235,1912809,360,741,1710250,1
2,Not Graduate,1,726190,348844,240,571,1017526,0
2,Graduate,1,339235,475939,360,777,140030,1
0,Graduate,1,159433,653918,360,752,176672,1
0,Graduate,1,385323,426522,360,631,1225251,0
0,Not Graduate,1,658148,645202,36,721,954654,1
0,Graduate,0,18392,1059636,240,710,384431,0
0,Not Graduate,1,1404891,482156,12,875,2640028,1
1,Graduate,1,607238,478399,60,681,1360059,1
1,Graduate,1,3265289,705499,12,722,4245982,1
3,Graduate,1,465470,362518,12,602,1122883,0
0,Graduate,1,816329,380897,12,732,1317537,1
3,Graduate,1,578914,219946,360,798,568195,1
0,Not Graduate,1,1036979,518066,240,797,1111264,1
2,Not Graduate,0,189907,845556,240,720,333040,0
0,Not Graduate,1,1186626,412859,120,726,2363441,1
0,Graduate,1,143682,249319,120,736,167082,1
2,Graduate,1,1088040,490795,360,736,2397050,1
0,Graduate,1,324908,803785,360,726,614478,1
1,Graduate,1,569312,614134,120,551,1012949,0
1,Not Graduate,1,1266114,5023060,12,774,2184378,0
1,Graduate,1,297804,280291,120,717,864048,1
1,Graduate,1,1839047,464949,120,686,3014703,1
2,Not Graduate,0,70081,1177963,36,590,270810,0
0,Not Graduate,1,4142250,269768,360,780,7232517,1
1,Graduate,0,13154,3716224,360,877,137628,0
2,Graduate,1,2854120,542865,240,813,6168960,1
0,Not Graduate,1,1901480,947084,120,661,5021148,1
0,Graduate,1,447358,550737,240,562,961366,0
2,Not Graduate,1,257467,1496497,60,592,807308,0
1,Graduate,1,798828,186680,360,709,1298658,1
1,Graduate,1,457661,2602147,36,751,791343,0
0,Graduate,1,2581225,681273,60,791,5846898,1
1,Not Graduate,0,54146,1043883,360,727,526556,0
0,Not Graduate,1,573593,258234,240,643,1111385,0
1,Not Graduate,1,238776,757094,240,713,548288,1
2,Graduate,1,1020061,205255,60,656,2211053,1
0,Not Graduate,1,285107,1750906,120,745,201659,0
1,Graduate,1,1039187,148775,36,791,2106834,1
4,Graduate,1,1160165,630440,240,672,938683,1
1,Graduate,0,13042,366434,12,733,38111,0
2,Not Graduate,1,1567925,113252,36,697,3138593,1
1,Not Graduate,1,585428,212063,60,683,1719998,1
2,Graduate,0,49678,847116,240,658,353614,0
0,Graduate,0,97101,220453,240,764,502631,1
0,Not Graduate,0,103812,276738,360,801,366958,1
0,Graduate,1,1094333,784925,60,751,2679552,1
1,Not Graduate,1,1025443,1348955,12,739,368998,0
2,Graduate,1,995845,1046306,360,722,1408890,1
0,Graduate,1,982140,515773,12,628,2181756,0
1,Graduate,1,335658,671748,240,832,258641,1
2,Graduate,1,2822347,608496,120,704,1659260,1
1,Graduate,1,1567510,191691,12,697,1302198,1
0,Graduate,1,1066662,714572,12,776,2156362,1
1,Graduate,1,251103,189992,120,708,767641,1
0,Graduate,1,333469,998766,360,704,572161,1
0,Not Graduate,1,1234239,618551,12,619,661912,0
4,Graduate,0,130296,62056,120,639,502828,1
0,Graduate,1,956430,1438508,60,694,509337,1
0,Not Graduate,1,251464,320606,360,817,292001,1
2,Graduate,1,364242,295137,36,616,846629,0
0,Graduate,1,235895,1405499,36,615,623942,0
1,Graduate,1,888140,458969,60,635,1072637,0
0,Not Graduate,0,182439,982064,12,768,486292,0
0,Not Graduate,1,963583,281150,36,686,799246,1
0,Graduate,1,1052066,1207025,60,635,809409,0
0,Not Graduate,1,834315,658158,36,766,481407,1
1,Graduate,1,1259411,810102,12,628,2146507,0
2,Graduate,1,1059882,452017,360,718,2244857,1
1,Not Graduate,1,83110,2757320,120,599,153754,0
3,Graduate,1,1506117,3507602,60,830,3551453,0
0,Not Graduate,1,1384599,59651,360,807,1844396,1
1,Graduate,1,545877,1364577,36,711,452134,0
1,Graduate,1,150336,183553,12,845,686906,1
3,Not Graduate,1,885563,899574,360,656,2025878,1
0,Graduate,1,947259,91338,36,614,689928,0
1,Not Graduate,1,512785,808744,12,838,809353,0
2,Not Graduate,1,846918,234160,12,627,946936,0
0,Not Graduate,1,1719376,341525,12,702,4331293,1
2,Graduate,1,4965464,350776,12,900,3316959,1
0,Graduate,1,820380,259224,60,649,1791730,0
2,Not Graduate,1,952772,266356,360,706,1164090,1
3,Not Graduate,0,36237,362937,120,793,68314,0
1,Graduate,1,488398,463271,60,761,1204671,1
1,Not Graduate,1,654198,746485,36,604,1826092,0
0,Graduate,1,1871357,3473624,60,787,824309,1
3,Not Graduate,1,1404463,209635,60,684,1932637,1
1,Graduate,1,3414298,613360,36,775,5563644,1
0,Graduate,1,221420,1170161,120,583,404597,0
1,Graduate,1,252966,265961,60,884,391636,1
1,Graduate,1,1761482,56541,12,682,700806,1
0,Not Graduate,1,2324669,80075,60,753,621272,1
0,Graduate,1,749006,58659,36,630,1239281,0
0,Not Graduate,1,20486,2520875,120,564,419876,0
1,Graduate,1,402389,998645,60,673,1200821,0
1,Graduate,1,953977,1150808,60,782,2376710,1
1,Graduate,1,355211,1441807,36,788,889567,0
2,Graduate,1,845853,303922,240,654,1183589,1
2,Graduate,1,3331204,5406133,240,844,4930803,1
1,Graduate,1,2282783,755750,360,618,2839774,0
0,Graduate,1,1393199,502437,60,683,1436334,1
1,Graduate,1,692761,1639663,360,746,1488750,1
1,Graduate,1,491032,1053153,12,616,1250767,0
1,Not Graduate,0,180111,2053478,60,453,607586,0
1,Graduate,1,744386,2177816,360,778,546093,1
0,Graduate,0,121407,379554,240,721,180214,0
3,Graduate,0,107052,651494,60,717,471115,0
0,Graduate,1,411834,217685,12,622,625987,0
1,Graduate,1,1331062,106055,120,711,1269342,1
0,Graduate,1,302291,1247681,60,659,429609,0
3,Not Graduate,1,902176,1407092,36,639,2259342,0
0,Not Graduate,1,1014597,74440,12,799,512440,1
0,Graduate,1,1063111,263759,60,631,2917500,0
0,Not Graduate,1,1141908,571536,240,704,2910756,1
0,Graduate,1,1205229,628686,360,715,1050455,1
0,Graduate,1,442840,4176570,60,645,269899,0
1,Graduate,1,225455,288676,360,674,663501,1
1,Graduate,1,362642,455291,240,756,672104,1
0,Graduate,0,21517,1034943,36,811,29039,0
0,Graduate,1,279099,380711,120,704,434040,1
2,Not Graduate,1,317270,326121,240,749,670848,1
1,Graduate,1,315869,300420,60,660,481093,1
2,Graduate,0,181172,682133,36,665,471426,0
1,Graduate,1,291383,453300,12,634,538846,1
0,Not Graduate,0,113380,1069262,60,740,683998,0
0,Graduate,1,411098,772554,360,643,827689,0
0,Graduate,1,180024,50000,360,666,530562,1
2,Graduate,1,484409,93758,360,683,1334570,1
4,Graduate,1,1097381,327498,12,589,2469087,0
1,Graduate,1,168616,1439782,360,641,184445,0
0,Graduate,1,1563829,281622,360,729,1024041,1
0,Graduate,1,230317,785904,240,658,683839,1
0,Graduate,1,531582,983129,360,871,742512,1
1,Graduate,1,526174,927516,36,789,834481,0
0,Graduate,1,465490,312567,120,797,406346,1
3,Graduate,1,692565,171426,60,605,261982,0
0,Graduate,1,1359800,145477,36,651,2170965,1
3,Graduate,1,705991,10542604,36,673,1696383,0
2,Not Graduate,1,449306,852071,120,700,761848,1
2,Graduate,1,1051658,3404412,360,854,2418757,1
1,Graduate,1,860966,234894,240,568,1937936,0
1,Graduate,1,426939,1882890,360,698,521398,1
1,Not Graduate,0,43036,335436,360,659,221730,0
1,Not Graduate,1,399562,524946,120,710,1154311,1
1,Graduate,1,364911,405808,120,713,1000308,1
4,Graduate,1,1389759,224260,120,661,2039837,1
2,Graduate,1,1042953,227695,360,703,2681388,1
2,Graduate,1,1350929,519640,12,707,643636,0
2,Not Graduate,1,1212388,300415,360,617,2778400,0
0,Graduate,1,358693,613367,60,889,688921,1
0,Graduate,1,1625011,233788,120,696,2865276,1
1,Graduate,1,574878,1096310,60,858,1699610,1
1,Graduate,1,1533976,341136,360,770,1934725,1
2,Not Graduate,1,659941,2777144,360,707,1102230,1
1,Graduate,1,937086,513689,120,673,1060717,1
1,Not Graduate,1,959898,487877,240,730,1960635,1
1,Graduate,1,1398009,2685923,240,542,1053600,0
0,Graduate,1,197276,329298,120,578,455877,0
1,Graduate,1,206670,359724,36,639,778039,0
2,Graduate,1,1248394,268076,60,588,667528,0
0,Graduate,1,970037,662935,240,705,1343847,1
1,Graduate,1,392183,259061,12,713,1064788,1
1,Graduate,1,976223,1174866,36,861,478291,0
0,Graduate,1,236483,515772,240,738,937972,1
0,Graduate,0,64739,1250295,36,721,560203,0
4,Graduate,1,2082869,1117031,360,719,2638748,1
0,Graduate,1,1200012,323682,60,729,650552,1
0,Not Graduate,1,774911,258597,360,676,366967,1
0,Graduate,1,444638,389118,360,692,701525,1
1,Graduate,1,255723,545178,36,637,960722,0
1,Graduate,1,665931,754659,12,560,1756521,0
1,Not Graduate,1,366660,843344,36,672,414954,0
0,Graduate,1,384172,523385,360,731,641812,1
2,Not Graduate,1,234824,273435,240,799,190598,1
0,Graduate,1,890671,300551,12,680,1809615,1
0,Graduate,1,539503,907413,360,626,469132,0
1,Graduate,1,1119124,282043,60,709,2743528,1
0,Graduate,1,1051448,946223,240,639,995114,0
2,Graduate,1,876394,977702,60,593,2035292,0
3,Not Graduate,1,5000000,2505293,360,615,12554707,0
0,Graduate,1,1409808,334083,120,727,677621,1
2,Not Graduate,1,266078,390368,240,726,183808,1
2,Graduate,1,1052826,53492,36,757,866258,1
3,Graduate,1,698566,210433,60,730,1168624,1
0,Graduate,1,249390,207704,36,810,56050,1
1,Graduate,0,133487,895978,360,840,388540,0
0,Not Graduate,1,1048176,3293228,12,763,1696410,0
2,Graduate,1,1274466,965844,60,655,366866,1
0,Not Graduate,1,315841,1455400,60,739,556776,0
1,Graduate,1,1585061,265314,12,681,3654489,1
0,Graduate,1,916146,163084,12,729,1094519,1
0,Not Graduate,1,1898713,424207,12,705,4382333,1
1,Graduate,0,326,289597,360,701,105526,0
2,Not Graduate,1,642582,228412,12,733,1413323,1
1,Graduate,1,2699237,672166,120,868,3350292,1
2,Not Graduate,1,296768,165062,60,762,917829,1
0,Graduate,1,4936838,1234875,360,725,11644235,1
1,Graduate,1,361122,362419,360,714,161548,1
1,Graduate,1,701936,516464,120,824,1052966,1
0,Graduate,0,6453,597068,120,638,108082,0
1,Graduate,1,539591,338840,36,766,183229,1
1,Graduate,1,5000000,1915614,60,900,2057108,1
1,Graduate,1,503743,108468,60,747,1048592,1
2,Graduate,0,159090,1949990,360,657,841791,0
1,Graduate,1,604210,381912,60,626,1418720,0
0,Graduate,0,109294,1356946,60,686,655083,1
0,Graduate,1,471970,660822,12,802,515562,0
1,Graduate,1,895292,1264891,240,780,1745566,1
0,Graduate,1,1206167,480022,36,692,1227942,1
0,Graduate,1,409442,685864,36,785,1095226,1
1,Graduate,1,5000000,1619948,12,800,2868966,1
1,Not Graduate,1,1257646,594721,120,716,2380807,1
0,Graduate,1,608786,2043303,240,664,1177489,1
2,Graduate,1,417572,768500,36,898,1078021,1
1,Graduate,1,784952,259699,120,589,2185039,0
0,Graduate,0,13449,378961,60,725,296612,0
2,Not Graduate,1,3035346,1313370,360,683,1049818,1
1,Not Graduate,1,1029931,156407,240,759,1602028,1
1,Graduate,1,679838,1194072,240,746,1207620,1
1,Graduate,1,1684168,374831,360,647,3067703,0
0,Graduate,1,409539,148788,60,647,1157794,0
1,Graduate,1,289303,664809,36,705,534054,0
0,Not Graduate,0,60579,268286,240,799,175757,0
3,Graduate,1,807771,305094,12,661,1078424,1
2,Graduate,1,1115115,289023,12,683,2166569,1
1,Graduate,1,223905,606156,12,747,654348,0
0,Graduate,1,506331,365870,360,834,218916,1
0,Graduate,0,21166,798866,240,730,73042,0
0,Not Graduate,1,283260,1487221,36,538,600766,0
1,Graduate,1,1292655,928836,360,587,3057629,0
0,Not Graduate,1,1573512,3286415,120,623,3683342,0
1,Graduate,1,292551,4203165,36,611,603724,0
0,Graduate,1,562595,404231,120,827,1264629,1
3,Graduate,1,744512,170651,240,724,578266,1
0,Graduate,1,1728022,404686,60,790,3701737,1
3,Not Graduate,0,176487,608257,120,686,442020,0
3,Graduate,1,824445,5004115,120,694,1496835,0
1,Graduate,1,592144,371460,36,662,708921,1
2,Graduate,1,229818,713494,240,700,1044518,1
1,Graduate,1,795284,273440,36,684,1521010,1
1,Not Graduate,1,3835989,382057,240,750,7233352,1
0,Graduate,1,2047549,160430,120,688,4591180,1
0,Graduate,1,838933,125149,60,721,2195297,1
1,Graduate,1,929779,2107326,360,736,2183809,1
1,Graduate,1,420494,1569389,240,709,771187,1
1,Graduate,1,548143,373397,120,886,945541,1
0,Not Graduate,0,53427,1564978,360,663,537066,0
0,Graduate,1,822832,146253,360,668,2353464,1
0,Graduate,1,1637366,454356,60,619,832589,0
0,Graduate,1,1574843,643233,36,724,1447424,1
0,Graduate,1,1106213,1916582,36,781,1762274,0
0,Graduate,1,327971,658382,240,718,993445,1
0,Graduate,1,338022,931685,240,900,505982,1
2,Graduate,1,358501,337742,240,673,919598,1
0,Graduate,1,880650,703594,36,598,1200614,0
1,Graduate,1,144198,1913338,240,687,279952,0
0,Graduate,1,725763,107311,120,576,319729,0
2,Not Graduate,1,2251065,1682976,360,750,4741639,1
1,Graduate,1,1243525,438024,12,590,2642759,0
0,Not Graduate,1,550960,132461,12,683,469447,1
1,Graduate,1,417231,413688,240,642,816653,0
0,Graduate,1,1389663,1963189,120,691,2160135,1
1,Graduate,0,162933,333589,120,627,375083,0
0,Graduate,1,598902,728934,120,638,389737,0
4,Graduate,1,455328,107668,360,720,335055,1
1,Graduate,1,775378,87058,60,759,1836170,1
0,Not Graduate,1,572386,184104,360,593,1079605,0
2,Graduate,1,1366145,1487798,120,812,1816565,1
0,Not Graduate,1,1968800,513583,36,683,2376492,0
2,Graduate,1,244311,1622852,36,702,946492,0
1,Graduate,1,273578,1720479,120,726,784423,0
2,Graduate,1,2144559,253178,12,671,4390922,1
0,Graduate,1,832888,2589566,60,825,1091769,0
2,Graduate,1,294984,313520,360,691,328177,1
2,Not Graduate,1,1601740,1469396,36,602,2542561,0
0,Graduate,1,958713,1410551,36,861,1874486,1
0,Graduate,1,4250710,576675,36,875,4827711,1
0,Graduate,1,604259,577614,360,640,1723029,0
3,Graduate,1,1770837,744494,60,772,4488256,1
0,Graduate,0,23043,606486,120,877,162845,0
1,Graduate,1,2228461,365807,60,732,3573821,1
0,Graduate,1,1552423,335742,120,741,2692112,1
0,Graduate,1,2632587,368744,240,806,3769215,1
1,Graduate,1,1773497,1827055,36,822,2542527,1
3,Graduate,1,673849,110377,360,767,763346,1
1,Graduate,1,285814,328784,12,594,965673,0
2,Graduate,1,450610,390061,60,613,1323645,0
1,Graduate,1,178274,430155,360,687,827666,1
0,Not Graduate,1,349158,727067,60,828,778968,0
0,Not Graduate,0,154425,140329,360,607,317414,0
1,Graduate,1,702076,1506524,36,695,1972876,1
3,Not Graduate,1,609947,1311856,36,797,1025440,0
2,Graduate,1,386743,1060587,360,641,336042,0
0,Graduate,1,176677,439081,12,667,185312,0
0,Graduate,1,843796,258240,12,575,1601518,0
0,Not Graduate,1,987891,390349,36,649,896213,0
3,Graduate,1,329967,574275,360,631,582137,0
2,Not Graduate,1,476035,1051981,120,699,1155763,1
2,Not Graduate,1,2504768,498166,36,619,5980315,0
0,Graduate,1,1844277,774871,12,803,2459085,1
1,Graduate,1,222450,350141,36,619,349009,0
1,Graduate,1,681663,719510,12,671,654266,0
0,Graduate,1,2336032,421173,240,647,1570431,0
1,Graduate,0,87800,706410,120,671,112699,0
0,Graduate,1,588213,92323,360,900,1663017,1
0,Graduate,1,1748362,879496,12,640,2883985,0
2,Graduate,1,1606639,927272,360,757,3841817,1
2,Graduate,1,1541463,917091,60,616,1713338,0
1,Graduate,1,591497,201301,60,811,792902,1
1,Graduate,1,1239613,265632,360,725,1655590,1
0,Graduate,1,2411588,226706,120,733,4482305,1
2,Graduate,1,700886,751615,120,759,354782,1
2,Not Graduate,1,528222,1043639,60,821,515872,0
2,Graduate,1,1951400,269261,360,848,4211567,1
2,Graduate,1,3746571,2013958,360,828,8517292,1
0,Not Graduate,0,74872,1987497,360,623,501550,0
0,Graduate,1,540576,620300,360,786,1174171,1
1,Not Graduate,1,585819,782998,360,698,882904,1
0,Graduate,0,161203,100755,240,823,409092,1
2,Not Graduate,1,801661,318367,240,534,1192159,0
0,Not Graduate,1,308878,154452,12,729,989036,1
0,Graduate,1,478634,217512,120,596,1375245,0
0,Graduate,0,22424,903940,60,760,306127,0
3,Not Graduate,1,996477,1150902,360,659,905820,1
0,Not Graduate,1,171343,1200030,360,618,633930,0
1,Not Graduate,1,2561833,688101,120,549,1081315,0
1,Graduate,1,305713,911981,60,651,235120,0
0,Not Graduate,0,173643,110289,60,729,679812,1
1,Graduate,1,270725,148816,12,748,599521,1
2,Graduate,0,99517,438354,120,693,393485,0
1,Graduate,1,355953,982137,240,677,760885,1
2,Graduate,1,362961,345495,120,753,823741,1
0,Graduate,0,171402,138581,60,900,486114,1
0,Graduate,1,809313,270556,240,744,1369700,1
3,Graduate,1,878219,212461,60,623,2105081,0
0,Graduate,1,4393010,96327,120,597,3414945,0
1,Not Graduate,1,1076335,4997221,60,689,1025628,0
2,Graduate,1,490278,1854028,360,769,1117716,1
0,Graduate,0,178721,74932,36,642,667036,0
2,Graduate,1,675344,79058,240,636,1883929,0
0,Graduate,0,178563,241351,360,625,436083,0
0,Graduate,1,487634,121864,12,624,846069,0
0,Graduate,1,765904,5853900,36,767,1356999,0
2,Graduate,1,3328003,242238,360,669,5438976,1
0,Not Graduate,1,536441,775714,60,765,284364,1
2,Graduate,1,161228,325853,120,674,296846,0
3,Graduate,1,1467087,168184,60,580,2332436,0
1,Graduate,1,937954,1540083,12,900,2234805,1
1,Graduate,1,185870,1040103,120,670,262420,0
1,Graduate,1,1026961,509116,240,781,2608708,1
0,Graduate,1,328308,5849897,240,697,1014020,0
1,Graduate,1,1038261,683550,60,844,1477704,1
1,Graduate,1,3354491,342330,36,803,950362,1
4,Graduate,1,633125,3668425,120,870,1446615,0
3,Graduate,1,1735171,809260,360,721,3884558,1
2,Not Graduate,1,272995,2752223,36,653,718391,0
2,Graduate,1,216309,519650,60,663,755655,1
1,Graduate,1,3663378,50000,360,781,4922301,1
1,Graduate,1,933085,113691,360,598,1589715,0
2,Not Graduate,0,24067,1595520,120,673,64538,0
0,Not Graduate,1,1833281,299819,240,653,2546898,1
3,Graduate,0,36195,696153,240,624,274209,0
1,Not Graduate,1,1411400,1679232,60,699,1213705,1
1,Graduate,1,1250226,646601,120,849,1401897,1
2,Not Graduate,1,258889,228799,360,744,849293,1
3,Graduate,1,2447036,534407,60,725,6528995,1
0,Graduate,0,67846,601349,240,644,525068,0
2,Graduate,0,150766,359275,360,829,621547,1
1,Graduate,0,168512,135269,360,556,233547,0
0,Graduate,0,122002,378706,12,717,460097,0
2,Graduate,1,2268537,492468,36,726,4062607,1
1,Graduate,1,235981,127620,60,667,896476,1
1,Graduate,1,5000000,215757,360,786,9368506,1
0,Graduate,1,634385,263853,12,744,1022003,1
1,Not Graduate,1,1316854,84089,240,691,2469427,1
1,Not Graduate,1,2213307,614298,60,723,3206921,1
1,Not Graduate,0,902,684851,240,681,105990,0
0,Graduate,1,665335,313537,240,826,1938429,1
3,Graduate,1,487836,137500,60,744,872976,1
1,Graduate,1,359197,811781,12,765,109792,0
2,Graduate,1,906627,932924,60,637,899962,0
1,Graduate,0,73156,596349,360,698,504710,0
0,Graduate,1,485289,563296,240,616,568486,0
1,Not Graduate,0,78964,978663,120,780,564082,0
1,Graduate,1,1156590,491163,240,630,1838245,0
1,Not Graduate,1,385366,215829,360,755,1334115,1
1,Graduate,0,76745,503689,60,770,421704,0
1,Graduate,1,1496940,365107,12,695,1670664,1
0,Graduate,1,888935,503674,240,634,901495,0
1,Graduate,1,315007,1308335,12,687,940527,0
0,Not Graduate,1,715618,162416,360,646,1484019,0
0,Graduate,1,1034695,645302,12,527,2801003,0
3,Graduate,1,1609473,154417,36,863,3580795,1
1,Graduate,0,21924,215737,360,679,79744,0
1,Graduate,1,466576,2607330,12,700,778557,0
1,Graduate,1,418265,853675,240,620,823872,0
3,Graduate,0,109812,634721,240,679,83996,0
1,Graduate,0,149254,102901,60,572,124219,0
2,Graduate,1,1173605,426880,60,665,1355566,1
0,Graduate,1,1690817,67996,12,655,4081948,1
3,Not Graduate,1,678106,560874,360,555,558941,0
2,Not Graduate,1,236982,155287,360,751,808457,1
2,Graduate,1,1246158,943964,120,742,1129185,1
0,Graduate,1,828452,634951,360,618,518577,0
0,Graduate,1,765263,160156,360,741,1502829,1
0,Not Graduate,1,261261,791427,240,742,750797,1
0,Graduate,1,623641,4383632,12,630,1120170,0
2,Not Graduate,1,280709,441209,360,787,828171,1
0,Graduate,1,1072574,1303160,60,632,1713816,0
0,Graduate,1,517148,65973,240,900,1028532,1
0,Graduate,1,481360,862591,36,858,1661475,1
0,Graduate,1,213261,305812,360,682,250916,1
0,Graduate,1,1658918,412910,60,749,1923827,1
2,Graduate,1,593117,979810,360,710,206676,1
1,Graduate,1,781980,423588,36,695,700310,1
0,Graduate,1,404986,107211,240,661,828858,0
1,Not Graduate,1,194763,2488573,120,701,666264,0
1,Graduate,0,182902,126728,12,710,637229,1
0,Not Graduate,1,541862,233389,12,656,1180138,1
1,Not Graduate,1,921914,614226,120,681,2070520,1
2,Not Graduate,1,549066,619974,12,665,999711,1
2,Not Graduate,1,410577,828997,360,859,458059,1
2,Not Graduate,1,219109,617397,360,826,709948,1
0,Graduate,1,758245,1703882,12,849,913568,0
3,Graduate,1,385675,882309,36,682,706135,0
2,Graduate,1,2098315,165098,12,701,832343,1
3,Graduate,1,822511,50000,36,697,2071977,1
0,Not Graduate,1,1143589,628497,12,561,1215408,0
3,Graduate,1,597774,2341126,360,558,1115903,0
2,Graduate,1,856855,154450,12,621,1373293,0
2,Graduate,1,357692,189103,60,683,830282,1
0,Not Graduate,1,284197,770546,120,662,395691,1
2,Graduate,0,31681,875887,60,816,357279,0
3,Graduate,1,1151197,1659927,12,736,1996954,0
1,Graduate,1,153791,2788767,36,771,99817,0
1,Graduate,1,489293,684254,12,800,1245482,1
3,Graduate,1,3184155,213907,240,789,4342010,1
1,Graduate,1,1070227,220550,240,763,1719005,1
1,Not Graduate,1,2495792,313756,240,779,3515171,1
1,Graduate,1,439223,1515428,240,652,301611,1
3,Graduate,1,505688,327720,12,740,850535,1
0,Not Graduate,1,1580713,1413496,240,864,1651345,1
1,Not Graduate,1,1201181,117614,120,862,1397274,1
1,Not Graduate,1,676367,720111,12,749,878251,0
2,Graduate,1,265663,254971,60,727,682325,1
1,Not Graduate,1,1840378,910827,12,672,5025612,1
3,Graduate,1,5000000,418204,36,610,9296810,0
3,Graduate,0,190906,1199638,120,652,868597,0
0,Graduate,0,19244,349789,12,872,57078,0
1,Graduate,0,191056,526510,60,633,525780,0
0,Graduate,1,558620,1212362,36,623,1164650,0
0,Graduate,1,905019,488018,360,537,1944384,0
1,Not Graduate,1,278056,572810,36,639,1071250,0
3,Graduate,1,708063,1155998,60,853,633661,0
2,Graduate,1,200987,500442,360,764,476357,1
0,Graduate,1,1067538,110767,60,814,732215,1
0,Graduate,1,4355620,305272,60,800,8324922,1
1,Not Graduate,1,437300,78948,60,840,57141,1
1,Not Graduate,1,637306,420861,240,740,1431734,1
0,Not Graduate,1,662925,865716,120,647,547906,0
2,Graduate,1,1605867,612067,60,837,3996548,1
3,Graduate,1,1008987,2179611,240,868,2091344,1
1,Graduate,1,1523128,1948690,12,723,3568111,1
2,Graduate,1,486509,698531,36,712,617496,0
0,Graduate,1,1031841,50000,12,630,328332,0
2,Graduate,1,49303,1057422,12,697,590336,0
1,Graduate,1,1244158,249769,360,608,1159196,0
0,Graduate,1,275341,1304366,240,713,697705,1
3,Graduate,1,561251,738702,240,657,1099022,1
1,Graduate,0,120509,1041407,60,773,385531,0
2,Graduate,1,213443,892399,60,623,913943,0
0,Graduate,1,1743746,5898336,240,680,861072,1
0,Graduate,1,660370,909984,120,665,860273,1
0,Graduate,1,2332596,150220,360,485,5663527,0
1,Not Graduate,1,354238,1577437,360,645,1355797,0
1,Not Graduate,1,171060,351356,60,634,777738,0
0,Graduate,1,712719,2074421,360,578,1698564,0
1,Graduate,1,1166666,2527863,12,769,2192799,0
1,Graduate,1,1247621,1006355,60,498,1932515,0
2,Graduate,1,294080,150597,60,482,536142,0
1,Not Graduate,1,198847,341014,120,730,442412,1
3,Not Graduate,0,173762,2065228,240,727,492878,0
1,Not Graduate,1,1102570,3988806,120,669,1565176,1
1,Graduate,1,1058781,574885,60,754,2657631,1
0,Not Graduate,1,2565595,410528,120,766,6028023,1
0,Graduate,1,541033,166021,360,789,573526,1
0,Not Graduate,1,166721,168207,60,602,515805,0
1,Graduate,0,86832,681998,120,728,337672,0
0,Graduate,1,852694,1088975,36,678,1395495,1
0,Graduate,1,914150,122106,36,761,1669684,1
2,Graduate,0,121004,1238407,60,844,777561,0
0,Graduate,0,193960,2131373,120,714,365587,0
0,Not Graduate,1,716106,1015193,60,736,1100410,1
0,Graduate,1,1869611,2821733,120,730,937515,1
2,Graduate,1,1134507,771020,240,631,1421501,0
0,Graduate,1,431720,778688,120,672,1263039,1
1,Graduate,0,82201,763953,120,731,253380,0
1,Not Graduate,1,1194687,2104151,60,785,2996141,1
1,Graduate,1,413718,925083,120,830,511066,1
1,Graduate,1,1482391,318139,60,874,2720852,1
2,Not Graduate,1,827816,825241,60,699,1205476,1
0,Not Graduate,1,989836,833548,12,713,697988,0
0,Graduate,1,2309182,436990,60,663,1366632,1
0,Not Graduate,1,970196,1502413,120,720,558848,1
0,Graduate,1,772300,592132,36,688,1566329,0
0,Not Graduate,1,682780,1093929,240,752,539585,1
0,Graduate,1,654923,899649,120,652,1291708,1
1,Not Graduate,1,936438,261509,360,495,1506300,0
1,Graduate,1,2170913,202896,120,561,3806170,0
0,Graduate,1,447118,264272,120,620,564588,0
2,Graduate,1,420851,498242,12,844,473694,0
0,Graduate,1,2039126,2653863,36,794,4904063,1
0,Not Graduate,1,463741,515343,120,715,1219248,1
1,Graduate,1,867070,785247,360,716,2330957,1
0,Graduate,1,454322,1293698,60,634,560028,0
0,Graduate,1,190310,377432,36,655,408255,0
1,Graduate,1,854763,356941,36,693,449580,1
3,Not Graduate,1,1780018,1546614,120,627,3887250,0
2,Graduate,0,182720,953762,60,893,465417,0
0,Graduate,1,222943,307432,36,841,446062,0
2,Graduate,1,795921,357773,240,857,464380,1
2,Not Graduate,1,398410,588490,60,643,1314347,0
1,Graduate,1,89715,751345,36,721,510006,0
2,Graduate,1,683712,1874734,36,868,2117669,0
1,Not Graduate,1,1103665,919876,60,593,1044801,0
0,Graduate,1,1871338,202095,12,729,748471,1
1,Graduate,1,2974194,246156,60,643,7730609,0
1,Not Graduate,1,1227817,736542,240,718,1661600,1
1,Not Graduate,1,1539324,623298,12,872,2198252,1
1,Not Graduate,0,124989,232356,120,790,467957,1
3,Not Graduate,1,2669657,1548654,12,705,4218549,1
3,Graduate,1,2010488,57071,240,736,1790932,1
2,Graduate,1,543784,755869,240,450,1274333,0
2,Graduate,1,1258370,115040,240,686,2712966,0
3,Graduate,1,1161072,1303675,36,674,1399539,0
0,Not Graduate,1,2364721,414575,12,688,2950748,1
0,Not Graduate,1,646361,1141354,240,657,1033823,1
1,Graduate,1,401520,365494,360,727,1011599,1
2,Not Graduate,1,492870,2034465,12,691,1257398,0
1,Graduate,1,1494701,83633,360,707,1697434,1
2,Graduate,1,157016,1302100,12,723,506327,0
0,Graduate,1,66326,294240,120,739,459456,1
0,Graduate,1,1491658,786304,360,647,1296542,0
2,Graduate,1,908767,820024,120,632,2474669,0
0,Not Graduate,0,173926,134266,120,728,491665,1
0,Graduate,1,256674,1465072,360,538,541157,0
0,Not Graduate,1,185737,801069,36,653,423978,0
0,Graduate,1,439053,607398,36,727,306674,0
2,Graduate,1,974184,794269,120,661,677264,1
0,Graduate,1,456523,612455,240,728,472488,1
1,Graduate,1,1498657,1245040,60,709,1622470,1
0,Not Graduate,1,340017,337249,360,783,868418,1
2,Graduate,1,481433,1246915,36,726,799895,1
0,Not Graduate,1,1280243,957707,60,758,1651353,1
1,Not Graduate,1,539537,454967,36,824,1315043,1
2,Not Graduate,1,561361,3423741,12,669,1009300,0
0,Graduate,1,435917,848819,240,721,980943,1
2,Not Graduate,1,375813,656711,36,650,1105025,1
1,Graduate,1,968343,959301,12,768,1512807,1
1,Graduate,0,55194,486617,240,668,172913,0
0,Graduate,1,874772,1796050,360,727,1000471,1
3,Not Graduate,1,445544,528946,36,788,1137252,1
2,Graduate,1,620826,1226197,240,652,584999,1
0,Graduate,1,2614929,185668,36,586,1254070,0
0,Graduate,0,103481,89695,120,609,329711,0
2,Graduate,1,3297624,808255,36,872,1713416,1
1,Graduate,1,789990,368130,36,659,1979655,1
2,Not Graduate,1,631528,445671,12,817,904972,1
1,Graduate,1,1563914,51979,120,592,3639062,0
2,Not Graduate,1,139551,2959780,60,712,363324,0
0,Graduate,1,2200633,599923,240,774,4721503,1
0,Not Graduate,1,3224152,2052511,60,744,3500940,1
1,Graduate,1,1741710,134244,60,747,1321401,1
3,Graduate,1,135695,596389,120,698,363205,0
0,Graduate,0,114,812214,120,575,305744,0
1,Graduate,1,2721786,617829,120,554,1489862,0
1,Not Graduate,1,2506001,682486,12,733,2913453,1
1,Graduate,0,67241,134602,12,727,524559,1
2,Not Graduate,1,1644727,741930,240,793,789746,1
2,Not Graduate,1,3067754,232656,120,591,5094527,0
0,Graduate,1,746814,291351,60,600,1528260,0
4,Graduate,1,228168,549359,240,727,641759,0
2,Graduate,1,1415399,380061,12,655,2509240,1
2,Graduate,1,1694818,402552,36,683,1103050,1
1,Graduate,1,652543,1662737,36,596,1226501,0
2,Not Graduate,1,281368,462291,240,740,924154,1
0,Graduate,1,1599973,363343,12,690,2159775,1
0,Graduate,1,394333,477815,240,735,670127,1
2,Graduate,1,1002369,177817,12,782,2096321,1
0,Graduate,1,2537102,635751,120,603,5944739,0
0,Not Graduate,1,193486,1112188,36,734,591472,0
2,Not Graduate,0,8271,739687,60,627,240900,0
2,Graduate,1,618303,560540,120,789,226996,1
0,Not Graduate,1,631262,986064,60,585,520654,0
2,Graduate,1,1100695,310484,240,671,974170,1
1,Graduate,1,393522,561994,36,818,1224455,1
1,Graduate,1,284925,2187583,60,606,798459,0
2,Not Graduate,1,175018,402690,360,606,544033,0
1,Graduate,1,1954041,992404,240,812,2983737,1
0,Graduate,0,18093,1017540,12,658,479405,0
0,Graduate,1,1150782,253298,120,854,2867237,1
1,Graduate,1,494832,1075118,12,662,529572,0
1,Not Graduate,1,287964,294534,120,729,841440,1
2,Graduate,1,1229170,829901,36,853,1149628,1
2,Not Graduate,1,948246,289827,60,524,1537822,0
1,Graduate,1,603487,715731,12,641,1103533,0
2,Graduate,0,67116,614905,12,727,525105,0
0,Graduate,1,338274,604367,60,892,558729,1
0,Graduate,1,1703984,709248,60,734,1495075,1
2,Graduate,1,2051159,317853,240,553,4250517,0
0,Graduate,1,1339013,168324,120,758,871167,1
0,Graduate,1,541669,586311,360,882,1737418,1
1,Not Graduate,1,764882,1627886,360,642,818636,0
1,Graduate,1,2558851,968248,240,778,2096187,1
2,Graduate,1,2032816,845131,12,775,4212386,1
0,Graduate,0,128080,324199,60,774,362313,0
0,Graduate,1,390656,651147,36,850,1168408,1
0,Graduate,1,363607,235508,12,824,771810,1
1,Not Graduate,0,140724,353773,12,675,419265,0
0,Graduate,0,106951,772277,360,619,447494,0
1,Not Graduate,1,650937,87845,120,646,1424500,0
2,Not Graduate,1,534054,3046609,240,723,1219038,1
3,Graduate,1,2010544,142319,360,776,1953454,1
0,Graduate,1,678347,3572282,120,694,1265343,0
1,Graduate,1,275910,233537,12,837,821011,1
1,Graduate,0,7966,231241,60,644,65443,0
3,Not Graduate,1,888821,363087,36,795,1740206,1
4,Not Graduate,1,5000000,348215,120,853,1251010,1
0,Graduate,1,334116,295076,360,742,759033,1
2,Graduate,1,566992,373036,12,669,653089,1
0,Not Graduate,1,4994479,592268,360,764,9482325,1
0,Graduate,1,495129,220263,360,727,822850,1
0,Not Graduate,1,1050071,1252577,240,856,968127,1
1,Not Graduate,1,3271399,2218226,120,530,3798122,0
1,Graduate,1,340720,77287,12,614,487077,0
0,Graduate,1,569544,3455189,240,746,1368158,1
1,Graduate,1,495096,1170029,240,673,861061,1
0,Graduate,1,216573,699108,36,657,415240,0
1,Graduate,0,176543,304299,60,687,718401,1
0,Graduate,0,150192,638333,36,504,396800,0
0,Not Graduate,1,361856,1325702,240,832,1206339,1
1,Graduate,1,511167,7347815,120,695,814931,0
0,Graduate,1,1533502,4837620,360,681,1501127,1
1,Graduate,0,132223,117169,60,629,297802,0
0,Graduate,1,387188,438966,240,867,400977,1
1,Graduate,1,1011879,583922,60,570,572882,0
0,Graduate,1,1397332,2071027,120,513,3251367,0
1,Graduate,1,715679,496900,12,659,1604383,1
2,Graduate,1,604520,253913,12,699,1212353,1
0,Graduate,1,1644095,570226,240,698,1079413,1
1,Graduate,1,632004,367568,240,634,939264,0
0,Graduate,1,2640696,1449187,36,590,3725650,0
1,Graduate,1,397874,5883084,240,750,847998,0
0,Not Graduate,1,390533,1343191,12,578,823374,0
1,Graduate,1,353968,1398418,12,665,561171,0
1,Graduate,1,602548,1859072,36,719,1047144,0
3,Not Graduate,1,730879,851317,360,670,2208302,1
1,Graduate,0,111559,362672,120,890,241480,0
1,Not Graduate,1,788120,400224,60,791,1042936,1
1,Graduate,1,1146567,1616869,12,719,2115582,1
3,Graduate,1,225845,721391,60,678,807472,0
2,Graduate,0,169256,202343,240,605,431437,1
0,Graduate,1,1148524,2000928,240,900,2224477,1
2,Graduate,1,305121,249168,360,674,521150,1
1,Graduate,1,566491,175013,120,642,910495,0
2,Graduate,1,1742004,224831,360,742,1771005,1
2,Not Graduate,1,3066803,734089,60,641,4306339,0
0,Graduate,0,183984,1429341,12,771,107700,0
2,Graduate,1,637046,697111,36,736,400230,0
0,Graduate,0,121399,309632,12,593,289480,0
0,Graduate,1,1511485,240884,60,791,1270656,1
0,Not Graduate,0,30335,1168370,60,787,204551,0
2,Graduate,1,289193,492520,12,718,731574,1
0,Graduate,1,1511089,759947,12,689,2917215,1
0,Graduate,1,448813,469643,120,541,990690,0
2,Not Graduate,1,366720,729008,240,706,444131,1
0,Graduate,1,645050,798306,360,617,1936981,0
0,Graduate,1,1612490,6109616,120,780,2332353,1
0,Graduate,1,934273,808137,12,814,1478747,1
0,Graduate,1,914255,366814,12,844,496587,1
1,Graduate,1,966999,644102,36,783,1069122,1
0,Graduate,1,1060367,209057,240,900,1116738,1
3,Not Graduate,0,109860,207227,360,637,532599,0
2,Graduate,0,91739,1885449,360,654,179841,0
0,Graduate,1,430307,732457,36,738,1025045,1
0,Graduate,1,1227887,1654498,240,702,2892682,1
1,Graduate,1,1447847,106413,240,666,2885156,1
1,Graduate,1,1276087,203713,60,819,2784931,1
0,Graduate,1,1330177,728125,240,612,2124734,0
0,Graduate,1,1058001,236958,360,791,1965985,1
2,Graduate,1,1864967,130095,12,744,765966,1
0,Graduate,1,118504,183705,240,592,433414,0
0,Graduate,1,1444099,391929,120,736,3396500,1
2,Graduate,0,28419,816761,60,570,136913,0
1,Graduate,1,443513,3003110,36,701,1244860,0
0,Graduate,1,405556,188604,360,707,595505,1
1,Graduate,1,2041213,198610,240,714,539444,1
0,Not Graduate,1,347530,126634,36,758,144552,1
2,Graduate,1,427889,958490,12,634,543978,0
1,Graduate,1,835644,612197,36,581,2223808,0
2,Not Graduate,1,384938,205904,240,692,675314,1
3,Graduate,1,1468892,235431,36,593,2597085,0
3,Not Graduate,1,387456,477381,12,654,336415,0
3,Graduate,1,973357,505165,240,677,1846248,1
1,Graduate,1,915829,191055,36,694,598241,1
0,Graduate,1,2761019,645117,36,682,2943118,1
1,Graduate,1,1852861,136454,12,698,1269993,1
1,Not Graduate,1,477527,567509,120,807,635094,1
2,Graduate,1,265244,452445,120,771,762380,1
0,Graduate,1,1425987,807024,60,663,2435548,1
3,Graduate,1,432478,1814424,12,764,639382,0
2,Graduate,1,557634,372996,120,827,1217326,1
3,Graduate,1,312430,540580,36,792,601585,0
2,Graduate,1,1255707,74557,12,642,1181393,0
0,Graduate,1,434871,3881455,36,676,943767,0
0,Not Graduate,1,709252,84070,36,754,1712924,1
0,Graduate,1,718124,497390,60,678,1071616,1
0,Graduate,1,844794,50000,360,900,854062,1
1,Graduate,1,1238375,236650,60,862,1229007,1
2,Not Graduate,1,600635,3064661,240,651,1214075,1
2,Graduate,1,403066,1697572,360,709,408239,1
1,Graduate,1,164779,1447012,12,662,223507,0
0,Not Graduate,1,791831,445631,120,844,474022,1
0,Graduate,0,178795,2816283,60,677,755405,0
0,Graduate,1,413173,698968,12,783,983552,1
0,Graduate,1,766846,1077165,60,696,1305575,1
1,Not Graduate,1,1446686,7624743,120,765,1606560,0
0,Not Graduate,1,1775354,1607711,60,786,1356804,1
0,Not Graduate,1,213606,506126,240,831,705596,1
0,Graduate,1,546511,900250,12,735,431590,0
1,Graduate,1,1573511,2200366,360,748,3982850,1
1,Graduate,1,2615152,1006984,360,718,5324498,1
1,Not Graduate,1,379340,1182406,12,725,768483,0
1,Not Graduate,1,2197120,1958980,36,790,4102383,1
3,Graduate,1,247687,6784418,360,596,783176,0
0,Graduate,1,1827807,212181,360,681,395269,1
1,Graduate,1,582214,1090426,240,643,810291,0
2,Graduate,1,2546571,855624,60,650,4167449,1
1,Graduate,1,503216,367437,36,809,409936,1
3,Graduate,1,569257,282834,60,621,897770,0
0,Graduate,1,655586,2819455,240,724,1933808,1
1,Graduate,1,213279,194416,36,622,258775,0
0,Not Graduate,1,178086,132052,120,728,686244,1
1,Not Graduate,1,1097036,307741,12,701,1326169,1
0,Not Graduate,0,197449,90952,240,647,789578,0
0,Graduate,1,1185958,231913,240,800,604692,1
1,Graduate,1,267485,188611,60,641,549226,0
1,Graduate,1,1071051,588920,120,652,2239544,1
0,Not Graduate,0,20701,2293256,120,572,64724,0
1,Graduate,0,13934,299761,360,684,434722,1
1,Graduate,1,1803138,1283500,240,603,2792030,0
0,Graduate,1,978693,1145397,240,779,2551849,1
1,Not Graduate,1,2361546,58660,12,869,3130241,1
2,Graduate,1,646940,311164,120,879,680649,1
1,Graduate,0,40354,371011,240,827,149802,0
0,Graduate,1,769796,791320,12,634,1854233,0
0,Not Graduate,1,249169,955572,60,703,108087,0
1,Graduate,1,528416,752252,120,671,473742,1
3,Graduate,0,167445,220798,36,622,796030,0
1,Graduate,1,581170,286840,36,694,1423206,1
0,Graduate,1,904043,120181,240,712,1942016,1
1,Graduate,1,223180,577454,240,681,594985,1
2,Graduate,0,112817,374300,360,742,496426,1
0,Graduate,1,1804250,920495,12,694,2800823,1
4,Not Graduate,0,47853,1084771,240,666,219579,0
3,Graduate,1,1194331,387018,240,731,3331089,1
0,Not Graduate,1,540987,716475,12,781,884576,0
3,Graduate,1,829101,435469,36,739,1127269,1
0,Graduate,1,2536964,177462,12,702,2852871,1
2,Not Graduate,1,656746,242762,360,727,529328,1
1,Graduate,1,1202977,55887,360,877,1040138,1
1,Graduate,1,764405,363761,120,638,1576405,0
1,Graduate,1,668304,298479,120,732,969740,1
2,Not Graduate,1,605288,180748,240,762,1672103,1
0,Graduate,1,1278050,1225891,240,644,1261598,0
1,Graduate,1,406247,914635,360,691,936580,1
0,Not Graduate,1,294897,940105,36,723,836693,0
0,Graduate,1,774195,1079085,36,613,1738736,0
0,Graduate,0,176020,539397,60,684,376030,0
1,Graduate,1,169511,533878,120,577,626762,0
0,Not Graduate,1,723322,1239487,120,834,362240,1
0,Graduate,1,273347,1053125,360,546,455487,0
0,Graduate,1,1204378,1509691,60,669,2280226,1
0,Graduate,1,172310,517307,60,538,235941,0
1,Not Graduate,1,3402634,201515,120,861,5711268,1
3,Not Graduate,1,556510,684951,240,841,1417363,1
0,Graduate,1,365137,303078,120,863,703481,1
3,Graduate,1,581648,1038757,60,686,1090085,0
2,Not Graduate,1,1138266,720571,36,820,955237,1
1,Graduate,0,36108,568889,12,667,144027,0
1,Not Graduate,1,585692,365117,36,746,627367,1
2,Graduate,1,230740,1469858,360,737,599892,0
0,Graduate,1,276554,1361231,36,722,490128,0
1,Graduate,1,917226,308510,60,631,1964630,0
1,Graduate,1,1606971,158200,120,761,624780,1
1,Graduate,1,1783307,646575,360,731,3289199,1
2,Graduate,1,834404,1768960,60,678,1827265,0
0,Graduate,1,1581429,153002,60,805,3961147,1
1,Graduate,1,3368167,864893,360,614,7230267,0
1,Graduate,0,12345,237761,360,621,398132,0
0,Graduate,0,157330,195457,360,639,587317,0
0,Not Graduate,1,382603,1371183,240,617,1169617,0
1,Graduate,1,1575519,1035444,360,662,2436021,1
2,Graduate,1,1054931,464032,240,738,2412496,1
1,Graduate,1,1227532,1190042,12,641,598302,0
2,Graduate,1,2000454,1070375,240,762,4422344,1
1,Graduate,1,971742,122241,12,822,2591258,1
0,Not Graduate,0,176928,587876,36,854,638415,0
0,Not Graduate,1,309931,2219528,36,568,1053874,0
0,Graduate,1,575380,867884,60,779,637258,1
0,Not Graduate,1,864824,50000,36,743,457922,1
0,Graduate,1,910815,185229,240,670,1630135,1
2,Graduate,0,111022,1462669,240,693,208302,0
2,Graduate,1,1571604,309537,240,699,2152882,1
0,Graduate,1,1457585,1658359,120,793,1783662,1
0,Graduate,1,694070,4181173,240,783,1905487,1
0,Graduate,0,195770,425939,360,810,452352,0
1,Graduate,1,991214,291315,60,648,2314306,0
0,Not Graduate,1,4399801,197570,60,702,3809322,1
0,Graduate,1,943162,1153421,36,815,1398609,0
3,Graduate,1,575653,295764,12,711,781799,1
2,Graduate,0,162074,361408,360,820,417454,0
0,Not Graduate,1,1174777,178336,360,688,1678304,0
1,Not Graduate,1,1164404,350612,360,823,1612683,1
0,Graduate,1,2187574,266541,120,663,5082447,1
2,Not Graduate,0,91002,74459,12,556,199790,0
1,Not Graduate,1,2106060,233590,120,747,5161048,1
0,Graduate,1,876934,1139601,360,707,1925674,1
2,Graduate,1,2446083,2082325,60,516,2602575,0
0,Graduate,1,1915306,485692,60,672,1961546,0
0,Graduate,0,118780,558882,120,781,274202,0
0,Graduate,1,1371408,719263,36,684,834812,1
1,Not Graduate,1,4598377,3846256,240,819,1700370,1
0,Graduate,1,1725960,196840,240,665,3721007,1
0,Graduate,1,369736,152948,12,672,807925,1
0,Graduate,1,887994,513191,60,577,980030,0
0,Graduate,1,590205,801475,240,852,1039015,1
2,Graduate,1,3804066,522631,60,873,3398236,1
0,Graduate,1,1985040,138062,360,842,1848087,1
0,Graduate,1,3706359,1309043,60,753,3257252,1
1,Not Graduate,0,197185,470646,60,595,574612,0
2,Graduate,0,160681,940697,240,713,444658,0
2,Not Graduate,1,244844,2553030,240,566,922289,0
1,Graduate,1,204085,125080,360,767,457791,1
0,Graduate,1,530956,96919,240,648,1453385,0
2,Graduate,1,2445842,951280,120,676,3495815,1
1,Graduate,1,329689,70652,240,627,508498,0
0,Graduate,1,719671,362261,60,823,547341,1
3,Graduate,1,1888086,305194,360,702,3835189,1
0,Graduate,1,1435653,774406,60,855,2532396,1
4,Graduate,1,4294944,277587,360,739,4316945,1
2,Graduate,1,731386,883782,12,855,789146,0
1,Graduate,1,512315,185908,36,784,1389988,1
3,Graduate,1,303888,156048,120,773,1093492,1
2,Not Graduate,1,543399,550885,360,642,1143100,0
0,Not Graduate,1,301679,600358,12,583,293617,0
1,Not Graduate,1,173311,725928,360,592,614999,0
0,Graduate,1,3508552,2372788,120,711,5926556,1
0,Graduate,1,758520,1944683,120,654,770486,1
2,Not Graduate,1,5000000,848832,60,761,10607560,1
0,Graduate,1,372714,1213953,60,775,839091,0
0,Graduate,1,517597,702316,60,702,1039538,1
1,Graduate,1,392269,1757674,60,580,292583,0
2,Graduate,1,436871,777533,12,836,559188,0
0,Graduate,1,1467224,311065,36,609,2648488,0
0,Graduate,0,65420,254621,36,804,125663,0
0,Graduate,0,163480,1708252,360,850,506647,0
1,Graduate,1,2134658,449960,12,708,1608484,1
0,Not Graduate,1,1768927,3674020,36,618,1451952,1
1,Graduate,1,325529,179074,360,676,1028830,1
0,Graduate,1,479713,1888776,240,900,1220234,1
0,Graduate,0,29539,352749,240,758,137637,0
3,Graduate,1,5000000,812008,240,726,6620529,1
0,Graduate,1,1353115,147011,60,688,3431998,1
1,Graduate,1,794406,85948,240,714,1248975,1
0,Graduate,1,1249957,2373759,360,700,1541148,1
1,Graduate,1,450227,348472,120,681,815314,1
1,Not Graduate,0,65792,1447532,120,781,216161,0
0,Graduate,1,1565521,280282,360,813,3957374,1
0,Graduate,1,712691,1449498,12,618,2019325,1
0,Graduate,1,398219,351996,120,858,798430,1
1,Not Graduate,1,685360,161058,360,843,286730,1
2,Graduate,1,564863,1031459,360,723,1148493,1
1,Not Graduate,1,246298,1389702,12,900,765202,0
1,Graduate,1,461740,1025234,36,632,1084222,0
0,Graduate,0,36125,467543,120,715,163510,0
0,Graduate,1,271187,94008,360,836,889262,1
0,Graduate,1,292799,185545,360,701,491920,1
0,Graduate,1,1564006,267798,120,636,1705035,0
0,Graduate,1,2400846,417374,12,725,2274746,1
1,Graduate,1,213445,1674121,120,785,680145,0
1,Graduate,1,2582186,480525,12,720,5226326,1
3,Graduate,0,181727,65734,120,819,38906,0
0,Not Graduate,1,1325770,50000,360,757,446805,1
1,Not Graduate,1,897032,269748,60,546,868988,0
2,Graduate,1,1213089,323409,36,677,990185,1
1,Not Graduate,1,287048,771157,120,747,1054359,1
0,Graduate,1,171118,126437,360,678,180106,1
0,Graduate,1,383721,135581,36,635,639522,0
0,Graduate,1,1026324,850508,120,757,597244,1
0,Graduate,1,3490387,2051755,120,861,8198795,1
2,Graduate,1,320046,75846,60,747,487803,1
0,Graduate,1,673962,250461,240,761,1813476,1
0,Graduate,0,79721,1641694,240,717,243226,0
2,Graduate,0,15472,1373778,36,759,500398,0
2,Not Graduate,1,155651,214123,36,636,153811,0
1,Not Graduate,1,2417959,1723517,60,771,3472062,1
1,Graduate,0,117400,565184,12,727,651265,0
0,Graduate,1,1519257,1045547,36,741,3355090,1
0,Graduate,1,605759,267257,240,787,318413,1
0,Graduate,1,849584,723905,60,607,354968,0
1,Graduate,1,1799641,168415,12,690,1921954,1
3,Graduate,1,810473,312591,360,752,1131271,1
0,Graduate,1,834147,401563,60,750,1953669,1
1,Graduate,1,386484,621646,240,603,427493,0
0,Not Graduate,1,475661,5995562,360,656,831859,0
1,Not Graduate,1,324404,6989081,60,705,619656,0
0,Graduate,1,404168,366625,120,774,628280,1
0,Graduate,1,1984709,2372842,240,771,3701759,1
2,Not Graduate,1,3099921,178233,12,830,7454333,1
1,Graduate,1,268922,805547,60,781,513156,0
1,Graduate,1,1000627,272215,240,890,1447342,1
0,Graduate,1,565715,344220,240,691,1490353,1
0,Graduate,0,64327,7731083,12,815,386375,0
0,Not Graduate,1,812513,366963,240,587,1936091,0
2,Graduate,1,725067,282139,12,754,1940247,1
3,Graduate,0,9018,198725,240,718,414881,1
1,Graduate,1,214180,250379,60,695,532653,1
0,Graduate,1,1340764,130381,12,702,3680133,1
2,Graduate,1,967415,675258,12,704,627643,0
1,Graduate,1,986536,663223,240,737,785206,1
1,Graduate,1,451593,757453,360,696,878968,1
0,Graduate,1,649128,534225,120,785,631837,1
2,Graduate,1,1373478,306391,360,601,3236249,0
1,Graduate,0,115823,280170,360,740,629170,1
2,Graduate,1,284140,633492,12,740,956075,1
2,Graduate,1,439468,513233,120,696,646362,1
0,Graduate,1,239927,286139,360,754,716473,1
2,Graduate,1,856844,405712,36,573,916623,0
2,Graduate,1,1479878,2519191,60,703,730623,1
0,Not Graduate,1,583632,3875450,120,676,1470414,0
0,Graduate,0,78963,433552,360,777,280702,0
0,Graduate,1,557801,259424,360,756,788859,1
1,Graduate,1,4616053,517570,60,750,3713509,1
0,Graduate,0,145533,1682652,12,768,132665,0
1,Graduate,1,1309031,517273,360,554,1792503,0
0,Graduate,1,942276,770727,60,743,1110599,1
2,Graduate,1,722019,279977,120,822,1685924,1
0,Graduate,1,353166,168267,360,724,1198865,1
0,Graduate,1,311965,1157245,360,701,1125452,1
1,Graduate,0,133619,656609,12,710,396662,0
1,Graduate,0,120800,1041149,360,697,680809,0
0,Graduate,1,448538,97656,120,720,1040421,1
0,Not Graduate,1,672315,3377488,12,678,1079324,0
0,Not Graduate,1,714800,695426,120,878,392152,1
2,Graduate,1,444051,88678,12,703,680704,1
2,Graduate,1,1083999,1449759,360,779,1103183,1
1,Graduate,1,627058,371985,120,696,722928,1
2,Graduate,1,866102,557104,36,702,1263453,1
2,Graduate,1,402048,335131,120,775,917120,1
0,Graduate,0,113520,489972,120,733,550183,0
3,Graduate,1,475500,515287,36,715,593936,0
2,Graduate,1,2641462,101714,60,689,1737822,1
0,Graduate,1,609263,1284348,12,728,1567256,0
0,Not Graduate,1,676205,604930,360,720,1973087,1
0,Graduate,1,1172760,844237,120,647,928531,0
0,Graduate,0,112973,1221940,60,750,514552,0
2,Graduate,1,1522211,609783,240,763,3261752,1
1,Graduate,1,3019103,752452,60,801,2850584,1
2,Graduate,1,1238620,124191,240,744,1870759,1
2,Graduate,1,691356,235537,12,702,1295353,1
1,Graduate,1,477482,588311,240,617,1381077,0
1,Graduate,1,655358,650635,36,666,1275763,1
0,Graduate,1,2390978,806700,36,747,4256982,1
0,Graduate,1,240488,2204576,60,650,548110,0
1,Graduate,1,378811,491782,36,523,492691,0
0,Graduate,1,612197,776764,36,787,433176,0
0,Graduate,1,374799,573200,60,711,613761,1
2,Graduate,1,525961,420954,120,696,1072070,1
1,Graduate,1,3094038,437647,12,665,1145920,1
0,Not Graduate,0,6526,246647,240,726,181804,0
1,Graduate,0,126300,480695,60,706,155413,0
2,Not Graduate,1,193579,434139,36,670,650926,1
0,Graduate,1,301960,464310,240,803,263315,1
0,Not Graduate,1,1538236,94664,120,601,2775141,1
3,Graduate,1,2770179,489460,360,555,6940637,0
0,Not Graduate,0,123330,224795,12,793,370723,1
0,Graduate,1,571024,507954,12,730,347055,0
1,Graduate,0,158517,180815,36,646,500649,0
2,Graduate,1,91313,568028,120,642,282267,0
0,Not Graduate,1,876153,401527,12,709,1857601,1
0,Graduate,1,315878,288866,240,733,978573,1
0,Graduate,0,152710,721680,240,793,486917,0
4,Graduate,1,126267,786600,360,760,601478,0
0,Graduate,1,441220,514366,36,679,887351,1
1,Graduate,1,705893,954352,120,709,773204,1
3,Graduate,0,92600,357432,240,753,633467,1
0,Not Graduate,1,540155,806091,12,839,544190,0
3,Not Graduate,1,1503862,518023,240,729,3173555,1
3,Graduate,1,715261,198922,360,734,1179833,1
2,Graduate,0,108196,242473,12,668,489064,1
0,Graduate,1,1547761,1733064,120,700,1629696,1
1,Graduate,1,891610,2613861,36,740,913148,0
2,Graduate,1,921713,1102679,360,713,934136,1
4,Not Graduate,1,357178,301586,360,712,569326,1
0,Graduate,1,95026,2252887,36,599,395104,0
2,Not Graduate,1,353307,997042,36,722,588748,0
0,Not Graduate,1,325691,755886,60,819,771005,0
0,Graduate,1,446574,3410295,36,827,746037,0
1,Not Graduate,1,371950,228667,36,821,598140,1
2,Graduate,1,798235,1170551,12,604,2077190,0
1,Graduate,0,131187,239282,360,794,308338,1
1,Graduate,1,1725330,294598,120,779,2786677,1
4,Graduate,1,1425124,7290346,120,882,1805407,0
0,Graduate,1,355720,893019,240,746,1020916,1
1,Graduate,1,764609,3433831,36,738,1328992,0
0,Graduate,1,2551348,930596,120,733,621204,1
0,Graduate,0,124880,808082,120,900,657961,0
1,Graduate,1,2144858,288919,360,695,5124449,1
3,Graduate,1,328771,1436531,120,805,1157996,0
1,Graduate,1,922656,554216,120,678,1247797,1
2,Graduate,1,1014826,585649,12,708,1120748,1
0,Graduate,1,849098,416179,36,699,1681609,1
0,Graduate,1,4337368,488562,120,646,2852685,0
1,Not Graduate,1,573397,554004,12,799,943635,1
0,Graduate,1,196498,611017,60,834,410581,0
0,Graduate,0,30270,513641,240,816,61747,0
1,Graduate,1,636645,113908,12,731,2001462,1
0,Graduate,1,1136928,929072,240,829,1843266,1
0,Graduate,1,1477225,477815,240,606,1126748,0
1,Graduate,0,109075,50000,60,825,138834,1
1,Not Graduate,1,1034106,110427,60,814,1288376,1
3,Graduate,0,49654,336564,60,798,183544,0
1,Graduate,1,3058728,1940771,12,760,4090790,1
1,Not Graduate,1,542286,992235,60,790,441902,0
3,Graduate,1,420981,271807,360,733,666398,1
2,Not Graduate,1,1475613,446547,120,744,2636012,1
0,Graduate,1,346852,1630737,12,704,977400,0
0,Graduate,1,998217,291754,36,699,682825,1
1,Graduate,1,636874,182415,60,640,1563523,0
1,Graduate,1,672625,1303480,12,593,1847945,0
2,Not Graduate,0,74317,1649641,60,887,256234,0
2,Graduate,1,1957677,295110,240,653,3272660,1
1,Graduate,1,1651614,879943,120,649,2527665,0
4,Graduate,0,149068,518865,240,816,460245,0
1,Graduate,1,419487,299339,60,900,995885,1
0,Graduate,1,899132,1738846,12,820,260356,0
2,Not Graduate,1,1163169,278181,360,758,2716039,1
0,Not Graduate,0,159089,1150840,120,644,573781,0
2,Graduate,1,786855,578432,240,840,1385327,1
3,Graduate,1,530746,454750,120,721,1043031,1
1,Graduate,1,907788,310138,120,567,2212051,0
1,Not Graduate,1,479041,201467,60,685,1404275,1
1,Not Graduate,1,1280471,420877,120,798,2240265,1
0,Graduate,1,145420,323703,36,647,120419,0
0,Not Graduate,1,2162974,592743,36,783,2403787,1
1,Graduate,0,172715,163170,240,631,535053,0
2,Graduate,1,310579,464318,240,643,747482,0
1,Not Graduate,1,1011640,810951,360,779,1339408,1
0,Graduate,1,1123493,275605,12,656,1814039,0
1,Graduate,1,3846300,1133683,60,780,7109548,1
2,Graduate,1,924517,1263713,240,568,1360286,0
1,Graduate,1,706187,161595,12,674,502126,1
1,Graduate,1,850040,253113,360,781,1900653,1
2,Not Graduate,1,2603559,141431,240,882,4809465,1
1,Graduate,1,5000000,824951,12,813,3295660,1
1,Not Graduate,1,629171,614078,60,703,1381785,1
2,Graduate,0,168866,108974,60,802,581228,1
0,Graduate,1,687274,281518,240,713,849474,1
4,Not Graduate,1,676431,735511,36,804,721256,0
0,Graduate,1,3279627,604980,120,793,1915061,1
0,Graduate,1,347811,1812384,240,900,793418,1
2,Graduate,1,112710,170771,12,780,174088,0
0,Graduate,1,940301,535578,60,669,1666662,1
2,Graduate,0,91526,198439,240,736,545415,1
2,Not Graduate,1,869711,603290,60,647,1881218,0
2,Not Graduate,1,1090081,450875,240,633,1059977,0
4,Graduate,1,1331630,709104,60,699,2034587,1
0,Not Graduate,1,797094,358917,36,723,1897706,1
2,Not Graduate,1,1138299,1158142,12,679,1923932,1
0,Graduate,1,1123196,264426,240,571,2409204,0
1,Graduate,1,152225,195776,60,589,623969,0
2,Graduate,1,798981,676863,240,750,2029066,1
0,Graduate,1,207269,3449948,12,597,134937,0
1,Graduate,1,707478,118028,240,771,1871628,1
1,Graduate,1,490791,172034,120,841,1496001,1
1,Graduate,1,1668122,681160,60,673,3510262,1
3,Graduate,1,886937,1668148,12,687,442877,0
0,Graduate,1,1065073,734124,360,777,1901551,1
1,Graduate,1,625833,294196,36,686,1162416,1
2,Graduate,1,1692546,822657,120,639,993179,0
1,Not Graduate,1,203239,905581,240,681,444319,1
0,Graduate,1,356324,273706,360,682,847090,1
1,Not Graduate,1,2041194,1232857,240,770,2147561,1
0,Not Graduate,1,514772,522031,120,646,1272933,0
0,Graduate,1,131050,93929,36,786,622270,1
2,Graduate,1,2331711,472205,36,782,4066018,1
1,Not Graduate,1,1726399,305876,240,631,1718047,0
3,Graduate,1,1288224,1992482,240,798,2731838,1
2,Not Graduate,1,786639,143064,36,525,1757503,0
1,Not Graduate,0,184274,333326,36,637,652016,0
0,Graduate,1,1996477,698860,36,594,2756719,0
1,Graduate,1,2516261,6071026,360,819,2502201,1
0,Graduate,1,1272380,3816805,240,750,948529,1
3,Graduate,1,804709,516464,60,685,1942373,1
0,Graduate,1,530018,766272,120,778,452492,1
0,Graduate,1,264305,986565,36,706,319076,0
1,Graduate,1,1089943,196332,240,900,2638410,1
0,Graduate,1,1165063,545873,12,810,610514,0
0,Graduate,1,551377,2097417,240,838,455822,1
1,Graduate,1,1191763,622571,60,619,848448,0
0,Graduate,0,51468,3797315,60,881,375525,0
0,Graduate,1,1459992,346057,360,655,873967,1
0,Graduate,1,360163,494522,36,566,249672,0
2,Graduate,1,313611,498469,120,670,853945,1
1,Graduate,1,601713,147068,240,793,1486723,1
1,Not Graduate,1,1415549,1633068,120,695,1018718,1
1,Not Graduate,0,80559,387028,12,725,91843,0
0,Graduate,1,1689172,699496,120,628,1676951,0
3,Graduate,0,128274,297040,120,721,685119,1
0,Graduate,1,598752,3033304,36,748,668136,0
1,Graduate,1,235517,1853629,12,705,614433,0
2,Not Graduate,1,90407,572833,360,700,194608,0
2,Graduate,1,977898,158864,60,712,1499073,1
0,Graduate,1,632699,1137054,120,710,1511035,1
0,Not Graduate,1,238546,1595943,12,822,538496,0
2,Graduate,0,27265,213776,12,807,106333,0
0,Graduate,1,1038678,468179,60,827,803682,1
2,Graduate,1,543334,583527,36,677,1796478,1
2,Graduate,1,622223,1602343,12,603,589705,0
2,Graduate,1,530319,464471,60,660,966487,1
0,Graduate,1,457786,1414155,240,666,457633,1
2,Graduate,1,453037,249472,12,591,775016,0
1,Graduate,1,442520,188070,240,732,450768,1
2,Not Graduate,1,399306,3373701,240,753,349806,0
0,Graduate,0,127605,145445,12,606,225225,0
0,Graduate,1,538331,254935,60,599,692549,0
0,Graduate,1,437161,1184644,240,673,546798,1
0,Graduate,1,309477,317853,36,817,725307,1
1,Graduate,1,1346220,309492,120,551,3076309,0
3,Graduate,1,1955406,443511,360,783,4748276,1
0,Graduate,1,729356,62568,240,728,965768,1
2,Graduate,1,769255,1657131,240,461,2096362,0
0,Graduate,1,419135,644277,120,665,1028635,1
0,Not Graduate,1,1712774,240039,60,651,1547788,1
0,Not Graduate,1,2930093,97119,36,760,7348592,1
0,Graduate,1,639834,137949,36,661,1109046,1
3,Graduate,1,480625,109721,240,671,942593,1
0,Graduate,1,958553,678242,12,635,1269991,0
1,Graduate,1,808668,685046,12,773,1502034,1
1,Graduate,1,488881,996653,360,577,649083,0
3,Not Graduate,1,1063373,1124205,240,665,1152755,1
0,Graduate,1,1544987,1012733,360,656,2524373,1
0,Graduate,1,389004,2515149,12,680,594171,0
0,Not Graduate,1,5000000,1785557,36,600,1851802,0
1,Not Graduate,1,213981,1409004,36,688,603080,0
0,Graduate,1,369035,684729,120,665,626980,1
2,Graduate,1,879557,1110964,36,638,1952111,0
1,Graduate,1,4401687,358396,360,702,6757871,1
1,Graduate,0,142259,433219,60,746,611060,1
1,Graduate,1,310954,3021955,36,655,790886,0
0,Graduate,1,1131883,309553,240,618,2644879,0
1,Not Graduate,1,597867,287587,360,643,996754,0
4,Graduate,0,135111,376219,12,706,426013,0
2,Not Graduate,1,689261,311980,12,642,1422684,0
2,Not Graduate,0,156518,339575,36,672,106928,0
2,Graduate,1,4775937,688519,36,632,5365375,0
0,Not Graduate,0,142976,711430,12,652,300553,0
0,Graduate,0,52300,1343908,12,683,426696,0
0,Graduate,1,1538947,4819001,36,721,3130702,0
0,Not Graduate,1,401727,373868,60,636,623600,0
0,Graduate,1,3262277,506073,60,637,5257546,0
1,Graduate,0,115069,85995,12,734,402749,1
1,Not Graduate,0,110319,148403,120,793,311417,1
2,Graduate,1,137844,466861,60,559,636396,0
2,Graduate,1,291646,859049,240,685,775093,1
3,Graduate,1,291067,883266,360,715,672623,1
0,Graduate,1,400101,1001570,12,607,984721,0
0,Not Graduate,1,736205,1900194,60,738,1234936,0
1,Not Graduate,1,376705,2974801,36,561,496700,0
0,Graduate,0,77835,423624,120,722,398403,0
0,Graduate,1,1056804,242285,360,752,1138317,1
0,Graduate,1,758547,1040162,360,746,1300765,1
0,Graduate,1,1011699,1374806,36,658,2447232,1
1,Graduate,0,83900,618982,360,683,459207,0
1,Graduate,1,1564987,451804,36,785,2023023,1
1,Graduate,1,686673,326385,120,647,1523690,0
1,Not Graduate,1,1639687,518017,12,711,3231952,1
0,Graduate,1,392166,1077407,360,658,475428,1
0,Graduate,1,410472,276990,36,715,1192467,1
0,Graduate,1,2193110,242569,360,597,1194973,0
0,Not Graduate,1,2157660,984208,12,635,4324279,1
2,Not Graduate,1,1154287,231412,12,738,585576,1
2,Not Graduate,0,33767,628545,12,684,405946,0
1,Graduate,1,335807,596128,360,848,834560,1
0,Graduate,1,2110533,540586,36,790,1626679,1
1,Graduate,1,2019038,284173,12,852,453428,1
1,Graduate,1,693243,3059940,36,705,353849,0
1,Graduate,1,4749300,804785,12,631,11366096,0
1,Not Graduate,1,1052964,323059,240,536,1669545,0
1,Graduate,1,300811,752334,36,689,568094,0
1,Graduate,1,585074,3376077,240,661,466598,1
2,Graduate,1,732615,590965,12,706,1935126,1
0,Graduate,0,125094,2503879,36,627,172197,0
2,Graduate,1,1982764,171484,360,558,3174868,0
0,Graduate,1,339411,230694,120,662,564682,1
0,Graduate,1,251397,63551,240,682,234074,1
3,Not Graduate,1,1180984,3897179,60,536,3289241,0
3,Graduate,1,486218,98532,60,646,822048,0
0,Not Graduate,0,78615,643195,120,608,388670,0
1,Not Graduate,1,1551257,3071382,120,815,3347943,1
0,Not Graduate,1,479108,1427111,360,707,668253,1
1,Graduate,1,1924704,787243,60,693,3316704,1
2,Graduate,1,1308417,1949578,36,638,1191367,0
3,Graduate,1,1211000,276955,12,752,2871015,1
1,Graduate,1,661460,906807,36,612,268115,0
0,Not Graduate,1,1021069,482797,60,866,447492,1
1,Graduate,1,135622,472954,240,853,754823,1
0,Not Graduate,0,133696,653820,240,855,565582,0
3,Graduate,1,46683,1750339,12,730,177542,0
2,Graduate,1,512113,2588372,12,680,631077,0
1,Not Graduate,1,203502,413736,360,677,254463,1
0,Graduate,1,488609,181917,60,649,467454,0
0,Not Graduate,1,687423,238093,60,744,1561549,1
0,Graduate,1,280005,3789690,12,645,568263,0
2,Not Graduate,1,79254,2375637,240,753,379703,0
1,Graduate,1,860830,181447,120,649,1911506,0
0,Not Graduate,1,3871497,2844816,120,772,985018,1
1,Graduate,1,550716,265226,120,761,1039717,1
2,Graduate,1,1571379,1050319,240,687,1898455,1
0,Not Graduate,1,2430257,265028,36,629,3197791,0
2,Not Graduate,0,125962,4699045,36,583,627534,0
2,Graduate,1,505943,305547,240,728,1578768,1
3,Graduate,1,262732,189130,36,633,848720,0
0,Graduate,1,382689,342311,120,635,741001,0
0,Graduate,1,2846524,7473524,240,689,4260876,1
